CGPA,AptitudeTestScore,CodingTestScore,MockInterviewScore,Actual,Predicted,Residual,Absolute_Error
7.83,83.9,98.9,70.1,1,0.9168065534566173,0.08319344654338268,0.08319344654338268
6.92,69.9,83.7,59.7,1,0.6781838247924746,0.32181617520752537,0.32181617520752537
5.44,49.9,25.8,26.4,0,0.11196830316091744,-0.11196830316091744,0.11196830316091744
8.76,58.9,54.9,55.3,1,0.7972708228014059,0.20272917719859407,0.20272917719859407
5.72,83.7,66.1,72.6,1,0.7162180208077246,0.28378197919227544,0.28378197919227544
7.85,63.9,57.0,49.3,1,0.6466701026981406,0.3533298973018594,0.3533298973018594
8.72,80.7,67.2,77.1,1,1.074644825506888,-0.07464482550688789,0.07464482550688789
9.85,97.0,98.5,76.2,1,1.2209657189446967,-0.22096571894469674,0.22096571894469674
7.73,84.1,80.0,73.8,1,0.9436358148591625,0.05636418514083752,0.05636418514083752
7.17,69.2,54.4,53.9,1,0.6351115333200364,0.36488846667996355,0.36488846667996355
8.92,89.8,64.7,63.6,1,0.9665307098028185,0.03346929019718148,0.03346929019718148
4.7,52.7,27.7,32.0,0,0.10082149931490325,-0.10082149931490325,0.10082149931490325
6.15,66.6,49.5,59.9,0,0.5871210224403943,-0.5871210224403943,0.5871210224403943
9.81,80.2,82.4,82.3,1,1.2472624191803763,-0.24726241918037628,0.24726241918037628
8.65,84.5,92.5,57.6,1,0.8673537591653834,0.13264624083461662,0.13264624083461662
6.99,69.3,56.8,46.7,1,0.5386305335701603,0.46136946642983967,0.46136946642983967
5.95,60.8,68.1,53.0,0,0.48297756537972225,-0.48297756537972225,0.48297756537972225
5.68,46.8,23.4,25.1,0,0.11658075227336384,-0.11658075227336384,0.11658075227336384
7.95,73.9,45.1,52.6,1,0.7106075859118955,0.28939241408810445,0.28939241408810445
9.39,75.5,63.7,59.1,1,0.9388237327686114,0.06117626723138858,0.06117626723138858
8.14,92.5,89.6,68.1,1,0.9429661941277648,0.057033805872235166,0.057033805872235166
4.68,48.6,26.4,31.9,0,0.08936343748580022,-0.08936343748580022,0.08936343748580022
10.0,75.5,75.5,68.4,1,1.1059129731359758,-0.10591297313597581,0.10591297313597581
8.29,92.3,85.9,85.9,1,1.150960760238572,-0.15096076023857208,0.15096076023857208
9.92,63.8,76.4,72.1,1,1.1148620441230652,-0.11486204412306522,0.11486204412306522
7.31,70.3,88.5,79.8,1,0.9389996680716194,0.06100033192838061,0.06100033192838061
6.82,69.9,47.5,56.1,1,0.6224119596570638,0.37758804034293625,0.37758804034293625
7.07,49.2,32.5,31.4,0,0.33732026993564734,-0.33732026993564734,0.33732026993564734
8.6,65.3,58.5,47.8,1,0.7122068270639713,0.2877931729360287,0.2877931729360287
8.0,53.5,59.9,39.0,1,0.5306850224163681,0.46931497758363194,0.46931497758363194
9.29,84.7,56.8,88.9,1,1.2687369648021,-0.2687369648021001,0.2687369648021001
7.0,70.3,60.1,55.9,1,0.6420922895669389,0.35790771043306113,0.35790771043306113
4.61,70.1,49.7,42.9,0,0.24761709790167352,-0.24761709790167352,0.24761709790167352
9.7,85.9,66.0,77.7,1,1.1941511527113708,-0.19415115271137084,0.19415115271137084
8.1,65.4,56.4,53.9,1,0.7257273124306846,0.27427268756931544,0.27427268756931544
9.71,90.3,80.3,65.3,1,1.0716529044961778,-0.07165290449617778,0.07165290449617778
8.33,79.4,53.3,53.8,1,0.7757668080537775,0.2242331919462225,0.2242331919462225
9.13,66.7,80.8,80.0,1,1.1240547968288102,-0.12405479682881015,0.12405479682881015
4.14,45.5,22.6,22.2,0,-0.07943267609967619,0.07943267609967619,0.07943267609967619
6.89,75.4,68.4,51.0,1,0.5887611086839818,0.4112388913160182,0.4112388913160182
7.77,77.8,76.2,69.0,1,0.8827097419945763,0.1172902580054237,0.1172902580054237
5.31,47.6,27.4,29.4,0,0.12663550723161532,-0.12663550723161532,0.12663550723161532
7.39,71.6,49.0,53.9,1,0.6620213907345375,0.3379786092654625,0.3379786092654625
7.17,80.6,71.8,80.1,1,0.9449141512293765,0.0550858487706235,0.0550858487706235
7.62,78.8,89.9,73.3,1,0.9179323509269436,0.08206764907305641,0.08206764907305641
5.41,44.8,28.6,40.2,0,0.24910851468685913,-0.24910851468685913,0.24910851468685913
5.72,90.5,78.7,50.9,1,0.4961198882006167,0.5038801117993833,0.5038801117993833
9.92,96.9,95.4,48.2,1,0.9236001053321085,0.07639989466789154,0.07639989466789154
6.5,66.6,80.6,81.8,1,0.8669787342565097,0.13302126574349027,0.13302126574349027
5.66,44.2,34.0,32.5,0,0.19152574003958767,-0.19152574003958767,0.19152574003958767
6.7,71.1,59.1,56.9,1,0.6228219625316983,0.3771780374683017,0.3771780374683017
9.99,80.9,74.1,69.3,1,1.124995208304139,-0.12499520830413902,0.12499520830413902
5.8,68.5,43.8,47.1,1,0.4141266085540153,0.5858733914459847,0.5858733914459847
7.36,66.9,58.4,42.3,1,0.5253047582984983,0.4746952417015017,0.4746952417015017
9.78,90.1,79.6,56.9,1,0.987298182299814,0.012701817700185969,0.012701817700185969
9.46,83.0,69.7,73.8,1,1.1215254416611184,-0.12152544166111845,0.12152544166111845
7.74,77.6,55.1,55.3,1,0.72682248399612,0.27317751600387996,0.27317751600387996
9.82,97.9,99.9,54.9,1,0.9885641194360762,0.01143588056392375,0.01143588056392375
6.35,72.9,64.6,62.2,0,0.6480546249485598,-0.6480546249485598,0.6480546249485598
5.46,62.0,47.7,41.7,0,0.3076732804853678,-0.3076732804853678,0.3076732804853678
5.41,46.3,24.5,28.4,0,0.12324063183403322,-0.12324063183403322,0.12324063183403322
6.29,59.4,62.4,53.0,0,0.5149873257668661,-0.5149873257668661,0.5149873257668661
6.85,82.6,82.2,68.1,1,0.786701845617246,0.213298154382754,0.213298154382754
7.77,53.7,90.5,56.2,1,0.6988694783007575,0.3011305216992425,0.3011305216992425
5.42,40.3,26.4,23.1,0,0.055294963497590555,-0.055294963497590555,0.055294963497590555
5.79,49.4,31.5,33.5,0,0.2258260261917967,-0.2258260261917967,0.2258260261917967
7.52,59.0,44.3,52.1,1,0.6306034350319846,0.36939656496801543,0.36939656496801543
8.93,74.8,81.0,62.0,1,0.9235454982995962,0.0764545017004038,0.0764545017004038
8.66,64.9,56.7,68.2,1,0.9389031133194609,0.06109688668053914,0.06109688668053914
7.33,61.5,59.5,52.2,1,0.6192235477299245,0.3807764522700755,0.3807764522700755
4.89,40.3,29.6,31.2,0,0.08808491047349165,-0.08808491047349165,0.08808491047349165
4.64,86.1,95.6,74.6,1,0.6341798303115965,0.3658201696884035,0.3658201696884035
5.34,41.1,22.0,24.7,0,0.06507857126252958,-0.06507857126252958,0.06507857126252958
8.76,88.6,78.5,74.4,1,1.066971308044911,-0.06697130804491103,0.06697130804491103
4.77,40.3,27.0,21.3,0,-0.032454173522072804,0.032454173522072804,0.032454173522072804
4.5,56.9,25.3,28.9,0,0.05398206365291458,-0.05398206365291458,0.05398206365291458
6.9,85.1,79.7,80.3,1,0.9288931712469096,0.07110682875309038,0.07110682875309038
7.25,76.2,76.1,69.3,1,0.828161717446772,0.17183828255322797,0.17183828255322797
5.21,42.3,21.8,35.2,0,0.1677371185066413,-0.1677371185066413,0.1677371185066413
6.94,86.6,97.8,82.0,1,0.9575871430132211,0.04241285698677888,0.04241285698677888
4.0,45.4,27.2,25.9,0,-0.053385696470009125,0.053385696470009125,0.053385696470009125
5.98,53.2,22.9,32.5,0,0.24092840129131166,-0.24092840129131166,0.24092840129131166
4.84,69.3,62.9,50.5,0,0.35498340526564454,-0.35498340526564454,0.35498340526564454
8.1,59.1,58.7,44.4,1,0.6106105739820237,0.3893894260179763,0.3893894260179763
4.85,65.5,56.8,51.8,0,0.3616477030097053,-0.3616477030097053,0.3616477030097053
9.74,98.7,97.5,60.8,0,1.0453742237837362,-1.0453742237837362,1.0453742237837362
6.11,91.6,83.6,75.6,1,0.8082692688907841,0.1917307311092159,0.1917307311092159
7.54,52.1,48.8,61.3,1,0.7198124005083281,0.28018759949167193,0.28018759949167193
9.26,91.1,76.4,71.7,1,1.094752025397351,-0.09475202539735106,0.09475202539735106
6.71,58.0,46.0,46.7,1,0.48517913836564464,0.5148208616343554,0.5148208616343554
6.16,47.6,26.4,29.7,0,0.21904896939957885,-0.21904896939957885,0.21904896939957885
7.74,68.7,57.8,49.3,1,0.6446695288588312,0.3553304711411688,0.3553304711411688
6.44,40.6,35.4,39.4,0,0.3415816151912935,-0.3415816151912935,0.3415816151912935
7.41,71.5,57.1,66.1,0,0.7977648314589977,-0.7977648314589977,0.7977648314589977
7.66,73.1,54.0,44.1,0,0.5877949270753612,-0.5877949270753612,0.5877949270753612
8.2,98.1,70.0,74.6,1,1.0274908894538735,-0.027490889453873457,0.027490889453873457
8.81,51.3,58.5,53.9,1,0.7730203136349031,0.2269796863650969,0.2269796863650969
5.31,42.7,24.3,34.2,0,0.16860101934963156,-0.16860101934963156,0.16860101934963156
7.56,70.6,56.1,43.2,1,0.5629651663813787,0.4370348336186213,0.4370348336186213
6.1,56.1,56.0,56.0,1,0.5200207971054899,0.4799792028945101,0.4799792028945101
9.9,67.2,62.0,70.0,1,1.0941776611724903,-0.09417766117249027,0.09417766117249027
9.93,76.5,57.5,78.6,1,1.2081896622972264,-0.20818966229722635,0.20818966229722635
5.69,58.1,58.9,51.1,0,0.4281553240857111,-0.4281553240857111,0.4281553240857111
5.59,66.2,76.8,78.0,1,0.7286558989784885,0.2713441010215115,0.2713441010215115
5.56,46.6,26.5,31.1,0,0.16924841101018073,-0.16924841101018073,0.16924841101018073
6.78,73.7,46.5,58.8,0,0.6548114202656633,-0.6548114202656633,0.6548114202656633
8.43,65.8,71.7,70.6,1,0.9451156668687545,0.05488433313124552,0.05488433313124552
8.25,62.4,60.7,69.7,1,0.9078763571438625,0.0921236428561375,0.0921236428561375
5.74,73.3,75.1,70.0,1,0.6712112008245731,0.3287887991754269,0.3287887991754269
9.29,89.0,75.0,67.3,1,1.0457724279501814,-0.04577242795018144,0.04577242795018144
6.19,51.3,26.6,31.6,0,0.25012762358721463,-0.25012762358721463,0.25012762358721463
6.45,74.4,58.3,51.8,1,0.5475202034101977,0.4524797965898023,0.4524797965898023
6.92,67.2,63.1,50.3,1,0.5673120607740553,0.43268793922594473,0.43268793922594473
8.82,63.1,46.8,65.2,1,0.9179235304414112,0.08207646955858883,0.08207646955858883
6.32,48.3,27.1,33.8,0,0.2818708805630551,-0.2818708805630551,0.2818708805630551
9.91,99.0,73.4,66.8,1,1.1248580281055451,-0.12485802810554514,0.12485802810554514
8.91,87.7,78.6,73.4,1,1.0701281512250729,-0.07012815122507288,0.07012815122507288
7.91,66.3,66.1,77.2,1,0.9621508164417217,0.037849183558278265,0.037849183558278265
9.75,99.9,98.8,60.9,1,1.0500883947032058,-0.05008839470320581,0.05008839470320581
6.53,66.2,58.3,37.2,0,0.3813175162514718,-0.3813175162514718,0.3813175162514718
5.56,52.0,29.7,28.5,0,0.15216696257671292,-0.15216696257671292,0.15216696257671292
7.79,100.0,82.7,58.5,1,0.8155028227972473,0.18449717720275272,0.18449717720275272
8.86,70.8,47.3,50.3,1,0.7755587000683007,0.22444129993169926,0.22444129993169926
4.8,42.8,28.9,25.1,0,0.01718721030277115,-0.01718721030277115,0.01718721030277115
5.44,64.5,61.9,56.1,1,0.46924356657383315,0.5307564334261669,0.5307564334261669
5.08,71.4,67.8,57.6,0,0.46224869851600114,-0.46224869851600114,0.46224869851600114
7.01,62.9,52.2,62.3,1,0.6967530787367943,0.30324692126320574,0.30324692126320574
5.7,64.4,54.6,54.2,1,0.47449672458139924,0.5255032754186008,0.5255032754186008
5.82,47.4,58.2,55.2,0,0.46520628741717684,-0.46520628741717684,0.46520628741717684
7.36,90.7,80.8,77.0,1,0.9525877354433413,0.0474122645566587,0.0474122645566587
7.62,88.2,74.0,68.3,1,0.8793870293338594,0.12061297066614063,0.12061297066614063
8.45,57.8,46.2,52.0,1,0.725220502390756,0.27477949760924403,0.27477949760924403
5.85,57.4,26.8,25.9,0,0.16452082243863375,-0.16452082243863375,0.16452082243863375
7.66,74.0,66.2,55.6,1,0.7164994027902444,0.2835005972097556,0.2835005972097556
8.82,76.0,75.3,82.7,1,1.1381089130684092,-0.13810891306840922,0.13810891306840922
6.87,66.8,48.1,75.7,1,0.8344809162719812,0.16551908372801882,0.16551908372801882
8.6,61.6,60.4,88.0,1,1.1417199039373416,-0.14171990393734157,0.14171990393734157
6.81,74.9,54.4,59.6,1,0.6703536078573776,0.32964639214262237,0.32964639214262237
6.94,86.0,53.8,46.6,1,0.5645620930526177,0.43543790694738227,0.43543790694738227
5.32,52.2,33.0,29.4,0,0.1376723043518907,-0.1376723043518907,0.1376723043518907
9.33,82.0,67.3,86.6,1,1.2444608948744245,-0.24446089487442446,0.24446089487442446
6.91,60.3,73.7,54.0,1,0.5946956485859861,0.4053043514140139,0.4053043514140139
8.06,63.8,66.6,96.0,1,1.1772040084476498,-0.17720400844764983,0.17720400844764983
6.01,71.1,58.2,54.9,1,0.528441822453472,0.47155817754652796,0.47155817754652796
9.81,76.5,81.3,86.4,1,1.2843250331443197,-0.28432503314431967,0.28432503314431967
7.63,69.2,54.6,64.1,1,0.7942289665376149,0.20577103346238512,0.20577103346238512
7.56,64.8,54.1,46.3,1,0.5848946665950431,0.4151053334049569,0.4151053334049569
8.06,56.5,50.5,58.3,1,0.7508161791228073,0.2491838208771927,0.2491838208771927
4.15,51.2,29.5,28.4,0,0.0012989136067393936,-0.0012989136067393936,0.0012989136067393936
8.57,91.3,70.5,84.1,1,1.1562523801622908,-0.15625238016229082,0.15625238016229082
7.49,82.0,75.7,72.3,1,0.8972722376909524,0.10272776230904757,0.10272776230904757
5.95,75.2,54.6,41.0,0,0.3786581370322245,-0.3786581370322245,0.3786581370322245
7.97,81.9,93.7,67.5,1,0.8984774023462526,0.10152259765374738,0.10152259765374738
4.21,55.1,36.2,33.5,0,0.07177460140535419,-0.07177460140535419,0.07177460140535419
6.06,48.0,25.0,27.8,0,0.18845789666408097,-0.18845789666408097,0.18845789666408097
8.91,93.6,85.0,77.1,1,1.1229735733881183,-0.12297357338811832,0.12297357338811832
9.07,85.1,78.1,62.1,1,0.959068911324321,0.04093108867567896,0.04093108867567896
6.71,60.2,59.2,43.9,1,0.4613508694849372,0.5386491305150628,0.5386491305150628
10.0,84.5,55.5,73.3,1,1.1733672709048477,-0.17336727090484771,0.17336727090484771
6.34,42.4,24.7,30.4,0,0.23506697644906593,-0.23506697644906593,0.23506697644906593
9.79,86.4,67.4,73.9,1,1.1635730795151775,-0.16357307951517752,0.16357307951517752
9.23,89.9,67.3,70.3,1,1.0724908444667962,-0.07249084446679621,0.07249084446679621
5.63,62.4,56.9,57.5,1,0.4994348554510807,0.5005651445489193,0.5005651445489193
7.1,91.1,72.8,58.0,1,0.7184007933129221,0.28159920668707794,0.28159920668707794
5.05,39.8,26.3,27.0,0,0.057755217314015894,-0.057755217314015894,0.057755217314015894
6.4,56.0,26.0,26.9,0,0.23029281445190997,-0.23029281445190997,0.23029281445190997
8.55,70.2,48.8,60.3,1,0.8506289569215281,0.14937104307847193,0.14937104307847193
6.79,79.6,80.3,71.0,1,0.8056682457834713,0.1943317542165287,0.1943317542165287
4.82,53.5,60.4,54.8,0,0.3681232130631883,-0.3681232130631883,0.3681232130631883
8.18,66.5,41.3,44.7,1,0.6338325480520722,0.36616745194792777,0.36616745194792777
6.34,59.5,54.0,56.5,0,0.5570042854289127,-0.5570042854289127,0.5570042854289127
4.97,66.9,55.0,45.6,0,0.30938620248892257,-0.30938620248892257,0.30938620248892257
7.82,82.8,78.9,82.4,1,1.0437246195427332,-0.04372461954273321,0.04372461954273321
6.18,39.3,18.3,29.0,0,0.19587488613805715,-0.19587488613805715,0.19587488613805715
7.2,76.6,55.4,64.2,1,0.764789160222413,0.23521083977758706,0.23521083977758706
6.02,49.8,24.7,23.1,0,0.13670864891285417,-0.13670864891285417,0.13670864891285417
4.89,77.3,94.2,63.8,1,0.5256824610725138,0.4743175389274862,0.4743175389274862
6.01,75.7,67.4,51.6,0,0.503213878739459,-0.503213878739459,0.503213878739459
8.54,93.1,76.4,74.8,1,1.0566697637862181,-0.05666976378621813,0.05666976378621813
5.83,50.0,31.2,30.6,0,0.19967094863291257,-0.19967094863291257,0.19967094863291257
8.85,76.6,83.5,56.6,1,0.8604705305809554,0.13952946941904465,0.13952946941904465
9.76,97.3,95.8,60.7,1,1.0433518911040145,-0.043351891104014495,0.043351891104014495
4.99,39.9,30.0,29.0,0,0.07399154098275817,-0.07399154098275817,0.07399154098275817
6.36,64.3,55.6,51.5,0,0.5145168960912884,-0.5145168960912884,0.5145168960912884
6.4,77.6,69.3,51.6,1,0.5482533319813611,0.45174666801863894,0.45174666801863894
7.94,71.7,62.0,51.7,1,0.6983505259802808,0.3016494740197192,0.3016494740197192
7.98,85.4,72.2,77.9,1,1.015643214751056,-0.0156432147510559,0.0156432147510559
9.87,68.6,76.1,55.9,1,0.9430954261163308,0.05690457388366921,0.05690457388366921
7.99,81.9,79.0,68.5,1,0.9089276839652755,0.09107231603472454,0.09107231603472454
6.26,79.7,55.8,46.3,1,0.47781716272403896,0.522182837275961,0.522182837275961
7.85,70.8,67.8,82.1,1,1.0181688381101148,-0.018168838110114827,0.018168838110114827
7.32,46.6,28.5,26.9,0,0.3089496622654774,-0.3089496622654774,0.3089496622654774
5.41,68.4,71.2,45.5,0,0.3602495367532944,-0.3602495367532944,0.3602495367532944
5.53,73.0,57.2,57.6,1,0.5108715348147094,0.48912846518529063,0.48912846518529063
4.58,39.6,26.6,26.1,0,-0.0017501070398612262,0.0017501070398612262,0.0017501070398612262
9.74,75.8,83.3,98.3,1,1.4051343905660567,-0.4051343905660567,0.4051343905660567
6.97,52.2,29.5,33.6,0,0.35607400530170186,-0.35607400530170186,0.35607400530170186
7.84,60.3,62.6,44.9,1,0.5917367830306143,0.4082632169693857,0.4082632169693857
6.61,78.4,65.9,59.9,1,0.6614259129348762,0.3385740870651238,0.3385740870651238
9.65,88.0,69.5,72.4,1,1.1360741844080042,-0.13607418440800423,0.13607418440800423
9.82,86.1,73.6,68.0,1,1.103138464009687,-0.10313846400968707,0.10313846400968707
6.68,84.6,76.9,77.7,1,0.8760856131811937,0.12391438681880629,0.12391438681880629
9.85,99.0,96.1,49.9,0,0.9389426632742365,-0.9389426632742365,0.9389426632742365
9.24,70.0,88.4,75.3,1,1.0923619194546124,-0.09236191945461236,0.09236191945461236
6.54,76.5,44.1,58.4,1,0.6303339840901666,0.3696660159098334,0.3696660159098334
5.01,48.7,29.6,36.8,0,0.17798513339317135,-0.17798513339317135,0.17798513339317135
4.05,32.6,32.1,29.5,0,-0.03333735915000002,0.03333735915000002,0.03333735915000002
7.33,88.3,83.9,66.7,1,0.8334252642470658,0.16657473575293424,0.16657473575293424
5.96,68.4,49.0,54.1,0,0.5076313307719537,-0.5076313307719537,0.5076313307719537
6.56,70.7,64.8,43.7,0,0.4649840467486871,-0.4649840467486871,0.4649840467486871
8.26,66.7,48.8,50.9,1,0.711225828826633,0.288774171173367,0.288774171173367
4.54,49.8,43.1,50.6,0,0.2828826460083501,-0.2828826460083501,0.2828826460083501
5.99,55.1,63.5,62.2,0,0.5750911470230601,-0.5750911470230601,0.5750911470230601
6.74,72.5,49.1,60.7,0,0.669324110991287,-0.669324110991287,0.669324110991287
7.99,91.1,91.2,81.9,1,1.0745542180791468,-0.07455421807914675,0.07455421807914675
8.49,53.4,57.0,61.3,1,0.8235998217256527,0.17640017827434729,0.17640017827434729
7.31,62.4,74.3,74.4,1,0.8624400422457886,0.13755995775421137,0.13755995775421137
7.1,61.2,55.7,71.5,0,0.8033558469448187,-0.8033558469448187,0.8033558469448187
7.16,76.5,48.3,57.3,0,0.6842641572197917,-0.6842641572197917,0.6842641572197917
8.04,66.6,83.2,64.9,1,0.8457782585091432,0.15422174149085677,0.15422174149085677
7.71,68.9,59.6,42.3,1,0.5662174426946504,0.43378255730534965,0.43378255730534965
8.34,72.4,70.5,52.6,1,0.7529827765396228,0.24701722346037724,0.24701722346037724
9.78,82.5,79.5,70.0,1,1.1145885656610903,-0.11458856566109032,0.11458856566109032
6.53,91.1,47.0,46.1,1,0.5248978202377429,0.4751021797622571,0.4751021797622571
6.53,66.3,57.5,58.1,1,0.60828907708928,0.39171092291071996,0.39171092291071996
10.0,72.1,67.6,79.4,1,1.2173175530585767,-0.2173175530585767,0.2173175530585767
8.18,66.0,60.3,47.6,1,0.6675787114157746,0.33242128858422537,0.33242128858422537
5.24,53.1,31.2,31.3,0,0.15135301831334147,-0.15135301831334147,0.15135301831334147
5.45,41.8,31.5,34.7,0,0.18820410431910106,-0.18820410431910106,0.18820410431910106
8.38,68.9,71.2,77.8,1,1.0240319790617138,-0.024031979061713837,0.024031979061713837
7.79,66.1,52.4,44.7,1,0.5939561902606078,0.40604380973939225,0.40604380973939225
7.61,71.3,62.6,56.6,1,0.7161871908259455,0.2838128091740545,0.2838128091740545
7.8,58.2,60.9,44.5,1,0.5787777391415793,0.42122226085842074,0.42122226085842074
5.27,55.0,33.2,30.0,0,0.14446279325827394,-0.14446279325827394,0.14446279325827394
9.88,77.2,87.0,71.2,1,1.1290015052189486,-0.1290015052189486,0.1290015052189486
7.73,72.5,54.9,44.5,1,0.598469803604169,0.401530196395831,0.401530196395831
9.29,82.6,84.3,80.4,1,1.1770226378214592,-0.17702263782145922,0.17702263782145922
5.88,37.8,27.0,31.5,0,0.19003027044020804,-0.19003027044020804,0.19003027044020804
7.57,76.2,61.0,51.1,1,0.6616160848628981,0.33838391513710186,0.33838391513710186
6.92,40.7,31.7,32.4,0,0.3155908481792612,-0.3155908481792612,0.3155908481792612
7.63,61.9,57.5,49.2,0,0.6186235980694327,-0.6186235980694327,0.6186235980694327
8.08,85.1,84.3,76.4,1,1.0113426741072904,-0.011342674107290396,0.011342674107290396
6.38,52.0,52.9,54.5,1,0.5245829123295161,0.47541708767048385,0.47541708767048385
6.14,46.9,27.2,31.6,0,0.23633785141499064,-0.23633785141499064,0.23633785141499064
7.49,71.4,55.8,45.9,1,0.5864420692607465,0.4135579307392535,0.4135579307392535
7.08,54.1,50.7,52.2,1,0.5769222532881236,0.42307774671187637,0.42307774671187637
7.45,67.0,46.3,43.9,0,0.5502655944828166,-0.5502655944828166,0.5502655944828166
9.25,84.7,83.6,67.3,1,1.0345950703513678,-0.034595070351367774,0.034595070351367774
8.43,81.9,83.0,77.9,1,1.057906156701168,-0.057906156701168054,0.057906156701168054
6.65,79.9,71.9,70.0,1,0.7792540107698712,0.22074598923012878,0.22074598923012878
8.68,79.1,51.4,50.5,1,0.7758071775554795,0.22419282244452055,0.22419282244452055
8.56,81.6,82.6,61.9,1,0.8971983840655208,0.10280161593447923,0.10280161593447923
7.18,78.0,49.9,53.5,1,0.6483269706480289,0.3516730293519711,0.3516730293519711
7.52,78.0,48.1,47.7,1,0.6207798723429637,0.3792201276570363,0.3792201276570363
4.02,37.0,8.5,77.7,1,0.49142870489028756,0.5085712951097124,0.5085712951097124
7.61,67.4,62.7,56.8,1,0.7107195770877784,0.28928042291222156,0.28928042291222156
7.78,85.2,81.7,81.2,1,1.0316818241434098,-0.03168182414340981,0.03168182414340981
5.23,45.0,23.7,35.5,0,0.17872063718258657,-0.17872063718258657,0.17872063718258657
7.21,82.0,87.5,75.9,1,0.9089458205973092,0.09105417940269078,0.09105417940269078
9.16,81.9,89.8,61.2,1,0.9544704333492048,0.04552956665079522,0.04552956665079522
5.75,62.8,46.2,52.8,0,0.45997700679431264,-0.45997700679431264,0.45997700679431264
9.92,88.0,71.7,90.7,1,1.363507586884705,-0.3635075868847051,0.3635075868847051
4.91,46.2,24.9,23.9,0,0.021710683348379334,-0.021710683348379334,0.021710683348379334
7.52,96.6,73.3,68.9,1,0.8917627539318357,0.10823724606816432,0.10823724606816432
9.75,80.3,71.8,66.4,1,1.0667177466895437,-0.06671774668954367,0.06671774668954367
7.74,79.1,71.6,79.6,1,0.9964085014188636,0.0035914985811363875,0.0035914985811363875
9.81,71.0,73.9,75.1,1,1.1495808292031553,-0.1495808292031553,0.1495808292031553
6.5,75.6,60.8,42.0,1,0.4491582548730243,0.5508417451269757,0.5508417451269757
5.17,40.9,23.3,34.5,0,0.1534412161642661,-0.1534412161642661,0.1534412161642661
5.78,75.4,42.0,47.0,0,0.42417730270301235,-0.42417730270301235,0.42417730270301235
6.44,70.6,64.4,53.1,0,0.5541646174400664,-0.5541646174400664,0.5541646174400664
5.34,48.7,28.4,26.2,0,0.0973758109067161,-0.0973758109067161,0.0973758109067161
9.23,84.1,70.9,88.3,1,1.2571456195498905,-0.25714561954989046,0.25714561954989046
9.96,72.3,68.3,74.5,1,1.1604265934292641,-0.16042659342926413,0.16042659342926413
9.52,88.7,86.8,86.1,1,1.2754800269995052,-0.27548002699950525,0.27548002699950525
5.22,75.3,77.3,63.9,1,0.5546378804862345,0.4453621195137655,0.4453621195137655
7.79,49.8,27.3,36.8,0,0.4719038993221699,-0.4719038993221699,0.4719038993221699
9.2,94.0,63.6,79.2,1,1.1733829255932178,-0.17338292559321777,0.17338292559321777
8.22,93.0,90.2,75.5,1,1.0327993474509416,-0.032799347450941596,0.032799347450941596
6.7,63.1,59.1,60.2,1,0.6429453507715462,0.35705464922845376,0.35705464922845376
6.71,58.2,25.9,37.4,0,0.38117138649087867,-0.38117138649087867,0.38117138649087867
8.99,85.8,76.8,74.7,1,1.088612471636682,-0.08861247163668207,0.08861247163668207
4.8,40.0,21.4,26.5,0,0.025610492829123088,-0.025610492829123088,0.025610492829123088
6.37,84.3,52.1,56.9,1,0.6128604145037687,0.3871395854962313,0.3871395854962313
8.44,79.3,54.5,53.6,1,0.7851638389281342,0.21483616107186576,0.21483616107186576
5.13,44.1,31.6,34.4,0,0.15585019833678204,-0.15585019833678204,0.15585019833678204
7.81,60.8,62.3,52.8,1,0.6752848973673565,0.32471510263264347,0.32471510263264347
7.64,65.7,64.5,51.0,1,0.6478714669243152,0.3521285330756848,0.3521285330756848
6.87,54.5,49.7,49.1,1,0.5218110480694497,0.47818895193055033,0.47818895193055033
6.23,49.9,26.6,28.7,0,0.22009754445556695,-0.22009754445556695,0.22009754445556695
7.38,66.0,56.6,61.1,1,0.7294446355959966,0.2705553644040034,0.2705553644040034
8.09,78.7,79.5,84.7,1,1.0891239188854978,-0.08912391888549775,0.08912391888549775
9.98,91.2,72.3,77.3,1,1.2307132249934312,-0.23071322499343117,0.23071322499343117
7.05,72.8,52.1,63.1,1,0.7290599283661677,0.27094007163383227,0.27094007163383227
5.99,39.5,30.8,38.8,0,0.28483223678082636,-0.28483223678082636,0.28483223678082636
9.7,88.7,84.3,71.2,1,1.1322000736622027,-0.13220007366220266,0.13220007366220266
8.59,83.8,89.7,78.0,1,1.0806795947606465,-0.08067959476064646,0.08067959476064646
9.49,56.6,55.0,51.1,1,0.8238894010788448,0.17611059892115521,0.17611059892115521
6.13,91.4,77.5,63.9,1,0.6819103334300921,0.3180896665699079,0.3180896665699079
6.91,71.6,73.9,70.5,1,0.7960536606951109,0.20394633930488915,0.20394633930488915
7.86,60.1,75.1,53.6,1,0.6900351944127557,0.30996480558724426,0.30996480558724426
6.72,90.8,83.7,78.3,1,0.9001350786952781,0.09986492130472191,0.09986492130472191
7.98,65.1,82.7,78.1,1,0.9797555479279995,0.02024445207200054,0.02024445207200054
6.81,69.4,62.2,48.5,1,0.5403746861476585,0.4596253138523415,0.4596253138523415
8.57,73.9,60.4,36.5,1,0.6035766344198484,0.39642336558015157,0.39642336558015157
7.07,83.8,82.1,62.1,1,0.7470182941376576,0.25298170586234237,0.25298170586234237
6.96,57.2,58.5,44.7,1,0.4903003864280714,0.5096996135719286,0.5096996135719286
10.0,100.0,72.5,86.5,1,1.350009038857038,-0.35000903885703805,0.35000903885703805
8.2,80.9,74.2,86.5,1,1.1236408968010405,-0.12364089680104051,0.12364089680104051
9.77,63.9,62.2,49.8,1,0.8547599344764542,0.14524006552354585,0.14524006552354585
8.74,85.7,86.5,93.9,1,1.272253649342554,-0.272253649342554,0.272253649342554
4.5,51.1,29.9,27.8,0,0.03143835824992913,-0.03143835824992913,0.03143835824992913
5.14,57.3,31.4,28.5,0,0.11872343846371813,-0.11872343846371813,0.11872343846371813
10.0,75.6,61.4,80.2,1,1.231815985934745,-0.23181598593474506,0.23181598593474506
7.36,54.0,31.2,33.8,0,0.40305442325328145,-0.40305442325328145,0.40305442325328145
6.32,78.8,45.3,57.1,1,0.5978198298547756,0.40218017014522445,0.40218017014522445
9.77,65.2,92.1,89.5,1,1.2934381872139142,-0.29343818721391424,0.29343818721391424
9.42,73.9,74.1,86.8,1,1.2413497759230947,-0.2413497759230947,0.2413497759230947
8.18,61.8,48.0,61.5,1,0.808147318724732,0.191852681275268,0.191852681275268
9.82,80.2,77.2,50.5,1,0.9021726294264291,0.09782737057357094,0.09782737057357094
7.65,56.4,51.5,59.5,1,0.7207318024703929,0.2792681975296071,0.2792681975296071
7.02,72.0,46.3,61.9,1,0.7103185357534786,0.2896814642465214,0.2896814642465214
4.89,82.6,58.1,46.7,0,0.3442713369987441,-0.3442713369987441,0.3442713369987441
7.36,78.8,87.8,80.0,1,0.9629924826470783,0.03700751735292174,0.03700751735292174
8.41,84.0,75.1,72.5,1,0.9999507956834265,4.920431657351454e-05,4.920431657351454e-05
8.39,72.6,80.0,71.5,1,0.9654488253221362,0.03455117467786384,0.03455117467786384
7.97,61.1,47.7,58.2,1,0.7488247558048339,0.2511752441951661,0.2511752441951661
8.6,72.0,54.4,44.3,1,0.686660342188438,0.31333965781156203,0.31333965781156203
8.49,73.6,88.0,65.8,1,0.9174011534061016,0.08259884659389838,0.08259884659389838
6.99,48.3,34.7,34.3,0,0.3590070289541155,-0.3590070289541155,0.3590070289541155
7.91,79.5,38.7,61.4,1,0.8118469516409809,0.18815304835901914,0.18815304835901914
9.05,83.3,89.5,87.4,1,1.2300616008815561,-0.23006160088155614,0.23006160088155614
10.0,72.6,84.2,70.9,1,1.128847198195361,-0.12884719819536095,0.12884719819536095
5.35,65.8,53.3,48.3,0,0.3761850763664395,-0.3761850763664395,0.3761850763664395
9.52,75.3,65.3,70.8,1,1.07939309376053,-0.07939309376053005,0.07939309376053005
7.17,54.4,69.2,61.4,0,0.6900109657792505,-0.6900109657792505,0.6900109657792505
9.0,72.6,75.3,79.5,1,1.1156082138688288,-0.1156082138688288,0.1156082138688288
6.0,83.5,82.6,83.2,1,0.8631509289494407,0.13684907105055932,0.13684907105055932
5.56,48.3,50.3,55.9,0,0.44590130325860977,-0.44590130325860977,0.44590130325860977
7.29,57.2,30.0,26.9,0,0.32686176080602725,-0.32686176080602725,0.32686176080602725
6.07,65.5,64.0,79.3,1,0.7896550267219685,0.21034497327803148,0.21034497327803148
7.63,77.3,69.1,60.1,1,0.7691763951827283,0.2308236048172717,0.2308236048172717
4.68,51.4,29.7,37.3,0,0.15405117879676367,-0.15405117879676367,0.15405117879676367
9.72,98.5,95.7,70.1,1,1.1435429320474104,-0.14354293204741042,0.14354293204741042
8.17,72.5,71.9,84.0,1,1.0764631025687605,-0.07646310256876054,0.07646310256876054
8.89,86.5,82.8,67.0,1,0.9969024065948687,0.0030975934051312715,0.0030975934051312715
7.42,62.1,52.3,53.5,1,0.6427450105537088,0.3572549894462912,0.3572549894462912
7.35,56.7,55.1,43.4,1,0.5156098303397681,0.48439016966023185,0.48439016966023185
6.96,71.6,48.3,57.5,0,0.6557982613481611,-0.6557982613481611,0.6557982613481611
7.15,76.7,57.2,40.2,1,0.4994695693214374,0.5005304306785626,0.5005304306785626
9.59,66.2,67.8,70.3,1,1.0638833545288242,-0.06388335452882421,0.06388335452882421
7.98,70.1,74.5,59.6,1,0.7873167936568016,0.21268320634319837,0.21268320634319837
8.23,66.4,43.4,50.3,1,0.7000484588044723,0.2999515411955277,0.2999515411955277
5.53,77.3,66.7,83.8,1,0.8053880212323611,0.19461197876763892,0.19461197876763892
7.37,72.9,60.9,50.5,1,0.6275884632039649,0.3724115367960351,0.3724115367960351
4.78,70.8,61.5,51.5,0,0.36224072973641175,-0.36224072973641175,0.36224072973641175
5.96,61.5,61.2,60.8,0,0.5689099318807768,-0.5689099318807768,0.5689099318807768
7.15,56.5,53.5,45.9,1,0.5210686083686863,0.4789313916313137,0.4789313916313137
6.81,83.1,100.0,73.2,1,0.8418881532151113,0.15811184678488865,0.15811184678488865
9.71,100.0,73.3,60.6,1,1.0384724028095906,-0.03847240280959063,0.03847240280959063
6.45,79.9,53.9,70.3,1,0.7584213013383062,0.2415786986616938,0.2415786986616938
6.85,66.6,53.6,54.2,0,0.5994990744975485,-0.5994990744975485,0.5994990744975485
4.62,55.9,23.5,32.1,0,0.09906513908729897,-0.09906513908729897,0.09906513908729897
7.68,85.7,80.2,91.5,1,1.1337256711238473,-0.13372567112384726,0.13372567112384726
8.12,88.7,86.1,78.0,1,1.040291857414105,-0.040291857414104904,0.040291857414104904
6.22,69.8,58.3,42.3,0,0.41117740063725317,-0.41117740063725317,0.41117740063725317
7.35,78.9,82.9,70.6,1,0.8592456904739282,0.14075430952607182,0.14075430952607182
4.08,50.7,27.3,29.7,0,0.006699722484345583,-0.006699722484345583,0.006699722484345583
9.45,92.4,74.7,68.4,1,1.0811529869838217,-0.08115298698382167,0.08115298698382167
9.87,99.8,97.1,55.8,1,1.00684203655533,-0.006842036555330111,0.006842036555330111
5.23,42.7,29.8,26.7,0,0.07970467699248007,-0.07970467699248007,0.07970467699248007
8.68,73.8,56.7,53.5,1,0.7988782685555879,0.20112173144441214,0.20112173144441214
8.1,70.1,56.0,63.1,1,0.834770221613503,0.165229778386497,0.165229778386497
6.1,76.9,47.6,54.0,1,0.53770573719098,0.46229426280902,0.46229426280902
7.92,66.0,48.6,40.7,1,0.5633450981549976,0.43665490184500244,0.43665490184500244
7.97,89.7,77.3,74.1,1,0.9826472599618551,0.01735274003814491,0.01735274003814491
5.24,77.1,43.9,45.8,1,0.3580614564423842,0.6419385435576158,0.6419385435576158
4.92,65.0,44.0,51.0,0,0.35715255937828216,-0.35715255937828216,0.35715255937828216
4.3,30.8,4.3,46.8,1,0.17248413652199857,0.8275158634780014,0.8275158634780014
4.37,41.9,26.4,31.5,0,0.039289785834194624,-0.039289785834194624,0.039289785834194624
8.46,85.4,70.6,78.1,1,1.0679850648194247,-0.06798506481942468,0.06798506481942468
7.99,76.1,70.0,55.9,1,0.7592073814944588,0.24079261850554123,0.24079261850554123
7.15,76.5,58.6,46.1,0,0.5633722923902872,-0.5633722923902872,0.5633722923902872
4.86,68.7,54.7,55.1,0,0.40445033306410616,-0.40445033306410616,0.40445033306410616
6.68,76.5,44.5,51.9,0,0.5745442807998825,-0.5745442807998825,0.5745442807998825
5.39,32.6,26.1,32.6,0,0.14011690811919897,-0.14011690811919897,0.14011690811919897
5.87,81.6,62.6,64.8,1,0.6425770534011289,0.3574229465988711,0.3574229465988711
7.67,69.2,93.5,74.2,1,0.9147267970531897,0.08527320294681029,0.08527320294681029
9.83,85.6,59.5,66.6,1,1.08560182638904,-0.0856018263890399,0.0856018263890399
4.68,74.5,62.6,52.9,0,0.3743826802490885,-0.3743826802490885,0.3743826802490885
6.49,57.4,39.1,46.5,0,0.45753246016079163,-0.45753246016079163,0.45753246016079163
8.67,79.9,59.4,56.6,1,0.8439197864624824,0.15608021353751755,0.15608021353751755
8.01,69.8,43.9,48.6,1,0.6652314487518834,0.33476855124811655,0.33476855124811655
4.25,47.5,39.5,29.9,0,0.02253654177197495,-0.02253654177197495,0.02253654177197495
9.5,78.7,84.4,78.7,1,1.1729957061036758,-0.17299570610367576,0.17299570610367576
9.31,89.0,67.6,77.4,1,1.1562673585061498,-0.1562673585061498,0.1562673585061498
10.0,82.4,82.6,64.5,1,1.0783275772248562,-0.07832757722485617,0.07832757722485617
9.93,71.2,76.0,59.1,1,0.9892303243811224,0.01076967561887765,0.01076967561887765
4.19,39.0,29.2,24.4,0,-0.06192654651427365,0.06192654651427365,0.06192654651427365
7.97,65.0,81.1,71.9,1,0.9109217527064642,0.08907824729353575,0.08907824729353575
7.44,78.0,70.2,75.5,1,0.9179692128354234,0.08203078716457657,0.08203078716457657
6.78,70.8,40.5,53.0,1,0.585123805520083,0.41487619447991697,0.41487619447991697
7.51,59.4,54.8,63.3,1,0.7537282441658718,0.2462717558341282,0.2462717558341282
4.65,64.1,58.8,67.0,0,0.5032492887230876,-0.5032492887230876,0.5032492887230876
5.77,61.1,52.2,41.3,0,0.3349096916330828,-0.3349096916330828,0.3349096916330828
9.13,68.3,42.5,47.1,1,0.7634638235226087,0.23653617647739134,0.23653617647739134
5.03,85.1,62.3,51.9,0,0.421065012408847,-0.421065012408847,0.421065012408847
8.96,79.2,85.6,63.7,1,0.9545777761073807,0.045422223892619296,0.045422223892619296
7.68,92.9,91.6,82.1,1,1.0477493751295417,-0.047749375129541693,0.047749375129541693
8.91,74.3,46.3,40.5,1,0.6811146030619545,0.3188853969380455,0.3188853969380455
5.53,60.5,60.4,53.7,0,0.44453649816690854,-0.44453649816690854,0.44453649816690854
6.17,59.5,63.9,51.8,1,0.4898003120012425,0.5101996879987575,0.5101996879987575
7.33,77.9,56.8,59.8,1,0.7334709758958439,0.26652902410415613,0.26652902410415613
4.53,54.0,21.4,30.1,0,0.06380468914066284,-0.06380468914066284,0.06380468914066284
8.1,91.9,99.6,69.3,1,0.9523196369328387,0.04768036306716128,0.04768036306716128
4.2,30.3,1.0,30.6,0,-0.015453381555756929,0.015453381555756929,0.015453381555756929
5.78,61.4,60.3,47.3,1,0.40307392602853287,0.5969260739714671,0.5969260739714671
5.84,78.5,49.7,55.0,0,0.5247385270798676,-0.5247385270798676,0.5247385270798676
7.65,61.8,53.4,56.9,1,0.7034285092314717,0.2965714907685283,0.2965714907685283
8.48,79.0,74.6,83.7,1,1.1190049733920295,-0.11900497339202953,0.11900497339202953
10.0,74.5,77.8,73.0,1,1.1542846731690783,-0.15428467316907835,0.15428467316907835
4.0,54.1,28.9,26.1,0,-0.03384523232204917,0.03384523232204917,0.03384523232204917
6.3,53.9,27.1,35.1,0,0.3048765482425503,-0.3048765482425503,0.3048765482425503
5.94,74.2,49.4,49.2,1,0.4637843383540162,0.5362156616459838,0.5362156616459838
5.84,79.3,88.2,91.9,1,0.9335031563123931,0.06649684368760689,0.06649684368760689
5.63,75.2,66.8,75.1,1,0.717335543288265,0.282664456711735,0.282664456711735
7.28,62.7,53.5,58.4,0,0.682614376513787,-0.682614376513787,0.682614376513787
8.07,70.5,76.0,67.0,1,0.8781581279631238,0.12184187203687624,0.12184187203687624
8.51,78.6,50.6,41.0,1,0.6536819934497339,0.3463180065502661,0.3463180065502661
6.77,61.6,56.4,49.1,1,0.526383340298472,0.473616659701528,0.473616659701528
8.54,82.1,82.5,68.2,1,0.9644602982674325,0.035539701732567486,0.035539701732567486
4.45,50.5,26.4,35.6,0,0.10909347083370757,-0.10909347083370757,0.10909347083370757
4.18,43.4,28.5,31.7,0,0.024796989481699283,-0.024796989481699283,0.024796989481699283
5.24,73.8,43.9,58.1,0,0.48512460929904966,-0.48512460929904966,0.48512460929904966
9.03,94.0,92.9,76.6,1,1.1322893065767938,-0.13228930657679383,0.13228930657679383
5.13,49.2,30.9,31.0,0,0.1288286679832109,-0.1288286679832109,0.1288286679832109
7.31,95.7,92.6,74.4,1,0.9309341066961777,0.06906589330382229,0.06906589330382229
6.95,74.4,42.1,47.7,1,0.5527871806698982,0.4472128193301018,0.4472128193301018
6.74,73.2,69.8,88.7,1,0.97822736253795,0.02177263746205005,0.02177263746205005
8.47,91.1,92.0,88.6,1,1.1978762742379234,-0.19787627423792342,0.19787627423792342
9.65,80.4,68.2,72.0,1,1.1165899837843707,-0.11658998378437069,0.11658998378437069
4.78,47.2,30.4,25.1,0,0.023979005551155064,-0.023979005551155064,0.023979005551155064
7.45,68.7,54.3,51.9,1,0.6418242405799207,0.3581757594200793,0.3581757594200793
7.18,72.2,54.8,41.5,1,0.5074929146154848,0.49250708538451515,0.49250708538451515
8.01,54.7,44.7,49.7,1,0.6476679096305321,0.3523320903694679,0.3523320903694679
9.5,85.2,85.3,82.4,1,1.2260804130481624,-0.2260804130481624,0.2260804130481624
8.25,76.2,59.3,52.3,1,0.7458160113614302,0.25418398863856984,0.25418398863856984
6.6,86.9,84.1,78.9,1,0.8864505975938003,0.1135494024061997,0.1135494024061997
7.11,71.4,53.2,48.9,1,0.578635021361409,0.421364978638591,0.421364978638591
7.3,84.0,88.1,76.8,1,0.9322038808110419,0.06779611918895811,0.06779611918895811
6.14,65.0,51.6,68.9,1,0.6810007267359356,0.3189992732640644,0.3189992732640644
8.78,67.5,52.7,47.4,1,0.7301093720963662,0.26989062790363383,0.26989062790363383
7.03,71.5,52.7,47.2,0,0.5518818204066348,-0.5518818204066348,0.5518818204066348
8.42,92.4,83.2,72.9,1,1.0232167998448052,-0.02321679984480518,0.02321679984480518
6.82,86.6,81.1,83.1,1,0.9540691439654699,0.045930856034530065,0.045930856034530065
7.53,82.9,76.5,64.7,1,0.8208657985523279,0.17913420144767211,0.17913420144767211
9.82,62.1,56.5,48.6,1,0.8424797561386638,0.15752024386133623,0.15752024386133623
7.68,97.7,73.6,73.9,1,0.9650729647383788,0.03492703526162122,0.03492703526162122
6.28,84.8,97.4,58.9,1,0.6338282934199274,0.3661717065800726,0.3661717065800726
8.18,64.5,60.9,59.4,1,0.7928493197923788,0.20715068020762117,0.20715068020762117
8.56,79.4,40.0,51.9,1,0.7770396589529692,0.22296034104703077,0.22296034104703077
5.24,53.0,33.7,30.0,0,0.13746920382290628,-0.13746920382290628,0.13746920382290628
4.28,43.2,35.5,29.1,0,0.007879719643774652,-0.007879719643774652,0.007879719643774652
8.6,89.0,71.5,76.5,1,1.0725472506049223,-0.07254725060492229,0.07254725060492229
7.99,59.5,58.1,59.3,1,0.7615030936983916,0.23849690630160836,0.23849690630160836
7.08,62.0,53.2,48.4,0,0.5516006685824034,-0.5516006685824034,0.5516006685824034
5.91,48.6,26.5,26.5,0,0.1600140119446799,-0.1600140119446799,0.1600140119446799
6.46,51.9,32.4,34.0,0,0.3067265662453541,-0.3067265662453541,0.3067265662453541
7.31,80.0,45.2,68.6,1,0.8290539303677945,0.1709460696322055,0.1709460696322055
7.58,93.8,82.0,67.3,1,0.8766849321070797,0.12331506789292035,0.12331506789292035
5.64,46.7,24.6,32.3,0,0.19055616071155235,-0.19055616071155235,0.19055616071155235
4.25,32.5,7.0,27.3,0,-0.04068431090320479,0.04068431090320479,0.04068431090320479
5.89,73.2,44.4,46.8,1,0.42965660704352626,0.5703433929564737,0.5703433929564737
7.69,62.8,47.1,56.6,1,0.7052630304558952,0.2947369695441048,0.2947369695441048
8.21,76.3,66.2,44.2,1,0.6550442988796378,0.3449557011203622,0.3449557011203622
6.57,77.9,86.8,78.1,1,0.8574051319570998,0.14259486804290022,0.14259486804290022
5.83,69.1,52.3,52.2,0,0.4752785239796017,-0.4752785239796017,0.4752785239796017
4.53,42.3,33.6,30.0,0,0.0418326653738218,-0.0418326653738218,0.0418326653738218
8.82,82.6,79.8,78.1,1,1.1018909822957101,-0.10189098229571014,0.10189098229571014
6.7,66.5,57.7,54.6,1,0.5885816489064962,0.4114183510935038,0.4114183510935038
7.05,54.2,45.6,43.3,0,0.47646803052180575,-0.47646803052180575,0.47646803052180575
4.93,50.0,29.4,23.1,0,0.023354574941786055,-0.023354574941786055,0.023354574941786055
7.41,68.0,62.8,43.8,1,0.5497550892475395,0.45024491075246054,0.45024491075246054
9.27,62.3,44.8,61.0,1,0.9177030249907255,0.08229697500927446,0.08229697500927446
8.65,65.9,43.2,54.3,1,0.7865989194826862,0.21340108051731377,0.21340108051731377
6.6,64.2,51.9,55.9,0,0.5866818236150907,-0.5866818236150907,0.5866818236150907
6.3,73.4,43.5,43.6,0,0.43824031344596304,-0.43824031344596304,0.43824031344596304
9.77,96.3,98.6,60.6,1,1.0418318161122122,-0.041831816112212206,0.041831816112212206
5.9,50.1,26.5,24.8,0,0.14345081509416113,-0.14345081509416113,0.14345081509416113
9.74,60.2,61.7,55.2,1,0.9028863498078462,0.09711365019215379,0.09711365019215379
9.84,92.8,69.9,76.1,1,1.2057035123188977,-0.20570351231889772,0.20570351231889772
8.79,86.8,78.3,58.8,1,0.8971867675534663,0.10281323244653373,0.10281323244653373
7.83,63.9,62.1,42.1,0,0.567268042825409,-0.567268042825409,0.567268042825409
10.0,79.6,76.3,67.9,1,1.1086696846330333,-0.10866968463303328,0.10866968463303328
6.09,56.6,32.8,35.7,0,0.295594806391864,-0.295594806391864,0.295594806391864
7.33,51.9,54.5,54.2,1,0.6212386002058193,0.37876139979418066,0.37876139979418066
8.85,73.6,49.5,60.4,1,0.89003582649396,0.10996417350604004,0.10996417350604004
9.85,98.3,91.2,76.2,1,1.2222720027802634,-0.22227200278026338,0.22227200278026338
7.85,65.2,54.1,50.7,1,0.6639270774182272,0.3360729225817728,0.3360729225817728
9.49,79.6,70.1,69.8,1,1.0746437952137438,-0.07464379521374376,0.07464379521374376
8.52,65.8,87.5,75.0,1,1.005040987137384,-0.00504098713738399,0.00504098713738399
7.38,68.3,53.0,48.8,1,0.5998040450141408,0.40019595498585925,0.40019595498585925
8.28,94.3,78.5,67.8,1,0.9560611341239077,0.0439388658760923,0.0439388658760923
4.09,51.4,25.0,31.9,0,0.03261775212506823,-0.03261775212506823,0.03261775212506823
7.41,46.6,26.0,26.1,0,0.309295573113065,-0.309295573113065,0.309295573113065
8.94,46.0,47.3,43.3,1,0.6592819529616133,0.3407180470383867,0.3407180470383867
5.69,55.7,52.5,54.9,0,0.4636084148267078,-0.4636084148267078,0.4636084148267078
8.98,69.7,78.2,77.2,1,1.0833371497603657,-0.08333714976036566,0.08333714976036566
9.9,85.8,66.6,73.3,1,1.1673044525445881,-0.16730445254458814,0.16730445254458814
6.97,52.4,27.9,29.9,0,0.31602260183032904,-0.31602260183032904,0.31602260183032904
6.4,67.2,70.7,50.6,1,0.5172189972962326,0.48278100270376745,0.48278100270376745
9.75,98.9,97.8,89.4,1,1.3573797887139603,-0.35737978871396026,0.35737978871396026
10.0,79.2,74.0,94.1,1,1.3919459409760768,-0.3919459409760768,0.3919459409760768
8.41,75.1,61.7,53.4,1,0.772823382803309,0.22717661719669102,0.22717661719669102
4.71,57.7,61.0,57.6,1,0.3953103133814172,0.6046896866185828,0.6046896866185828
5.91,49.8,30.9,33.3,0,0.23694834241171703,-0.23694834241171703,0.23694834241171703
7.15,77.4,86.2,69.8,1,0.8271604506751219,0.1728395493248781,0.1728395493248781
5.71,52.9,33.3,28.1,0,0.16596887062659949,-0.16596887062659949,0.16596887062659949
7.59,70.9,43.8,57.4,1,0.7187775404699243,0.28122245953007574,0.28122245953007574
6.77,42.6,25.8,23.5,0,0.20592281107704868,-0.20592281107704868,0.20592281107704868
7.28,69.7,61.9,49.1,0,0.5968192135687181,-0.5968192135687181,0.5968192135687181
9.96,92.1,73.5,89.6,1,1.3641243584905887,-0.36412435849058866,0.36412435849058866
8.53,96.5,63.5,60.4,1,0.9037508844277434,0.09624911557225657,0.09624911557225657
8.53,82.0,50.1,54.6,1,0.8100285209279462,0.1899714790720538,0.1899714790720538
4.42,34.8,6.1,58.8,0,0.3235388410074963,-0.3235388410074963,0.3235388410074963
7.89,68.1,46.7,42.9,1,0.5878761015284685,0.4121238984715315,0.4121238984715315
6.5,60.7,50.7,52.2,0,0.5289261570650542,-0.5289261570650542,0.5289261570650542
6.96,69.4,60.1,63.8,0,0.7218923553450535,-0.7218923553450535,0.7218923553450535
6.51,49.7,33.1,27.6,0,0.23829679048456753,-0.23829679048456753,0.23829679048456753
8.85,84.3,88.0,68.4,1,1.0044671774021139,-0.004467177402113887,0.004467177402113887
9.22,82.5,81.0,82.3,1,1.1895351846876774,-0.18953518468767738,0.18953518468767738
4.27,43.2,27.5,26.2,0,-0.026021750442280833,0.026021750442280833,0.026021750442280833
4.08,52.1,28.7,30.6,0,0.01945829012197453,-0.01945829012197453,0.01945829012197453
6.22,71.7,55.7,46.7,1,0.46223449686291407,0.5377655031370859,0.5377655031370859
8.09,75.7,70.9,66.0,1,0.8787407140565474,0.12125928594345259,0.12125928594345259
7.33,63.8,59.7,41.7,1,0.5097740671346606,0.49022593286533944,0.49022593286533944
9.07,84.6,80.4,76.1,1,1.1104781722779995,-0.1104781722779995,0.1104781722779995
6.89,70.9,56.7,52.8,1,0.5974732038024612,0.40252679619753884,0.40252679619753884
4.26,36.7,4.5,54.2,0,0.26023888919958293,-0.26023888919958293,0.26023888919958293
7.07,71.9,52.6,35.7,1,0.4319978594009871,0.5680021405990129,0.5680021405990129
7.96,83.8,74.2,73.7,1,0.9651422507120567,0.034857749287943274,0.034857749287943274
7.26,43.4,25.3,30.7,0,0.3370729182510951,-0.3370729182510951,0.3370729182510951
6.18,73.3,62.7,49.4,1,0.4916803400936508,0.5083196599063492,0.5083196599063492
6.22,56.7,28.7,32.0,0,0.2685822457431465,-0.2685822457431465,0.2685822457431465
9.3,76.2,82.4,76.4,1,1.1217573900380313,-0.12175739003803132,0.12175739003803132
7.18,67.6,53.7,60.9,1,0.7089011848616439,0.2910988151383561,0.2910988151383561
5.6,46.0,32.1,28.8,0,0.1482586631700562,-0.1482586631700562,0.1482586631700562
5.77,77.9,49.7,42.1,0,0.3761487358658645,-0.3761487358658645,0.3761487358658645
7.9,67.5,61.8,56.1,1,0.7336386586598828,0.26636134134011724,0.26636134134011724
9.69,95.6,73.2,72.9,1,1.161257270702444,-0.161257270702444,0.161257270702444
5.0,70.6,50.0,66.1,0,0.5415180965258205,-0.5415180965258205,0.5415180965258205
6.43,70.8,75.6,70.2,1,0.7410726947475593,0.2589273052524407,0.2589273052524407
8.56,61.3,47.2,38.1,1,0.5929093483745737,0.40709065162542635,0.40709065162542635
4.19,34.0,4.0,46.5,1,0.1638977838657999,0.8361022161342001,0.8361022161342001
5.27,85.1,82.0,83.9,1,0.7970732781046131,0.20292672189538685,0.20292672189538685
6.73,73.4,61.9,46.5,1,0.518054591633086,0.481945408366914,0.481945408366914
7.63,62.9,54.3,52.5,1,0.6558687911635702,0.3441312088364298,0.3441312088364298
5.77,50.9,29.0,23.4,0,0.11658630951327487,-0.11658630951327487,0.11658630951327487
6.61,60.1,52.7,50.3,0,0.5190212203855279,-0.5190212203855279,0.5190212203855279
4.33,37.2,3.8,81.7,1,0.5670254446402129,0.4329745553597871,0.4329745553597871
8.58,57.5,91.7,75.7,1,1.0033693523550378,-0.003369352355037769,0.003369352355037769
5.97,45.7,26.3,21.2,0,0.10305011326182367,-0.10305011326182367,0.10305011326182367
4.42,51.7,27.8,25.0,0,-0.006549058117209738,0.006549058117209738,0.006549058117209738
6.24,94.7,81.5,75.0,1,0.8211440725797464,0.17885592742025358,0.17885592742025358
6.16,78.1,56.3,59.8,0,0.6108222751491629,-0.6108222751491629,0.6108222751491629
8.58,82.6,79.8,78.3,1,1.078840644140457,-0.078840644140457,0.078840644140457
4.88,48.0,23.9,34.6,0,0.13809103361896036,-0.13809103361896036,0.13809103361896036
6.38,51.8,24.5,30.7,0,0.26094670069608583,-0.26094670069608583,0.26094670069608583
8.82,78.8,51.0,51.5,1,0.8007196938860089,0.19928030611399106,0.19928030611399106
9.61,94.6,65.6,79.3,1,1.2190749302185595,-0.2190749302185595,0.2190749302185595
5.87,67.6,69.7,67.9,1,0.6499620614887097,0.3500379385112903,0.3500379385112903
6.61,64.7,38.5,47.3,1,0.4930571769325597,0.5069428230674403,0.5069428230674403
7.34,98.4,72.6,76.9,1,0.9631167491612519,0.036883250838748105,0.036883250838748105
5.55,68.1,61.7,46.0,0,0.37818062818029674,-0.37818062818029674,0.37818062818029674
5.79,40.4,30.3,31.0,0,0.18081080566921404,-0.18081080566921404,0.18081080566921404
6.74,50.1,25.6,26.7,0,0.2522016723520598,-0.2522016723520598,0.2522016723520598
5.67,43.6,30.9,32.0,0,0.18544126122401872,-0.18544126122401872,0.18544126122401872
7.56,69.9,56.9,44.8,1,0.5790987535260289,0.4209012464739711,0.4209012464739711
6.4,42.1,23.8,35.8,0,0.2992578194357166,-0.2992578194357166,0.2992578194357166
7.64,84.2,79.0,76.3,1,0.9613458776639422,0.038654122336057806,0.038654122336057806
5.85,54.7,34.6,28.0,0,0.18335127327321044,-0.18335127327321044,0.18335127327321044
9.94,84.1,71.0,80.8,1,1.2503493375946078,-0.25034933759460776,0.25034933759460776
4.44,48.5,24.0,27.5,0,0.015764926222082587,-0.015764926222082587,0.015764926222082587
5.15,76.7,58.0,60.0,0,0.5043939464646919,-0.5043939464646919,0.5043939464646919
6.72,69.3,42.5,54.5,1,0.5925005559555864,0.40749944404441363,0.40749944404441363
7.79,62.7,50.0,40.9,1,0.5456154109057231,0.4543845890942769,0.4543845890942769
4.15,40.7,32.7,36.3,0,0.06700293934910306,-0.06700293934910306,0.06700293934910306
8.39,77.9,77.3,81.7,1,1.0861341213382159,-0.08613412133821585,0.08613412133821585
5.27,40.7,29.0,29.2,0,0.10698814068798934,-0.10698814068798934,0.10698814068798934
6.76,48.7,34.1,25.2,0,0.23672013660291313,-0.23672013660291313,0.23672013660291313
4.7,42.1,23.9,39.5,0,0.16079185726614942,-0.16079185726614942,0.16079185726614942
6.25,64.4,53.1,49.0,0,0.47558405957857974,-0.47558405957857974,0.47558405957857974
6.96,61.2,42.9,49.8,0,0.5508614567249493,-0.5508614567249493,0.5508614567249493
8.84,59.9,42.7,57.7,1,0.8316160945185679,0.16838390548143212,0.16838390548143212
7.2,72.1,78.1,78.2,1,0.9118272850674743,0.08817271493252565,0.08817271493252565
5.93,51.8,30.5,24.7,0,0.14953769712384857,-0.14953769712384857,0.14953769712384857
9.87,95.4,67.3,70.5,1,1.1527172698549566,-0.1527172698549566,0.1527172698549566
8.87,65.9,74.5,94.0,1,1.2460839850404644,-0.24608398504046436,0.24608398504046436
8.07,70.0,61.1,51.3,1,0.7041786423289192,0.29582135767108075,0.29582135767108075
7.99,80.6,55.4,42.0,1,0.6146372226902944,0.3853627773097056,0.3853627773097056
5.09,53.2,30.4,32.5,0,0.14867764613292833,-0.14867764613292833,0.14867764613292833
6.64,61.9,55.2,52.6,1,0.5511052915397726,0.4488947084602274,0.4488947084602274
9.07,73.7,56.7,45.2,1,0.7495540035491236,0.2504459964508764,0.2504459964508764
6.98,80.3,89.9,73.5,1,0.8557904223986027,0.1442095776013973,0.1442095776013973
6.92,85.3,88.8,57.5,1,0.6854004027262915,0.31459959727370845,0.31459959727370845
4.75,38.7,28.3,30.4,0,0.0613238072020349,-0.0613238072020349,0.0613238072020349
4.02,36.5,1.1,31.3,0,-0.01458149855888402,0.01458149855888402,0.01458149855888402
8.6,75.8,71.6,70.1,1,0.9771664743095286,0.022833525690471368,0.022833525690471368
4.28,44.5,24.9,29.1,0,0.008622858973189818,-0.008622858973189818,0.008622858973189818
5.73,44.0,23.1,29.7,0,0.16622971554160182,-0.16622971554160182,0.16622971554160182
5.06,49.5,23.2,31.8,0,0.1294328700296934,-0.1294328700296934,0.1294328700296934
5.33,68.0,59.1,47.7,0,0.37287763627224735,-0.37287763627224735,0.37287763627224735
9.81,95.8,75.9,68.9,1,1.1312934261590581,-0.13129342615905815,0.13129342615905815
10.0,82.6,80.6,70.3,1,1.141349627855023,-0.14134962785502303,0.14134962785502303
5.52,56.7,24.0,24.6,0,0.11387480862357291,-0.11387480862357291,0.11387480862357291
6.82,73.0,55.6,51.2,1,0.5766804176626409,0.4233195823373591,0.4233195823373591
6.55,66.0,54.2,59.9,1,0.6287814555476631,0.37121854445233693,0.37121854445233693
10.0,83.6,69.2,78.9,1,1.234737711589025,-0.234737711589025,0.234737711589025
8.84,74.7,78.5,78.7,1,1.094776686612049,-0.09477668661204897,0.09477668661204897
7.79,75.3,83.5,67.2,1,0.8616069115754726,0.13839308842452736,0.13839308842452736
6.82,78.2,83.1,80.0,1,0.9042636484039425,0.09573635159605753,0.09573635159605753
5.99,37.1,31.6,31.6,0,0.20208675860660186,-0.20208675860660186,0.20208675860660186
9.05,76.3,58.7,75.8,1,1.0851224362871141,-0.08512243628711413,0.08512243628711413
7.28,86.9,86.3,81.4,1,0.985430187798607,0.014569812201392973,0.014569812201392973
8.67,68.4,82.9,71.9,1,0.9914668726301988,0.008533127369801163,0.008533127369801163
6.95,62.1,51.2,48.5,0,0.5388796036862474,-0.5388796036862474,0.5388796036862474
6.93,58.3,60.0,42.7,1,0.46784900639984184,0.5321509936001582,0.5321509936001582
8.68,75.0,73.0,61.7,1,0.8930431637847619,0.1069568362152381,0.1069568362152381
4.19,43.9,31.1,32.4,0,0.0348730499402905,-0.0348730499402905,0.0348730499402905
6.9,68.8,54.6,51.7,1,0.5821005139229182,0.4178994860770818,0.4178994860770818
6.93,66.8,59.3,44.9,1,0.5083013363155836,0.4916986636844164,0.4916986636844164
6.05,66.1,66.4,54.8,1,0.523143581430492,0.476856418569508,0.476856418569508
6.51,53.3,26.9,31.2,0,0.2833911962730974,-0.2833911962730974,0.2833911962730974
6.84,49.1,33.8,31.5,0,0.3142606704506091,-0.3142606704506091,0.3142606704506091
7.51,65.2,51.3,48.4,1,0.6027473039129924,0.39725269608700764,0.39725269608700764
6.6,55.7,41.7,56.1,0,0.5704262644042327,-0.5704262644042327,0.5704262644042327
9.95,71.1,63.6,75.8,1,1.1703320445615923,-0.17033204456159234,0.17033204456159234
7.75,79.6,74.3,57.7,1,0.7611329176686005,0.23886708233139953,0.23886708233139953
5.68,49.5,24.7,32.5,0,0.20244492911864198,-0.20244492911864198,0.20244492911864198
8.41,80.5,67.2,70.8,1,0.9732748796397056,0.026725120360294397,0.026725120360294397
8.43,93.8,79.1,88.4,1,1.194600228198004,-0.19460022819800393,0.19460022819800393
8.15,72.7,40.7,58.7,1,0.7947469649754225,0.20525303502457748,0.20525303502457748
5.21,53.4,34.0,29.5,0,0.12972440898555881,-0.12972440898555881,0.12972440898555881
9.83,92.7,79.6,77.6,1,1.2223971338927195,-0.22239713389271953,0.22239713389271953
6.88,60.0,47.2,45.7,1,0.4963184932350485,0.5036815067649515,0.5036815067649515
9.49,90.6,98.1,75.3,1,1.160729695845656,-0.1607296958456561,0.1607296958456561
7.03,70.9,64.4,49.8,1,0.5809288232771853,0.4190711767228147,0.4190711767228147
9.92,88.0,78.5,78.8,1,1.235469437751712,-0.23546943775171192,0.23546943775171192
8.76,62.7,81.2,53.7,1,0.7918474512194084,0.20815254878059164,0.20815254878059164
7.36,52.2,27.1,25.2,0,0.305450788227723,-0.305450788227723,0.305450788227723
4.83,41.7,29.4,32.7,0,0.10077921620363595,-0.10077921620363595,0.10077921620363595
7.68,80.3,54.8,47.1,1,0.6367386339365239,0.36326136606347614,0.36326136606347614
5.41,91.5,74.1,79.4,1,0.7741450550070162,0.22585494499298375,0.22585494499298375
4.63,50.2,23.6,34.1,0,0.11065749497354072,-0.11065749497354072,0.11065749497354072
7.62,92.1,55.2,69.6,1,0.8979490246665555,0.10205097533344454,0.10205097533344454
6.97,61.7,53.9,48.7,1,0.5428283353712066,0.45717166462879344,0.45717166462879344
9.32,71.3,63.5,53.8,1,0.8656460290677191,0.13435397093228085,0.13435397093228085
6.79,59.6,76.1,81.8,1,0.8829453944649185,0.11705460553508151,0.11705460553508151
7.37,70.8,62.1,55.8,1,0.6812129560828483,0.31878704391715174,0.31878704391715174
7.68,63.1,53.5,50.6,1,0.6407510778488655,0.35924892215113446,0.35924892215113446
8.97,73.7,78.0,64.4,1,0.951134618508808,0.04886538149119202,0.04886538149119202
8.41,86.7,88.4,73.3,1,1.016206422030252,-0.01620642203025202,0.01620642203025202
6.46,48.6,28.6,28.1,0,0.23554343961189772,-0.23554343961189772,0.23554343961189772
5.22,42.8,20.2,31.7,0,0.13149695496481395,-0.13149695496481395,0.13149695496481395
8.56,81.0,76.7,82.2,1,1.1154112483633738,-0.1154112483633738,0.1154112483633738
5.35,53.1,35.6,28.6,0,0.13434988220845034,-0.13434988220845034,0.13434988220845034
8.99,85.0,73.7,85.6,1,1.2048545240741162,-0.2048545240741162,0.2048545240741162
5.75,66.9,53.6,51.6,1,0.45626009153218094,0.543739908467819,0.543739908467819
7.5,88.3,65.4,79.8,1,0.9903606382196403,0.009639361780359734,0.009639361780359734
7.36,78.1,56.2,50.1,1,0.6316008049232754,0.3683991950767246,0.3683991950767246
8.45,79.3,87.1,76.6,1,1.0414894481999055,-0.04148944819990552,0.04148944819990552
7.34,86.7,88.9,73.0,1,0.90058770416417,0.09941229583583,0.09941229583583
5.66,48.9,27.4,26.7,0,0.13665528218969658,-0.13665528218969658,0.13665528218969658
6.43,73.9,67.3,54.8,1,0.5785437586350312,0.42145624136496884,0.42145624136496884
8.43,52.7,32.0,30.3,0,0.4750862725650312,-0.4750862725650312,0.4750862725650312
10.0,83.6,93.5,76.5,1,1.2128276488788177,-0.21282764887881767,0.21282764887881767
4.44,33.6,0.5,48.5,1,0.21050196375102914,0.7894980362489709,0.7894980362489709
7.28,64.6,53.4,51.3,0,0.6092423382622348,-0.6092423382622348,0.6092423382622348
6.95,68.0,54.9,65.6,1,0.7367483731647718,0.2632516268352282,0.2632516268352282
8.89,75.8,61.5,43.6,1,0.71820808613989,0.28179191386011004,0.28179191386011004
9.58,63.7,47.9,52.8,1,0.8645308766155163,0.1354691233844837,0.1354691233844837
5.88,67.6,50.4,55.2,0,0.5098352391812703,-0.5098352391812703,0.5098352391812703
4.0,47.7,26.3,23.7,0,-0.07290960489582166,0.07290960489582166,0.07290960489582166
7.4,72.1,52.7,57.0,1,0.6983420201022003,0.30165797989779974,0.30165797989779974
7.11,75.9,51.8,64.3,1,0.7544282007314506,0.24557179926854944,0.24557179926854944
8.05,89.8,78.0,85.1,1,1.1107975200750242,-0.11079752007502419,0.11079752007502419
6.58,65.3,39.2,62.6,1,0.6573142176732475,0.3426857823267525,0.3426857823267525
4.09,45.3,20.1,36.6,0,0.07083467434266522,-0.07083467434266522,0.07083467434266522
9.91,82.0,78.1,81.4,1,1.2507999408635717,-0.2507999408635717,0.2507999408635717
7.81,60.0,51.1,51.4,1,0.6566033088893165,0.3433966911106835,0.3433966911106835
7.7,85.3,91.5,70.0,1,0.9035446026055506,0.09645539739444942,0.09645539739444942
5.32,51.2,25.1,18.7,0,0.01819093119167714,-0.01819093119167714,0.01819093119167714
4.7,57.9,53.9,56.9,0,0.38584049738100934,-0.38584049738100934,0.38584049738100934
8.52,88.5,73.5,71.6,1,1.0103003432194106,-0.010300343219410646,0.010300343219410646
7.75,84.3,77.8,70.3,1,0.9077552378721704,0.09224476212782962,0.09224476212782962
8.24,80.3,71.4,65.6,1,0.8992770711469081,0.10072292885309186,0.10072292885309186
5.69,74.8,52.2,61.3,1,0.5705373409092426,0.4294626590907574,0.4294626590907574
7.64,67.1,55.4,45.7,1,0.5915246714429209,0.40847532855707913,0.40847532855707913
5.39,68.6,57.3,54.4,0,0.45279581212103837,-0.45279581212103837,0.45279581212103837
6.93,49.0,37.1,63.5,1,0.6715103796108878,0.3284896203891122,0.3284896203891122
6.42,74.5,65.7,82.0,1,0.8737086847237318,0.12629131527626825,0.12629131527626825
6.86,66.6,41.1,39.9,1,0.4431614351233574,0.5568385648766426,0.5568385648766426
9.83,97.9,97.6,43.4,0,0.8643667716214133,-0.8643667716214133,0.8643667716214133
6.86,79.8,65.3,78.4,1,0.8911994260177997,0.10880057398220033,0.10880057398220033
5.41,51.4,25.1,36.3,0,0.21912530088286053,-0.21912530088286053,0.21912530088286053
4.92,62.0,47.5,48.9,0,0.329060791748225,-0.329060791748225,0.329060791748225
7.83,73.4,91.9,74.5,1,0.9427703718679606,0.057229628132039356,0.057229628132039356
7.77,70.1,53.3,52.7,1,0.6867165365388331,0.31328346346116687,0.31328346346116687
6.01,89.5,75.9,77.5,1,0.8129520420549242,0.18704795794507578,0.18704795794507578
6.93,77.8,80.4,72.5,1,0.8331499509086259,0.16685004909137413,0.16685004909137413
6.88,67.4,69.0,53.4,1,0.5981646606121814,0.40183533938781857,0.40183533938781857
8.01,92.9,85.6,86.5,1,1.1291762713219575,-0.12917627132195753,0.12917627132195753
4.25,33.3,1.4,56.1,1,0.2726127774302364,0.7273872225697636,0.7273872225697636
9.03,78.1,85.8,57.9,1,0.896838108918618,0.10316189108138196,0.10316189108138196
7.61,70.2,78.8,82.9,1,1.0023320028687621,-0.0023320028687621175,0.0023320028687621175
9.0,60.9,44.8,53.2,0,0.8018954511876665,-0.8018954511876665,0.8018954511876665
7.82,76.1,53.4,54.4,0,0.722223659130791,-0.722223659130791,0.722223659130791
9.31,79.9,68.1,67.6,1,1.0320896684286347,-0.0320896684286347,0.0320896684286347
9.49,63.7,68.3,79.6,1,1.1495221838874548,-0.14952218388745475,0.14952218388745475
7.19,68.2,55.5,43.8,1,0.5257820342198346,0.4742179657801654,0.4742179657801654
7.79,68.8,62.1,53.7,1,0.6986250618979423,0.30137493810205773,0.30137493810205773
7.49,84.3,62.4,76.9,1,0.9494600243295938,0.050539975670406245,0.050539975670406245
6.69,41.7,30.0,34.1,0,0.3115499432826284,-0.3115499432826284,0.3115499432826284
6.17,66.8,52.8,50.8,1,0.4913796934583844,0.5086203065416156,0.5086203065416156
7.34,48.0,23.9,37.6,0,0.42918496349035185,-0.42918496349035185,0.42918496349035185
8.29,67.0,87.0,78.3,1,1.018968717763082,-0.018968717763081955,0.018968717763081955
7.47,68.1,60.9,48.8,1,0.6102177126771334,0.38978228732286657,0.38978228732286657
10.0,98.3,81.0,86.1,1,1.343779486524035,-0.3437794865240349,0.3437794865240349
7.36,78.8,46.4,47.5,1,0.6030743465947815,0.39692565340521846,0.39692565340521846
5.3,61.9,43.5,42.9,0,0.3029741732167569,-0.3029741732167569,0.3029741732167569
6.08,57.3,54.9,37.3,0,0.31706066697422985,-0.31706066697422985,0.31706066697422985
9.87,87.2,72.9,87.1,1,1.3178020772623222,-0.31780207726232224,0.31780207726232224
9.46,89.5,75.8,72.5,1,1.121212415173904,-0.12121241517390402,0.12121241517390402
8.41,87.0,56.4,65.5,1,0.9266497805587816,0.07335021944121844,0.07335021944121844
8.32,71.0,61.0,51.4,1,0.7334830264665065,0.26651697353349346,0.26651697353349346
7.62,62.9,53.4,53.5,1,0.6655213228847346,0.33447867711526535,0.33447867711526535
7.25,81.3,61.3,49.3,1,0.6185074501936098,0.38149254980639025,0.38149254980639025
4.36,46.1,24.2,30.7,0,0.03742284490316272,-0.03742284490316272,0.03742284490316272
7.0,61.4,69.3,44.2,1,0.4991635300319107,0.5008364699680893,0.5008364699680893
9.78,90.7,81.7,79.2,1,1.2309460083785857,-0.2309460083785857,0.2309460083785857
6.52,44.5,36.3,32.3,0,0.28071367087175625,-0.28071367087175625,0.28071367087175625
5.21,46.0,31.1,29.7,0,0.11687400177257568,-0.11687400177257568,0.11687400177257568
9.92,97.2,95.6,50.0,1,0.9437658053366241,0.05623419466337587,0.05623419466337587
6.66,91.4,70.3,77.4,1,0.8829494737159816,0.11705052628401835,0.11705052628401835
10.0,82.2,81.1,62.4,1,1.0548792354820695,-0.05487923548206952,0.05487923548206952
6.32,55.3,25.5,22.5,0,0.1726551740530905,-0.1726551740530905,0.1726551740530905
6.95,62.2,60.8,46.1,1,0.5146572980023038,0.48534270199769625,0.48534270199769625
6.33,50.9,28.4,34.6,0,0.2969333048235244,-0.2969333048235244,0.2969333048235244
8.54,70.0,51.3,65.9,1,0.910411382122326,0.08958861787767403,0.08958861787767403
9.91,96.0,98.2,48.0,1,0.9190888260251798,0.08091117397482017,0.08091117397482017
4.99,68.7,63.8,49.2,0,0.355608591046055,-0.355608591046055,0.355608591046055
7.86,56.9,49.5,51.7,1,0.6587563009908975,0.34124369900910245,0.34124369900910245
6.39,44.6,29.1,28.1,0,0.2204200298717628,-0.2204200298717628,0.2204200298717628
8.95,69.6,52.1,51.1,1,0.79216587295584,0.20783412704416004,0.20783412704416004
8.06,99.8,92.4,79.0,1,1.0677089290663258,-0.06770892906632575,0.06770892906632575
9.9,76.2,86.9,72.8,1,1.1464943899075544,-0.14649438990755437,0.14649438990755437
5.6,80.0,52.0,57.8,0,0.5332535895561462,-0.5332535895561462,0.5332535895561462
4.48,46.9,25.3,20.7,0,-0.05677831562664026,0.05677831562664026,0.05677831562664026
7.1,35.6,27.0,28.5,0,0.28135091186286043,-0.28135091186286043,0.28135091186286043
8.36,75.1,49.0,53.3,1,0.764315897729683,0.235684102270317,0.235684102270317
9.11,77.1,76.6,72.4,1,1.0591391062804658,-0.059139106280465814,0.059139106280465814
9.28,75.6,77.2,67.5,1,1.0209628394461494,-0.020962839446149406,0.020962839446149406
6.46,73.6,90.2,70.8,1,0.7587277890527654,0.2412722109472346,0.2412722109472346
5.22,46.3,20.1,31.1,0,0.13183652038512628,-0.13183652038512628,0.13183652038512628
4.1,45.8,25.7,26.4,0,-0.03691886123236021,0.03691886123236021,0.03691886123236021
4.65,54.6,28.5,25.4,0,0.027777027472893234,-0.027777027472893234,0.027777027472893234
7.65,67.7,76.6,93.7,1,1.1185082946466514,-0.11850829464665136,0.11850829464665136
7.79,78.1,53.6,54.8,1,0.7273740768083358,0.27262592319166423,0.27262592319166423
9.94,82.7,90.4,73.3,1,1.169483938141597,-0.1694839381415969,0.1694839381415969
5.58,53.6,22.1,24.9,0,0.11702751171427372,-0.11702751171427372,0.11702751171427372
7.07,72.5,78.1,66.4,1,0.7708378812358304,0.2291621187641696,0.2291621187641696
9.61,85.2,67.2,79.4,1,1.2019805485512087,-0.20198054855120873,0.20198054855120873
8.02,56.1,59.6,60.1,1,0.7669228702337759,0.23307712976622408,0.23307712976622408
9.45,82.2,63.6,78.9,1,1.1732339079252032,-0.1732339079252032,0.1732339079252032
9.58,82.2,67.9,47.6,1,0.8478046743456195,0.15219532565438054,0.15219532565438054
9.15,83.7,92.5,75.0,1,1.1072407697997058,-0.10724076979970576,0.10724076979970576
4.51,79.8,48.3,48.2,0,0.31345340124182386,-0.31345340124182386,0.31345340124182386
6.13,54.9,26.2,35.1,0,0.28882066058934985,-0.28882066058934985,0.28882066058934985
6.31,51.8,32.6,34.2,0,0.29297220173180005,-0.29297220173180005,0.29297220173180005
8.31,89.1,90.2,78.8,1,1.0704295920709415,-0.07042959207094146,0.07042959207094146
8.31,71.9,80.2,66.3,1,0.8992450217939983,0.10075497820600166,0.10075497820600166
6.73,74.5,56.5,55.0,1,0.611577182042505,0.388422817957495,0.388422817957495
9.32,86.1,78.2,75.4,1,1.1317201228372586,-0.13172012283725865,0.13172012283725865
5.85,55.5,22.0,30.1,0,0.20557131108443694,-0.20557131108443694,0.20557131108443694
8.83,82.5,69.7,58.0,1,0.8827958620578852,0.11720413794211482,0.11720413794211482
9.54,95.1,89.4,73.9,1,1.1581336825134625,-0.1581336825134625,0.1581336825134625
7.74,69.4,47.0,58.3,1,0.7419138820361436,0.2580861179638564,0.2580861179638564
5.34,44.8,31.8,32.5,0,0.15869917911198927,-0.15869917911198927,0.15869917911198927
8.51,82.7,75.3,77.5,1,1.0622270700061445,-0.06222707000614447,0.06222707000614447
9.98,64.3,79.1,68.7,1,1.0856959069119325,-0.08569590691193252,0.08569590691193252
5.64,58.6,31.5,39.6,0,0.29435077849390734,-0.29435077849390734,0.29435077849390734
8.51,64.9,58.4,51.6,1,0.7432030548920122,0.2567969451079878,0.2567969451079878
6.07,71.2,48.6,46.8,0,0.445363446883169,-0.445363446883169,0.445363446883169
7.79,86.9,81.7,96.3,1,1.2000110373499386,-0.20001103734993864,0.20001103734993864
4.89,50.5,34.4,33.2,0,0.1306416771086999,-0.1306416771086999,0.1306416771086999
9.95,96.4,95.9,56.0,1,1.0105413746974743,-0.010541374697474293,0.010541374697474293
4.02,30.5,8.5,60.0,1,0.28649926738127196,0.713500732618728,0.713500732618728
5.7,58.3,49.8,55.8,0,0.47907394193885156,-0.47907394193885156,0.47907394193885156
7.67,80.9,56.2,50.2,0,0.6707612665863277,-0.6707612665863277,0.6707612665863277
7.12,72.4,37.8,60.2,1,0.7017053724711381,0.29829462752886193,0.29829462752886193
5.99,63.9,27.8,29.9,0,0.23559238434651253,-0.23559238434651253,0.23559238434651253
4.01,32.4,7.7,39.4,0,0.06538706412575968,-0.06538706412575968,0.06538706412575968
8.41,80.2,76.7,78.7,1,1.0600776017313946,-0.06007760173139465,0.06007760173139465
5.06,44.7,22.3,32.9,0,0.13179913828126943,-0.13179913828126943,0.13179913828126943
6.45,46.8,35.1,27.4,0,0.2244682650483677,-0.2244682650483677,0.2244682650483677
7.73,50.6,29.3,31.7,0,0.4121394270620812,-0.4121394270620812,0.4121394270620812
7.89,77.1,67.1,51.6,1,0.7034813388681102,0.29651866113188985,0.29651866113188985
9.52,75.0,86.5,65.9,1,1.029222530708303,-0.02922253070830294,0.02922253070830294
4.49,71.0,66.7,52.9,0,0.3482442877714803,-0.3482442877714803,0.3482442877714803
5.94,54.9,23.8,31.2,0,0.2261015001385006,-0.2261015001385006,0.2261015001385006
4.84,51.8,29.9,29.0,0,0.08157175617516721,-0.08157175617516721,0.08157175617516721
7.94,60.2,51.1,66.9,1,0.8389415550429223,0.16105844495707766,0.16105844495707766
9.91,75.9,65.7,58.4,1,0.9869974651030765,0.01300253489692349,0.01300253489692349
9.47,67.5,79.1,74.4,1,1.1002666466260678,-0.10026664662606777,0.10026664662606777
7.28,89.9,64.9,65.9,1,0.8193837265670437,0.18061627343295628,0.18061627343295628
6.89,76.2,60.0,59.3,1,0.6790114155570329,0.3209885844429671,0.3209885844429671
9.97,84.4,72.6,69.1,1,1.1273368610577945,-0.12733686105779451,0.12733686105779451
7.95,96.1,83.5,74.9,1,1.0028529240593094,-0.0028529240593093697,0.0028529240593093697
8.0,78.3,75.8,61.8,1,0.8296233056825103,0.1703766943174897,0.1703766943174897
8.25,97.8,80.1,71.2,1,0.9969661765799515,0.0030338234200485426,0.0030338234200485426
7.14,76.4,50.2,59.7,1,0.7083471242942995,0.29165287570570053,0.29165287570570053
7.32,73.7,47.7,60.4,0,0.7291363571233421,-0.7291363571233421,0.7291363571233421
4.63,38.1,30.9,29.5,0,0.038207446246252386,-0.038207446246252386,0.038207446246252386
5.94,59.7,51.7,53.5,1,0.4823971050647985,0.5176028949352015,0.5176028949352015
6.52,61.0,49.2,60.5,0,0.6214742106619958,-0.6214742106619958,0.6214742106619958
6.58,83.1,48.1,56.1,0,0.6232055039898087,-0.6232055039898087,0.6232055039898087
6.38,41.8,34.4,30.0,0,0.2354052358037083,-0.2354052358037083,0.2354052358037083
7.15,87.5,72.5,63.7,1,0.7784220027537861,0.22157799724621385,0.22157799724621385
4.31,45.5,28.6,28.8,0,0.011112972756878281,-0.011112972756878281,0.011112972756878281
7.48,79.8,90.6,70.8,1,0.878159664540218,0.12184033545978201,0.12184033545978201
5.35,64.7,51.7,53.7,0,0.43238055018135035,-0.43238055018135035,0.43238055018135035
9.71,64.5,92.7,59.5,1,0.9601502967529297,0.03984970324707027,0.03984970324707027
9.81,72.6,59.3,53.8,0,0.9189757187063795,-0.9189757187063795,0.9189757187063795
9.22,80.7,70.1,65.8,1,1.0050006526871917,-0.005000652687191742,0.005000652687191742
8.01,84.0,73.4,73.4,1,0.9673957734464772,0.0326042265535228,0.0326042265535228
7.62,67.7,61.2,80.9,1,0.9737576807256038,0.026242319274396242,0.026242319274396242
8.77,64.8,52.0,48.5,1,0.7355813707280486,0.26441862927195137,0.26441862927195137
7.07,77.7,51.4,60.2,1,0.7091761015136108,0.29082389848638923,0.29082389848638923
9.78,88.4,89.4,80.9,1,1.2462018245214197,-0.2462018245214197,0.2462018245214197
9.91,87.5,75.4,68.5,1,1.1210806360731969,-0.12108063607319686,0.12108063607319686
7.06,72.8,53.1,45.0,1,0.5337693763550161,0.4662306236449839,0.4662306236449839
9.68,76.1,58.2,49.0,1,0.8598833623724681,0.1401166376275319,0.1401166376275319
7.96,53.6,56.7,56.6,1,0.71721522548512,0.28278477451488004,0.28278477451488004
6.17,40.5,27.6,26.2,0,0.16836707863283007,-0.16836707863283007,0.16836707863283007
9.2,86.1,81.2,77.8,1,1.1456780551312962,-0.14567805513129617,0.14567805513129617
9.16,77.2,87.9,70.3,1,1.0437185418224497,-0.04371854182244972,0.04371854182244972
8.79,79.4,69.6,76.4,1,1.0722587832426922,-0.07225878324269219,0.07225878324269219
4.47,48.6,27.3,23.6,0,-0.022665289482440287,0.022665289482440287,0.022665289482440287
7.43,82.0,56.0,49.5,0,0.6400648862736996,-0.6400648862736996,0.6400648862736996
7.09,66.6,44.2,50.1,1,0.5786029161897789,0.4213970838102211,0.4213970838102211
10.0,76.8,93.7,72.8,1,1.1593417272905344,-0.15934172729053442,0.15934172729053442
7.25,76.0,62.8,53.4,1,0.6528727965461655,0.3471272034538345,0.3471272034538345
9.02,64.1,56.0,49.5,1,0.772019472481012,0.227980527518988,0.227980527518988
4.56,77.3,52.9,54.9,0,0.3873272255704282,-0.3873272255704282,0.3873272255704282
8.32,55.6,61.7,43.8,1,0.6208573968638237,0.3791426031361763,0.3791426031361763
9.48,84.4,77.4,72.8,1,1.1168325724360595,-0.11683257243605949,0.11683257243605949
4.48,47.4,24.5,26.4,0,0.005951742050055109,-0.005951742050055109,0.005951742050055109
6.29,49.4,27.8,28.5,0,0.22345480630322656,-0.22345480630322656,0.22345480630322656
9.88,83.3,74.9,90.7,1,1.3506234807884332,-0.3506234807884332,0.3506234807884332
6.14,65.6,38.6,47.9,0,0.4519626644949951,-0.4519626644949951,0.4519626644949951
7.06,71.5,62.2,53.5,1,0.6250549537610534,0.37494504623894664,0.37494504623894664
8.23,89.2,81.7,75.5,1,1.0249399562642507,-0.024939956264250718,0.024939956264250718
5.91,45.0,25.6,36.0,0,0.2559349873708824,-0.2559349873708824,0.2559349873708824
8.09,100.0,96.4,69.0,1,0.963366640646152,0.03663335935384804,0.03663335935384804
8.12,71.1,56.0,49.3,1,0.689008220842184,0.31099177915781595,0.31099177915781595
5.89,69.8,82.3,74.2,1,0.7269321196156403,0.2730678803843597,0.2730678803843597
9.57,97.7,84.7,69.3,1,1.115646097894491,-0.1156460978944911,0.1156460978944911
4.3,73.7,50.7,56.4,0,0.3688466213957097,-0.3688466213957097,0.3688466213957097
8.38,72.5,93.9,65.6,1,0.9025172095402206,0.09748279045977937,0.09748279045977937
7.43,83.5,80.1,78.2,1,0.9587187416941888,0.0412812583058112,0.0412812583058112
8.65,56.9,56.5,55.5,1,0.784229105153765,0.21577089484623502,0.21577089484623502
5.6,57.9,35.0,34.2,0,0.23074233874267958,-0.23074233874267958,0.23074233874267958
7.93,83.4,84.9,88.1,1,1.1193713714146671,-0.11937137141466714,0.11937137141466714
7.63,80.8,75.7,68.4,1,0.8672868151236358,0.1327131848763642,0.1327131848763642
5.52,72.1,53.3,51.6,0,0.4422461708323643,-0.4422461708323643,0.4422461708323643
4.43,81.9,58.0,55.0,0,0.3846517167994533,-0.3846517167994533,0.3846517167994533
6.24,60.4,54.7,54.9,0,0.5310102332703254,-0.5310102332703254,0.5310102332703254
4.0,51.7,26.8,34.8,0,0.05554106317589291,-0.05554106317589291,0.05554106317589291
8.38,84.9,69.1,80.5,1,1.0843971474318237,-0.0843971474318237,0.0843971474318237
6.43,61.6,44.1,56.6,0,0.5699812140158121,-0.5699812140158121,0.5699812140158121
8.53,83.9,68.2,78.7,1,1.078501412910681,-0.07850141291068091,0.07850141291068091
6.07,39.7,28.2,34.3,0,0.24433181298833995,-0.24433181298833995,0.24433181298833995
7.55,74.2,41.7,46.5,1,0.6023522306936117,0.39764776930638834,0.39764776930638834
5.29,58.1,31.9,27.7,0,0.12745721313884828,-0.12745721313884828,0.12745721313884828
10.0,74.6,69.8,82.0,1,1.2508289869690077,-0.2508289869690077,0.2508289869690077
8.47,64.6,40.1,55.6,1,0.7787156994973593,0.2212843005026407,0.2212843005026407
7.87,79.2,86.5,71.6,1,0.9259530910447534,0.07404690895524657,0.07404690895524657
8.5,93.5,76.7,77.6,1,1.0837022373559662,-0.08370223735596616,0.08370223735596616
7.9,63.6,52.4,59.4,1,0.7602066411885798,0.23979335881142017,0.23979335881142017
9.9,80.4,72.6,80.0,1,1.2304696719771488,-0.23046967197714885,0.23046967197714885
8.33,79.1,74.2,80.5,1,1.0686269620166624,-0.06862696201666241,0.06862696201666241
4.45,58.4,26.8,31.5,0,0.08015641468304346,-0.08015641468304346,0.08015641468304346
7.05,73.6,53.4,38.9,0,0.46811230653975444,-0.46811230653975444,0.46811230653975444
4.14,53.8,27.3,26.3,0,-0.017823113836501037,0.017823113836501037,0.017823113836501037
6.15,69.5,56.5,56.1,1,0.5527518707415743,0.4472481292584257,0.4472481292584257
6.22,58.9,62.8,56.4,1,0.543631571569856,0.456368428430144,0.456368428430144
8.15,94.7,74.4,90.3,1,1.186767938708948,-0.18676793870894803,0.18676793870894803
5.16,37.6,31.2,29.1,0,0.08863229810101936,-0.08863229810101936,0.08863229810101936
9.85,64.2,54.2,61.7,1,0.991589480822007,0.008410519177992959,0.008410519177992959
9.2,84.1,88.1,71.9,1,1.078872909639688,-0.07887290963968807,0.07887290963968807
7.72,74.5,72.0,79.6,1,0.9853446974564571,0.014655302543542859,0.014655302543542859
6.57,65.5,75.4,57.3,1,0.6052912365517159,0.3947087634482841,0.3947087634482841
7.0,70.1,48.8,43.4,1,0.5040585449714202,0.4959414550285798,0.4959414550285798
9.06,90.9,70.8,75.1,1,1.109299524302506,-0.10929952430250589,0.10929952430250589
7.71,78.8,63.1,59.8,1,0.7762472842711224,0.22375271572887756,0.22375271572887756
5.62,43.2,29.0,37.9,0,0.2431336904128064,-0.2431336904128064,0.2431336904128064
6.95,73.8,42.6,50.9,0,0.5864371187349618,-0.5864371187349618,0.5864371187349618
8.81,80.7,54.6,49.0,1,0.7768704577777575,0.22312954222224246,0.22312954222224246
5.67,62.2,59.8,47.9,0,0.3995133278464552,-0.3995133278464552,0.3995133278464552
7.79,43.2,20.3,34.9,0,0.4371245590194267,-0.4371245590194267,0.4371245590194267
8.23,71.1,46.4,57.6,0,0.7890432346701416,-0.7890432346701416,0.7890432346701416
6.28,49.3,23.6,36.5,0,0.30834704140676716,-0.30834704140676716,0.30834704140676716
4.86,54.2,33.6,27.1,0,0.06838806553501375,-0.06838806553501375,0.06838806553501375
8.62,53.4,64.7,74.2,1,0.9786311934943305,0.021368806505669524,0.021368806505669524
4.31,43.2,27.2,26.9,0,-0.014269405848994388,0.014269405848994388,0.014269405848994388
10.0,80.1,77.2,90.0,1,1.349745016558852,-0.34974501655885204,0.34974501655885204
7.18,76.0,71.2,50.7,0,0.6176359528466252,-0.6176359528466252,0.6176359528466252
9.82,77.6,71.8,76.4,1,1.1773439482935255,-0.1773439482935255,0.1773439482935255
9.65,72.9,84.2,87.3,1,1.2707095891302056,-0.2707095891302056,0.2707095891302056
7.18,69.7,49.3,52.5,0,0.6210738426164643,-0.6210738426164643,0.6210738426164643
7.51,47.2,36.5,33.5,0,0.4031162816695396,-0.4031162816695396,0.4031162816695396
9.85,85.8,80.0,87.0,1,1.313077839488773,-0.313077839488773,0.313077839488773
5.73,78.7,51.0,52.1,0,0.48230766081259724,-0.48230766081259724,0.48230766081259724
5.36,67.4,58.0,47.5,1,0.3724933758050365,0.6275066241949635,0.6275066241949635
6.36,54.0,27.6,25.5,0,0.20723620236471707,-0.20723620236471707,0.20723620236471707
7.11,71.8,67.1,48.1,0,0.5731066755622708,-0.5731066755622708,0.5731066755622708
6.2,56.1,52.1,53.3,0,0.500550361298478,-0.500550361298478,0.500550361298478
9.68,83.6,73.2,74.7,1,1.156191826146277,-0.1561918261462769,0.1561918261462769
5.78,77.9,81.0,81.0,1,0.8048791585703611,0.19512084142963892,0.19512084142963892
9.13,78.3,89.8,89.6,1,1.252590001638335,-0.2525900016383349,0.2525900016383349
4.63,44.9,30.4,37.5,0,0.13832736976145377,-0.13832736976145377,0.13832736976145377
5.17,45.9,28.6,29.7,0,0.11204744354341101,-0.11204744354341101,0.11204744354341101
7.05,49.0,26.5,38.0,0,0.40545828799495764,-0.40545828799495764,0.40545828799495764
6.67,69.1,61.9,52.7,0,0.5706213731231805,-0.5706213731231805,0.5706213731231805
8.1,65.3,71.2,74.8,1,0.9549683912811499,0.04503160871885015,0.04503160871885015
9.93,77.3,68.0,68.6,1,1.1029817390300072,-0.10298173903000718,0.10298173903000718
8.87,92.4,70.7,75.8,1,1.0998598095445944,-0.09985980954459439,0.09985980954459439
6.65,63.2,48.1,56.9,1,0.6001818081716573,0.39981819182834266,0.39981819182834266
7.1,58.4,83.1,61.5,1,0.6939647523983344,0.30603524760166556,0.30603524760166556
6.08,66.3,60.0,54.8,0,0.5255967598737196,-0.5255967598737196,0.5255967598737196
6.11,47.8,24.8,31.5,0,0.23345666012594923,-0.23345666012594923,0.23345666012594923
7.37,64.3,57.3,27.7,1,0.3625513649728459,0.6374486350271541,0.6374486350271541
9.91,70.7,65.5,63.3,1,1.0299546345609945,-0.029954634560994453,0.029954634560994453
9.63,92.2,80.5,68.9,1,1.1060949547244556,-0.10609495472445563,0.10609495472445563
9.79,99.6,95.6,26.1,0,0.6753326254113411,-0.6753326254113411,0.6753326254113411
7.89,66.6,63.0,74.2,1,0.9275378519042615,0.07246214809573848,0.07246214809573848
6.6,100.0,90.2,85.6,1,0.985950199894175,0.014049800105825017,0.014049800105825017
8.86,87.3,71.0,52.5,1,0.8358796724440295,0.1641203275559705,0.1641203275559705
9.11,70.6,75.6,73.4,1,1.0570653402452486,-0.057065340245248564,0.057065340245248564
8.2,61.3,47.1,59.2,1,0.7841428447952831,0.21585715520471693,0.21585715520471693
7.35,57.0,54.7,50.9,0,0.5975581688590818,-0.5975581688590818,0.5975581688590818
6.66,50.6,31.5,35.0,0,0.33589609505212314,-0.33589609505212314,0.33589609505212314
9.02,77.4,78.0,84.8,1,1.1851358714328297,-0.18513587143282972,0.18513587143282972
8.82,80.5,57.3,71.1,1,1.0179296965936753,-0.01792969659367527,0.01792969659367527
7.88,64.9,47.7,49.3,0,0.6501988751865034,-0.6501988751865034,0.6501988751865034
8.18,80.5,69.3,68.4,1,0.9234055535345823,0.07659444646541769,0.07659444646541769
7.67,91.1,72.4,70.9,1,0.9182897628396615,0.08171023716033854,0.08171023716033854
6.81,76.4,64.4,58.6,1,0.6641477312260654,0.3358522687739346,0.3358522687739346
9.86,80.2,82.9,60.4,1,1.0148334804042776,-0.014833480404277566,0.014833480404277566
9.91,70.1,73.7,83.6,1,1.250573661748768,-0.25057366174876794,0.25057366174876794
5.82,48.5,32.6,31.7,0,0.20785702986704868,-0.20785702986704868,0.20785702986704868
5.88,52.8,23.7,30.9,0,0.21239938637464484,-0.21239938637464484,0.21239938637464484
8.0,100.0,67.6,77.8,1,1.0445355697282661,-0.04453556972826611,0.04453556972826611
7.22,71.5,84.3,81.2,1,0.9463803346618361,0.05361966533816387,0.05361966533816387
9.05,78.7,46.3,54.6,1,0.8575489363253236,0.14245106367467641,0.14245106367467641
5.87,54.1,26.9,25.3,0,0.15364726152271413,-0.15364726152271413,0.15364726152271413
6.2,64.3,45.1,47.2,1,0.44922538067300544,0.5507746193269946,0.5507746193269946
4.05,31.7,7.3,28.8,0,-0.04693617964768726,0.04693617964768726,0.04693617964768726
10.0,76.5,80.3,64.5,1,1.066352802811843,-0.06635280281184297,0.06635280281184297
9.95,90.4,77.7,75.1,1,1.2030260881739472,-0.20302608817394718,0.20302608817394718
8.38,74.0,47.5,59.7,1,0.8334872709487816,0.1665127290512184,0.1665127290512184
5.04,49.3,26.9,25.2,0,0.05591349423210823,-0.05591349423210823,0.05591349423210823
7.27,73.7,71.1,45.8,1,0.5693625049521197,0.4306374950478803,0.4306374950478803
6.15,57.7,30.8,35.2,0,0.2982898391814902,-0.2982898391814902,0.2982898391814902
9.85,97.0,97.6,52.8,1,0.9667578068609309,0.033242193139069065,0.033242193139069065
7.83,62.5,41.2,44.8,0,0.590267084216506,-0.590267084216506,0.590267084216506
8.07,61.4,58.9,57.1,1,0.7498912982663964,0.25010870173360356,0.25010870173360356
8.42,89.9,76.3,74.6,1,1.0355885085197571,-0.035588508519757145,0.035588508519757145
8.36,70.2,48.1,51.4,1,0.7339147885627565,0.2660852114372435,0.2660852114372435
4.5,35.5,1.0,32.0,0,0.04148173928642607,-0.04148173928642607,0.04148173928642607
7.88,66.0,50.2,42.3,1,0.5767857501877819,0.4232142498122181,0.4232142498122181
5.48,70.6,64.3,43.3,0,0.3468617610085677,-0.3468617610085677,0.3468617610085677
9.9,66.3,69.9,75.0,1,1.1480441192062214,-0.1480441192062214,0.1480441192062214
8.69,68.5,72.4,66.5,1,0.9333452492505808,0.06665475074941918,0.06665475074941918
6.0,55.8,30.6,32.2,0,0.24619116575446565,-0.24619116575446565,0.24619116575446565
5.3,81.4,60.9,60.0,0,0.5298789820345647,-0.5298789820345647,0.5298789820345647
7.27,72.7,43.8,50.3,1,0.6115972671618227,0.3884027328381773,0.3884027328381773
9.95,96.7,96.4,62.1,1,1.0774434665391177,-0.07744346653911771,0.07744346653911771
5.35,47.3,34.3,33.6,0,0.17702718012569474,-0.17702718012569474,0.17702718012569474
10.0,85.8,91.7,76.4,1,1.2157535930757741,-0.21575359307577413,0.21575359307577413
6.7,88.1,85.8,62.6,1,0.7226360124479018,0.27736398755209823,0.27736398755209823
9.84,73.2,74.6,66.2,1,1.0605443175884708,-0.060544317588470786,0.060544317588470786
6.57,56.7,52.6,52.2,1,0.5287543403345542,0.47124565966544585,0.47124565966544585
7.83,100.0,77.0,68.3,1,0.925132563228047,0.07486743677195296,0.07486743677195296
7.44,59.9,48.0,39.6,1,0.48888159872823034,0.5111184012717697,0.5111184012717697
9.8,59.3,50.1,57.5,1,0.9304166105922232,0.06958338940777675,0.06958338940777675
5.94,76.7,48.9,59.9,0,0.5847769001671993,-0.5847769001671993,0.5847769001671993
6.71,49.5,24.3,26.8,0,0.24873495300864168,-0.24873495300864168,0.24873495300864168
9.6,76.2,68.2,82.4,1,1.2160034756740359,-0.21600347567403588,0.21600347567403588
5.88,53.8,30.4,34.0,0,0.24916260848109661,-0.24916260848109661,0.24916260848109661
5.36,55.9,24.9,23.7,0,0.08587209949251151,-0.08587209949251151,0.08587209949251151
7.16,82.9,66.4,53.2,1,0.6554029560244033,0.34459704397559665,0.34459704397559665
8.27,66.0,49.9,51.1,1,0.7132616853276285,0.28673831467237154,0.28673831467237154
5.29,74.4,46.2,49.5,0,0.3985790988702901,-0.3985790988702901,0.3985790988702901
9.45,86.0,73.8,85.8,1,1.257347765263563,-0.25734776526356296,0.25734776526356296
6.96,71.4,43.5,44.2,1,0.5101881227553485,0.4898118772446515,0.4898118772446515
9.2,65.7,56.4,57.6,1,0.8820868791381861,0.11791312086181394,0.11791312086181394
7.92,83.1,76.5,83.9,1,1.0706985826193778,-0.07069858261937778,0.07069858261937778
8.02,80.0,61.3,42.9,1,0.6273902359592997,0.37260976404070034,0.37260976404070034
5.89,42.2,31.0,24.5,0,0.12440225043221698,-0.12440225043221698,0.12440225043221698
9.2,63.2,54.4,52.3,1,0.8192956143649265,0.18070438563507352,0.18070438563507352
8.07,67.8,52.0,65.2,1,0.8492195256868612,0.1507804743131388,0.1507804743131388
8.95,90.1,71.5,84.8,1,1.2016016537479506,-0.20160165374795058,0.20160165374795058
7.98,85.1,81.2,76.9,1,1.005733111394313,-0.005733111394313095,0.005733111394313095
6.31,49.3,27.6,27.7,0,0.21664056037065038,-0.21664056037065038,0.21664056037065038
8.37,74.4,77.4,45.4,1,0.6830686126465105,0.31693138735348947,0.31693138735348947
7.59,55.1,77.9,64.9,1,0.7750074167769397,0.22499258322306026,0.22499258322306026
4.99,63.3,46.1,53.3,0,0.386501150445517,-0.386501150445517,0.386501150445517
4.08,52.8,30.2,29.4,0,0.008060006645408069,-0.008060006645408069,0.008060006645408069
7.38,46.8,26.1,31.6,0,0.36626616383707955,-0.36626616383707955,0.36626616383707955
4.87,58.5,26.4,32.5,0,0.13527953675743876,-0.13527953675743876,0.13527953675743876
7.81,54.4,64.7,54.0,1,0.67615905515586,0.32384094484414006,0.32384094484414006
7.17,68.0,48.8,47.6,1,0.5634009342979321,0.43659906570206786,0.43659906570206786
6.2,49.9,52.5,59.3,1,0.5535895471864448,0.4464104528135552,0.4464104528135552
4.9,45.4,24.0,24.8,0,0.028707034205326054,-0.028707034205326054,0.028707034205326054
6.58,52.6,26.1,35.1,0,0.33157923708737946,-0.33157923708737946,0.33157923708737946
5.65,55.1,29.0,29.7,0,0.1806196928345304,-0.1806196928345304,0.1806196928345304
5.92,47.4,29.3,26.1,0,0.1548442105408797,-0.1548442105408797,0.1548442105408797
6.28,49.7,28.1,22.4,0,0.156816187355998,-0.156816187355998,0.156816187355998
7.42,68.7,56.7,66.9,1,0.80193642034863,0.19806357965137,0.19806357965137
9.81,98.6,99.2,53.9,1,0.9779109048506583,0.022089095149341653,0.022089095149341653
7.83,62.3,55.5,51.1,1,0.6607139993671388,0.3392860006328612,0.3392860006328612
4.0,54.5,28.0,28.6,0,-0.00607102155503203,0.00607102155503203,0.00607102155503203
6.37,67.1,59.3,52.6,0,0.5336386064045927,-0.5336386064045927,0.5336386064045927
6.86,77.3,56.6,58.0,1,0.6633237670335858,0.33667623296641425,0.33667623296641425
7.82,67.4,60.7,52.3,1,0.683590700827636,0.31640929917236404,0.31640929917236404
9.85,82.0,85.9,66.4,1,1.0829702360703992,-0.08297023607039922,0.08297023607039922
9.32,57.0,68.3,81.5,1,1.1391323672756126,-0.13913236727561262,0.13913236727561262
4.48,54.0,27.7,36.6,0,0.13019589992630765,-0.13019589992630765,0.13019589992630765
6.98,84.8,94.9,65.7,1,0.7807928380985668,0.2192071619014332,0.2192071619014332
6.17,57.8,58.8,59.6,0,0.5702775064552591,-0.5702775064552591,0.5702775064552591
8.05,61.1,65.5,58.9,1,0.7678694864663355,0.23213051353366454,0.23213051353366454
9.83,96.3,96.8,68.1,1,1.1292577510272053,-0.12925775102720527,0.12925775102720527
4.03,50.5,23.3,25.0,0,-0.0506580321852651,0.0506580321852651,0.0506580321852651
7.1,53.4,34.1,39.1,0,0.4325901137238163,-0.4325901137238163,0.4325901137238163
7.68,44.9,26.6,32.9,0,0.40826290967743495,-0.40826290967743495,0.40826290967743495
8.15,77.5,59.5,50.0,1,0.7129219578117497,0.2870780421882503,0.2870780421882503
9.92,73.4,52.4,55.6,1,0.950471319291856,0.04952868070814398,0.04952868070814398
5.36,52.9,28.0,26.5,0,0.11091148232275982,-0.11091148232275982,0.11091148232275982
4.93,46.7,34.1,34.2,0,0.13819135505824798,-0.13819135505824798,0.13819135505824798
7.49,74.5,53.8,48.9,1,0.6247574417703533,0.3752425582296467,0.3752425582296467
8.99,79.4,70.7,65.9,1,0.9794658803901887,0.02053411960981133,0.02053411960981133
6.34,66.1,63.5,49.7,1,0.4977541543404117,0.5022458456595883,0.5022458456595883
5.87,67.4,54.0,55.8,0,0.5155202665639372,-0.5155202665639372,0.5155202665639372
9.76,71.3,65.5,61.5,1,0.9958262638007188,0.004173736199281186,0.004173736199281186
8.79,66.3,53.3,45.4,1,0.7071929049726734,0.2928070950273266,0.2928070950273266
6.84,61.8,63.5,62.7,1,0.6829994219158714,0.3170005780841286,0.3170005780841286
6.75,71.1,51.4,45.6,1,0.5040781338081902,0.4959218661918098,0.4959218661918098
9.19,87.5,78.6,79.9,1,1.1697315444601482,-0.16973154446014815,0.16973154446014815
4.65,48.4,34.3,23.3,0,-0.0062041599459502494,0.0062041599459502494,0.0062041599459502494
9.57,68.8,48.7,43.8,1,0.775915088921307,0.224084911078693,0.224084911078693
5.71,71.2,63.0,38.4,0,0.318789201478198,-0.318789201478198,0.318789201478198
9.37,67.6,82.5,76.7,1,1.1155052583220173,-0.1155052583220173,0.1155052583220173
9.34,76.3,61.9,45.6,1,0.7882627077635155,0.21173729223648452,0.21173729223648452
5.08,72.6,47.2,47.5,0,0.3514331019554323,-0.3514331019554323,0.3514331019554323
6.13,47.0,24.7,27.3,0,0.1883714337892638,-0.1883714337892638,0.1883714337892638
7.56,71.8,72.1,75.7,1,0.9209045141515327,0.07909548584846726,0.07909548584846726
6.95,65.8,55.4,63.4,1,0.7086294323417449,0.2913705676582551,0.2913705676582551
8.1,66.5,83.2,79.8,1,1.0136570200555735,-0.013657020055573454,0.013657020055573454
4.77,45.8,28.8,31.5,0,0.08939166647336372,-0.08939166647336372,0.08939166647336372
7.48,77.0,71.5,91.3,1,1.09197253913895,-0.0919725391389501,0.0919725391389501
7.57,82.4,68.9,79.2,1,0.9802177610298021,0.01978223897019793,0.01978223897019793
9.82,99.4,97.3,58.6,0,1.0312360605846713,-1.0312360605846713,1.0312360605846713
4.11,44.0,29.8,24.4,0,-0.06041591283819203,0.06041591283819203,0.06041591283819203
9.4,81.4,77.2,49.8,1,0.8527903819142192,0.1472096180857808,0.1472096180857808
8.63,76.2,89.6,90.7,1,1.2078307928865413,-0.20783079288654127,0.20783079288654127
6.17,39.2,24.2,23.9,0,0.14026368957791235,-0.14026368957791235,0.14026368957791235
6.29,72.1,60.6,55.4,1,0.5656683580618874,0.4343316419381126,0.4343316419381126
4.01,43.3,35.1,30.2,0,-0.008423966180265974,0.008423966180265974,0.008423966180265974
7.95,84.2,78.2,83.4,1,1.0708723020226212,-0.07087230202262118,0.07087230202262118
9.9,74.3,94.7,74.9,1,1.1668953193532778,-0.16689531935327784,0.16689531935327784
6.18,63.3,43.1,56.3,0,0.5436180758493218,-0.5436180758493218,0.5436180758493218
8.39,88.1,75.0,82.0,1,1.109022335733751,-0.10902233573375097,0.10902233573375097
4.64,59.3,43.5,51.3,0,0.31970931466960206,-0.31970931466960206,0.31970931466960206
7.76,86.4,79.3,68.3,1,0.8914705798847739,0.10852942011522615,0.10852942011522615
6.67,70.5,48.3,52.3,1,0.5667060637156608,0.4332939362843392,0.4332939362843392
9.82,99.2,99.9,55.7,1,0.9998017652037531,0.00019823479624692109,0.00019823479624692109
9.18,74.0,82.5,73.2,1,1.0701022954134647,-0.07010229541346469,0.07010229541346469
6.28,69.1,65.6,55.8,0,0.5639242155898866,-0.5639242155898866,0.5639242155898866
4.02,43.2,36.1,30.8,0,-0.0008845066936636892,0.0008845066936636892,0.0008845066936636892
9.95,99.1,96.8,46.0,1,0.9074250995683796,0.09257490043162042,0.09257490043162042
7.32,68.0,51.2,45.4,0,0.5556886335345937,-0.5556886335345937,0.5556886335345937
5.23,51.7,25.3,25.4,0,0.08249050775140188,-0.08249050775140188,0.08249050775140188
6.96,71.3,86.4,97.4,1,1.0949062901423288,-0.09490629014232876,0.09490629014232876
10.0,100.0,91.2,80.6,1,1.2891437581274157,-0.28914375812741566,0.28914375812741566
9.91,99.3,99.8,55.5,1,1.0072677590369934,-0.007267759036993393,0.007267759036993393
8.07,74.1,77.6,71.1,1,0.9300121138497272,0.06998788615027285,0.06998788615027285
8.65,73.1,71.7,61.7,1,0.8859387144451595,0.11406128555484052,0.11406128555484052
7.54,64.5,50.3,37.5,1,0.4860136575259003,0.5139863424740997,0.5139863424740997
6.78,69.9,78.3,71.7,1,0.7928339027498809,0.20716609725011914,0.20716609725011914
4.0,45.8,34.0,32.9,0,0.024559119532858942,-0.024559119532858942,0.024559119532858942
7.57,88.5,87.0,63.0,1,0.8193976577337264,0.18060234226627359,0.18060234226627359
5.07,47.4,25.6,35.2,0,0.16368470586488482,-0.16368470586488482,0.16368470586488482
8.37,84.3,90.3,78.9,1,1.068414923307512,-0.06841492330751198,0.06841492330751198
5.84,73.3,55.7,35.2,0,0.3005852691015837,-0.3005852691015837,0.3005852691015837
6.55,50.9,25.8,35.8,0,0.33263797302240483,-0.33263797302240483,0.33263797302240483
5.67,45.9,29.3,36.6,0,0.2396256511117426,-0.2396256511117426,0.2396256511117426
5.6,52.1,32.6,31.7,0,0.19180425284426705,-0.19180425284426705,0.19180425284426705
5.89,47.6,22.1,31.8,0,0.21274046186348727,-0.21274046186348727,0.21274046186348727
9.13,79.3,68.3,85.9,1,1.210713144756165,-0.21071314475616498,0.21071314475616498
4.93,47.0,32.4,21.6,0,0.0016916959049763092,-0.0016916959049763092,0.0016916959049763092
7.36,82.4,100.0,76.6,1,0.9352276879671076,0.06477231203289235,0.06477231203289235
7.42,56.0,57.7,47.0,1,0.561120973886026,0.438879026113974,0.438879026113974
6.29,64.0,58.1,48.7,0,0.4765985865424388,-0.4765985865424388,0.4765985865424388
9.09,93.7,76.9,75.1,1,1.118989881361324,-0.11898988136132393,0.11898988136132393
5.96,60.1,55.4,49.4,0,0.44140176832923006,-0.44140176832923006,0.44140176832923006
7.36,71.5,68.5,40.4,1,0.5154302309927835,0.4845697690072165,0.4845697690072165
9.94,97.3,96.3,79.8,1,1.2697226533616623,-0.26972265336166235,0.26972265336166235
7.73,62.6,53.9,60.6,0,0.7536625436851928,-0.7536625436851928,0.7536625436851928
7.91,71.6,51.0,54.6,1,0.7246097153064134,0.2753902846935866,0.2753902846935866
6.62,72.8,52.2,46.0,0,0.49823295247451693,-0.49823295247451693,0.49823295247451693
9.9,74.5,75.5,81.5,1,1.235667810582005,-0.23566781058200492,0.23566781058200492
4.68,54.3,56.4,59.4,0,0.4042407126950275,-0.4042407126950275,0.4042407126950275
8.39,91.3,75.5,63.8,1,0.9177917650447186,0.0822082349552814,0.0822082349552814
6.36,64.4,41.4,56.6,0,0.5676607929493122,-0.5676607929493122,0.5676607929493122
8.19,65.2,76.8,70.1,1,0.9141578682204289,0.08584213177957112,0.08584213177957112
9.74,96.1,96.9,73.2,1,1.1747948577680165,-0.1747948577680165,0.1747948577680165
8.05,44.1,31.5,33.8,0,0.4561834555469454,-0.4561834555469454,0.4561834555469454
7.87,81.2,70.5,41.7,1,0.6025239162990165,0.39747608370098353,0.39747608370098353
5.93,47.3,30.6,29.0,0,0.18740601680320357,-0.18740601680320357,0.18740601680320357
8.56,81.6,85.3,66.4,1,0.9465157400496268,0.0534842599503732,0.0534842599503732
8.45,75.6,73.3,72.7,1,0.9895286288187922,0.010471371181207778,0.010471371181207778
9.58,63.0,50.2,47.4,1,0.8049212808207687,0.19507871917923125,0.19507871917923125
5.34,55.2,28.5,29.6,0,0.14706689121171257,-0.14706689121171257,0.14706689121171257
6.83,68.8,60.5,67.6,1,0.7483776646685828,0.2516223353314172,0.2516223353314172
7.38,73.2,53.0,52.5,1,0.6495942098710189,0.3504057901289811,0.3504057901289811
9.73,84.5,60.0,73.8,1,1.1511892460027018,-0.15118924600270178,0.15118924600270178
4.44,48.4,29.9,26.0,0,0.000289916716693428,-0.000289916716693428,0.000289916716693428
6.56,73.1,44.9,59.1,1,0.6334976975330117,0.36650230246698834,0.36650230246698834
6.55,81.5,73.7,54.3,1,0.6017378245485082,0.3982621754514918,0.3982621754514918
6.4,56.5,33.0,27.2,0,0.23572601929553072,-0.23572601929553072,0.23572601929553072
5.39,40.7,34.2,26.8,0,0.09442953716681335,-0.09442953716681335,0.09442953716681335
9.85,87.3,71.2,65.1,1,1.0767519747792056,-0.07675197477920559,0.07675197477920559
5.26,62.6,47.5,60.2,0,0.4886538074071708,-0.4886538074071708,0.4886538074071708
9.21,83.1,74.2,69.1,1,1.0451890213141595,-0.04518902131415947,0.04518902131415947
7.75,61.6,42.0,53.2,1,0.6714285573633526,0.3285714426366474,0.3285714426366474
6.74,59.4,22.6,30.7,0,0.31337462677841155,-0.31337462677841155,0.31337462677841155
6.03,45.6,24.0,33.9,0,0.24665093058490462,-0.24665093058490462,0.24665093058490462
7.25,66.9,53.6,56.7,1,0.6692667980724755,0.33073320192752453,0.33073320192752453
8.04,94.5,80.0,62.3,1,0.8717743619719577,0.12822563802804232,0.12822563802804232
6.83,48.1,31.4,22.4,0,0.21203820157221498,-0.21203820157221498,0.21203820157221498
5.99,67.6,52.3,52.5,0,0.4924054784505073,-0.4924054784505073,0.4924054784505073
8.65,55.0,51.5,46.2,1,0.6786756596650071,0.3213243403349929,0.3213243403349929
7.45,62.8,58.2,57.8,1,0.694963928170219,0.305036071829781,0.305036071829781
7.65,61.0,45.3,48.6,1,0.6103624798276625,0.38963752017233755,0.38963752017233755
5.51,59.7,28.4,30.4,0,0.18243478749076358,-0.18243478749076358,0.18243478749076358
7.71,68.1,49.8,58.7,1,0.7410297650536136,0.2589702349463864,0.2589702349463864
7.37,60.5,51.4,61.7,1,0.723223523496742,0.276776476503258,0.276776476503258
4.06,31.9,2.4,58.5,1,0.2761247308444953,0.7238752691555047,0.7238752691555047
6.54,71.1,50.3,45.0,0,0.4753071806256651,-0.4753071806256651,0.4753071806256651
5.9,71.9,65.7,55.1,1,0.5219036140619052,0.4780963859380948,0.4780963859380948
8.45,95.3,61.2,70.2,1,0.9989942451023123,0.0010057548976877273,0.0010057548976877273
8.27,76.3,75.6,77.5,1,1.0244926934106782,-0.024492693410678168,0.024492693410678168
7.16,71.5,50.1,51.5,1,0.6117851049526722,0.38821489504732776,0.38821489504732776
7.74,58.2,30.9,47.8,0,0.6031809823170821,-0.6031809823170821,0.6031809823170821
8.65,72.1,89.0,82.0,1,1.1073254159655348,-0.1073254159655348,0.1073254159655348
7.04,82.6,90.7,70.6,1,0.8352621386122397,0.16473786138776025,0.16473786138776025
8.76,51.7,50.6,58.9,1,0.8214880020551115,0.17851199794488848,0.17851199794488848
5.99,72.0,46.9,54.7,1,0.5240070511874794,0.47599294881252063,0.47599294881252063
7.44,43.9,28.7,35.8,0,0.4129217987768793,-0.4129217987768793,0.4129217987768793
5.85,79.3,62.9,42.8,0,0.39715681478526854,-0.39715681478526854,0.39715681478526854
5.79,47.0,34.9,37.6,0,0.26620859222542415,-0.26620859222542415,0.26620859222542415
8.29,69.0,52.3,51.8,1,0.7292622674202095,0.2707377325797905,0.2707377325797905
6.3,69.3,46.4,50.2,0,0.5023428438324856,-0.5023428438324856,0.5023428438324856
8.36,67.5,46.1,52.3,1,0.7380444438270694,0.26195555617293065,0.26195555617293065
4.47,43.8,26.4,29.5,0,0.03181468691651035,-0.03181468691651035,0.03181468691651035
7.76,75.1,75.8,55.0,1,0.7242918953677472,0.2757081046322528,0.2757081046322528
4.82,33.7,23.5,31.4,0,0.06890256074096601,-0.06890256074096601,0.06890256074096601
9.97,96.9,97.0,65.3,1,1.1147827600888132,-0.11478276008881316,0.11478276008881316
5.93,49.4,26.6,29.5,0,0.1962744350214206,-0.1962744350214206,0.1962744350214206
7.32,68.1,58.8,40.6,1,0.5050681740762647,0.4949318259237353,0.4949318259237353
6.84,74.2,56.3,44.8,1,0.5117724581665556,0.4882275418334444,0.4882275418334444
7.42,67.1,53.9,52.0,1,0.6365480078378828,0.3634519921621172,0.3634519921621172
7.67,66.2,59.5,49.9,1,0.6392097598534382,0.3607902401465618,0.3607902401465618
6.04,68.5,50.8,49.5,0,0.46659975424153866,-0.46659975424153866,0.46659975424153866
7.54,68.1,59.0,50.7,1,0.6378781623793793,0.36212183762062067,0.36212183762062067
6.19,96.9,62.9,82.9,1,0.902804749815341,0.09719525018465902,0.09719525018465902
4.61,45.8,26.4,22.4,0,-0.02663129330446712,0.02663129330446712,0.02663129330446712
4.35,33.4,6.7,51.9,1,0.2386230962767738,0.7613769037232262,0.7613769037232262
6.33,69.0,51.3,50.2,0,0.5057428164526897,-0.5057428164526897,0.5057428164526897
6.21,62.9,61.0,54.4,0,0.5284118438893329,-0.5284118438893329,0.5284118438893329
6.29,47.3,27.4,27.0,0,0.2029785062127708,-0.2029785062127708,0.2029785062127708
9.89,79.4,73.8,84.6,1,1.2776027512306425,-0.2776027512306425,0.2776027512306425
6.8,80.1,69.8,76.3,1,0.8634510968437251,0.13654890315627488,0.13654890315627488
8.75,63.0,68.9,76.1,1,1.0324837862828202,-0.032483786282820226,0.032483786282820226
6.45,51.2,28.7,27.6,0,0.23418514287358472,-0.23418514287358472,0.23418514287358472
6.99,71.6,78.7,80.7,1,0.9160216573437553,0.08397834265624471,0.08397834265624471
7.54,59.3,57.1,56.7,1,0.6854207981253152,0.3145792018746848,0.3145792018746848
9.98,66.0,87.2,71.2,1,1.1175579940752045,-0.11755799407520451,0.11755799407520451
6.91,89.9,69.9,65.6,1,0.7780963491232628,0.22190365087673725,0.22190365087673725
8.0,76.4,54.6,45.7,1,0.6474775794093183,0.35252242059068173,0.35252242059068173
7.93,82.5,47.4,55.8,1,0.7605233858473311,0.23947661415266885,0.23947661415266885
6.57,50.6,51.9,57.6,0,0.5752879076951091,-0.5752879076951091,0.5752879076951091
6.76,86.6,74.0,86.0,1,0.9780374597016827,0.021962540298317346,0.021962540298317346
6.52,83.4,54.4,58.4,1,0.643535243681456,0.356464756318544,0.356464756318544
6.31,61.7,55.6,50.4,0,0.4922155861001628,-0.4922155861001628,0.4922155861001628
4.28,36.0,5.2,85.5,1,0.6009107924095286,0.3990892075904714,0.3990892075904714
8.35,87.0,72.4,65.2,1,0.9198176357398059,0.0801823642601941,0.0801823642601941
7.75,60.7,62.3,62.6,1,0.7751819726765047,0.22481802732349532,0.22481802732349532
8.06,68.9,43.3,47.9,1,0.661016884353765,0.33898311564623496,0.33898311564623496
7.61,75.4,58.2,38.2,1,0.5237158198016033,0.4762841801983967,0.4762841801983967
7.41,68.3,52.6,48.2,1,0.5963742893882534,0.40362571061174657,0.40362571061174657
7.16,69.0,49.1,42.9,1,0.5133363156784417,0.48666368432155827,0.48666368432155827
7.33,67.7,78.8,79.3,1,0.9289136096601035,0.0710863903398965,0.0710863903398965
7.67,53.9,55.0,54.3,1,0.6620666260155726,0.33793337398442735,0.33793337398442735
7.81,64.5,55.7,62.0,1,0.7813066792140774,0.21869332078592263,0.21869332078592263
9.65,75.0,82.5,73.7,1,1.1268864843213127,-0.12688648432131266,0.12688648432131266
7.39,65.3,57.2,62.3,1,0.7422521897025206,0.2577478102974794,0.2577478102974794
8.43,72.4,84.2,63.7,1,0.88529178307823,0.11470821692177002,0.11470821692177002
8.18,70.0,60.3,49.9,0,0.7004022562921276,-0.7004022562921276,0.7004022562921276
5.5,60.9,63.6,43.5,0,0.3319734693477535,-0.3319734693477535,0.3319734693477535
9.92,71.5,73.4,73.9,1,1.1490085917595758,-0.14900859175957581,0.14900859175957581
4.69,43.0,20.9,28.3,0,0.03939713786454424,-0.03939713786454424,0.03939713786454424
8.23,61.2,59.8,52.2,1,0.7132673481860744,0.2867326518139256,0.2867326518139256
9.01,83.9,88.9,73.0,1,1.0705923217106839,-0.07059232171068386,0.07059232171068386
7.18,54.5,52.4,57.6,0,0.6471345784473345,-0.6471345784473345,0.6471345784473345
6.93,74.8,82.5,66.5,1,0.762476885618338,0.23752311438166196,0.23752311438166196
7.09,72.7,54.3,47.5,1,0.5640731205084731,0.43592687949152686,0.43592687949152686
7.96,50.8,53.2,52.8,1,0.6698645902532115,0.33013540974678846,0.33013540974678846
8.17,82.8,95.1,86.3,1,1.125613243035994,-0.12561324303599397,0.12561324303599397
6.55,74.7,52.9,58.1,1,0.62609592508317,0.37390407491683,0.37390407491683
4.03,33.2,8.9,86.1,1,0.5762870866296083,0.42371291337039174,0.42371291337039174
7.25,46.2,27.6,25.8,1,0.2887117717012432,0.7112882282987568,0.7112882282987568
9.99,98.2,81.4,68.1,1,1.1471741251409013,-0.14717412514090134,0.14717412514090134
7.35,71.5,66.7,45.3,1,0.5672715657183757,0.43272843428162433,0.43272843428162433
7.95,60.4,49.5,45.5,1,0.60777175872233,0.39222824127767,0.39222824127767
9.87,96.1,78.5,57.9,1,1.01920423307676,-0.01920423307675989,0.01920423307675989
9.85,63.3,64.3,70.0,1,1.081659542877826,-0.08165954287782595,0.08165954287782595
4.65,52.5,29.3,30.4,0,0.07807615365242626,-0.07807615365242626,0.07807615365242626
5.65,68.1,50.5,55.8,0,0.4931772300995255,-0.4931772300995255,0.4931772300995255
7.16,72.6,53.1,52.4,1,0.6242277828716792,0.37577221712832076,0.37577221712832076
6.7,46.5,37.5,31.5,1,0.2950753361915258,0.7049246638084742,0.7049246638084742
7.09,65.0,53.6,54.7,1,0.627008371201999,0.37299162879800096,0.37299162879800096
5.76,46.9,32.4,28.0,0,0.1582055236457346,-0.1582055236457346,0.1582055236457346
9.19,87.3,81.0,84.6,1,1.2207764903425034,-0.22077649034250335,0.22077649034250335
8.32,69.1,68.8,54.1,1,0.7603981694306522,0.2396018305693478,0.2396018305693478
6.56,53.5,52.0,43.0,1,0.4214345227530628,0.5785654772469372,0.5785654772469372
6.31,63.1,51.9,46.1,0,0.4476473223413563,-0.4476473223413563,0.4476473223413563
5.65,42.5,25.9,28.4,0,0.141241510882966,-0.141241510882966,0.141241510882966
6.15,74.6,57.3,49.6,0,0.49232954531834683,-0.49232954531834683,0.49232954531834683
8.07,84.2,84.7,80.2,1,1.0498499252823366,-0.04984992528233656,0.04984992528233656
6.2,36.7,26.6,21.1,0,0.1085185583056204,-0.1085185583056204,0.1085185583056204
9.97,99.6,98.4,45.3,1,0.9031815845778622,0.09681841542213776,0.09681841542213776
4.44,47.6,30.0,29.4,0,0.035650379694971535,-0.035650379694971535,0.035650379694971535
7.47,56.1,62.3,47.5,1,0.5727853140104996,0.4272146859895004,0.4272146859895004
4.38,34.4,4.0,65.9,1,0.39527647320728276,0.6047235267927172,0.6047235267927172
4.68,54.1,24.8,29.0,0,0.06840207283784017,-0.06840207283784017,0.06840207283784017
7.92,66.5,69.4,60.0,1,0.7774166990167922,0.22258330098320778,0.22258330098320778
6.85,67.2,54.2,63.0,1,0.6963211216363053,0.30367887836369467,0.30367887836369467
9.4,82.1,84.2,74.7,1,1.1256989606659222,-0.12569896066592223,0.12569896066592223
6.05,70.8,44.2,58.2,0,0.5654955931976252,-0.5654955931976252,0.5654955931976252
8.51,72.9,76.8,73.1,1,0.9954737826600214,0.0045262173399786,0.0045262173399786
5.69,74.1,63.2,55.6,0,0.5091552920533199,-0.5091552920533199,0.5091552920533199
4.52,77.3,63.0,59.8,0,0.43804657568249883,-0.43804657568249883,0.43804657568249883
6.25,83.8,73.6,68.5,1,0.7288784271797634,0.27112157282023663,0.27112157282023663
6.22,50.3,23.9,31.8,0,0.25302789306615303,-0.25302789306615303,0.25302789306615303
6.05,42.4,29.1,30.1,0,0.20208445664887342,-0.20208445664887342,0.20208445664887342
7.54,62.0,64.5,47.1,1,0.5877565560357702,0.41224344396422985,0.41224344396422985
4.89,59.0,30.1,31.2,0,0.12488017293423226,-0.12488017293423226,0.12488017293423226
4.52,42.0,30.3,30.3,0,0.04288679220347613,-0.04288679220347613,0.04288679220347613
9.86,96.9,98.9,86.8,1,1.33697301382812,-0.33697301382811995,0.33697301382811995
6.88,72.1,53.8,54.1,1,0.6123972604988591,0.3876027395011409,0.3876027395011409
7.91,47.2,21.3,26.0,1,0.36113097273295136,0.6388690272670486,0.6388690272670486
7.54,65.2,43.4,60.9,1,0.740264669561698,0.259735330438302,0.259735330438302
9.79,68.4,90.7,81.1,1,1.2103840144985578,-0.21038401449855781,0.21038401449855781
8.84,98.8,90.4,78.0,1,1.1365181722205193,-0.13651817222051932,0.13651817222051932
8.04,67.6,57.2,48.9,1,0.6695921001727548,0.33040789982724517,0.33040789982724517
8.2,71.0,64.4,57.1,1,0.7833373930520039,0.2166626069479961,0.2166626069479961
9.88,73.7,72.9,64.2,1,1.0437253406903375,-0.04372534069033751,0.04372534069033751
6.47,72.9,43.7,56.3,1,0.593042481475815,0.40695751852418505,0.40695751852418505
9.56,95.2,84.1,74.4,1,1.1649558712868076,-0.16495587128680755,0.16495587128680755
8.95,80.8,78.0,49.7,1,0.803372573092955,0.19662742690704504,0.19662742690704504
8.18,78.2,74.9,69.6,1,0.9328744937263319,0.06712550627366809,0.06712550627366809
4.47,41.5,27.4,25.4,0,-0.017043581616071557,0.017043581616071557,0.017043581616071557
6.38,83.0,59.9,35.1,0,0.3760072703682745,-0.3760072703682745,0.3760072703682745
7.33,74.6,72.7,56.5,1,0.69387790989409,0.30612209010590996,0.30612209010590996
9.11,67.5,56.1,46.3,1,0.7534267529631952,0.24657324703680483,0.24657324703680483
7.92,57.6,45.7,43.2,1,0.5735027444986974,0.4264972555013026,0.4264972555013026
9.49,82.3,76.7,72.6,1,1.1114701126246378,-0.1114701126246378,0.1114701126246378
4.31,43.7,33.9,33.5,0,0.059511845982950895,-0.059511845982950895,0.059511845982950895
6.78,84.4,77.0,69.2,1,0.7939344264447129,0.2060655735552871,0.2060655735552871
5.37,84.8,73.1,71.9,1,0.6751903540311374,0.32480964596886264,0.32480964596886264
5.65,68.5,56.4,64.2,0,0.5861682927800639,-0.5861682927800639,0.5861682927800639
8.6,85.3,88.8,68.3,1,0.9792084446876385,0.020791555312361543,0.020791555312361543
8.49,72.1,54.2,44.2,1,0.6741768544052195,0.32582314559478054,0.32582314559478054
8.83,78.4,78.1,71.7,1,1.0249218265893192,-0.024921826589319185,0.024921826589319185
10.0,70.5,67.5,70.2,1,1.1142749235687797,-0.11427492356877966,0.11427492356877966
7.73,98.4,70.9,74.3,1,0.9755837176605952,0.02441628233940485,0.02441628233940485
6.03,54.4,22.9,29.6,0,0.21705328359011722,-0.21705328359011722,0.21705328359011722
6.9,70.1,58.8,51.5,1,0.5831978665313576,0.41680213346864237,0.41680213346864237
5.78,70.2,53.7,57.1,1,0.5256217225397394,0.4743782774602606,0.4743782774602606
7.36,73.7,60.8,49.8,1,0.6204910551143602,0.3795089448856398,0.3795089448856398
9.61,74.2,75.9,64.7,1,1.0222728901446354,-0.022272890144635404,0.022272890144635404
9.29,100.0,74.9,68.6,1,1.0814635731583349,-0.08146357315833486,0.08146357315833486
7.05,83.8,75.0,74.3,1,0.8761605431863076,0.12383945681369235,0.12383945681369235
5.45,40.4,32.1,27.5,0,0.1073875944387408,-0.1073875944387408,0.1073875944387408
5.24,67.2,59.5,49.6,0,0.38254560691155304,-0.38254560691155304,0.38254560691155304
5.97,62.1,47.4,50.6,1,0.45804209903537496,0.541957900964625,0.541957900964625
9.44,89.8,75.8,92.9,1,1.3411827923909772,-0.34118279239097715,0.34118279239097715
10.0,100.0,89.0,87.0,1,1.3582532726531475,-0.35825327265314755,0.35825327265314755
7.77,73.1,55.3,54.1,1,0.7081469625743174,0.2918530374256826,0.2918530374256826
9.87,99.1,97.2,93.6,1,1.415880384416187,-0.4158803844161869,0.4158803844161869
5.96,65.7,55.0,49.7,0,0.45558396542633217,-0.45558396542633217,0.45558396542633217
6.01,44.4,26.9,29.5,0,0.19491738621065313,-0.19491738621065313,0.19491738621065313
9.13,88.4,79.8,70.0,1,1.0579131539987991,-0.05791315399879915,0.05791315399879915
5.17,47.3,26.5,31.3,0,0.1318086524763108,-0.1318086524763108,0.1318086524763108
7.45,62.8,58.6,45.8,1,0.5647479177419218,0.4352520822580782,0.4352520822580782
9.27,74.0,64.6,60.4,1,0.9375359281972414,0.06246407180275859,0.06246407180275859
7.55,68.3,50.8,55.0,0,0.6846075560855526,-0.6846075560855526,0.6846075560855526
8.5,83.1,71.8,51.7,1,0.7812529475991333,0.21874705240086667,0.21874705240086667
6.53,68.8,49.3,58.5,0,0.616140302988535,-0.616140302988535,0.616140302988535
4.6,49.9,28.6,34.5,0,0.11211190592571241,-0.11211190592571241,0.11211190592571241
6.51,58.3,59.1,55.6,0,0.5636129625231591,-0.5636129625231591,0.5636129625231591
7.95,53.0,42.2,47.0,1,0.6082846214577252,0.3917153785422748,0.3917153785422748
8.99,68.7,54.1,57.6,1,0.865514654445466,0.13448534555453395,0.13448534555453395
7.06,69.1,65.3,50.2,1,0.5850443581123735,0.41495564188762646,0.41495564188762646
6.56,51.4,63.4,52.3,1,0.5202277342283183,0.47977226577168175,0.47977226577168175
8.03,68.8,67.3,53.2,1,0.7193056725157986,0.2806943274842014,0.2806943274842014
7.32,61.6,60.5,45.5,1,0.5457975505067317,0.45420244949326827,0.45420244949326827
6.77,62.9,53.8,50.1,1,0.5393487009613819,0.4606512990386181,0.4606512990386181
7.19,71.1,56.2,50.5,1,0.6043365250361982,0.39566347496380183,0.39566347496380183
7.32,86.9,68.5,75.6,1,0.9236255135612165,0.07637448643878353,0.07637448643878353
9.16,83.5,72.3,63.5,1,0.9795961700110093,0.020403829988990707,0.020403829988990707
7.07,91.1,93.4,100.0,1,1.1747584086869653,-0.17475840868696535,0.17475840868696535
7.92,95.1,72.4,70.9,1,0.9524148045010156,0.047585195498984434,0.047585195498984434
7.57,68.0,93.7,77.9,1,0.9420671330278926,0.05793286697210742,0.05793286697210742
8.3,81.2,77.6,82.5,1,1.0918910050908424,-0.09189100509084236,0.09189100509084236
9.81,72.2,73.0,69.3,1,1.088812231576484,-0.0888122315764841,0.0888122315764841
4.53,66.4,59.0,52.6,0,0.33884654892738497,-0.33884654892738497,0.33884654892738497
9.47,70.5,78.0,63.5,1,0.9876266809978226,0.012373319002177419,0.012373319002177419
5.94,78.2,52.4,46.4,0,0.44174901787483034,-0.44174901787483034,0.44174901787483034
6.88,77.7,45.9,49.6,1,0.5731858755709692,0.4268141244290308,0.4268141244290308
7.66,83.7,75.1,73.9,1,0.9357437519303763,0.06425624806962371,0.06425624806962371
4.07,34.9,8.7,54.6,1,0.2417976377679788,0.7582023622320212,0.7582023622320212
6.56,69.5,54.7,52.9,1,0.56078937262591,0.43921062737409,0.43921062737409
8.69,77.0,78.5,69.6,1,0.9847293184263283,0.01527068157367173,0.01527068157367173
5.52,56.7,21.5,34.3,0,0.21876130254552006,-0.21876130254552006,0.21876130254552006
7.93,94.8,62.7,74.8,1,0.9935638652874169,0.006436134712583086,0.006436134712583086
4.33,37.2,3.9,37.5,0,0.0871621137681724,-0.0871621137681724,0.0871621137681724
5.69,49.9,26.5,30.4,0,0.1817884967845923,-0.1817884967845923,0.1817884967845923
9.16,67.5,60.9,53.8,1,0.8409280709462671,0.1590719290537329,0.1590719290537329
5.24,46.4,28.5,35.7,0,0.18551040448413458,-0.18551040448413458,0.18551040448413458
8.9,65.0,68.5,62.6,1,0.9055355078694284,0.09446449213057162,0.09446449213057162
6.38,42.6,20.4,28.1,0,0.21395827370163423,-0.21395827370163423,0.21395827370163423
8.97,81.5,77.1,74.7,1,1.078120532168421,-0.07812053216842108,0.07812053216842108
9.3,94.8,70.8,65.6,1,1.0390356361515627,-0.03903563615156269,0.03903563615156269
7.87,65.3,45.9,45.3,1,0.6061979486944119,0.3938020513055881,0.3938020513055881
6.36,39.7,31.1,24.7,0,0.17107555364211946,-0.17107555364211946,0.17107555364211946
6.7,100.0,94.3,72.7,1,0.8571033330767838,0.14289666692321623,0.14289666692321623
6.35,64.1,50.9,50.9,1,0.5057571026792148,0.4942428973207852,0.4942428973207852
5.01,42.3,22.2,27.4,0,0.06210248382280248,-0.06210248382280248,0.06210248382280248
9.3,85.3,75.9,78.1,1,1.1569692985147575,-0.1569692985147575,0.1569692985147575
7.96,65.4,54.4,46.3,0,0.6281599582774972,-0.6281599582774972,0.6281599582774972
6.23,64.4,61.4,46.1,0,0.44341327610898784,-0.44341327610898784,0.44341327610898784
4.05,57.6,26.5,32.9,0,0.05169833489078679,-0.05169833489078679,0.05169833489078679
6.43,79.9,58.5,49.6,0,0.5323641123759085,-0.5323641123759085,0.5323641123759085
7.63,63.1,65.2,59.6,1,0.7352063541531525,0.2647936458468475,0.2647936458468475
8.76,85.7,84.2,74.1,1,1.0589939204672802,-0.05899392046728025,0.05899392046728025
9.88,98.6,81.0,63.4,1,1.0853031332255592,-0.08530313322555916,0.08530313322555916
8.94,73.5,47.9,59.1,1,0.8849105011151167,0.11508949888488329,0.11508949888488329
7.98,91.9,65.4,76.6,1,1.0131288051943397,-0.013128805194339677,0.013128805194339677
7.86,56.1,53.4,65.7,1,0.8098496722259539,0.19015032777404606,0.19015032777404606
7.87,73.2,77.7,75.2,1,0.9517580638886095,0.04824193611139049,0.04824193611139049
7.91,81.1,83.9,74.7,1,0.9670996817573992,0.03290031824260076,0.03290031824260076
7.65,68.3,51.9,52.9,1,0.6725045830487072,0.3274954169512928,0.3274954169512928
8.16,75.3,54.7,56.5,1,0.7794055747432146,0.2205944252567854,0.2205944252567854
7.05,70.6,55.2,60.9,1,0.7013846771540481,0.29861532284595194,0.29861532284595194
8.91,82.9,75.6,79.9,1,1.1307639764567128,-0.13076397645671278,0.13076397645671278
6.39,75.2,52.0,51.3,0,0.5362816410334462,-0.5362816410334462,0.5362816410334462
8.07,67.4,85.4,54.6,1,0.7390495525574906,0.2609504474425094,0.2609504474425094
6.77,85.5,81.2,85.1,1,0.9683863162004599,0.031613683799540104,0.031613683799540104
9.73,70.9,80.0,73.3,1,1.1224755953548269,-0.12247559535482688,0.12247559535482688
5.82,65.4,59.7,43.6,1,0.37485656958735725,0.6251434304126428,0.6251434304126428
5.75,65.5,49.6,57.3,1,0.514714182986285,0.485285817013715,0.485285817013715
6.84,74.1,80.9,63.0,1,0.7133719447175427,0.2866280552824573,0.2866280552824573
8.83,79.8,77.9,80.8,1,1.1264349392181545,-0.12643493921815452,0.12643493921815452
9.83,87.6,86.7,66.6,1,1.0941696988463998,-0.09416969884639981,0.09416969884639981
9.25,78.7,94.1,65.8,1,1.008322770400373,-0.008322770400372992,0.008322770400372992
8.2,68.0,56.3,51.4,1,0.7141808060473674,0.28581919395263256,0.28581919395263256
5.63,49.7,26.1,31.4,0,0.1858792040570204,-0.1858792040570204,0.1858792040570204
10.0,73.0,56.0,81.9,1,1.2442473595588273,-0.24424735955882726,0.24424735955882726
7.8,70.6,60.8,61.7,1,0.7898438801574189,0.2101561198425811,0.2101561198425811
9.73,96.4,99.7,32.9,0,0.7372726928966157,-0.7372726928966157,0.7372726928966157
7.2,100.0,65.8,75.1,1,0.9308419636267616,0.06915803637323836,0.06915803637323836
7.9,91.3,69.8,71.1,1,0.9445809341048502,0.05541906589514978,0.05541906589514978
9.35,76.0,70.2,73.9,1,1.097394815605353,-0.09739481560535301,0.09739481560535301
7.66,69.8,41.9,63.2,1,0.7866209699515848,0.21337903004841519,0.21337903004841519
9.23,78.9,85.1,93.5,1,1.3058172536120445,-0.3058172536120445,0.3058172536120445
7.0,39.4,24.1,24.2,0,0.23112154437552734,-0.23112154437552734,0.23112154437552734
9.99,97.1,99.0,31.1,0,0.7463083207807025,-0.7463083207807025,0.7463083207807025
7.19,60.8,43.8,52.3,0,0.601543195328616,-0.601543195328616,0.601543195328616
6.62,66.1,48.9,54.4,1,0.5757160388579133,0.42428396114208666,0.42428396114208666
4.5,43.4,27.1,30.2,0,0.041901536110347304,-0.041901536110347304,0.041901536110347304
5.67,44.3,25.6,30.9,0,0.17396826101814955,-0.17396826101814955,0.17396826101814955
4.19,50.8,21.7,32.4,0,0.046814319368155055,-0.046814319368155055,0.046814319368155055
8.75,84.8,55.3,77.4,1,1.08707261976175,-0.08707261976174996,0.08707261976174996
6.67,72.3,55.6,59.2,1,0.6463988399601407,0.3536011600398593,0.3536011600398593
9.29,72.4,84.8,78.4,1,1.135370315393101,-0.13537031539310096,0.13537031539310096
8.3,66.8,46.1,61.1,1,0.8259066376471543,0.17409336235284567,0.17409336235284567
6.23,37.2,27.8,28.7,0,0.19537097632402378,-0.19537097632402378,0.19537097632402378
5.83,87.1,75.4,76.7,1,0.7805533562757004,0.21944664372429956,0.21944664372429956
9.89,84.4,74.3,84.0,1,1.2809893539570658,-0.2809893539570658,0.2809893539570658
4.09,44.4,20.7,33.8,0,0.03877061272936522,-0.03877061272936522,0.03877061272936522
6.63,100.0,78.2,80.9,1,0.9360271136283574,0.06397288637164256,0.06397288637164256
6.13,45.3,26.1,31.4,0,0.229786868906947,-0.229786868906947,0.229786868906947
6.24,71.4,63.8,63.9,1,0.6518704305881028,0.3481295694118972,0.3481295694118972
5.01,45.2,35.2,30.7,0,0.10584209119406773,-0.10584209119406773,0.10584209119406773
6.28,55.4,51.8,55.1,1,0.5270748856676827,0.4729251143323173,0.4729251143323173
7.96,61.1,56.2,60.3,1,0.772024120903052,0.22797587909694805,0.22797587909694805
8.55,79.5,88.2,74.8,1,1.033036201575058,-0.033036201575058044,0.033036201575058044
7.71,79.1,82.4,81.7,1,1.0178985492844346,-0.017898549284434573,0.017898549284434573
5.63,46.4,22.1,31.9,0,0.18414689164999387,-0.18414689164999387,0.18414689164999387
7.58,56.9,69.1,45.9,1,0.5697049409413669,0.4302950590586331,0.4302950590586331
5.6,51.6,23.9,34.8,0,0.22299481985944347,-0.22299481985944347,0.22299481985944347
4.05,54.7,32.1,30.0,0,0.015475623748293477,-0.015475623748293477,0.015475623748293477
6.6,79.0,81.1,82.6,1,0.9106011551212757,0.08939884487872429,0.08939884487872429
4.93,78.7,49.3,52.8,0,0.4055449963005181,-0.4055449963005181,0.4055449963005181
7.88,78.5,83.6,76.9,1,0.9826771630509389,0.017322836949061116,0.017322836949061116
8.11,72.7,55.2,60.2,1,0.8093032978246383,0.19069670217536172,0.19069670217536172
7.81,78.4,72.0,63.7,1,0.8298322759456439,0.1701677240543561,0.1701677240543561
7.74,63.6,57.3,52.5,1,0.669314874885843,0.33068512511415704,0.33068512511415704
6.4,76.7,50.8,57.7,1,0.6095573587496531,0.3904426412503469,0.3904426412503469
8.98,63.8,55.9,53.0,1,0.8052094330973586,0.1947905669026414,0.1947905669026414
5.82,52.7,34.6,27.5,0,0.17084384764731653,-0.17084384764731653,0.17084384764731653
7.75,76.6,59.7,49.4,0,0.662638848056868,-0.662638848056868,0.662638848056868
8.39,78.1,84.0,75.5,1,1.0203565552979814,-0.020356555297981416,0.020356555297981416
6.65,70.1,50.3,52.6,0,0.5674174189815467,-0.5674174189815467,0.5674174189815467
6.24,85.6,84.5,67.4,1,0.7212784566956504,0.2787215433043496,0.2787215433043496
4.25,36.0,2.8,96.8,1,0.7200328695329615,0.27996713046703847,0.27996713046703847
4.3,49.3,27.3,32.2,0,0.05421387201453953,-0.05421387201453953,0.05421387201453953
5.08,74.5,59.5,45.8,0,0.33880504351400387,-0.33880504351400387,0.33880504351400387
9.39,75.4,61.9,65.0,1,1.0023766861427377,-0.0023766861427376718,0.0023766861427376718
6.76,75.2,51.8,52.6,1,0.5892451602896055,0.4107548397103945,0.4107548397103945
7.1,75.9,58.7,44.7,1,0.5417571371528537,0.4582428628471463,0.4582428628471463
9.2,80.8,68.9,72.8,1,1.078889528519638,-0.07888952851963804,0.07888952851963804
8.06,77.1,72.1,69.3,1,0.9143692879651196,0.08563071203488037,0.08563071203488037
6.49,66.3,56.9,54.4,0,0.5638120800385703,-0.5638120800385703,0.5638120800385703
8.28,59.7,51.8,51.8,1,0.7098692226962239,0.2901307773037761,0.2901307773037761
10.0,67.4,51.0,58.2,1,0.9750893260513894,0.024910673948610573,0.024910673948610573
4.54,74.9,63.5,49.9,0,0.3280377536087208,-0.3280377536087208,0.3280377536087208
7.66,73.1,49.1,44.6,1,0.5923872540740026,0.4076127459259974,0.4076127459259974
8.53,73.8,66.6,32.4,1,0.555720937512837,0.444279062487163,0.444279062487163
9.31,73.5,92.4,73.1,1,1.0833862548218036,-0.08338625482180362,0.08338625482180362
5.81,51.7,25.5,22.4,0,0.1109061148943965,-0.1109061148943965,0.1109061148943965
5.11,46.2,23.7,26.4,0,0.06966657873921278,-0.06966657873921278,0.06966657873921278
5.57,69.9,49.4,45.6,0,0.37737421477225397,-0.37737421477225397,0.37737421477225397
4.41,35.4,1.3,50.2,0,0.22947628097591066,-0.22947628097591066,0.22947628097591066
5.53,67.5,51.3,53.1,0,0.4502110588578493,-0.4502110588578493,0.4502110588578493
5.34,75.3,56.4,42.5,0,0.3313418877875921,-0.3313418877875921,0.3313418877875921
9.56,88.5,63.8,70.5,1,1.105996533086624,-0.10599653308662393,0.10599653308662393
8.15,78.7,75.5,83.2,1,1.078461221353396,-0.07846122135339595,0.07846122135339595
7.96,98.9,94.1,78.5,1,1.0502946746667798,-0.05029467466677984,0.05029467466677984
5.75,47.4,30.2,32.5,0,0.20661733855087305,-0.20661733855087305,0.20661733855087305
6.03,60.1,52.2,40.5,0,0.35158452989442923,-0.35158452989442923,0.35158452989442923
8.2,68.0,54.0,54.0,1,0.7420165699713929,0.25798343002860713,0.25798343002860713
9.23,77.0,72.1,69.2,1,1.036043271359949,-0.036043271359949,0.036043271359949
5.55,53.1,25.9,30.1,0,0.16999823134061465,-0.16999823134061465,0.16999823134061465
6.32,67.8,56.1,40.5,0,0.3978421933255992,-0.3978421933255992,0.3978421933255992
8.55,81.8,94.8,62.3,1,0.9029648349606215,0.09703516503937848,0.09703516503937848
6.74,62.2,71.1,54.3,0,0.5833735513839441,-0.5833735513839441,0.5833735513839441
5.22,73.1,80.6,53.4,1,0.436883472239349,0.563116527760651,0.563116527760651
4.57,63.0,48.2,63.8,0,0.4561312725670136,-0.4561312725670136,0.4561312725670136
9.65,97.5,75.0,74.0,1,1.1730334281414216,-0.17303342814142164,0.17303342814142164
7.73,69.9,46.8,56.5,1,0.7222677546985509,0.27773224530144913,0.27773224530144913
7.4,70.9,83.7,67.4,1,0.8141894818656091,0.18581051813439087,0.18581051813439087
6.23,73.0,60.3,53.1,0,0.5361073640583581,-0.5361073640583581,0.5361073640583581
8.09,60.6,45.2,52.1,1,0.6937996159404026,0.3062003840595974,0.3062003840595974
6.3,76.1,55.5,50.7,1,0.522673336930764,0.477326663069236,0.477326663069236
9.99,84.2,86.0,63.9,1,1.0748762441284776,-0.0748762441284776,0.0748762441284776
5.32,76.3,38.7,56.5,0,0.48018098724174296,-0.48018098724174296,0.48018098724174296
8.14,100.0,68.9,97.6,1,1.2744391438607865,-0.2744391438607865,0.2744391438607865
9.95,76.7,76.2,54.6,1,0.9533067053031149,0.0466932946968851,0.0466932946968851
4.36,56.5,56.9,43.4,0,0.2013035030944167,-0.2013035030944167,0.2013035030944167
8.07,60.0,54.1,47.5,1,0.6420964251204645,0.3579035748795355,0.3579035748795355
7.03,71.8,50.0,58.2,0,0.6714372431276067,-0.6714372431276067,0.6714372431276067
5.13,67.7,67.4,65.8,1,0.5491990894721944,0.4508009105278056,0.4508009105278056
5.55,46.5,21.0,24.1,0,0.09106346334772164,-0.09106346334772164,0.09106346334772164
5.62,48.9,31.9,28.1,0,0.1484194142823524,-0.1484194142823524,0.1484194142823524
6.72,59.1,24.0,31.2,0,0.3163513064666218,-0.3163513064666218,0.3163513064666218
9.62,59.0,56.7,48.3,1,0.8121530558468327,0.18784694415316727,0.18784694415316727
4.51,48.0,33.5,24.9,0,-0.004467366301824316,0.004467366301824316,0.004467366301824316
9.71,99.1,99.8,34.7,0,0.7600309518610887,-0.7600309518610887,0.7600309518610887
8.86,69.1,56.0,65.9,1,0.9430756381966169,0.05692436180338312,0.05692436180338312
7.05,55.7,50.1,48.3,0,0.5344657148977926,-0.5344657148977926,0.5344657148977926
5.46,49.2,31.1,30.9,0,0.16245699185962648,-0.16245699185962648,0.16245699185962648
9.69,76.5,79.8,72.2,1,1.1172884671021155,-0.11728846710211549,0.11728846710211549
7.82,84.1,87.7,73.5,1,0.9511508654456612,0.04884913455433881,0.04884913455433881
6.52,65.7,46.9,55.2,0,0.5727660584339568,-0.5727660584339568,0.5727660584339568
7.32,60.9,59.7,53.9,0,0.6354858510996043,-0.6354858510996043,0.6354858510996043
5.49,53.5,29.6,42.9,0,0.30407932782013003,-0.30407932782013003,0.30407932782013003
8.21,65.1,59.1,67.5,1,0.8848146093514803,0.11518539064851974,0.11518539064851974
8.89,59.6,57.9,43.9,1,0.6890486615621133,0.3109513384378867,0.3109513384378867
7.56,64.8,57.5,52.0,1,0.6473599045112369,0.3526400954887631,0.3526400954887631
6.39,54.3,36.7,31.2,0,0.2744157917397544,-0.2744157917397544,0.2744157917397544
9.84,70.3,87.6,66.9,1,1.0646696964490912,-0.06466969644909115,0.06466969644909115
6.91,58.0,59.6,56.6,0,0.6160026182688455,-0.6160026182688455,0.6160026182688455
9.06,78.1,73.3,82.6,1,1.1660261601302957,-0.1660261601302957,0.1660261601302957
8.42,73.4,82.5,71.8,1,0.9738557531510409,0.026144246848959107,0.026144246848959107
5.69,45.7,26.1,29.5,0,0.16370390385829692,-0.16370390385829692,0.16370390385829692
4.67,71.7,52.8,44.2,0,0.27170663461531197,-0.27170663461531197,0.27170663461531197
5.83,50.7,28.4,28.9,0,0.18211035953449384,-0.18211035953449384,0.18211035953449384
5.84,52.2,30.7,31.2,0,0.21146955935103928,-0.21146955935103928,0.21146955935103928
8.74,80.1,69.2,56.9,1,0.856598223017473,0.14340177698252699,0.14340177698252699
8.56,90.0,79.5,72.2,1,1.0249867270127262,-0.024986727012726195,0.024986727012726195
5.99,79.0,61.2,52.6,1,0.5173892845805314,0.48261071541946865,0.48261071541946865
5.66,67.5,64.5,57.3,0,0.5117249087863299,-0.5117249087863299,0.5117249087863299
8.5,71.2,56.2,58.2,1,0.8258005870424442,0.1741994129575558,0.1741994129575558
7.6,83.6,57.1,61.8,1,0.7948003365108459,0.20519966348915408,0.20519966348915408
10.0,83.4,56.7,78.9,1,1.2322119688068764,-0.23221196880687645,0.23221196880687645
7.42,89.1,92.0,67.4,1,0.8534360759155543,0.14656392408444574,0.14656392408444574
4.66,52.9,24.5,25.6,0,0.02697947147317481,-0.02697947147317481,0.02697947147317481
5.94,71.4,78.7,70.7,1,0.6967136882403416,0.30328631175965837,0.30328631175965837
7.67,93.7,63.3,82.6,1,1.0488680682969402,-0.04886806829694024,0.04886806829694024
6.41,67.2,51.7,44.0,1,0.44337120738118674,0.5566287926188133,0.5566287926188133
5.47,75.2,41.8,52.2,0,0.4476289859688448,-0.4476289859688448,0.4476289859688448
8.8,99.4,63.7,77.1,1,1.1191647361200308,-0.11916473612003076,0.11916473612003076
6.57,92.3,52.0,45.6,0,0.5268818999177559,-0.5268818999177559,0.5268818999177559
7.36,85.2,79.5,61.0,1,0.7678564896950016,0.23214351030499836,0.23214351030499836
7.07,72.2,54.9,42.8,0,0.5100641435039616,-0.5100641435039616,0.5100641435039616
7.77,81.5,75.4,89.8,1,1.1156627543294766,-0.11566275432947659,0.11566275432947659
7.25,63.2,49.6,53.1,1,0.6222354539839926,0.3777645460160074,0.3777645460160074
7.84,94.0,65.4,71.8,1,0.9504249201820804,0.04957507981791964,0.04957507981791964
7.34,78.7,57.1,59.2,1,0.7296293418878984,0.2703706581121016,0.2703706581121016
8.38,69.7,52.7,45.3,1,0.6695922031935556,0.3304077968064444,0.3304077968064444
5.93,39.9,27.2,29.7,0,0.17989879593039737,-0.17989879593039737,0.17989879593039737
5.98,89.8,73.9,70.1,1,0.7297049872735294,0.2702950127264706,0.2702950127264706
9.96,97.6,98.2,27.7,0,0.7070867555953256,-0.7070867555953256,0.7070867555953256
8.67,78.3,82.1,57.0,1,0.8489953898553907,0.1510046101446093,0.1510046101446093
7.67,72.6,47.6,60.4,1,0.7637415920958454,0.23625840790415464,0.23625840790415464
8.66,74.1,68.7,74.7,1,1.0295820620014111,-0.029582062001411114,0.029582062001411114
8.43,73.4,52.9,45.3,1,0.6821443264613049,0.31785567353869515,0.31785567353869515
9.78,83.0,78.4,75.8,1,1.1783531306357515,-0.17835313063575153,0.17835313063575153
9.17,83.6,87.8,71.3,1,1.0681732342015202,-0.06817323420152022,0.06817323420152022
8.26,77.4,84.2,64.0,1,0.8804989801052906,0.1195010198947094,0.1195010198947094
7.7,64.9,50.6,58.8,1,0.7349191667981493,0.2650808332018507,0.2650808332018507
9.36,60.8,67.6,71.7,1,1.0442774887593265,-0.04427748875932647,0.04427748875932647
9.48,70.8,53.1,50.3,1,0.8417046377422578,0.1582953622577422,0.1582953622577422
4.0,51.9,26.7,30.4,0,0.008145718708551297,-0.008145718708551297,0.008145718708551297
7.28,83.4,68.6,88.2,1,1.049366594732442,-0.04936659473244198,0.04936659473244198
7.89,83.6,74.9,73.0,1,0.9499128285734489,0.05008717142655106,0.05008717142655106
5.41,68.5,52.8,54.0,0,0.44959058084424275,-0.44959058084424275,0.44959058084424275
8.42,61.5,57.5,53.6,1,0.7486308274927059,0.25136917250729407,0.25136917250729407
7.34,70.5,57.9,67.0,1,0.7983532317434024,0.20164676825659755,0.20164676825659755
8.84,87.4,58.5,61.4,1,0.9284685477758684,0.0715314522241316,0.0715314522241316
5.86,67.2,63.1,54.4,0,0.5004298230621168,-0.5004298230621168,0.5004298230621168
7.95,68.0,71.2,67.3,1,0.863077498450128,0.13692250154987196,0.13692250154987196
6.8,64.7,46.6,39.8,0,0.4329789846803834,-0.4329789846803834,0.4329789846803834
7.38,65.6,54.5,57.1,1,0.6848729414818778,0.31512705851812217,0.31512705851812217
8.05,72.2,57.5,52.0,1,0.7133812229313604,0.2866187770686396,0.2866187770686396
5.3,48.9,23.8,31.5,0,0.15032203688372492,-0.15032203688372492,0.15032203688372492
4.94,54.7,35.6,28.7,0,0.09548939797060141,-0.09548939797060141,0.09548939797060141
6.34,55.5,32.2,26.5,0,0.21972104971447692,-0.21972104971447692,0.21972104971447692
7.19,87.9,86.2,75.6,1,0.9149473369014057,0.08505266309859427,0.08505266309859427
9.72,98.3,60.7,70.1,1,1.1371775676324094,-0.1371775676324094,0.1371775676324094
4.8,48.2,31.1,26.1,0,0.0390203931294858,-0.0390203931294858,0.0390203931294858
6.79,42.3,30.7,32.3,0,0.30381367602321474,-0.30381367602321474,0.30381367602321474
8.53,60.6,93.4,77.9,1,1.0283759815652496,-0.028375981565249564,0.028375981565249564
7.26,94.2,85.9,71.8,1,0.8933633170019869,0.1066366829980131,0.1066366829980131
6.33,77.9,51.6,49.5,0,0.5156656701853147,-0.5156656701853147,0.5156656701853147
5.53,78.4,66.3,55.0,0,0.4947969204983006,-0.4947969204983006,0.4947969204983006
9.02,67.2,59.2,43.4,1,0.7124233191830355,0.2875766808169645,0.2875766808169645
9.88,99.5,95.0,47.8,1,0.9200894680890174,0.07991053191098263,0.07991053191098263
6.29,74.3,56.4,42.4,1,0.4281291519719367,0.5718708480280633,0.5718708480280633
6.76,70.2,51.1,50.4,0,0.5554247645071443,-0.5554247645071443,0.5554247645071443
6.17,76.7,38.8,46.4,0,0.46065436923135217,-0.46065436923135217,0.46065436923135217
9.31,84.8,80.3,100.0,1,1.3955583080909482,-0.39555830809094816,0.39555830809094816
6.7,78.3,49.0,55.9,1,0.6243756840127958,0.37562431598720425,0.37562431598720425
6.56,65.4,46.1,53.8,0,0.5610444013084118,-0.5610444013084118,0.5610444013084118
4.59,48.5,27.7,25.8,0,0.013702981529549296,-0.013702981529549296,0.013702981529549296
5.35,54.7,34.9,30.4,0,0.15691402509076602,-0.15691402509076602,0.15691402509076602
4.71,44.4,28.6,31.8,0,0.083560870027649,-0.083560870027649,0.083560870027649
6.88,59.8,27.2,28.7,0,0.3079434935533304,-0.3079434935533304,0.3079434935533304
8.49,65.5,50.6,56.1,1,0.7898046345173649,0.21019536548263507,0.21019536548263507
9.86,96.9,97.8,44.7,1,0.8797046504501372,0.12029534954986276,0.12029534954986276
6.28,77.6,63.0,51.6,0,0.5345673665934657,-0.5345673665934657,0.5345673665934657
7.72,73.5,52.9,41.0,1,0.5610411173657198,0.4389588826342802,0.4389588826342802
8.59,63.1,52.3,50.5,1,0.7350930366998268,0.26490696330017316,0.26490696330017316
9.84,67.6,58.7,75.8,1,1.1510650509846414,-0.1510650509846414,0.1510650509846414
8.29,100.0,72.2,76.7,1,1.063854106638615,-0.0638541066386149,0.0638541066386149
4.18,49.1,30.0,33.7,0,0.057956669423052776,-0.057956669423052776,0.057956669423052776
7.58,82.2,91.6,74.8,1,0.9369788997890681,0.06302110021093188,0.06302110021093188
9.76,83.0,95.7,82.6,1,1.2530313143671203,-0.25303131436712034,0.25303131436712034
7.78,85.3,83.6,53.9,1,0.7358056535972725,0.26419434640272754,0.26419434640272754
10.0,95.3,61.2,76.5,1,1.230283908400574,-0.2302839084005739,0.2302839084005739
6.57,49.5,58.8,46.4,0,0.4527073312283153,-0.4527073312283153,0.4527073312283153
5.27,58.3,42.2,43.3,0,0.29687526584074775,-0.29687526584074775,0.29687526584074775
7.45,62.3,67.2,58.0,1,0.6976896321975335,0.30231036780246645,0.30231036780246645
5.76,55.0,29.3,23.3,0,0.12254959915321406,-0.12254959915321406,0.12254959915321406
4.32,52.0,29.1,36.8,0,0.11186552258747307,-0.11186552258747307,0.11186552258747307
5.44,46.7,27.1,27.4,0,0.11676525605248544,-0.11676525605248544,0.11676525605248544
8.37,67.4,77.8,76.1,1,1.002705776431696,-0.0027057764316960053,0.0027057764316960053
4.11,37.5,6.2,76.2,1,0.4851903790684199,0.5148096209315801,0.5148096209315801
6.59,51.1,25.7,26.5,0,0.23624684193151702,-0.23624684193151702,0.23624684193151702
5.95,79.9,62.6,60.8,1,0.6042189437834266,0.39578105621657345,0.39578105621657345
7.36,80.6,53.2,49.6,1,0.6305680897667122,0.3694319102332878,0.3694319102332878
8.19,90.2,76.9,70.6,1,0.9686809010691658,0.03131909893083418,0.03131909893083418
9.97,75.0,78.3,65.7,1,1.0729425649194133,-0.07294256491941331,0.07294256491941331
8.76,74.1,44.7,65.7,1,0.9382823222589557,0.06171767774104431,0.06171767774104431
9.81,96.4,99.1,86.6,1,1.3285996604389587,-0.3285996604389587,0.3285996604389587
7.33,84.5,92.9,61.9,1,0.7753876313498825,0.22461236865011747,0.22461236865011747
8.83,75.8,89.3,73.8,1,1.0445287967414756,-0.044528796741475585,0.044528796741475585
5.93,46.7,28.9,27.9,0,0.17399532831547637,-0.17399532831547637,0.17399532831547637
6.43,77.7,80.2,75.4,1,0.8118595792399651,0.1881404207600349,0.1881404207600349
7.66,80.1,78.8,67.0,1,0.8543945471646538,0.1456054528353462,0.1456054528353462
8.44,100.0,71.5,67.2,1,0.9763565268650628,0.0236434731349372,0.0236434731349372
7.83,62.6,54.4,53.7,1,0.6893434725907631,0.3106565274092369,0.3106565274092369
8.45,75.5,47.8,55.7,1,0.8004113647865482,0.19958863521345183,0.19958863521345183
7.28,76.5,60.0,52.0,0,0.641329412386845,-0.641329412386845,0.641329412386845
8.2,55.9,50.0,57.2,1,0.7523229536746453,0.2476770463253547,0.2476770463253547
9.84,80.4,87.3,75.3,1,1.1756447832176256,-0.17564478321762556,0.17564478321762556
6.33,50.2,59.4,59.7,0,0.5733605469202357,-0.5733605469202357,0.5733605469202357
7.96,69.7,69.7,47.3,1,0.6500692460534557,0.34993075394654427,0.34993075394654427
9.95,79.3,80.0,65.0,1,1.0719722645399816,-0.07197226453998162,0.07197226453998162
4.93,53.4,26.5,34.6,0,0.1543899835762349,-0.1543899835762349,0.1543899835762349
8.71,66.3,62.3,64.5,1,0.907690636408445,0.09230936359155495,0.09230936359155495
5.2,47.7,27.8,26.8,0,0.08711185303184832,-0.08711185303184832,0.08711185303184832
9.81,99.1,96.7,52.1,1,0.9589231888014872,0.04107681119851281,0.04107681119851281
8.1,66.4,55.5,55.0,1,0.7394795506130777,0.2605204493869223,0.2605204493869223
6.85,87.0,83.6,73.7,1,0.8563777139409815,0.1436222860590185,0.1436222860590185
9.0,59.6,55.6,45.7,1,0.7197587728480482,0.28024122715195177,0.28024122715195177
6.93,64.8,52.2,54.1,1,0.6030481331327061,0.3969518668672939,0.3969518668672939
6.71,60.5,54.8,55.8,1,0.5903875077379485,0.40961249226205154,0.40961249226205154
6.74,64.0,52.9,43.6,1,0.4676311599041513,0.5323688400958487,0.5323688400958487
5.69,36.6,21.6,35.8,0,0.21347102727335632,-0.21347102727335632,0.21347102727335632
5.37,66.8,53.0,39.3,1,0.28248558878739083,0.7175144112126092,0.7175144112126092
8.68,81.0,77.5,57.7,1,0.8621615875721244,0.13783841242787565,0.13783841242787565
6.91,74.7,59.2,41.0,1,0.4793485478574363,0.5206514521425637,0.5206514521425637
9.63,97.2,67.7,60.0,1,1.0170986274364018,-0.01709862743640178,0.01709862743640178
5.14,55.9,20.8,25.1,0,0.07725233587612101,-0.07725233587612101,0.07725233587612101
9.84,82.4,80.2,70.0,1,1.1208171463952898,-0.12081714639528984,0.12081714639528984
8.37,62.8,83.5,66.8,1,0.8936779190290501,0.10632208097094986,0.10632208097094986
8.53,81.7,74.3,75.7,1,1.0426524932250456,-0.04265249322504561,0.04265249322504561
5.5,69.7,68.7,46.4,0,0.38160441364619146,-0.38160441364619146,0.38160441364619146
9.36,69.7,47.5,58.7,1,0.9171777084171852,0.08282229158281484,0.08282229158281484
9.95,68.3,73.9,72.6,1,1.1318505907829217,-0.13185059078292172,0.13185059078292172
6.72,78.5,53.9,42.5,0,0.48222219790932075,-0.48222219790932075,0.48222219790932075
6.34,49.7,52.4,46.3,1,0.4267512528686296,0.5732487471313704,0.5732487471313704
7.21,64.1,62.3,44.1,1,0.5242526689677388,0.4757473310322612,0.4757473310322612
8.95,98.1,69.8,61.4,1,0.9629620078953779,0.03703799210462211,0.03703799210462211
4.5,34.3,0.4,52.7,1,0.26376399784504934,0.7362360021549507,0.7362360021549507
7.12,82.3,79.0,80.7,1,0.9507397809978754,0.04926021900212463,0.04926021900212463
6.2,55.0,53.4,56.8,1,0.5366123768710648,0.4633876231289352,0.4633876231289352
6.87,49.9,19.7,23.6,0,0.2308072260119559,-0.2308072260119559,0.2308072260119559
6.61,63.6,47.5,45.4,1,0.47180527468703726,0.5281947253129627,0.5281947253129627
7.1,66.6,56.9,42.7,1,0.5014791085062328,0.4985208914937672,0.4985208914937672
9.94,79.7,68.2,78.4,1,1.2151770315786332,-0.21517703157863322,0.21517703157863322
6.9,47.4,40.8,53.6,1,0.5583635859482504,0.4416364140517496,0.4416364140517496
5.5,49.0,29.9,35.7,0,0.21817692431069446,-0.21817692431069446,0.21817692431069446
6.08,46.6,26.8,30.7,0,0.21960390605268965,-0.21960390605268965,0.21960390605268965
7.47,89.4,94.4,74.1,1,0.932431145712406,0.06756885428759396,0.06756885428759396
8.86,82.0,93.9,64.7,1,0.9618388080927479,0.03816119190725209,0.03816119190725209
8.09,93.2,73.8,84.4,1,1.1133590328063412,-0.11335903280634119,0.11335903280634119
9.71,70.2,81.7,77.6,1,1.1659749163092403,-0.16597491630924033,0.16597491630924033
7.72,81.8,75.5,79.4,1,0.9981011847532565,0.0018988152467435127,0.0018988152467435127
8.84,69.8,73.1,95.4,1,1.2655482721896285,-0.2655482721896285,0.2655482721896285
7.88,63.7,48.7,36.0,1,0.5036154074617808,0.4963845925382192,0.4963845925382192
7.51,91.0,55.2,53.2,1,0.706174481686226,0.293825518313774,0.293825518313774
5.81,66.7,47.8,44.4,0,0.3830125761916562,-0.3830125761916562,0.3830125761916562
8.34,72.2,68.5,71.3,1,0.9552751785102852,0.044724821489714794,0.044724821489714794
5.63,61.9,49.4,60.6,0,0.5308302022866761,-0.5308302022866761,0.5308302022866761
4.97,74.6,51.0,48.3,0,0.3531334205527169,-0.3531334205527169,0.3531334205527169
8.24,74.7,62.3,52.6,1,0.7455895143315622,0.2544104856684378,0.2544104856684378
7.91,82.1,86.6,75.3,1,0.9760377481356973,0.023962251864302675,0.023962251864302675
8.23,68.2,82.3,69.4,1,0.9175894451945569,0.08241055480544313,0.08241055480544313
6.51,64.0,54.8,54.6,0,0.5632118057403793,-0.5632118057403793,0.5632118057403793
8.24,78.2,94.5,91.8,1,1.183550566640128,-0.18355056664012803,0.18355056664012803
7.09,74.5,48.5,41.9,1,0.5058176020795934,0.49418239792040664,0.49418239792040664
5.48,71.2,60.0,48.5,0,0.4037623427700835,-0.4037623427700835,0.4037623427700835
7.67,67.6,61.3,39.0,1,0.5239237215689104,0.4760762784310896,0.4760762784310896
8.05,89.6,84.9,62.8,1,0.8694707819549673,0.1305292180450327,0.1305292180450327
9.9,91.9,88.2,67.3,1,1.1178232535379053,-0.11782325353790535,0.11782325353790535
6.46,60.7,51.2,42.1,1,0.41515193065322886,0.5848480693467711,0.5848480693467711
5.31,48.1,27.6,28.6,0,0.11896556830908966,-0.11896556830908966,0.11896556830908966
9.46,88.9,57.9,60.9,1,0.991038462538142,0.008961537461858016,0.008961537461858016
6.24,60.7,28.2,32.1,0,0.27953682801522806,-0.27953682801522806,0.27953682801522806
7.75,82.4,90.5,88.5,1,1.1037904143289232,-0.10379041432892322,0.10379041432892322
8.5,100.0,86.9,77.5,1,1.0971173022920269,-0.09711730229202686,0.09711730229202686
8.33,44.4,21.3,31.3,0,0.45731456666410064,-0.45731456666410064,0.45731456666410064
10.0,90.5,75.4,58.8,1,1.0311149658152017,-0.03111496581520168,0.03111496581520168
10.0,90.7,77.1,61.9,1,1.0654544600587617,-0.06545446005876165,0.06545446005876165
6.39,63.7,49.5,52.7,1,0.5284792179153169,0.47152078208468307,0.47152078208468307
9.06,100.0,68.8,68.3,1,1.0529946655948268,-0.052994665594826795,0.052994665594826795
8.43,59.6,48.4,56.4,1,0.774798596183249,0.22520140381675102,0.22520140381675102
7.46,84.2,71.1,69.4,1,0.8661679813882893,0.13383201861171068,0.13383201861171068
6.36,52.3,57.2,51.6,1,0.49231845893770887,0.5076815410622911,0.5076815410622911
10.0,74.0,69.5,83.2,1,1.262628360092386,-0.262628360092386,0.262628360092386
7.31,75.9,53.1,52.1,1,0.6432124895468215,0.35678751045317847,0.35678751045317847
7.38,65.8,46.9,61.9,1,0.7360823304193872,0.2639176695806128,0.2639176695806128
7.87,62.9,60.5,46.4,1,0.6159207254598386,0.38407927454016144,0.38407927454016144
9.15,85.8,83.3,86.2,1,1.2313919498746309,-0.23139194987463085,0.23139194987463085
7.5,85.4,72.2,74.7,1,0.930457257330019,0.06954274266998095,0.06954274266998095
8.62,73.6,56.6,40.7,1,0.6531932598594187,0.3468067401405813,0.3468067401405813
6.9,67.3,63.1,52.5,1,0.589292008279546,0.410707991720454,0.410707991720454
7.53,71.7,49.4,62.5,1,0.7703690374842632,0.22963096251573678,0.22963096251573678
10.0,73.7,76.8,83.1,1,1.262199472267683,-0.26219947226768303,0.26219947226768303
6.42,74.6,59.4,59.8,0,0.6318040003113187,-0.6318040003113187,0.6318040003113187
4.03,66.7,44.0,58.9,0,0.3527296753835235,-0.3527296753835235,0.3527296753835235
5.13,68.4,51.3,48.6,1,0.36108500813823696,0.638914991861763,0.638914991861763
6.19,67.6,60.1,47.4,0,0.459383851261138,-0.459383851261138,0.459383851261138
9.49,79.3,89.4,60.8,1,0.9796352050699714,0.02036479493002863,0.02036479493002863
4.89,57.2,53.6,49.5,0,0.3240403798542181,-0.3240403798542181,0.3240403798542181
9.12,62.3,49.4,46.3,1,0.7431261939376249,0.2568738060623751,0.2568738060623751
4.77,47.4,31.0,32.2,0,0.10050796913791815,-0.10050796913791815,0.10050796913791815
7.9,89.1,87.2,60.7,1,0.8303183910009554,0.1696816089990446,0.1696816089990446
7.45,80.0,50.9,56.6,1,0.714455047365493,0.28554495263450697,0.28554495263450697
6.46,79.0,52.1,44.5,0,0.4772870678222231,-0.4772870678222231,0.4772870678222231
8.52,76.1,73.3,86.3,1,1.1455220259778938,-0.14552202597789377,0.14552202597789377
5.99,84.4,76.6,66.7,0,0.6837020405840623,-0.6837020405840623,0.6837020405840623
9.6,61.4,63.0,58.0,1,0.9211508923968431,0.07884910760315689,0.07884910760315689
9.87,69.7,98.0,76.7,1,1.1748181345679245,-0.1748181345679245,0.1748181345679245
4.08,51.5,30.2,39.8,0,0.1184210132216057,-0.1184210132216057,0.1184210132216057
9.11,62.6,51.3,57.3,1,0.8624157000259772,0.13758429997402277,0.13758429997402277
8.2,71.8,51.6,53.9,1,0.7479810814804343,0.2520189185195657,0.2520189185195657
8.17,71.0,52.4,53.3,1,0.7368801913984703,0.2631198086015297,0.2631198086015297
9.13,88.8,71.4,64.7,1,0.9997227151487152,0.00027728485128475366,0.00027728485128475366
4.39,52.9,21.7,33.6,0,0.08498337164375458,-0.08498337164375458,0.08498337164375458
8.91,83.4,63.8,70.5,1,1.0276758455659527,-0.027675845565952706,0.027675845565952706
9.99,76.0,65.9,67.6,1,1.0955197597358053,-0.09551975973580529,0.09551975973580529
8.24,81.9,83.0,66.5,1,0.9141688869108832,0.08583111308911684,0.08583111308911684
6.41,74.5,57.9,41.3,1,0.4294458929471704,0.5705541070528296,0.5705541070528296
6.59,65.5,54.6,41.4,1,0.4312168733147278,0.5687831266852722,0.5687831266852722
8.38,58.3,75.1,82.4,1,1.0538309755216084,-0.053830975521608426,0.053830975521608426
7.34,81.1,58.2,66.5,1,0.8137847570308564,0.1862152429691436,0.1862152429691436
6.29,70.8,49.7,64.8,1,0.6633122587385781,0.33668774126142187,0.33668774126142187
7.22,80.7,71.2,92.2,1,1.081632573488191,-0.08163257348819108,0.08163257348819108
5.65,49.5,26.0,25.4,0,0.12242919612342984,-0.12242919612342984,0.12242919612342984
5.25,43.5,30.3,27.5,0,0.09214791044181359,-0.09214791044181359,0.09214791044181359
8.94,89.2,69.4,75.0,1,1.0920267738795624,-0.09202677387956237,0.09202677387956237
5.98,77.5,53.3,54.1,0,0.5283311312187032,-0.5283311312187032,0.5283311312187032
6.34,69.0,61.3,49.0,0,0.49547179386356033,-0.49547179386356033,0.49547179386356033
7.18,66.0,66.2,51.4,0,0.6047516367270324,-0.6047516367270324,0.6047516367270324
9.92,86.6,78.2,81.6,1,1.263069568313068,-0.26306956831306794,0.26306956831306794
9.84,99.8,97.2,51.9,1,0.9613639958379491,0.03863600416205093,0.03863600416205093
10.0,70.1,92.5,68.9,1,1.103641801232016,-0.10364180123201594,0.10364180123201594
8.57,68.7,71.7,65.9,1,0.914493329159005,0.08550667084099495,0.08550667084099495
9.85,83.9,72.7,77.3,1,1.202789090331931,-0.20278909033193093,0.20278909033193093
7.18,90.8,74.9,75.9,1,0.9209181793728572,0.07908182062714275,0.07908182062714275
7.02,79.6,62.3,44.5,1,0.5390562881307274,0.46094371186927263,0.46094371186927263
10.0,86.2,81.3,71.3,1,1.1593932590311327,-0.15939325903113266,0.15939325903113266
8.31,87.6,90.4,60.2,1,0.8655784555740335,0.13442154442596654,0.13442154442596654
8.25,72.8,61.3,53.9,1,0.7568540130138773,0.24314598698612266,0.24314598698612266
6.57,90.1,65.1,78.1,1,0.8776518290245222,0.12234817097547779,0.12234817097547779
9.14,84.7,63.5,81.7,1,1.1759461674150056,-0.17594616741500557,0.17594616741500557
9.97,74.7,84.1,55.6,1,0.9636874770121563,0.03631252298784371,0.03631252298784371
7.12,78.4,50.9,60.1,1,0.7146337728412434,0.2853662271587566,0.2853662271587566
5.66,57.3,63.3,47.8,1,0.3883548126321049,0.6116451873678951,0.6116451873678951
7.17,71.3,50.3,50.0,0,0.5961919874181251,-0.5961919874181251,0.5961919874181251
5.83,54.5,36.1,27.3,0,0.17351290073600534,-0.17351290073600534,0.17351290073600534
5.83,83.1,46.6,53.8,0,0.5191604315768138,-0.5191604315768138,0.5191604315768138
9.03,61.2,51.7,60.6,1,0.8871565491941317,0.11284345080586833,0.11284345080586833
6.52,74.3,59.6,58.8,1,0.6309012377137523,0.3690987622862477,0.3690987622862477
5.33,85.5,56.8,59.7,0,0.537123631603727,-0.537123631603727,0.537123631603727
5.02,46.4,21.0,34.1,0,0.1437393637844484,-0.1437393637844484,0.1437393637844484
6.66,60.7,54.1,63.2,0,0.6657481095015699,-0.6657481095015699,0.6657481095015699
8.11,63.1,51.3,46.0,1,0.6356223001385272,0.36437769986147284,0.36437769986147284
9.37,74.9,80.0,74.5,1,1.1055238014553166,-0.10552380145531659,0.10552380145531659
5.37,45.0,26.3,25.9,0,0.08964959371789061,-0.08964959371789061,0.08964959371789061
7.65,67.4,65.0,47.6,1,0.6154310882380117,0.38456891176198826,0.38456891176198826
7.93,78.0,74.6,71.7,1,0.9289577778272987,0.07104222217270129,0.07104222217270129
7.0,83.1,90.0,88.2,1,1.023004205612437,-0.0230042056124371,0.0230042056124371
9.9,78.3,88.5,74.4,1,1.1682611720714986,-0.1682611720714986,0.1682611720714986
9.1,62.3,52.3,47.1,1,0.7502048846397501,0.2497951153602499,0.2497951153602499
8.67,86.0,72.9,84.0,1,1.155680876193455,-0.15568087619345494,0.15568087619345494
4.19,63.5,45.3,39.5,0,0.15285786375634458,-0.15285786375634458,0.15285786375634458
7.73,60.9,50.4,61.9,1,0.7638421314501974,0.23615786854980259,0.23615786854980259
6.88,69.8,45.3,47.5,0,0.5347752620612046,-0.5347752620612046,0.5347752620612046
7.07,66.3,60.3,42.0,1,0.490717754914073,0.509282245085927,0.509282245085927
9.15,82.9,89.8,70.1,1,1.052010126192171,-0.05201012619217105,0.05201012619217105
7.48,64.0,48.5,65.0,1,0.776987622592291,0.22301237740770896,0.22301237740770896
5.34,57.6,29.6,27.4,0,0.1280805923129914,-0.1280805923129914,0.1280805923129914
8.92,72.7,78.0,75.2,1,1.0611728338553434,-0.061172833855343445,0.061172833855343445
7.69,73.4,54.0,59.4,1,0.7576490191069724,0.24235098089302765,0.24235098089302765
8.61,79.6,70.7,68.5,1,0.9681523327422635,0.03184766725773647,0.03184766725773647
8.76,78.8,75.0,42.9,1,0.7051394608649894,0.29486053913501065,0.29486053913501065
9.37,83.8,68.0,61.9,1,0.9841490939132834,0.015850906086716576,0.015850906086716576
4.0,49.8,25.3,30.0,0,-0.0005585064484799895,0.0005585064484799895,0.0005585064484799895
8.03,67.3,50.2,48.4,1,0.6613292045315556,0.33867079546844436,0.33867079546844436
9.46,79.2,75.4,78.4,1,1.1649806760463925,-0.16498067604639255,0.16498067604639255
6.75,69.8,56.9,53.7,1,0.5904065627406904,0.40959343725930963,0.40959343725930963
9.47,75.5,69.9,77.4,1,1.1469725217064388,-0.14697252170643882,0.14697252170643882
9.71,96.1,98.8,46.4,1,0.8809981708281635,0.11900182917183655,0.11900182917183655
9.73,79.6,56.6,68.9,1,1.0877904446177937,-0.08779044461779373,0.08779044461779373
5.41,50.7,27.5,28.9,0,0.13781872501174142,-0.13781872501174142,0.13781872501174142
6.82,79.2,67.7,75.5,1,0.8547421375843388,0.1452578624156612,0.1452578624156612
6.29,75.8,62.4,51.1,1,0.5265537944870483,0.4734462055129517,0.4734462055129517
10.0,68.0,89.5,80.5,1,1.2249488066828635,-0.22494880668286354,0.22494880668286354
9.9,70.3,70.4,72.5,1,1.1288392808603747,-0.12883928086037466,0.12883928086037466
6.49,46.5,25.6,35.5,0,0.31440366826646604,-0.31440366826646604,0.31440366826646604
7.44,76.4,58.8,40.7,1,0.5350584632506842,0.4649415367493158,0.4649415367493158
7.46,60.0,57.0,48.5,1,0.5893430696194711,0.41065693038052886,0.41065693038052886
7.81,90.9,76.4,90.0,1,1.140661556143845,-0.1406615561438449,0.1406615561438449
7.55,84.6,80.9,67.5,1,0.8574553999169693,0.14254460008303071,0.14254460008303071
8.41,61.6,52.1,56.5,1,0.7783400875220293,0.22165991247797068,0.22165991247797068
8.92,67.8,70.2,73.7,1,1.0339370497332903,-0.03393704973329026,0.03393704973329026
8.25,72.8,59.7,63.9,0,0.8651511985603496,-0.8651511985603496,0.8651511985603496
8.66,71.0,65.7,85.0,1,1.1348118398984104,-0.1348118398984104,0.1348118398984104
9.04,73.0,72.2,62.8,1,0.9387557861524781,0.06124421384752188,0.06124421384752188
7.6,55.4,52.8,46.5,1,0.5725947263916492,0.4274052736083508,0.4274052736083508
6.52,47.3,24.5,27.6,0,0.23316867188234947,-0.23316867188234947,0.23316867188234947
7.68,65.9,73.2,63.0,1,0.7842366344204735,0.21576336557952647,0.21576336557952647
6.74,64.8,24.0,24.1,0,0.25255791849150355,-0.25255791849150355,0.25255791849150355
6.03,60.6,50.8,60.2,1,0.5662105130907581,0.4337894869092419,0.4337894869092419
5.76,73.8,51.0,49.3,1,0.44544153406602593,0.5545584659339741,0.5545584659339741
9.76,91.4,67.5,63.0,1,1.0519113724025453,-0.051911372402545286,0.051911372402545286
4.58,50.5,25.4,32.1,0,0.0845850194008193,-0.0845850194008193,0.0845850194008193
5.38,43.5,31.3,32.4,0,0.15917974796752887,-0.15917974796752887,0.15917974796752887
6.6,44.4,28.0,24.1,0,0.19848063008949912,-0.19848063008949912,0.19848063008949912
4.85,62.5,61.8,40.4,1,0.23284160061963288,0.7671583993803671,0.7671583993803671
7.67,60.1,66.0,46.2,1,0.5881731011071075,0.4118268988928925,0.4118268988928925
8.35,66.1,47.9,53.9,1,0.7519236060930902,0.24807639390690983,0.24807639390690983
4.35,44.6,37.1,32.0,0,0.04974280392245245,-0.04974280392245245,0.04974280392245245
10.0,84.6,59.5,54.7,1,0.97230556106156,0.027694438938440036,0.027694438938440036
5.35,68.6,54.9,43.8,0,0.3330981898778492,-0.3330981898778492,0.3330981898778492
9.05,73.4,77.0,67.7,1,0.994610461084397,0.005389538915603009,0.005389538915603009
7.78,60.9,51.9,51.3,1,0.6542681971213918,0.34573180287860816,0.34573180287860816
6.53,86.4,58.2,51.8,1,0.5794675651461688,0.4205324348538312,0.4205324348538312
7.79,100.0,89.3,68.9,1,0.9295421461288625,0.07045785387113745,0.07045785387113745
7.37,62.8,48.7,62.2,1,0.7327064061731995,0.2672935938268005,0.2672935938268005
9.77,94.7,88.7,61.9,1,1.051115554661377,-0.05111555466137707,0.05111555466137707
8.03,66.7,57.4,55.1,1,0.7341220754514183,0.2658779245485817,0.2658779245485817
8.61,69.4,66.1,64.7,1,0.9060870555218598,0.09391294447814025,0.09391294447814025
5.01,40.2,30.6,30.3,0,0.09089880155051122,-0.09089880155051122,0.09089880155051122
7.3,78.0,51.7,44.9,1,0.5678746179453075,0.43212538205469253,0.43212538205469253
9.68,90.6,71.7,68.4,1,1.1012782972748623,-0.10127829727486226,0.10127829727486226
6.32,69.6,64.4,53.0,1,0.5385049455923653,0.4614950544076347,0.4614950544076347
5.02,80.9,81.8,83.2,1,0.75492157104891,0.24507842895109,0.24507842895109
4.49,33.8,9.2,76.9,1,0.5259732066949426,0.47402679330505737,0.47402679330505737
9.43,64.5,56.3,55.4,1,0.8799994833860519,0.12000051661394806,0.12000051661394806
7.77,67.1,63.7,54.7,1,0.7043160452520666,0.2956839547479334,0.2956839547479334
6.11,68.5,86.5,76.7,1,0.7753593083436935,0.2246406916563065,0.2246406916563065
9.33,73.1,82.9,86.6,1,1.2296514579908555,-0.2296514579908555,0.2296514579908555
9.93,99.5,98.9,82.2,1,1.2994911072826874,-0.29949110728268735,0.29949110728268735
6.06,73.9,40.0,58.8,0,0.5784295879070017,-0.5784295879070017,0.5784295879070017
9.7,74.2,97.4,79.2,1,1.1928268421203554,-0.1928268421203554,0.1928268421203554
9.05,87.7,91.7,59.8,1,0.9394208410662289,0.06057915893377108,0.06057915893377108
9.69,88.7,80.2,64.8,1,1.0609645591350474,-0.06096455913504739,0.06096455913504739
8.88,65.6,49.7,46.8,1,0.7298623817676703,0.27013761823232973,0.27013761823232973
6.48,50.2,22.9,28.6,0,0.2452420158410039,-0.2452420158410039,0.2452420158410039
9.13,83.7,67.9,70.0,1,1.0466558589391566,-0.04665585893915658,0.04665585893915658
8.67,100.0,72.3,63.8,1,0.9637500068581201,0.03624999314187993,0.03624999314187993
6.2,55.6,23.7,31.9,0,0.2623820742595545,-0.2623820742595545,0.2623820742595545
7.57,72.6,96.5,80.1,1,0.975460654190513,0.024539345809487023,0.024539345809487023
5.64,61.5,55.5,63.0,0,0.5581936870861429,-0.5581936870861429,0.5581936870861429
4.26,32.3,1.5,47.6,1,0.17943295858458608,0.8205670414154139,0.8205670414154139
9.06,100.0,83.0,77.3,1,1.1531310962461094,-0.15313109624610943,0.15313109624610943
7.83,69.3,57.7,56.3,1,0.7312876340451006,0.26871236595489945,0.26871236595489945
8.99,62.1,59.4,51.4,1,0.7861491104199921,0.21385088958000786,0.21385088958000786
7.82,74.4,68.9,85.6,1,1.0602705677204476,-0.06027056772044759,0.06027056772044759
9.04,82.9,82.4,100.0,1,1.3638123255811387,-0.36381232558113874,0.36381232558113874
6.25,55.6,33.8,31.2,0,0.26176025169771056,-0.26176025169771056,0.26176025169771056
7.9,55.3,38.2,51.2,1,0.652462112971207,0.34753788702879296,0.34753788702879296
7.72,63.3,67.8,54.4,1,0.6890442997552132,0.3109557002447868,0.3109557002447868
5.57,77.2,58.8,63.1,1,0.5833068349795562,0.41669316502044385,0.41669316502044385
6.53,67.4,54.3,65.1,0,0.6859015633734123,-0.6859015633734123,0.6859015633734123
7.5,86.0,53.3,53.4,1,0.6971552542128087,0.30284474578719134,0.30284474578719134
7.48,64.0,63.9,60.0,1,0.7253305176341499,0.2746694823658501,0.2746694823658501
6.39,66.6,61.2,47.7,1,0.48188369347629323,0.5181163065237068,0.5181163065237068
6.78,82.2,76.3,89.5,1,1.0098937127420857,-0.009893712742085725,0.009893712742085725
4.54,44.3,33.4,27.9,0,0.023975890561368396,-0.023975890561368396,0.023975890561368396
7.19,93.0,78.9,75.6,1,0.9237133941399219,0.07628660586007807,0.07628660586007807
9.59,85.8,76.2,74.1,1,1.1450502248615342,-0.14505022486153418,0.14505022486153418
6.51,64.2,47.1,50.7,0,0.5199480336757373,-0.5199480336757373,0.5199480336757373
6.02,47.1,50.1,53.8,1,0.4690533814916801,0.5309466185083199,0.5309466185083199
4.57,39.1,27.7,25.7,0,-0.00793765629295018,0.00793765629295018,0.00793765629295018
6.73,80.2,61.0,57.4,0,0.6495916205471867,-0.6495916205471867,0.6495916205471867
5.96,63.7,58.9,56.9,0,0.530493865535887,-0.530493865535887,0.530493865535887
8.47,74.1,82.7,80.9,1,1.079317486656386,-0.07931748665638594,0.07931748665638594
7.75,64.1,61.1,54.9,1,0.6980526534670483,0.30194734653295174,0.30194734653295174
9.19,76.0,70.0,67.0,1,1.005632735065836,-0.005632735065836059,0.005632735065836059
8.33,86.4,57.4,47.0,1,0.7163804070789656,0.28361959292103445,0.28361959292103445
8.71,79.7,100.0,74.4,1,1.0479141755572772,-0.04791417555727717,0.04791417555727717
7.25,80.8,62.2,65.2,1,0.7903061441651357,0.20969385583486433,0.20969385583486433
4.05,49.4,21.9,28.4,0,-0.014040661573241353,0.014040661573241353,0.014040661573241353
5.32,53.2,22.9,29.9,0,0.1433403503926517,-0.1433403503926517,0.1433403503926517
5.14,55.5,26.6,27.8,0,0.10677082653546965,-0.10677082653546965,0.10677082653546965
7.19,78.1,48.8,37.4,0,0.47458840883894393,-0.47458840883894393,0.47458840883894393
9.34,78.8,78.6,66.9,1,1.0272748858281533,-0.027274885828153295,0.027274885828153295
6.22,89.9,85.0,70.2,1,0.7581029553532602,0.24189704464673978,0.24189704464673978
6.76,82.6,81.8,58.1,1,0.6686052068720533,0.33139479312794673,0.33139479312794673
4.99,41.1,30.6,32.0,0,0.10902071640179767,-0.10902071640179767,0.10902071640179767
7.8,85.9,83.9,79.2,1,1.0138191894259743,-0.013819189425974265,0.013819189425974265
9.78,96.3,58.8,79.9,1,1.2456313928551168,-0.24563139285511681,0.24563139285511681
6.71,69.0,65.7,57.2,1,0.6241337578931757,0.3758662421068243,0.3758662421068243
9.76,66.1,96.3,91.8,1,1.3198419508993129,-0.3198419508993129,0.3198419508993129
9.9,80.0,62.6,86.1,1,1.294205771605374,-0.2942057716053741,0.2942057716053741
6.29,79.6,54.9,65.0,1,0.6836463071891529,0.31635369281084713,0.31635369281084713
8.26,75.9,53.4,50.8,1,0.728985619913361,0.27101438008663903,0.27101438008663903
7.11,58.7,57.2,52.3,1,0.5913001494152331,0.4086998505847669,0.4086998505847669
10.0,60.1,82.0,80.3,1,1.2059890520140266,-0.20598905201402662,0.20598905201402662
5.91,81.7,65.1,44.5,1,0.42700605425702143,0.5729939457429786,0.5729939457429786
4.34,46.8,26.6,27.4,0,0.0012765870889843711,-0.0012765870889843711,0.0012765870889843711
8.39,64.9,53.7,46.8,1,0.6776764211173006,0.32232357888269936,0.32232357888269936
4.38,56.6,28.3,26.6,0,0.01632306057346755,-0.01632306057346755,0.01632306057346755
7.61,71.6,49.7,53.0,1,0.6754894561250931,0.32451054387490685,0.32451054387490685
8.04,74.4,54.1,57.9,1,0.7801253566077521,0.21987464339224794,0.21987464339224794
4.78,37.0,24.8,28.3,0,0.037742236195323575,-0.037742236195323575,0.037742236195323575
6.04,60.7,56.7,41.8,1,0.3686953484134988,0.6313046515865012,0.6313046515865012
6.62,82.6,67.7,72.3,1,0.8056560806989702,0.1943439193010298,0.1943439193010298
8.04,70.6,51.3,48.6,1,0.671217454088287,0.32878254591171296,0.32878254591171296
7.04,80.3,41.8,49.8,1,0.5965761662845029,0.40342383371549706,0.40342383371549706
8.3,94.6,90.3,66.0,1,0.9412229031703897,0.0587770968296103,0.0587770968296103
4.09,48.1,30.3,27.2,0,-0.02398403383336889,0.02398403383336889,0.02398403383336889
5.81,80.9,49.5,50.4,0,0.47632081146933103,-0.47632081146933103,0.47632081146933103
7.67,92.1,93.3,81.3,1,1.0367324772952005,-0.03673247729520046,0.03673247729520046
7.04,62.2,54.0,44.5,1,0.5055837964688285,0.49441620353117155,0.49441620353117155
7.22,79.1,61.1,79.5,1,0.9388838666374434,0.06111613336255661,0.06111613336255661
6.57,69.9,49.3,52.0,1,0.5519326884061911,0.44806731159380886,0.44806731159380886
5.29,69.1,54.1,51.8,0,0.4144939637098136,-0.4144939637098136,0.4144939637098136
4.66,53.2,33.6,29.6,0,0.07254940471334292,-0.07254940471334292,0.07254940471334292
6.08,37.9,24.9,35.6,0,0.2554001268412457,-0.2554001268412457,0.2554001268412457
5.06,83.2,51.4,54.1,0,0.44251320973878927,-0.44251320973878927,0.44251320973878927
8.28,87.2,72.8,78.7,1,1.0594919778876504,-0.05949197788765037,0.05949197788765037
9.11,80.0,61.4,81.4,1,1.1599514162968974,-0.15995141629689735,0.15995141629689735
4.29,50.2,27.4,27.1,0,-0.00042399541369519955,0.00042399541369519955,0.00042399541369519955
8.5,70.0,65.1,76.6,1,1.0247328673587655,-0.024732867358765454,0.024732867358765454
6.68,78.7,68.7,73.6,1,0.8185902122752388,0.18140978772476124,0.18140978772476124
8.65,77.7,84.7,86.9,1,1.17078438228751,-0.17078438228750992,0.17078438228750992
8.26,61.9,55.5,59.5,1,0.796316704921134,0.20368329507886596,0.20368329507886596
10.0,81.6,66.4,82.2,1,1.2661618698315,-0.26616186983150003,0.26616186983150003
8.93,67.6,61.3,62.1,1,0.9071350910004666,0.09286490899953337,0.09286490899953337
5.25,40.6,26.2,33.7,0,0.15306880078033303,-0.15306880078033303,0.15306880078033303
7.52,89.6,74.7,78.6,1,0.9835730944226057,0.016426905577394346,0.016426905577394346
4.99,65.4,61.4,53.5,0,0.39540600401625847,-0.39540600401625847,0.39540600401625847
8.7,77.1,73.2,58.8,1,0.8678162466585039,0.13218375334149612,0.13218375334149612
9.11,78.2,71.1,86.8,1,1.216701064635998,-0.21670106463599792,0.21670106463599792
4.12,56.4,16.8,34.2,0,0.06915778432516795,-0.06915778432516795,0.06915778432516795
7.59,59.1,51.0,49.1,1,0.6067283728731799,0.39327162712682007,0.39327162712682007
9.8,89.6,82.4,70.4,1,1.1354660688017653,-0.13546606880176526,0.13546606880176526
4.0,48.7,19.0,29.1,0,-0.013564328873638565,0.013564328873638565,0.013564328873638565
7.88,68.6,42.5,57.2,1,0.7423454375337989,0.2576545624662011,0.2576545624662011
6.38,72.6,63.0,49.2,1,0.5092040806423556,0.49079591935764444,0.49079591935764444
8.07,53.0,58.5,46.5,1,0.6182485740837588,0.3817514259162412,0.3817514259162412
9.9,74.0,76.9,77.6,1,1.192582783370784,-0.19258278337078405,0.19258278337078405
5.74,73.8,48.6,46.1,0,0.40818769043848946,-0.40818769043848946,0.40818769043848946
4.35,46.8,25.2,29.5,0,0.02488833055719686,-0.02488833055719686,0.02488833055719686
7.48,82.4,49.6,48.1,1,0.6298126647151793,0.37018733528482073,0.37018733528482073
4.51,47.3,26.0,28.9,0,0.036306681158616905,-0.036306681158616905,0.036306681158616905
6.5,77.6,60.8,58.0,1,0.6267968118921415,0.37320318810785846,0.37320318810785846
7.29,76.5,85.1,69.2,1,0.8334044171029217,0.16659558289707832,0.16659558289707832
9.53,89.6,60.2,74.2,1,1.1445598672466222,-0.14455986724662218,0.14455986724662218
8.33,78.8,80.4,79.8,1,1.0614961458381535,-0.06149614583815355,0.06149614583815355
6.05,41.7,24.3,29.3,0,0.19120555055788213,-0.19120555055788213,0.19120555055788213
8.69,65.0,52.9,51.7,1,0.7624627997906016,0.2375372002093984,0.2375372002093984
6.29,77.4,64.6,48.5,1,0.5018419228002827,0.4981580771997173,0.4981580771997173
4.89,60.1,22.9,31.5,0,0.12906800886125813,-0.12906800886125813,0.12906800886125813
7.25,57.3,60.8,47.2,1,0.5485080196195421,0.4514919803804579,0.4514919803804579
7.79,75.7,57.0,56.5,1,0.7416997887682758,0.2583002112317242,0.2583002112317242
6.62,91.4,100.0,67.7,1,0.7785010319466271,0.22149896805337288,0.22149896805337288
8.73,89.3,76.3,68.5,1,1.0007608963950747,-0.0007608963950747061,0.0007608963950747061
5.58,78.5,50.4,55.1,0,0.49862012967833913,-0.49862012967833913,0.49862012967833913
8.07,83.8,83.3,65.4,1,0.8881418427318689,0.11185815726813109,0.11185815726813109
7.83,87.0,85.1,81.6,1,1.045392949243082,-0.045392949243082015,0.045392949243082015
6.17,73.0,60.8,52.5,0,0.5233730397997621,-0.5233730397997621,0.5233730397997621
5.91,67.3,61.9,55.4,1,0.5165329053199182,0.48346709468008175,0.48346709468008175
4.0,42.6,30.5,25.2,0,-0.06591914287436496,0.06591914287436496,0.06591914287436496
5.65,54.9,48.4,44.4,0,0.3431359114798488,-0.3431359114798488,0.3431359114798488
8.33,79.8,76.1,69.4,1,0.9498124154262754,0.05018758457372463,0.05018758457372463
5.32,48.6,34.1,29.3,0,0.12970716318404185,-0.12970716318404185,0.12970716318404185
6.68,74.3,60.0,54.4,1,0.600013093626394,0.399986906373606,0.399986906373606
8.06,80.8,81.2,58.1,1,0.8015870128359769,0.1984129871640231,0.1984129871640231
9.0,65.9,52.0,50.9,1,0.7879684696092323,0.21203153039076772,0.21203153039076772
6.04,72.0,57.5,43.5,0,0.4094718169784276,-0.4094718169784276,0.4094718169784276
6.9,68.0,52.3,42.1,1,0.47591012436121904,0.524089875638781,0.524089875638781
8.69,77.0,48.2,44.2,1,0.7037902556808967,0.2962097443191033,0.2962097443191033
6.24,75.8,51.4,41.7,0,0.41736610462347723,-0.41736610462347723,0.41736610462347723
7.61,72.8,72.8,66.8,1,0.8316140965085773,0.16838590349142268,0.16838590349142268
4.91,46.6,34.6,31.1,0,0.1023217884234,-0.1023217884234,0.1023217884234
6.05,75.0,61.2,59.2,0,0.5874986758927837,-0.5874986758927837,0.5874986758927837
7.19,62.8,42.3,64.6,1,0.7387547942086085,0.26124520579139154,0.26124520579139154
6.52,71.9,58.5,51.5,0,0.5467458225707945,-0.5467458225707945,0.5467458225707945
6.62,49.3,26.2,30.1,0,0.27503658892481553,-0.27503658892481553,0.27503658892481553
8.38,82.3,63.3,90.6,1,1.1879592503736722,-0.18795925037367223,0.18795925037367223
6.29,42.9,34.2,26.3,0,0.187901377062342,-0.187901377062342,0.187901377062342
6.18,78.1,55.7,67.6,0,0.6975064728668868,-0.6975064728668868,0.6975064728668868
8.76,75.3,46.5,54.3,1,0.8171751530562897,0.18282484694371026,0.18282484694371026
4.0,46.5,28.5,29.1,0,-0.0162619714759783,0.0162619714759783,0.0162619714759783
9.24,53.5,70.6,51.0,1,0.7931075832674047,0.20689241673259529,0.20689241673259529
5.75,68.5,49.4,39.9,1,0.33165715577378385,0.6683428442262161,0.6683428442262161
7.41,64.0,56.7,61.9,1,0.7373738399103998,0.26262616008960016,0.26262616008960016
8.46,80.9,86.5,83.8,1,1.123749483677278,-0.1237494836772779,0.1237494836772779
6.01,36.2,31.2,33.2,0,0.21972475816649595,-0.21972475816649595,0.21972475816649595
4.13,35.1,2.9,62.6,1,0.33436210419971435,0.6656378958002857,0.6656378958002857
5.73,64.0,45.6,59.0,0,0.527442062602734,-0.527442062602734,0.527442062602734
7.53,71.7,48.7,48.1,1,0.6139084581468947,0.38609154185310535,0.38609154185310535
4.94,56.6,57.1,54.3,0,0.38082803324057724,-0.38082803324057724,0.38082803324057724
5.65,96.8,85.7,68.1,1,0.6890664021343634,0.31093359786563657,0.31093359786563657
9.03,78.7,77.6,74.2,1,1.0735861063545769,-0.07358610635457685,0.07358610635457685
8.24,68.9,60.5,59.0,1,0.8033813188666162,0.19661868113338377,0.19661868113338377
4.44,33.5,0.9,33.4,0,0.04643287365115911,-0.04643287365115911,0.04643287365115911
7.55,60.8,65.1,58.3,1,0.7081527863173577,0.2918472136826423,0.2918472136826423
7.92,83.2,99.6,70.8,1,0.9326099088366223,0.06739009116337769,0.06739009116337769
8.15,69.0,34.7,56.9,0,0.7669169617415074,-0.7669169617415074,0.7669169617415074
6.13,59.0,65.1,62.1,0,0.5966472509790369,-0.5966472509790369,0.5966472509790369
9.7,85.4,75.3,86.7,1,1.292469849963977,-0.29246984996397707,0.29246984996397707
7.4,66.7,59.3,48.1,1,0.5922400779660023,0.4077599220339977,0.4077599220339977
8.53,76.1,75.7,77.9,1,1.0557835023050504,-0.05578350230505036,0.05578350230505036
8.27,77.6,47.3,54.7,1,0.7746752166888867,0.22532478331111327,0.22532478331111327
6.69,77.8,42.2,63.1,1,0.699353372175293,0.30064662782470697,0.30064662782470697
7.37,71.6,64.9,84.8,1,0.9981149076653614,0.0018850923346386272,0.0018850923346386272
5.86,58.8,26.7,38.1,0,0.30075867584190885,-0.30075867584190885,0.30075867584190885
7.21,65.5,52.4,50.2,1,0.5915394104560802,0.40846058954391984,0.40846058954391984
4.26,33.5,5.9,45.3,1,0.15756838402222517,0.8424316159777748,0.8424316159777748
8.66,71.9,80.1,80.0,1,1.0847508735274607,-0.08475087352746069,0.08475087352746069
8.37,68.0,56.4,53.7,1,0.75703442390484,0.24296557609516,0.24296557609516
9.88,76.3,73.0,75.5,1,1.1715308157585458,-0.17153081575854578,0.17153081575854578
8.57,79.0,75.0,52.6,1,0.7908779861253262,0.20912201387467377,0.20912201387467377
5.62,50.7,26.0,29.4,0,0.16506028633028869,-0.16506028633028869,0.16506028633028869
6.87,69.9,53.9,47.0,1,0.5299597433910229,0.4700402566089771,0.4700402566089771
5.51,71.0,53.7,45.0,0,0.36744776803531176,-0.36744776803531176,0.36744776803531176
8.87,79.9,68.9,84.8,1,1.1727271142911184,-0.17272711429111842,0.17272711429111842
8.91,92.0,64.6,87.9,1,1.233607202550298,-0.233607202550298,0.233607202550298
9.97,78.5,86.6,79.1,1,1.2267139045125002,-0.22671390451250018,0.22671390451250018
9.29,73.9,64.0,73.7,1,1.0837374400074387,-0.08373744000743866,0.08373744000743866
6.07,68.0,64.9,45.8,0,0.4310061024685651,-0.4310061024685651,0.4310061024685651
7.79,86.8,87.0,75.2,1,0.9716359963325599,0.028364003667440074,0.028364003667440074
8.12,85.1,49.2,56.2,1,0.7902446330167386,0.20975536698326136,0.20975536698326136
8.54,81.9,92.7,88.2,1,1.1829487577022664,-0.18294875770226637,0.18294875770226637
6.58,55.9,31.8,32.8,0,0.31405901368473377,-0.31405901368473377,0.31405901368473377
7.12,76.8,49.5,61.0,0,0.7210252261060931,-0.7210252261060931,0.7210252261060931
7.36,92.8,87.7,82.6,1,1.0186870519369475,-0.01868705193694753,0.01868705193694753
9.58,74.6,74.6,60.9,1,0.9784268811954094,0.021573118804590563,0.021573118804590563
8.05,80.4,79.4,71.5,1,0.9449277997669717,0.05507220023302828,0.05507220023302828
8.42,83.1,70.9,69.9,1,0.9702899252388172,0.029710074761182814,0.029710074761182814
8.51,69.6,49.8,51.7,1,0.7520477302725713,0.24795226972742868,0.24795226972742868
5.15,43.2,31.5,26.4,0,0.06931197655703147,-0.06931197655703147,0.06931197655703147
6.68,60.8,59.4,58.5,1,0.617922669528958,0.382077330471042,0.382077330471042
8.36,89.9,79.8,70.8,1,0.9886236617139584,0.011376338286041565,0.011376338286041565
7.53,83.8,81.2,71.9,1,0.9016052035075709,0.0983947964924291,0.0983947964924291
6.64,81.4,45.9,61.5,1,0.6844261646014981,0.3155738353985019,0.3155738353985019
9.5,77.6,81.0,77.8,1,1.1604847682445292,-0.16048476824452917,0.16048476824452917
6.38,75.8,53.4,58.8,1,0.6180751728183437,0.3819248271816563,0.3819248271816563
8.54,65.8,54.0,65.8,1,0.901541421756675,0.09845857824332505,0.09845857824332505
9.19,80.5,85.6,86.1,1,1.2244979452554117,-0.22449794525541167,0.22449794525541167
6.58,84.7,60.6,86.8,1,0.9617901760340494,0.03820982396595063,0.03820982396595063
9.9,93.7,83.9,80.4,1,1.2628500312086959,-0.2628500312086959,0.2628500312086959
5.81,68.4,57.3,51.8,0,0.4683129835458618,-0.4683129835458618,0.4683129835458618
6.19,51.5,32.4,37.6,0,0.31665214755624393,-0.31665214755624393,0.31665214755624393
8.38,71.4,61.0,75.4,1,1.0011422421743021,-0.0011422421743021438,0.0011422421743021438
6.08,49.4,30.5,41.8,0,0.3462449357288001,-0.3462449357288001,0.3462449357288001
4.5,37.0,0.1,46.8,1,0.20495673527141822,0.7950432647285818,0.7950432647285818
9.96,99.4,97.1,64.1,1,1.1056282377526143,-0.10562823775261432,0.10562823775261432
10.0,73.8,87.9,73.1,1,1.1557197701259194,-0.15571977012591942,0.15571977012591942
10.0,68.8,74.3,81.2,1,1.2315253233401982,-0.23152532334019815,0.23152532334019815
8.84,98.2,79.2,88.9,1,1.2517705805229138,-0.2517705805229138,0.2517705805229138
6.64,50.2,29.4,27.8,0,0.25448011695130524,-0.25448011695130524,0.25448011695130524
7.66,71.0,61.1,49.9,1,0.6478547653366552,0.3521452346633448,0.3521452346633448
8.46,67.4,48.3,65.1,1,0.8877025115066904,0.11229748849330956,0.11229748849330956
6.84,71.6,55.0,51.8,1,0.582445715589795,0.41755428441020503,0.41755428441020503
8.47,63.0,53.7,48.7,1,0.7029821247779596,0.2970178752220404,0.2970178752220404
4.89,55.2,27.9,33.8,0,0.14527322844034318,-0.14527322844034318,0.14527322844034318
6.07,48.5,25.4,28.1,0,0.1938157184396233,-0.1938157184396233,0.1938157184396233
6.42,60.1,57.2,43.4,1,0.4249084763099772,0.5750915236900228,0.5750915236900228
6.45,70.2,56.2,62.2,0,0.6518298603352538,-0.6518298603352538,0.6518298603352538
7.21,69.0,68.2,37.6,1,0.4643080381285044,0.5356919618714956,0.5356919618714956
5.08,50.4,30.4,35.4,0,0.1736154303887273,-0.1736154303887273,0.1736154303887273
6.27,50.4,31.6,28.6,0,0.2250502643631075,-0.2250502643631075,0.2250502643631075
7.33,70.5,60.7,46.3,1,0.5730397789946015,0.42696022100539854,0.42696022100539854
6.97,68.3,50.6,60.7,0,0.685505909775456,-0.685505909775456,0.685505909775456
7.12,73.1,45.5,58.9,1,0.690279415813665,0.30972058418633497,0.30972058418633497
9.82,69.9,77.8,54.5,1,0.9254831973409302,0.07451680265906979,0.07451680265906979
7.82,82.5,52.3,57.3,1,0.7660851385236237,0.2339148614763763,0.2339148614763763
8.92,94.6,70.5,76.6,1,1.1180846435008656,-0.11808464350086556,0.11808464350086556
8.15,73.3,63.3,47.9,1,0.6825256672200767,0.3174743327799233,0.3174743327799233
9.07,74.5,88.1,72.3,1,1.050708198043281,-0.05070819804328108,0.05070819804328108
4.06,35.7,3.3,69.2,1,0.3999082301912814,0.6000917698087186,0.6000917698087186
5.8,48.0,30.7,26.0,0,0.14256440570596163,-0.14256440570596163,0.14256440570596163
8.45,87.6,81.7,66.4,1,0.9461200247855027,0.05387997521449728,0.05387997521449728
7.03,60.2,59.2,47.2,0,0.5308080340514488,-0.5308080340514488,0.5308080340514488
9.96,97.2,99.1,48.7,1,0.9344525742998305,0.06554742570016947,0.06554742570016947
6.47,62.2,61.1,46.5,1,0.4686078166469029,0.5313921833530971,0.5313921833530971
7.7,60.8,51.8,53.5,1,0.6695330243237124,0.3304669756762876,0.3304669756762876
7.26,75.1,50.5,49.5,1,0.6077155330238152,0.3922844669761848,0.3922844669761848
8.49,65.5,57.4,56.1,1,0.790965053499738,0.209034946500262,0.209034946500262
5.25,44.4,32.1,25.6,0,0.07359352580164658,-0.07359352580164658,0.07359352580164658
4.55,42.3,29.1,25.6,0,-0.004604346199392539,0.004604346199392539,0.004604346199392539
5.53,96.6,78.8,65.2,1,0.6434000618444332,0.3565999381555668,0.3565999381555668
7.42,75.9,98.1,60.3,1,0.751479282950762,0.24852071704923795,0.24852071704923795
6.33,70.0,54.6,77.7,1,0.8068371788171095,0.19316282118289052,0.19316282118289052
9.0,74.4,49.5,45.6,1,0.7466859608140727,0.2533140391859273,0.2533140391859273
6.92,63.4,52.6,52.9,1,0.5862887225222698,0.4137112774777302,0.4137112774777302
7.74,100.0,89.3,70.8,1,0.9449159592160746,0.05508404078392537,0.05508404078392537
6.38,69.9,59.8,48.2,0,0.49250061327791383,-0.49250061327791383,0.49250061327791383
10.0,88.6,90.8,76.4,1,1.2210966833494754,-0.2210966833494754,0.2210966833494754
8.01,57.4,56.1,56.0,1,0.7233129251805616,0.27668707481943844,0.27668707481943844
7.97,70.1,52.3,38.8,1,0.5566513923962059,0.44334860760379413,0.44334860760379413
6.93,55.9,30.4,35.3,1,0.37774436826886826,0.6222556317311317,0.6222556317311317
9.79,83.2,62.7,79.5,1,1.2172884369458852,-0.21728843694588518,0.21728843694588518
5.48,79.2,76.9,74.1,1,0.7002908881384516,0.29970911186154836,0.29970911186154836
6.49,74.4,80.5,84.7,1,0.9127082951249746,0.08729170487502536,0.08729170487502536
6.93,51.8,58.0,56.6,0,0.6056601811603456,-0.6056601811603456,0.6056601811603456
5.48,46.7,25.2,29.6,0,0.14453009468126798,-0.14453009468126798,0.14453009468126798
7.65,88.3,74.0,86.0,1,1.0749053557863713,-0.07490535578637125,0.07490535578637125
4.47,41.8,26.6,32.1,0,0.05615087893853998,-0.05615087893853998,0.05615087893853998
7.67,69.4,61.4,49.7,1,0.6436445045075495,0.3563554954924505,0.3563554954924505
6.79,63.1,55.7,59.2,1,0.6409662722476793,0.3590337277523207,0.3590337277523207
6.18,76.0,62.2,48.5,1,0.4871240602034653,0.5128759397965347,0.5128759397965347
7.15,49.0,32.2,31.7,0,0.3485408096407646,-0.3485408096407646,0.3485408096407646
7.85,76.9,49.5,48.1,1,0.657882079214822,0.342117920785178,0.342117920785178
6.8,59.2,54.3,45.5,1,0.48538097650144085,0.5146190234985591,0.5146190234985591
4.28,54.7,26.7,24.9,0,-0.016645863633007907,0.016645863633007907,0.016645863633007907
8.95,72.5,61.1,80.0,1,1.1131626577117077,-0.11316265771170775,0.11316265771170775
7.68,73.4,47.1,57.4,1,0.7337065841339335,0.2662934158660665,0.2662934158660665
9.14,81.2,75.3,72.6,1,1.0722900866959564,-0.07229008669595638,0.07229008669595638
7.43,71.1,55.1,60.0,1,0.7325122669038869,0.26748773309611307,0.26748773309611307
7.6,75.2,69.9,49.4,1,0.6458675497975489,0.3541324502024511,0.3541324502024511
9.78,78.7,63.6,49.8,1,0.8851036045173909,0.1148963954826091,0.1148963954826091
8.4,75.0,77.2,71.5,1,0.9707333475188255,0.02926665248117455,0.02926665248117455
9.32,73.1,71.4,83.6,1,1.1940670111755085,-0.1940670111755085,0.1940670111755085
6.66,54.9,57.3,53.7,1,0.5517665050501902,0.4482334949498098,0.4482334949498098
7.68,61.2,48.6,44.9,1,0.5742999784556736,0.4257000215443264,0.4257000215443264
7.13,62.6,58.6,52.6,1,0.6045540610827246,0.3954459389172754,0.3954459389172754
10.0,91.6,88.0,75.5,1,1.2167368382826673,-0.21673683828266732,0.21673683828266732
7.49,49.8,57.2,60.4,1,0.7017048832454545,0.29829511675454545,0.29829511675454545
6.44,79.8,56.4,51.7,0,0.5556600911224835,-0.5556600911224835,0.5556600911224835
6.09,79.3,62.5,56.9,1,0.5753943151894357,0.42460568481056427,0.42460568481056427
6.22,65.8,46.0,55.5,0,0.5445387118275052,-0.5445387118275052,0.5445387118275052
8.59,78.1,75.2,83.9,1,1.131071944757311,-0.131071944757311,0.131071944757311
8.78,66.3,47.8,52.2,1,0.7790311780603102,0.2209688219396898,0.2209688219396898
9.74,97.0,67.4,61.8,1,1.0477574187702476,-0.04775741877024764,0.04775741877024764
9.7,87.6,81.4,71.5,1,1.1328028877650742,-0.1328028877650742,0.1328028877650742
6.39,46.1,62.9,50.9,1,0.4766727559094889,0.5233272440905111,0.5233272440905111
6.58,83.4,51.0,56.5,1,0.6286321270472822,0.3713678729527178,0.3713678729527178
8.5,78.8,73.0,75.3,1,1.029242136609228,-0.02924213660922792,0.02924213660922792
5.72,81.2,54.4,49.9,0,0.4628592604518472,-0.4628592604518472,0.4628592604518472
4.91,38.1,24.2,26.7,0,0.03608979560123793,-0.03608979560123793,0.03608979560123793
4.95,50.6,27.0,30.3,0,0.10439524836882053,-0.10439524836882053,0.10439524836882053
7.58,72.7,54.3,66.7,1,0.8240223443649836,0.17597765563501644,0.17597765563501644
7.44,60.7,55.6,55.0,0,0.658947163174857,-0.658947163174857,0.658947163174857
7.26,74.6,45.3,43.6,1,0.5417901717388857,0.45820982826111434,0.45820982826111434
9.53,63.4,51.8,49.7,1,0.8256961819863943,0.17430381801360573,0.17430381801360573
7.12,66.9,59.8,50.9,1,0.5936923191916398,0.4063076808083602,0.4063076808083602
4.12,54.8,18.7,22.7,0,-0.05851469728454861,0.05851469728454861,0.05851469728454861
5.34,74.5,62.8,58.1,0,0.5002331196976463,-0.5002331196976463,0.5002331196976463
5.33,50.5,19.4,39.0,0,0.2372925215774312,-0.2372925215774312,0.2372925215774312
6.08,39.0,18.2,29.2,0,0.18693123673773548,-0.18693123673773548,0.18693123673773548
5.77,51.9,30.8,26.9,0,0.15685615636529782,-0.15685615636529782,0.15685615636529782
7.53,87.5,59.0,50.7,1,0.6749113627554747,0.3250886372445253,0.3250886372445253
6.88,72.5,68.8,62.6,1,0.7080269390706434,0.2919730609293566,0.2919730609293566
7.74,82.5,55.3,52.1,1,0.701733323361217,0.29826667663878303,0.29826667663878303
9.22,79.1,75.9,74.6,1,1.0983912628671084,-0.09839126286710842,0.09839126286710842
6.91,70.5,54.5,40.8,1,0.4681300763461326,0.5318699236538674,0.5318699236538674
6.04,65.4,61.5,65.9,0,0.6403952725256078,-0.6403952725256078,0.6403952725256078
7.24,82.3,59.3,48.2,1,0.6071356180288477,0.39286438197115225,0.39286438197115225
5.61,48.8,26.9,33.1,0,0.20060406191350488,-0.20060406191350488,0.20060406191350488
5.51,71.1,59.2,54.7,1,0.4738957705864443,0.5261042294135557,0.5261042294135557
9.91,74.3,83.6,66.7,1,1.0770244272068639,-0.07702442720686387,0.07702442720686387
7.39,68.1,56.9,42.0,1,0.5273001125131588,0.4726998874868412,0.4726998874868412
7.02,66.9,55.2,55.8,0,0.6355976808382323,-0.6355976808382323,0.6355976808382323
7.64,77.5,53.3,56.6,1,0.7299240742867653,0.2700759257132347,0.2700759257132347
6.8,68.6,59.6,52.4,1,0.5796519998511213,0.42034800014887874,0.42034800014887874
8.44,53.8,55.2,61.4,1,0.8199090638325447,0.1800909361674553,0.1800909361674553
4.07,51.2,31.4,31.0,0,0.02144415934843258,-0.02144415934843258,0.02144415934843258
9.6,89.7,62.4,62.3,1,1.0232893802379897,-0.023289380237989654,0.023289380237989654
7.12,63.5,64.9,48.5,0,0.5618312452573565,-0.5618312452573565,0.5618312452573565
8.1,74.4,73.0,67.8,1,0.8971405974986563,0.10285940250134373,0.10285940250134373
5.5,68.3,50.5,52.4,0,0.440892383984551,-0.440892383984551,0.440892383984551
6.8,66.9,55.1,56.1,1,0.6157177918394644,0.3842822081605356,0.3842822081605356
7.0,77.2,79.1,69.6,1,0.8076212234153458,0.1923787765846542,0.1923787765846542
6.86,42.4,23.3,35.0,0,0.3394174793994972,-0.3394174793994972,0.3394174793994972
4.03,30.3,5.9,59.0,0,0.2758568415310997,-0.2758568415310997,0.2758568415310997
5.65,68.5,47.1,52.0,0,0.4521255742972411,-0.4521255742972411,0.4521255742972411
8.47,60.1,56.7,61.1,1,0.8324281687443157,0.1675718312556843,0.1675718312556843
7.88,69.4,48.0,52.2,1,0.6905693776683502,0.30943062233164975,0.30943062233164975
7.1,70.4,42.6,58.3,1,0.6758681405281598,0.3241318594718402,0.3241318594718402
6.0,83.8,78.9,81.1,1,0.8403087066678533,0.1596912933321467,0.1596912933321467
7.89,95.4,60.7,74.3,1,0.9847682895028292,0.015231710497170758,0.015231710497170758
6.81,58.4,54.2,54.3,1,0.5803861371196702,0.41961386288032976,0.41961386288032976
5.06,49.6,28.7,33.8,0,0.1522817990944122,-0.1522817990944122,0.1522817990944122
6.88,66.7,67.7,55.2,1,0.6161112875772395,0.38388871242276046,0.38388871242276046
5.5,75.3,51.5,51.2,0,0.44177629464559465,-0.44177629464559465,0.44177629464559465
8.96,78.0,90.2,86.0,1,1.1951186499369433,-0.19511864993694328,0.19511864993694328
8.79,61.9,59.7,55.3,1,0.8071319547075574,0.1928680452924426,0.1928680452924426
5.2,42.0,28.4,38.1,0,0.1987089374345784,-0.1987089374345784,0.1987089374345784
6.99,66.1,61.9,53.0,1,0.6016181753057804,0.39838182469421957,0.39838182469421957
6.37,64.4,60.8,44.8,0,0.4439094401280105,-0.4439094401280105,0.4439094401280105
4.95,62.4,39.0,42.9,0,0.26640608997428805,-0.26640608997428805,0.26640608997428805
5.99,65.8,53.9,58.7,0,0.5564584810263434,-0.5564584810263434,0.5564584810263434
5.35,75.4,61.2,51.8,0,0.43437853237542356,-0.43437853237542356,0.43437853237542356
5.39,86.7,83.1,79.9,1,0.7695847313701757,0.2304152686298243,0.2304152686298243
9.92,97.6,97.4,70.9,1,1.1717699852645196,-0.1717699852645196,0.1717699852645196
6.79,55.3,53.5,52.2,0,0.5492795184033047,-0.5492795184033047,0.5492795184033047
5.41,40.7,28.6,26.7,0,0.0944900076402383,-0.0944900076402383,0.0944900076402383
6.2,95.7,55.9,73.6,1,0.7993350793548634,0.20066492064513664,0.20066492064513664
6.68,50.0,25.3,36.5,0,0.35204755270610344,-0.35204755270610344,0.35204755270610344
9.88,72.7,71.0,84.5,1,1.2618355650840125,-0.2618355650840125,0.2618355650840125
8.52,76.6,73.0,59.7,1,0.8576555808380549,0.14234441916194507,0.14234441916194507
7.89,64.5,64.6,60.3,1,0.7727757721337857,0.22722422786621432,0.22722422786621432
8.94,68.3,77.8,72.6,1,1.0263746248325853,-0.026374624832585347,0.026374624832585347
10.0,90.9,89.1,77.3,1,1.2350930248885628,-0.23509302488856276,0.23509302488856276
8.89,69.9,64.3,56.4,1,0.8460735143566555,0.15392648564334455,0.15392648564334455
7.43,84.3,46.8,46.6,1,0.6115246683184986,0.3884753316815014,0.3884753316815014
6.85,71.6,40.5,52.6,0,0.5897078167285222,-0.5897078167285222,0.5897078167285222
5.13,46.2,24.0,29.2,0,0.10221924866873533,-0.10221924866873533,0.10221924866873533
7.37,84.2,53.7,49.3,1,0.6355143676270628,0.3644856323729372,0.3644856323729372
4.11,49.7,25.6,25.6,0,-0.03691455506839014,0.03691455506839014,0.03691455506839014
7.88,74.2,55.3,56.5,1,0.7479231901248041,0.2520768098751959,0.2520768098751959
6.18,65.9,62.3,58.2,0,0.5726269512705865,-0.5726269512705865,0.5726269512705865
9.78,80.9,61.9,71.4,1,1.1236440026156385,-0.12364400261563846,0.12364400261563846
9.72,97.2,96.5,34.5,0,0.7546174220915464,-0.7546174220915464,0.7546174220915464
10.0,100.0,73.1,79.0,1,1.2686837597869745,-0.26868375978697445,0.26868375978697445
4.84,91.8,76.1,69.0,1,0.6022606110467731,0.3977393889532269,0.3977393889532269
8.1,85.6,82.4,81.7,1,1.0716440198247699,-0.07164401982476987,0.07164401982476987
5.67,71.2,43.0,51.3,1,0.4512281713403895,0.5487718286596105,0.5487718286596105
7.87,85.2,86.3,69.6,1,0.9159835055968816,0.08401649440311842,0.08401649440311842
8.67,84.2,60.7,79.2,1,1.0979516629967416,-0.09795166299674163,0.09795166299674163
9.69,83.8,91.3,60.7,1,1.0087257986047615,-0.008725798604761525,0.008725798604761525
7.09,69.6,42.2,51.9,0,0.6036935518361487,-0.6036935518361487,0.6036935518361487
9.51,77.4,93.5,78.1,1,1.1665332844245397,-0.16653328442453974,0.16653328442453974
9.6,87.3,74.4,86.5,1,1.2833656878517496,-0.28336568785174965,0.28336568785174965
7.8,64.6,65.9,50.8,1,0.6605940592259311,0.33940594077406894,0.33940594077406894
6.69,64.3,53.7,59.2,1,0.632471631021455,0.367528368978545,0.367528368978545
8.48,87.4,95.2,92.0,1,1.2291236727310992,-0.22912367273109924,0.22912367273109924
8.61,86.5,83.4,78.0,1,1.0870066779045193,-0.08700667790451933,0.08700667790451933
6.54,77.5,48.4,58.8,1,0.6373736857228823,0.36262631427711767,0.36262631427711767
9.95,79.5,86.5,86.5,1,1.3069000926301526,-0.3069000926301526,0.3069000926301526
9.74,78.5,79.8,54.2,1,0.9310427877984521,0.06895721220154793,0.06895721220154793
7.22,58.6,58.5,56.4,0,0.6473994421566479,-0.6473994421566479,0.6473994421566479
6.02,67.2,56.8,41.5,0,0.37611363346644444,-0.37611363346644444,0.37611363346644444
4.78,52.9,32.9,30.3,0,0.0920518074411073,-0.0920518074411073,0.0920518074411073
5.53,53.6,25.1,27.9,0,0.1448559991363062,-0.1448559991363062,0.1448559991363062
6.34,78.8,54.0,51.9,0,0.5449497782816052,-0.5449497782816052,0.5449497782816052
5.39,48.6,33.1,34.3,0,0.19117796759678118,-0.19117796759678118,0.19117796759678118
9.03,60.6,60.3,52.2,1,0.7962472896908667,0.20375271030913333,0.20375271030913333
9.2,80.4,75.3,83.8,1,1.1986236960940317,-0.19862369609403174,0.19862369609403174
8.71,100.0,83.7,76.0,1,1.1023547138035745,-0.10235471380357453,0.10235471380357453
6.15,44.4,26.8,26.0,0,0.17161342558730353,-0.17161342558730353,0.17161342558730353
5.7,59.9,52.0,53.9,0,0.46196198602357763,-0.46196198602357763,0.46196198602357763
4.26,50.8,25.2,24.1,0,-0.03534535155088603,0.03534535155088603,0.03534535155088603
8.08,62.4,58.8,51.6,1,0.6931746135706535,0.30682538642934654,0.30682538642934654
5.7,56.9,32.5,33.8,0,0.23451886628283936,-0.23451886628283936,0.23451886628283936
8.63,89.9,74.1,86.1,1,1.182137862780794,-0.1821378627807939,0.1821378627807939
7.2,52.7,23.9,35.2,1,0.39764198803800854,0.6023580119619915,0.6023580119619915
6.28,71.3,56.9,42.7,0,0.4245313829202956,-0.4245313829202956,0.4245313829202956
7.9,68.1,50.7,55.3,1,0.7242366862548072,0.2757633137451928,0.2757633137451928
6.95,59.5,56.4,69.0,1,0.7572318893012465,0.24276811069875348,0.24276811069875348
9.59,64.0,48.6,61.5,1,0.9607462629512825,0.039253737048717485,0.039253737048717485
6.11,71.4,61.4,59.3,0,0.5878567900311097,-0.5878567900311097,0.5878567900311097
4.26,94.2,70.5,64.6,1,0.49729296381813304,0.502707036181867,0.502707036181867
9.47,70.5,76.5,67.9,1,1.035141605357393,-0.03514160535739297,0.03514160535739297
5.85,44.6,32.4,30.6,0,0.1913768097165368,-0.1913768097165368,0.1913768097165368
7.35,57.8,48.6,55.7,0,0.6502013915304753,-0.6502013915304753,0.6502013915304753
6.36,79.8,44.0,49.5,1,0.5212513358568117,0.4787486641431883,0.4787486641431883
9.8,98.5,98.5,22.1,0,0.6312909177084384,-0.6312909177084384,0.6312909177084384
5.37,44.6,19.8,29.3,0,0.12466900698943906,-0.12466900698943906,0.12466900698943906
6.42,63.7,50.7,61.0,1,0.6219500025732453,0.3780499974267547,0.3780499974267547
6.19,71.0,69.3,70.5,1,0.7184255844409652,0.28157441555903484,0.28157441555903484
6.85,71.9,65.3,49.4,1,0.5597863903981072,0.4402136096018928,0.4402136096018928
10.0,99.6,84.1,76.7,1,1.2448045170146225,-0.24480451701462247,0.24480451701462247
8.56,83.9,71.6,56.9,1,0.845551249065215,0.15444875093478505,0.15444875093478505
9.94,73.2,77.1,84.9,1,1.2745063229807383,-0.2745063229807383,0.2745063229807383
4.43,49.6,33.0,28.9,0,0.0336091085643101,-0.0336091085643101,0.0336091085643101
9.81,70.1,76.5,84.0,1,1.2448852308997789,-0.24488523089977887,0.24488523089977887
9.84,74.9,80.6,73.7,1,1.1463331527195257,-0.14633315271952574,0.14633315271952574
9.81,74.7,80.2,84.8,1,1.263232505384729,-0.2632325053847291,0.2632325053847291
8.48,74.4,73.9,67.8,1,0.9372286082445097,0.06277139175549029,0.06277139175549029
6.61,62.9,72.4,77.6,1,0.8242764126646113,0.17572358733538873,0.17572358733538873
6.11,50.3,25.1,35.8,0,0.2851007976229122,-0.2851007976229122,0.2851007976229122
8.89,64.5,58.0,52.1,1,0.7877124927921902,0.21228750720780976,0.21228750720780976
7.34,62.3,60.3,36.2,1,0.4482690916743267,0.5517309083256733,0.5517309083256733
8.83,78.5,83.9,74.6,1,1.057593270886775,-0.057593270886775016,0.057593270886775016
9.0,76.6,51.6,52.0,1,0.8208480858769601,0.17915191412303988,0.17915191412303988
6.89,66.8,55.5,50.3,0,0.5620771647731552,-0.5620771647731552,0.5620771647731552
6.72,60.5,47.9,41.6,0,0.4360912097787818,-0.4360912097787818,0.4360912097787818
5.97,80.7,73.7,78.4,1,0.8008690441622709,0.1991309558377291,0.1991309558377291
5.46,65.4,63.4,56.6,0,0.47879665294069806,-0.47879665294069806,0.47879665294069806
8.48,83.2,79.3,70.9,1,0.9890821520041934,0.01091784799580664,0.01091784799580664
8.79,67.0,63.4,52.9,1,0.7917183062262249,0.20828169377377515,0.20828169377377515
9.34,93.8,73.8,67.8,1,1.0656735607831216,-0.06567356078312159,0.06567356078312159
6.06,48.9,25.2,28.1,0,0.19351592183090205,-0.19351592183090205,0.19351592183090205
7.36,71.5,48.9,67.8,1,0.8095679112672075,0.1904320887327925,0.1904320887327925
7.95,79.5,89.3,79.3,1,1.0190261611451223,-0.019026161145122344,0.019026161145122344
8.24,72.9,78.5,81.2,1,1.0553313094102417,-0.05533130941024167,0.05533130941024167
6.04,44.2,32.2,26.0,0,0.16058234973992913,-0.16058234973992913,0.16058234973992913
6.94,52.2,52.8,57.5,0,0.6163802674659621,-0.6163802674659621,0.6163802674659621
4.13,45.6,34.7,37.5,0,0.08789003569147191,-0.08789003569147191,0.08789003569147191
8.26,85.2,72.2,77.3,1,1.038161748018139,-0.0381617480181391,0.0381617480181391
8.02,79.0,51.8,56.0,0,0.7660329592692606,-0.7660329592692606,0.7660329592692606
4.0,48.8,25.6,27.8,0,-0.026355859324855957,0.026355859324855957,0.026355859324855957
4.02,48.1,27.3,28.7,0,-0.01556679119793436,0.01556679119793436,0.01556679119793436
6.66,73.3,69.6,64.5,1,0.7072423495974617,0.2927576504025383,0.2927576504025383
9.46,83.1,77.8,79.6,1,1.186074745953416,-0.186074745953416,0.186074745953416
4.15,51.9,23.5,34.5,0,0.06787702072668811,-0.06787702072668811,0.06787702072668811
7.1,44.1,31.9,21.1,0,0.21853146464580686,-0.21853146464580686,0.21853146464580686
7.41,41.2,25.2,29.5,0,0.3354721992119326,-0.3354721992119326,0.3354721992119326
6.73,66.5,55.9,39.6,1,0.4285718590479962,0.5714281409520038,0.5714281409520038
7.94,82.1,46.5,48.8,1,0.6846363099057468,0.31536369009425325,0.31536369009425325
6.35,59.3,58.8,51.8,0,0.507453685107721,-0.507453685107721,0.507453685107721
8.86,73.3,72.6,85.4,1,1.165865377769642,-0.16586537776964194,0.16586537776964194
7.34,68.4,59.4,46.7,1,0.5740891427913924,0.42591085720860755,0.42591085720860755
9.65,75.5,85.7,86.8,1,1.2706411081266062,-0.27064110812660624,0.27064110812660624
7.56,74.6,48.7,56.3,1,0.7117817456967425,0.28821825430325754,0.28821825430325754
8.18,81.5,83.7,78.0,1,1.0320534259382907,-0.03205342593829075,0.03205342593829075
6.28,47.9,29.1,24.8,0,0.17951011440495301,-0.17951011440495301,0.17951011440495301
7.94,72.9,57.1,44.7,1,0.6238709019153702,0.3761290980846298,0.3761290980846298
6.79,76.8,39.5,53.5,1,0.6032111624629147,0.39678883753708527,0.39678883753708527
10.0,93.7,64.7,56.3,1,1.0084283705342991,-0.008428370534299123,0.008428370534299123
9.76,80.8,60.8,74.6,1,1.1559006381636618,-0.15590063816366184,0.15590063816366184
4.5,52.6,26.0,24.6,0,-0.0010250008687805456,0.0010250008687805456,0.0010250008687805456
6.13,55.9,23.3,26.7,0,0.1990898850293662,-0.1990898850293662,0.1990898850293662
9.18,83.0,67.2,80.0,1,1.1589869902873127,-0.15898699028731267,0.15898699028731267
9.67,82.9,79.1,82.6,1,1.2405440635269112,-0.24054406352691116,0.24054406352691116
5.63,54.9,29.5,28.9,0,0.16952496819390606,-0.16952496819390606,0.16952496819390606
6.29,61.4,46.4,66.2,1,0.6594958220944312,0.34050417790556875,0.34050417790556875
9.42,71.2,86.0,73.8,1,1.0969388509304858,-0.09693885093048582,0.09693885093048582
8.29,75.5,80.0,77.2,1,1.0225177792703048,-0.02251777927030485,0.02251777927030485
6.03,78.5,70.8,48.1,0,0.47339299640064947,-0.47339299640064947,0.47339299640064947
9.74,85.9,79.6,88.9,1,1.32227426679689,-0.3222742667968901,0.3222742667968901
9.66,81.3,96.6,77.5,1,1.1839677578349135,-0.18396775783491348,0.18396775783491348
6.78,77.6,39.2,45.6,0,0.5179090621821781,-0.5179090621821781,0.5179090621821781
5.91,64.5,51.0,57.1,0,0.5276330851142944,-0.5276330851142944,0.5276330851142944
5.14,43.5,29.9,29.1,0,0.09789092116432696,-0.09789092116432696,0.09789092116432696
4.55,55.5,25.1,31.2,0,0.08142527765507779,-0.08142527765507779,0.08142527765507779
8.73,83.5,71.1,63.1,1,0.9298596255766461,0.07014037442335386,0.07014037442335386
5.51,49.4,25.4,34.4,0,0.2051310159440084,-0.2051310159440084,0.2051310159440084
9.29,88.4,81.1,75.4,1,1.133577415577645,-0.13357741557764502,0.13357741557764502
8.41,78.3,92.0,77.8,1,1.0491873374626266,-0.0491873374626266,0.0491873374626266
8.29,77.4,75.5,64.3,1,0.8854241509991395,0.11457584900086049,0.11457584900086049
7.03,75.7,47.9,56.6,0,0.6613637256220916,-0.6613637256220916,0.6613637256220916
7.0,67.7,66.9,59.6,1,0.6783196364266845,0.32168036357331553,0.32168036357331553
6.96,62.4,64.6,46.5,1,0.5210921020429226,0.47890789795707744,0.47890789795707744
8.89,84.6,68.0,88.0,1,1.2186443752529939,-0.21864437525299385,0.21864437525299385
6.26,61.8,56.4,44.2,0,0.41998034639535275,-0.41998034639535275,0.41998034639535275
5.66,64.5,56.5,56.7,0,0.49795620167331445,-0.49795620167331445,0.49795620167331445
8.75,72.6,63.6,52.2,1,0.7909422469259341,0.20905775307406593,0.20905775307406593
7.34,75.9,46.6,53.9,1,0.6647986239074927,0.33520137609250733,0.33520137609250733
7.11,81.1,58.0,40.6,1,0.5083829067984086,0.4916170932015914,0.4916170932015914
8.23,84.0,82.4,75.9,1,1.0191941091993195,-0.01919410919931952,0.01919410919931952
7.35,76.4,45.1,51.3,0,0.6383468456283331,-0.6383468456283331,0.6383468456283331
5.92,55.9,59.4,48.3,0,0.4176930064614309,-0.4176930064614309,0.4176930064614309
4.63,42.0,26.1,31.7,0,0.06892985976146682,-0.06892985976146682,0.06892985976146682
5.57,44.6,32.2,33.7,0,0.19557408315335423,-0.19557408315335423,0.19557408315335423
6.36,73.7,56.0,51.9,1,0.5373810887246889,0.4626189112753111,0.4626189112753111
8.24,77.6,70.6,80.0,1,1.0501813103961308,-0.05018131039613083,0.05018131039613083
4.05,34.6,8.4,75.7,1,0.46813887684307887,0.5318611231569211,0.5318611231569211
6.28,69.8,55.8,55.1,1,0.5560261000697285,0.4439738999302715,0.4439738999302715
6.74,88.5,78.3,67.3,1,0.7773730075470612,0.22262699245293882,0.22262699245293882
8.41,80.0,79.6,82.0,1,1.0960080409959398,-0.09600804099593985,0.09600804099593985
8.62,75.2,71.6,78.6,1,1.0703751187505937,-0.07037511875059366,0.07037511875059366
5.94,60.0,32.2,25.8,0,0.17891883836169897,-0.17891883836169897,0.17891883836169897
8.35,73.0,54.0,47.8,1,0.700282110764075,0.299717889235925,0.299717889235925
9.08,86.5,87.2,77.1,1,1.1272764064367746,-0.12727640643677463,0.12727640643677463
9.53,78.4,85.6,71.9,1,1.1019365210688075,-0.10193652106880746,0.10193652106880746
7.8,84.1,69.8,84.8,1,1.0686787758329097,-0.06867877583290971,0.06867877583290971
8.8,92.8,77.6,66.7,1,0.995667286178605,0.004332713821394996,0.004332713821394996
6.76,51.0,34.9,26.3,0,0.25331450727401406,-0.25331450727401406,0.25331450727401406
7.82,62.6,35.5,48.0,1,0.6231822560499355,0.3768177439500645,0.3768177439500645
7.96,63.7,49.5,46.1,1,0.6218151024559587,0.3781848975440413,0.3781848975440413
8.09,79.4,86.2,69.3,1,0.9244432946947626,0.07555670530523739,0.07555670530523739
6.86,57.2,49.0,48.8,1,0.5226839457833915,0.4773160542166085,0.4773160542166085
8.97,66.1,91.4,67.7,1,0.9743299540489058,0.025670045951094234,0.025670045951094234
6.86,69.8,59.4,46.1,0,0.5198797815196913,-0.5198797815196913,0.5198797815196913
6.49,70.8,68.1,53.1,1,0.5604431712602681,0.4395568287397319,0.4395568287397319
5.46,39.5,25.8,32.1,0,0.15553892152946058,-0.15553892152946058,0.15553892152946058
7.54,38.0,29.9,25.9,0,0.3045688352283741,-0.3045688352283741,0.3045688352283741
5.45,39.1,23.1,30.9,0,0.14021359464687622,-0.14021359464687622,0.14021359464687622
9.51,82.5,85.6,73.2,1,1.1219975413524015,-0.12199754135240148,0.12199754135240148
8.07,68.4,72.6,84.5,1,1.0634533064049796,-0.06345330640497959,0.06345330640497959
8.09,76.7,55.9,44.8,1,0.6479751869143419,0.35202481308565814,0.35202481308565814
4.23,47.5,21.4,33.0,0,0.05100273743738881,-0.05100273743738881,0.05100273743738881
8.98,53.0,43.5,50.3,1,0.7525779528696458,0.2474220471303542,0.2474220471303542
5.96,70.6,66.2,54.2,0,0.5159710266316809,-0.5159710266316809,0.5159710266316809
4.17,37.2,2.7,26.8,0,-0.04602730223836471,0.04602730223836471,0.04602730223836471
6.45,60.2,48.3,51.0,0,0.5092520915342825,-0.5092520915342825,0.5092520915342825
4.17,65.1,44.1,53.5,0,0.30569054469961354,-0.30569054469961354,0.30569054469961354
9.57,65.7,74.1,67.1,1,1.0271326154673566,-0.02713261546735657,0.02713261546735657
7.52,66.6,65.7,71.8,1,0.8630582324902015,0.13694176750979847,0.13694176750979847
4.53,47.0,28.2,34.9,0,0.10333712842287235,-0.10333712842287235,0.10333712842287235
8.84,77.3,80.2,95.8,1,1.2858259321188927,-0.28582593211889273,0.28582593211889273
8.44,67.1,84.5,73.8,1,0.98564539073881,0.014354609261190032,0.014354609261190032
8.52,52.3,77.2,60.2,1,0.8160975336612754,0.18390246633872465,0.18390246633872465
5.81,44.4,24.4,33.4,0,0.21581503057002804,-0.21581503057002804,0.21581503057002804
4.79,40.8,27.9,32.5,0,0.09238142470753208,-0.09238142470753208,0.09238142470753208
6.71,69.1,59.0,57.2,1,0.623186713722231,0.376813286277769,0.376813286277769
9.85,69.4,90.0,63.2,1,1.0241923902330115,-0.02419239023301145,0.02419239023301145
8.36,57.4,43.6,53.9,1,0.7351617627845882,0.2648382372154118,0.2648382372154118
5.45,47.7,31.5,27.3,0,0.11944441734910927,-0.11944441734910927,0.11944441734910927
4.79,51.8,28.9,25.4,0,0.037061295493163615,-0.037061295493163615,0.037061295493163615
6.45,58.8,32.1,31.8,0,0.2952843937996227,-0.2952843937996227,0.2952843937996227
7.97,66.3,51.0,50.6,1,0.6770826400500992,0.3229173599499008,0.3229173599499008
6.71,49.4,27.7,29.4,0,0.2773471112532627,-0.2773471112532627,0.2773471112532627
6.29,75.0,41.9,56.2,0,0.5768558088503329,-0.5768558088503329,0.5768558088503329
8.6,78.2,72.6,77.0,1,1.0569620154551704,-0.056962015455170434,0.056962015455170434
7.79,72.7,50.8,53.4,1,0.7010956950591308,0.29890430494086917,0.29890430494086917
7.1,66.0,41.5,47.3,0,0.5476155454937325,-0.5476155454937325,0.5476155454937325
5.26,67.7,58.4,57.6,0,0.47229743334220997,-0.47229743334220997,0.47229743334220997
6.67,74.9,51.3,58.1,1,0.6388263763060952,0.3611736236939048,0.3611736236939048
6.92,78.1,54.2,78.0,1,0.8879305722833052,0.11206942771669481,0.11206942771669481
7.26,62.6,52.4,50.5,1,0.5943580619710059,0.40564193802899406,0.40564193802899406
9.64,77.5,65.9,80.1,1,1.197395480717629,-0.19739548071762902,0.19739548071762902
7.79,74.5,57.1,51.1,0,0.6807332141707935,-0.6807332141707935,0.6807332141707935
9.39,86.3,77.4,80.8,1,1.1979604858851363,-0.19796048588513626,0.19796048588513626
9.37,78.5,80.8,61.7,1,0.9737575866927591,0.026242413307240864,0.026242413307240864
6.16,52.0,81.6,75.3,1,0.7321867009002113,0.2678132990997887,0.2678132990997887
6.56,73.3,48.5,58.9,1,0.6323332521409141,0.36766674785908593,0.36766674785908593
4.61,65.3,65.4,56.0,0,0.38310042403747924,-0.38310042403747924,0.38310042403747924
6.59,68.7,58.3,53.0,0,0.5640716535617635,-0.5640716535617635,0.5640716535617635
4.4,44.3,29.5,30.1,0,0.03248312249340801,-0.03248312249340801,0.03248312249340801
4.12,37.2,0.4,57.3,1,0.2794648605711524,0.7205351394288476,0.7205351394288476
4.0,40.9,22.4,31.5,0,-0.0022394317674502284,0.0022394317674502284,0.0022394317674502284
9.83,91.5,80.0,70.1,1,1.1386820069358654,-0.1386820069358654,0.1386820069358654
9.54,86.8,88.2,75.2,1,1.1557493163923054,-0.15574931639230538,0.15574931639230538
4.12,50.6,20.6,33.5,0,0.05082036805418466,-0.05082036805418466,0.05082036805418466
8.0,61.6,69.5,68.0,1,0.8630780103079726,0.1369219896920274,0.1369219896920274
6.06,64.9,49.7,55.1,1,0.5222460237163792,0.4777539762836208,0.4777539762836208
4.27,35.5,0.8,29.2,0,-0.013122890486781058,0.013122890486781058,0.013122890486781058
5.42,72.2,37.4,56.0,0,0.4769909877310555,-0.4769909877310555,0.4769909877310555
6.1,54.8,61.0,51.3,0,0.46729401271981585,-0.46729401271981585,0.46729401271981585
6.44,46.7,24.3,30.9,0,0.2593776097514414,-0.2593776097514414,0.2593776097514414
4.93,52.4,23.9,28.3,0,0.08358395375796424,-0.08358395375796424,0.08358395375796424
7.36,71.5,53.2,58.9,1,0.7136742051004511,0.2863257948995489,0.2863257948995489
5.46,37.4,22.4,31.3,0,0.1421505876594502,-0.1421505876594502,0.1421505876594502
6.88,53.2,59.7,49.9,1,0.5307020427986121,0.4692979572013879,0.4692979572013879
9.08,88.8,83.7,65.8,1,1.008509903370657,-0.008509903370657046,0.008509903370657046
8.32,79.3,85.1,67.6,1,0.9297731684479588,0.07022683155204124,0.07022683155204124
5.2,49.7,30.3,34.5,0,0.1750637476720024,-0.1750637476720024,0.1750637476720024
9.13,79.5,90.8,84.2,1,1.1964884477396085,-0.1964884477396085,0.1964884477396085
8.05,92.3,71.5,76.2,1,1.017968541184334,-0.017968541184333997,0.017968541184333997
8.6,86.9,80.2,83.8,1,1.149165662422829,-0.14916566242282903,0.14916566242282903
4.5,33.9,29.6,28.6,0,0.006307491179721736,-0.006307491179721736,0.006307491179721736
4.01,49.7,31.4,28.1,0,-0.01929128905185573,0.01929128905185573,0.01929128905185573
7.09,69.7,50.1,63.7,1,0.7333508613425953,0.2666491386574047,0.2666491386574047
7.23,95.9,77.1,55.8,1,0.7183337870436807,0.28166621295631933,0.28166621295631933
5.57,52.0,24.3,30.6,0,0.17509610664352981,-0.17509610664352981,0.17509610664352981
7.66,58.2,41.2,35.7,1,0.4651614556003715,0.5348385443996285,0.5348385443996285
5.88,83.3,51.7,50.7,0,0.49202112534232445,-0.49202112534232445,0.49202112534232445
7.48,69.6,46.3,55.5,1,0.6844638291578747,0.31553617084212526,0.31553617084212526
9.88,63.5,93.9,77.2,1,1.1684266781546788,-0.16842667815467882,0.16842667815467882
6.09,57.6,62.0,55.0,1,0.5120814151285568,0.48791858487144324,0.48791858487144324
10.0,71.4,94.9,77.4,1,1.198888080126944,-0.19888808012694392,0.19888808012694392
7.12,71.9,83.2,75.6,1,0.8756694735178413,0.1243305264821587,0.1243305264821587
9.99,83.6,82.5,64.1,1,1.0752725152000364,-0.07527251520003642,0.07527251520003642
6.36,87.9,90.2,78.3,1,0.8577187037650479,0.14228129623495211,0.14228129623495211
4.13,51.0,30.7,34.7,0,0.06740850382935115,-0.06740850382935115,0.06740850382935115
5.51,45.7,26.1,38.5,0,0.2425007996385794,-0.2425007996385794,0.2425007996385794
9.55,59.0,59.9,54.0,1,0.8672278221833837,0.13277217781661632,0.13277217781661632
7.23,70.9,60.1,56.3,1,0.6717837942547492,0.3282162057452508,0.3282162057452508
9.38,91.5,66.0,64.8,1,1.0314599221281409,-0.03145992212814086,0.03145992212814086
5.49,49.4,22.9,28.7,0,0.1407175510046791,-0.1407175510046791,0.1407175510046791
4.82,51.3,25.2,33.7,0,0.1287143467524151,-0.1287143467524151,0.1287143467524151
4.97,52.1,23.6,30.2,0,0.10777579590891395,-0.10777579590891395,0.10777579590891395
5.35,43.2,29.6,22.7,0,0.049834877362261665,-0.049834877362261665,0.049834877362261665
7.96,70.2,54.5,41.1,1,0.5811433777697596,0.41885662223024045,0.41885662223024045
5.88,79.9,47.8,56.5,0,0.5476517875066657,-0.5476517875066657,0.5476517875066657
9.76,99.4,96.7,50.3,1,0.9347149480042783,0.06528505199572165,0.06528505199572165
4.52,33.7,27.5,25.3,0,-0.028169855621668627,0.028169855621668627,0.028169855621668627
5.43,72.0,57.3,54.9,0,0.46910248126066445,-0.46910248126066445,0.46910248126066445
9.31,78.4,74.3,65.5,1,1.0074033027904208,-0.007403302790420785,0.007403302790420785
7.35,69.2,62.6,42.1,1,0.5273143032266469,0.47268569677335315,0.47268569677335315
7.46,66.0,51.9,52.5,1,0.6436794350891079,0.35632056491089215,0.35632056491089215
5.94,47.9,26.1,25.4,0,0.14978157626868738,-0.14978157626868738,0.14978157626868738
7.37,72.0,58.7,58.4,1,0.7112167230882106,0.2887832769117894,0.2887832769117894
7.17,68.6,51.7,44.1,1,0.5270740989648438,0.4729259010351562,0.4729259010351562
5.28,78.2,48.2,54.5,0,0.45961437868322774,-0.45961437868322774,0.45961437868322774
4.23,32.5,2.1,50.6,0,0.2093463179070173,-0.2093463179070173,0.2093463179070173
8.44,83.7,52.5,44.8,1,0.6979183733185589,0.3020816266814411,0.3020816266814411
8.36,75.9,55.9,50.0,1,0.7312356859569181,0.2687643140430819,0.2687643140430819
6.14,66.9,56.4,60.7,1,0.5965221479673203,0.4034778520326797,0.4034778520326797
5.15,69.8,51.1,54.1,0,0.42561465154499134,-0.42561465154499134,0.42561465154499134
7.52,69.5,47.0,52.7,1,0.6581909349176561,0.3418090650823439,0.3418090650823439
4.75,79.2,68.2,52.1,0,0.3832356048365434,-0.3832356048365434,0.3832356048365434
9.83,85.2,69.1,79.8,1,1.229767523052097,-0.22976752305209702,0.22976752305209702
7.03,57.4,47.4,45.8,1,0.5080978591353312,0.49190214086466877,0.49190214086466877
6.08,61.9,52.7,64.3,0,0.6188550976465416,-0.6188550976465416,0.6188550976465416
4.35,33.9,6.8,66.6,1,0.39921994159511065,0.6007800584048893,0.6007800584048893
4.66,49.2,27.3,30.2,0,0.0701361311188301,-0.0701361311188301,0.0701361311188301
7.92,83.6,77.7,75.8,1,0.9839430290730687,0.016056970926931258,0.016056970926931258
4.3,36.6,30.8,35.2,0,0.062450866130908,-0.062450866130908,0.062450866130908
6.66,66.4,54.8,49.4,0,0.5272303135775359,-0.5272303135775359,0.5272303135775359
5.63,55.4,32.0,27.6,0,0.15681901266183174,-0.15681901266183174,0.15681901266183174
7.44,71.6,56.9,49.4,1,0.6197674528852543,0.38023254711474574,0.38023254711474574
9.78,98.9,96.1,33.8,0,0.7565919490939504,-0.7565919490939504,0.7565919490939504
4.86,50.1,26.4,29.6,0,0.08625324005712931,-0.08625324005712931,0.08625324005712931
6.22,62.6,53.9,37.0,0,0.3387500143826666,-0.3387500143826666,0.3387500143826666
8.51,85.7,81.5,62.1,1,0.9019762468972833,0.09802375310271672,0.09802375310271672
7.95,70.9,51.4,45.8,1,0.6319656319685111,0.3680343680314889,0.3680343680314889
8.47,67.4,55.8,50.8,1,0.7347778691394785,0.2652221308605215,0.2652221308605215
5.28,57.0,31.5,24.9,0,0.09377897607818786,-0.09377897607818786,0.09377897607818786
9.85,98.0,97.6,51.6,0,0.9556924780880213,-0.9556924780880213,0.9556924780880213
9.52,80.7,68.2,91.5,1,1.315229075337339,-0.315229075337339,0.315229075337339
5.1,54.5,51.6,44.8,0,0.28943973377531285,-0.28943973377531285,0.28943973377531285
7.66,80.9,80.8,76.5,1,0.959448039518178,0.04055196048182197,0.04055196048182197
7.72,88.1,61.3,75.2,1,0.9624459813121328,0.03755401868786723,0.03755401868786723
9.78,74.4,80.5,59.3,1,0.9826879784950512,0.017312021504948816,0.017312021504948816
6.93,68.4,52.6,34.2,1,0.3941287984620173,0.6058712015379827,0.6058712015379827
4.75,57.9,65.5,58.6,0,0.4115315036683761,-0.4115315036683761,0.4115315036683761
6.38,48.0,30.4,31.6,0,0.26426508168782814,-0.26426508168782814,0.26426508168782814
7.33,72.6,77.9,52.6,1,0.6484967047182947,0.3515032952817053,0.3515032952817053
9.18,81.3,79.8,80.1,1,1.1588856136060919,-0.15888561360609188,0.15888561360609188
8.32,76.0,84.2,86.7,1,1.130510489648091,-0.1305104896480911,0.1305104896480911
4.75,57.5,35.0,31.9,0,0.11565894235738727,-0.11565894235738727,0.11565894235738727
6.04,46.1,24.9,32.5,0,0.2336371389834263,-0.2336371389834263,0.2336371389834263
9.89,84.5,68.6,87.8,1,1.3214696452531416,-0.3214696452531416,0.3214696452531416
9.98,98.9,95.2,48.4,0,0.935969012061396,-0.935969012061396,0.935969012061396
6.83,66.0,51.3,52.6,1,0.5784556729458111,0.42154432705418887,0.42154432705418887
6.39,87.9,69.7,67.3,1,0.7379458518278342,0.26205414817216577,0.26205414817216577
5.86,51.5,53.0,58.0,1,0.506970897940359,0.493029102059641,0.493029102059641
6.75,66.8,68.6,68.9,1,0.7515406136646577,0.24845938633534226,0.24845938633534226
8.85,86.5,77.2,91.1,1,1.2533973866459593,-0.25339738664595934,0.25339738664595934
8.5,64.4,53.9,57.9,1,0.8088019174326794,0.19119808256732063,0.19119808256732063
7.79,51.0,56.3,60.5,1,0.7365198968766734,0.2634801031233266,0.2634801031233266
4.27,52.6,29.4,28.2,0,0.014469653015768191,-0.014469653015768191,0.014469653015768191
4.0,40.7,31.1,25.1,0,-0.07063234191870049,0.07063234191870049,0.07063234191870049
7.24,86.7,79.2,83.8,1,1.005679184505131,-0.005679184505130941,0.005679184505130941
5.48,58.5,30.9,28.6,0,0.15781033581197546,-0.15781033581197546,0.15781033581197546
7.7,72.0,52.6,52.7,1,0.6829706267354904,0.31702937326450964,0.31702937326450964
9.23,65.5,53.5,52.7,1,0.8311526823516163,0.16884731764838368,0.16884731764838368
7.49,66.2,45.2,56.9,1,0.6938523177123243,0.30614768228767575,0.30614768228767575
4.38,31.3,2.3,36.2,0,0.06644719468161298,-0.06644719468161298,0.06644719468161298
8.78,83.8,67.8,81.3,1,1.1327377503295941,-0.13273775032959412,0.13273775032959412
6.84,79.6,61.5,60.9,0,0.6980586307579334,-0.6980586307579334,0.6980586307579334
8.76,72.3,71.8,74.0,1,1.0294866433331666,-0.02948664333316664,0.02948664333316664
5.72,63.7,56.3,56.1,1,0.4961428152390238,0.5038571847609762,0.5038571847609762
6.48,80.3,81.9,79.3,1,0.8648506570626525,0.13514934293734748,0.13514934293734748
8.22,81.9,58.6,44.9,1,0.673391532010733,0.326608467989267,0.326608467989267
5.54,74.2,48.2,55.7,0,0.4921139672141782,-0.4921139672141782,0.4921139672141782
8.74,77.8,81.0,83.9,1,1.1472363735735254,-0.14723637357352537,0.14723637357352537
5.56,43.8,22.8,29.8,0,0.1490062021349602,-0.1490062021349602,0.1490062021349602
6.54,59.2,55.5,61.2,0,0.6287174555040546,-0.6287174555040546,0.6287174555040546
6.96,72.1,51.2,45.1,1,0.5226476156654222,0.47735238433457783,0.47735238433457783
6.01,42.6,24.8,38.3,0,0.2865672429200258,-0.2865672429200258,0.2865672429200258
8.33,71.3,47.2,59.1,1,0.8163669674415094,0.18363303255849062,0.18363303255849062
8.58,76.7,80.9,81.2,1,1.0989314445576692,-0.09893144455766922,0.09893144455766922
7.35,73.2,52.6,52.6,1,0.6474589343512754,0.35254106564872456,0.35254106564872456
9.84,96.2,99.4,60.2,1,1.0447855587633899,-0.044785558763389854,0.044785558763389854
4.09,35.1,3.1,59.6,1,0.29762154280077613,0.7023784571992239,0.7023784571992239
9.99,81.5,60.1,77.6,1,1.2138972563624493,-0.21389725636244927,0.21389725636244927
6.71,84.1,90.9,95.8,1,1.0771579875925115,-0.07715798759251147,0.07715798759251147
6.75,64.6,54.9,51.5,1,0.5559717024999885,0.4440282975000115,0.4440282975000115
4.81,38.5,29.4,27.7,0,0.038110377217082214,-0.038110377217082214,0.038110377217082214
9.75,90.8,90.6,66.3,1,1.0894527933943414,-0.08945279339434142,0.08945279339434142
6.04,69.4,63.8,60.1,0,0.5856694295590686,-0.5856694295590686,0.5856694295590686
5.24,45.4,24.6,23.0,0,0.044997585663910655,-0.044997585663910655,0.044997585663910655
4.76,62.5,65.5,59.1,0,0.427041172892049,-0.427041172892049,0.427041172892049
6.76,74.1,43.8,49.7,1,0.5542351880574473,0.4457648119425527,0.4457648119425527
5.22,43.4,32.2,34.2,0,0.16186516845411958,-0.16186516845411958,0.16186516845411958
4.48,66.1,72.2,57.1,0,0.3841122691398512,-0.3841122691398512,0.3841122691398512
4.85,43.3,31.7,29.4,0,0.07058630561886214,-0.07058630561886214,0.07058630561886214
6.44,57.8,76.4,71.4,1,0.7297682701777647,0.2702317298222353,0.2702317298222353
8.12,55.7,61.4,44.8,1,0.6108414153813208,0.38915858461867925,0.38915858461867925
8.67,89.2,71.7,76.0,1,1.0749018305720006,-0.07490183057200062,0.07490183057200062
5.72,63.4,47.1,56.6,0,0.4994124184019847,-0.4994124184019847,0.4994124184019847
7.88,75.4,60.8,59.7,1,0.7859599543166941,0.21404004568330592,0.21404004568330592
5.87,51.5,32.3,29.3,0,0.19289280535118236,-0.19289280535118236,0.19289280535118236
8.75,58.8,58.5,50.2,1,0.7412671315854588,0.25873286841454124,0.25873286841454124
9.9,86.2,81.2,83.3,1,1.2791514049722874,-0.2791514049722874,0.2791514049722874
5.12,48.6,27.8,35.6,0,0.17601319218577827,-0.17601319218577827,0.17601319218577827
9.68,76.9,62.6,48.2,1,0.8535190823005886,0.1464809176994114,0.1464809176994114
9.49,82.6,67.4,90.2,1,1.3015555950359468,-0.30155559503594676,0.30155559503594676
8.77,72.7,49.7,45.4,1,0.7170405825121452,0.2829594174878548,0.2829594174878548
5.77,67.0,58.2,57.1,1,0.5190568264774958,0.48094317352250415,0.48094317352250415
7.82,90.6,89.9,81.1,1,1.0467998050653433,-0.046799805065343314,0.046799805065343314
8.49,76.7,44.3,45.9,1,0.6999746112030564,0.3000253887969436,0.3000253887969436
9.15,64.7,60.7,54.2,1,0.8386891689052384,0.16131083109476163,0.16131083109476163
8.7,76.7,88.7,75.1,1,1.046645547283799,-0.046645547283798994,0.046645547283798994
7.56,64.4,47.7,47.6,1,0.59713139753715,0.40286860246284995,0.40286860246284995
9.9,94.9,70.5,75.8,1,1.2129767374895066,-0.21297673748950663,0.21297673748950663
5.98,47.6,29.2,34.1,0,0.24838138111960462,-0.24838138111960462,0.24838138111960462
6.22,81.6,58.1,56.3,0,0.5863061456114479,-0.5863061456114479,0.5863061456114479
9.55,88.6,68.6,72.5,1,1.1276751013118735,-0.12767510131187354,0.12767510131187354
5.36,46.5,29.1,29.6,0,0.13219213811414543,-0.13219213811414543,0.13219213811414543
6.44,58.9,59.7,50.7,0,0.5043374593817108,-0.5043374593817108,0.5043374593817108
8.19,70.3,63.1,70.8,1,0.9294316821882035,0.07056831781179651,0.07056831781179651
8.55,62.1,60.5,50.1,1,0.7259828344195741,0.2740171655804259,0.2740171655804259
6.71,70.7,61.6,55.4,1,0.6072287200001673,0.39277127999983275,0.39277127999983275
4.24,44.0,29.1,37.6,0,0.09643910694676561,-0.09643910694676561,0.09643910694676561
6.61,70.0,67.4,58.2,1,0.6267349239911587,0.3732650760088413,0.3732650760088413
4.84,49.5,28.9,27.4,0,0.059514744268645114,-0.059514744268645114,0.059514744268645114
5.42,43.2,21.4,32.5,0,0.16219071099986337,-0.16219071099986337,0.16219071099986337
9.62,74.8,75.1,82.6,1,1.218705838466526,-0.21870583846652591,0.21870583846652591
6.86,63.1,80.2,81.8,1,0.8978722443846913,0.10212775561530874,0.10212775561530874
6.23,92.3,95.3,73.6,1,0.8025368671939114,0.19746313280608863,0.19746313280608863
9.73,100.0,100.0,74.6,1,1.1971288811322007,-0.19712888113220073,0.19712888113220073
6.99,73.8,58.0,49.7,0,0.5802403231703913,-0.5802403231703913,0.5802403231703913
6.61,94.2,90.4,79.3,1,0.907250023934223,0.09274997606577695,0.09274997606577695
7.04,49.5,33.3,26.6,0,0.2827792933150578,-0.2827792933150578,0.2827792933150578
6.07,66.4,66.5,45.4,0,0.42379537599454775,-0.42379537599454775,0.42379537599454775
6.04,46.8,29.2,28.5,0,0.19231701200186857,-0.19231701200186857,0.19231701200186857
8.83,77.5,92.5,62.2,1,0.9224706819551246,0.0775293180448754,0.0775293180448754
4.0,43.6,26.3,32.0,0,0.009154979226884241,-0.009154979226884241,0.009154979226884241
6.82,46.5,56.3,61.9,1,0.6409479096421561,0.3590520903578439,0.3590520903578439
5.64,83.9,52.2,61.0,0,0.5798898986307074,-0.5798898986307074,0.5798898986307074
4.95,76.8,51.8,60.0,1,0.4825141083344274,0.5174858916655726,0.5174858916655726
7.73,70.2,45.2,48.0,1,0.6302989529061965,0.36970104709380347,0.36970104709380347
5.74,50.9,28.3,30.4,0,0.1893132945002779,-0.1893132945002779,0.1893132945002779
8.51,62.7,44.4,52.4,1,0.7451807588310341,0.2548192411689659,0.2548192411689659
6.28,66.6,55.3,41.2,0,0.39874624752319254,-0.39874624752319254,0.39874624752319254
6.39,62.0,62.7,49.3,1,0.4904806522868451,0.5095193477131549,0.5095193477131549
8.53,83.6,78.3,55.0,1,0.8223246129423628,0.1776753870576372,0.1776753870576372
8.14,75.2,74.8,91.5,1,1.1605333035949932,-0.16053330359499318,0.16053330359499318
5.85,68.7,43.3,41.4,0,0.35780340457774373,-0.35780340457774373,0.35780340457774373
7.14,65.3,66.1,59.8,1,0.6903557684382505,0.3096442315617495,0.3096442315617495
8.9,73.2,57.7,53.7,1,0.8231623947266612,0.1768376052733388,0.1768376052733388
7.34,68.4,64.3,58.8,1,0.7062952996796091,0.29370470032039087,0.29370470032039087
6.73,62.4,61.3,53.2,1,0.5691001717753129,0.4308998282246871,0.4308998282246871
7.51,72.0,57.6,51.3,1,0.648656831503981,0.351343168496019,0.351343168496019
9.91,87.2,96.8,60.2,1,1.0340303263866493,-0.03403032638664927,0.03403032638664927
9.86,99.5,99.0,87.8,1,1.3529511568300863,-0.35295115683008627,0.35295115683008627
8.24,83.0,100.0,73.3,1,0.993057095665924,0.006942904334075961,0.006942904334075961
5.24,72.0,37.6,51.2,1,0.40560248290491885,0.5943975170950812,0.5943975170950812
5.87,70.6,55.9,53.1,0,0.4928124548912908,-0.4928124548912908,0.4928124548912908
8.53,69.2,62.4,54.9,1,0.7902569630680937,0.20974303693190632,0.20974303693190632
8.09,64.5,51.3,51.7,1,0.6981538542445928,0.30184614575540725,0.30184614575540725
9.9,99.3,99.4,27.4,0,0.701066260039873,-0.701066260039873,0.701066260039873
7.99,91.9,66.0,79.7,1,1.0479388708939532,-0.04793887089395321,0.04793887089395321
6.01,49.1,30.7,30.2,0,0.21239233325396112,-0.21239233325396112,0.21239233325396112
6.43,46.8,26.4,30.3,0,0.25236716480092103,-0.25236716480092103,0.25236716480092103
8.41,83.7,90.3,88.9,1,1.180010913433081,-0.18001091343308095,0.18001091343308095
4.81,44.3,21.6,33.0,0,0.10570749772790378,-0.10570749772790378,0.10570749772790378
6.48,60.0,48.0,46.7,0,0.465275797877042,-0.465275797877042,0.465275797877042
6.64,74.8,54.5,55.7,1,0.609966574094457,0.390033425905543,0.390033425905543
9.88,80.8,77.1,64.0,1,1.0562086632295946,-0.05620866322959461,0.05620866322959461
9.17,78.5,65.5,57.0,1,0.8991005192036209,0.10089948079637912,0.10089948079637912
6.88,76.5,65.5,51.5,1,0.594803237529424,0.405196762470576,0.405196762470576
6.85,62.9,54.0,57.7,1,0.630303449718593,0.369696550281407,0.369696550281407
6.6,48.7,24.7,26.5,0,0.2324156621919512,-0.2324156621919512,0.2324156621919512
7.24,67.6,58.8,43.9,1,0.5315075517418199,0.46849244825818015,0.46849244825818015
6.67,67.0,56.3,53.1,1,0.5698860366192459,0.43011396338075414,0.43011396338075414
8.86,59.4,57.5,56.7,1,0.824404952529512,0.17559504747048804,0.17559504747048804
7.63,70.8,50.0,50.2,0,0.6456723212715315,-0.6456723212715315,0.6456723212715315
6.25,67.8,66.8,70.1,1,0.7136796720235709,0.28632032797642915,0.28632032797642915
7.03,81.3,91.4,85.4,1,0.9924625932745504,0.007537406725449558,0.007537406725449558
7.09,46.2,31.4,33.5,0,0.3561448195113873,-0.3561448195113873,0.3561448195113873
8.19,75.7,54.3,60.8,1,0.8299604688233458,0.17003953117665416,0.17003953117665416
6.97,55.3,29.1,28.1,0,0.302377726060891,-0.302377726060891,0.302377726060891
5.23,51.2,45.5,58.8,0,0.44758063812196636,-0.44758063812196636,0.44758063812196636
5.95,72.6,43.9,49.3,0,0.4618414151520974,-0.4618414151520974,0.4618414151520974
7.59,89.4,84.4,79.5,1,1.0019634402054098,-0.0019634402054098388,0.0019634402054098388
8.69,86.8,85.0,75.2,1,1.065876231612087,-0.06587623161208711,0.06587623161208711
5.0,35.5,29.9,34.1,0,0.121758564487224,-0.121758564487224,0.121758564487224
9.4,73.0,69.4,72.2,1,1.0781665923522001,-0.07816659235220014,0.07816659235220014
6.31,53.7,23.3,24.8,0,0.1930590330364207,-0.1930590330364207,0.1930590330364207
5.49,75.1,51.2,44.6,0,0.36862522539083786,-0.36862522539083786,0.36862522539083786
6.93,73.2,52.7,57.0,1,0.6511088488139652,0.34889115118603475,0.34889115118603475
7.28,48.8,52.8,56.5,1,0.634579512941524,0.36542048705847596,0.36542048705847596
6.94,74.9,62.1,48.2,0,0.5615593321299716,-0.5615593321299716,0.5615593321299716
7.31,86.1,68.9,94.5,1,1.126270114776272,-0.12627011477627192,0.12627011477627192
7.89,82.9,82.9,69.9,1,0.9162470887463076,0.08375291125369244,0.08375291125369244
6.94,64.0,57.7,42.0,1,0.4720971620211959,0.5279028379788041,0.5279028379788041
5.06,41.4,29.8,28.1,0,0.0744870797405297,-0.0744870797405297,0.0744870797405297
7.63,52.2,25.5,27.5,0,0.3585233607818493,-0.3585233607818493,0.3585233607818493
4.0,46.0,31.2,24.9,0,-0.06238226064095598,0.06238226064095598,0.06238226064095598
6.37,73.8,55.9,58.1,0,0.6059247792006311,-0.6059247792006311,0.6059247792006311
9.64,69.2,82.4,69.8,1,1.0720901555914932,-0.07209015559149323,0.07209015559149323
9.81,84.4,84.3,65.8,1,1.0766907948479618,-0.07669079484796182,0.07669079484796182
5.05,72.9,65.8,56.0,0,0.4443280923294052,-0.4443280923294052,0.4443280923294052
6.2,61.1,63.0,52.2,0,0.5002832112031784,-0.5002832112031784,0.5002832112031784
8.1,65.9,74.3,77.9,1,0.9903320346207717,0.009667965379228316,0.009667965379228316
7.68,64.7,48.7,58.3,1,0.7266719892758987,0.2733280107241013,0.2733280107241013
8.66,80.4,65.9,66.7,1,0.9546155812375942,0.04538441876240584,0.04538441876240584
7.92,84.6,76.1,75.5,1,0.9823759808172335,0.01762401918276646,0.01762401918276646
6.67,67.9,53.3,61.3,1,0.6601684602575048,0.33983153974249525,0.33983153974249525
7.08,72.6,69.3,69.5,1,0.8042401481685572,0.19575985183144284,0.19575985183144284
5.04,41.1,29.1,31.2,0,0.10533365332283529,-0.10533365332283529,0.10533365332283529
9.96,86.9,67.2,78.0,1,1.226899692104778,-0.2268996921047779,0.2268996921047779
7.4,74.5,55.3,45.6,1,0.5797270886965341,0.4202729113034659,0.4202729113034659
5.13,46.8,17.8,30.4,0,0.11536750559177589,-0.11536750559177589,0.11536750559177589
7.8,76.5,91.0,56.0,1,0.7446947569701613,0.2553052430298387,0.2553052430298387
9.58,92.1,63.6,63.5,1,1.0391322110402443,-0.039132211040244336,0.039132211040244336
5.03,45.2,30.9,28.2,0,0.080067552399259,-0.080067552399259,0.080067552399259
5.49,72.1,55.9,55.0,0,0.4764510192149879,-0.4764510192149879,0.4764510192149879
9.88,77.5,68.0,69.0,1,1.1024626379739515,-0.1024626379739515,0.1024626379739515
5.43,90.5,77.6,91.4,1,0.90516531347619,0.09483468652381,0.09483468652381
4.0,71.9,46.9,65.8,0,0.4351934085511694,-0.4351934085511694,0.4351934085511694
7.52,71.8,49.7,55.3,1,0.6913950741004743,0.3086049258995257,0.3086049258995257
8.23,71.4,85.4,79.2,1,1.030799194976118,-0.03079919497611794,0.03079919497611794
6.61,55.7,32.8,33.7,0,0.3267610819926029,-0.3267610819926029,0.3267610819926029
5.17,99.4,81.0,82.7,1,0.8014374469494295,0.19856255305057047,0.19856255305057047
8.04,62.2,46.5,57.7,1,0.752707214418964,0.24729278558103596,0.24729278558103596
7.73,62.1,50.9,55.4,1,0.6957125278425226,0.3042874721574774,0.3042874721574774
9.03,73.3,59.8,51.9,1,0.8178362059584431,0.18216379404155691,0.18216379404155691
8.77,55.1,52.8,61.2,1,0.8545600235880967,0.14543997641190332,0.14543997641190332
9.82,81.0,80.1,67.2,1,1.0855502688663292,-0.08555026886632922,0.08555026886632922
9.36,77.7,70.4,70.8,1,1.0681603487231555,-0.06816034872315546,0.06816034872315546
6.67,61.5,61.3,59.3,1,0.6272557851097126,0.3727442148902874,0.3727442148902874
7.29,77.6,53.5,54.3,1,0.6684016542147461,0.33159834578525393,0.33159834578525393
4.38,44.7,21.2,21.3,0,-0.06579164211755129,0.06579164211755129,0.06579164211755129
4.16,44.6,30.3,34.2,0,0.052500621567356576,-0.052500621567356576,0.052500621567356576
9.82,84.8,79.5,84.3,1,1.2785627376340916,-0.27856273763409156,0.27856273763409156
7.22,86.6,83.1,67.7,1,0.8292485344623298,0.17075146553767018,0.17075146553767018
6.41,87.1,74.0,83.7,1,0.9172661489651676,0.08273385103483244,0.08273385103483244
9.16,89.8,79.1,75.9,1,1.1277511874368846,-0.12775118743688463,0.12775118743688463
8.24,54.5,68.2,50.3,0,0.6819706116965368,-0.6819706116965368,0.6819706116965368
4.7,70.2,52.4,51.5,0,0.35110270958607803,-0.35110270958607803,0.35110270958607803
7.44,63.9,47.2,44.5,1,0.5497968823041323,0.45020311769586774,0.45020311769586774
7.06,75.2,71.0,66.3,1,0.7727900244136793,0.22720997558632072,0.22720997558632072
4.19,36.7,8.9,69.9,1,0.4240886606635835,0.5759113393364165,0.5759113393364165
4.0,48.0,31.3,25.4,0,-0.05301048786270146,0.05301048786270146,0.05301048786270146
9.94,71.5,75.5,65.3,1,1.058098374569712,-0.0580983745697119,0.0580983745697119
5.74,49.0,29.7,31.0,0,0.19233653110771354,-0.19233653110771354,0.19233653110771354
6.92,73.6,53.6,55.0,1,0.6292827219792222,0.3707172780207778,0.3707172780207778
7.42,76.6,62.9,61.7,1,0.7620464085462165,0.23795359145378348,0.23795359145378348
8.03,63.9,49.6,52.1,1,0.6947232638875721,0.3052767361124279,0.3052767361124279
8.43,99.2,67.1,72.4,1,1.0294408001278113,-0.02944080012781125,0.02944080012781125
8.24,71.6,52.8,47.0,1,0.6770834099631143,0.32291659003688566,0.32291659003688566
6.18,70.5,49.6,44.2,1,0.4274916347554082,0.5725083652445918,0.5725083652445918
7.91,72.3,59.3,48.2,1,0.6579153336525642,0.34208466634743584,0.34208466634743584
5.65,85.2,60.0,57.7,1,0.5489957267994484,0.4510042732005516,0.4510042732005516
8.66,95.2,79.6,84.1,1,1.1749195305278315,-0.1749195305278315,0.1749195305278315
4.27,36.6,7.7,63.0,1,0.35718136310871784,0.6428186368912822,0.6428186368912822
7.58,61.0,43.2,53.5,1,0.6558471839328016,0.3441528160671984,0.3441528160671984
8.99,69.4,53.7,56.2,1,0.8516207317470962,0.14837926825290382,0.14837926825290382
9.7,61.2,50.8,53.5,1,0.8803288026238821,0.11967119737611787,0.11967119737611787
6.82,58.3,60.0,60.1,0,0.6452012330476035,-0.6452012330476035,0.6452012330476035
7.69,83.5,78.5,72.9,1,0.9282270370707472,0.07177296292925284,0.07177296292925284
4.71,51.5,28.6,36.9,0,0.15286968260816625,-0.15286968260816625,0.15286968260816625
7.15,100.0,81.7,83.5,1,1.0194997557840924,-0.019499755784092354,0.019499755784092354
9.99,84.7,72.3,69.6,1,1.135404918735671,-0.13540491873567095,0.13540491873567095
8.98,87.4,79.7,56.8,1,0.8968567041811789,0.10314329581882109,0.10314329581882109
4.71,39.4,28.0,37.0,0,0.13009950595742537,-0.13009950595742537,0.13009950595742537
6.64,71.0,52.7,43.8,0,0.4730010628455129,-0.4730010628455129,0.4730010628455129
6.09,49.8,29.1,39.4,0,0.3217853171144226,-0.3217853171144226,0.3217853171144226
7.79,65.1,57.0,38.1,1,0.5211217326056389,0.4788782673943611,0.4788782673943611
8.84,100.0,62.9,75.9,1,1.1113812719381673,-0.11138127193816727,0.11138127193816727
7.5,87.4,81.6,87.6,1,1.076043153097237,-0.07604315309723697,0.07604315309723697
5.44,41.7,34.6,36.7,0,0.2091999481459711,-0.2091999481459711,0.2091999481459711
5.52,44.9,30.6,34.5,0,0.19932106117541493,-0.19932106117541493,0.19932106117541493
8.92,73.4,51.4,56.8,1,0.8582385020558784,0.14176149794412163,0.14176149794412163
9.83,71.4,76.8,76.8,1,1.1714197032653852,-0.17141970326538525,0.17141970326538525
8.18,70.7,75.7,78.4,1,1.0138295748972928,-0.013829574897292751,0.013829574897292751
7.83,63.0,56.6,54.2,1,0.6959326528324562,0.3040673471675438,0.3040673471675438
7.25,68.5,61.3,43.0,1,0.5249805504718249,0.4750194495281751,0.4750194495281751
6.83,77.1,72.6,54.0,1,0.6190807370308961,0.38091926296910394,0.38091926296910394
4.39,51.8,28.5,37.2,0,0.1230696636463312,-0.1230696636463312,0.1230696636463312
9.19,67.8,76.1,72.2,1,1.047032810548362,-0.04703281054836195,0.04703281054836195
7.63,70.7,67.8,73.1,1,0.8971393947344498,0.10286060526555019,0.10286060526555019
9.23,79.9,73.5,79.4,1,1.1527167959290172,-0.1527167959290172,0.1527167959290172
5.0,41.8,18.3,26.5,0,0.04963317405261691,-0.04963317405261691,0.04963317405261691
8.22,88.3,79.7,81.6,1,1.0880087996190762,-0.08800879961907615,0.08800879961907615
7.62,71.9,47.6,61.8,1,0.7723127251329523,0.22768727486704765,0.22768727486704765
5.58,40.5,24.0,29.0,0,0.13614895154828355,-0.13614895154828355,0.13614895154828355
7.71,91.4,84.5,85.8,1,1.0869168149924384,-0.08691681499243842,0.08691681499243842
6.05,48.4,35.7,30.9,0,0.22367495326934328,-0.22367495326934328,0.22367495326934328
7.45,87.6,86.7,70.1,1,0.8820536629783761,0.11794633702162394,0.11794633702162394
7.37,73.2,61.7,42.4,1,0.5403720300647293,0.45962796993527066,0.45962796993527066
5.49,46.3,24.4,26.5,0,0.1110024715944603,-0.1110024715944603,0.1110024715944603
9.96,99.5,98.4,49.0,1,0.9421053521708455,0.057894647829154544,0.057894647829154544
6.94,76.7,65.2,52.7,0,0.6144785249292982,-0.6144785249292982,0.6144785249292982
9.15,88.9,94.6,85.0,1,1.226377470764926,-0.22637747076492598,0.22637747076492598
7.44,49.6,74.7,53.2,1,0.6208735440315892,0.37912645596841077,0.37912645596841077
8.15,60.1,61.8,50.2,1,0.6813279471812411,0.3186720528187589,0.3186720528187589
5.76,55.6,66.6,58.3,1,0.5100884861041982,0.4899115138958018,0.4899115138958018
8.39,83.0,83.2,74.7,1,1.0211535988864164,-0.021153598886416436,0.021153598886416436
6.23,76.3,52.8,46.3,0,0.46747796124294216,-0.46747796124294216,0.46747796124294216
7.11,77.2,45.6,51.9,0,0.6212951200216833,-0.6212951200216833,0.6212951200216833
8.35,77.2,51.4,58.5,1,0.8242535749402135,0.17574642505978655,0.17574642505978655
6.77,52.0,52.7,60.9,1,0.6350190583807104,0.3649809416192896,0.3649809416192896
8.93,81.3,71.7,84.4,1,1.1779158980946702,-0.17791589809467023,0.17791589809467023
6.2,74.2,48.5,59.5,1,0.6027816401047864,0.3972183598952136,0.3972183598952136
7.83,80.9,80.7,75.8,1,0.9696964598134713,0.0303035401865287,0.0303035401865287
6.95,87.0,77.8,87.8,1,1.0189810219341178,-0.01898102193411777,0.01898102193411777
9.86,84.4,66.9,54.8,1,0.9595487693352799,0.04045123066472012,0.04045123066472012
8.88,84.6,82.5,86.8,1,1.2070394651019853,-0.20703946510198534,0.20703946510198534
5.46,71.0,60.9,42.9,0,0.34062216992222416,-0.34062216992222416,0.34062216992222416
6.07,65.9,49.1,54.9,0,0.522986233508188,-0.522986233508188,0.522986233508188
9.63,70.2,97.7,84.9,1,1.239554330835158,-0.23955433083515798,0.23955433083515798
8.24,75.1,79.5,74.8,1,0.990335831244746,0.009664168755253999,0.009664168755253999
9.55,79.3,61.3,79.9,1,1.1885145102769425,-0.18851451027694255,0.18851451027694255
7.52,62.0,65.0,42.1,1,0.5314549564189798,0.4685450435810202,0.4685450435810202
6.75,96.5,73.3,68.8,1,0.8095609841470678,0.19043901585293221,0.19043901585293221
7.42,75.7,50.5,59.8,1,0.7375352191560128,0.26246478084398717,0.26246478084398717
9.62,83.2,86.2,75.4,1,1.1589195150013833,-0.15891951500138335,0.15891951500138335
7.95,53.0,60.3,52.8,1,0.6743441144271195,0.3256558855728805,0.3256558855728805
8.07,92.3,77.4,69.4,1,0.9472494339810617,0.05275056601893835,0.05275056601893835
9.29,86.3,71.9,92.5,1,1.313540015875195,-0.3135400158751951,0.3135400158751951
6.88,56.5,49.4,50.0,0,0.5365082758640703,-0.5365082758640703,0.5365082758640703
6.23,64.9,51.5,52.6,0,0.5132760381720699,-0.5132760381720699,0.5132760381720699
9.25,56.9,59.7,70.9,1,1.0150276883011924,-0.015027688301192388,0.015027688301192388
8.45,73.3,61.3,51.4,1,0.7517111247035811,0.24828887529641885,0.24828887529641885
8.5,72.4,64.6,41.1,1,0.643934678427074,0.35606532157292603,0.35606532157292603
8.4,79.8,55.2,44.0,1,0.6778338028836971,0.3221661971163029,0.3221661971163029
4.98,49.7,33.2,27.5,0,0.07643954375014894,-0.07643954375014894,0.07643954375014894
6.6,53.4,24.8,34.5,0,0.3285154692631004,-0.3285154692631004,0.3285154692631004
7.1,63.8,47.4,56.8,0,0.6474452774718157,-0.6474452774718157,0.6474452774718157
8.17,64.1,52.2,52.1,1,0.7102722563704124,0.28972774362958764,0.28972774362958764
8.88,79.9,66.4,45.9,0,0.7510132191651219,-0.7510132191651219,0.7510132191651219
8.68,72.9,87.7,65.2,1,0.9294287890880911,0.07057121091190888,0.07057121091190888
7.39,79.0,87.5,77.5,1,0.939344068850677,0.060655931149322995,0.060655931149322995
5.35,51.8,29.3,29.1,0,0.13615127167348906,-0.13615127167348906,0.13615127167348906
7.51,84.4,64.0,50.9,1,0.6697486000067151,0.3302513999932849,0.3302513999932849
9.35,72.5,86.2,83.5,1,1.1974817855819166,-0.19748178558191665,0.19748178558191665
8.18,65.8,62.2,42.2,1,0.6088824048128542,0.39111759518714584,0.39111759518714584
7.44,73.4,68.3,47.1,1,0.6002752862336967,0.39972471376630325,0.39972471376630325
5.8,70.6,56.2,49.9,0,0.45076483613857266,-0.45076483613857266,0.45076483613857266
7.05,55.2,87.9,66.8,1,0.7407896469270233,0.2592103530729767,0.2592103530729767
5.79,48.5,29.3,28.5,0,0.169398695429973,-0.169398695429973,0.169398695429973
9.62,70.9,79.1,70.6,1,1.0814480842701424,-0.08144808427014238,0.08144808427014238
4.09,33.0,0.7,53.2,1,0.22360453260917768,0.7763954673908223,0.7763954673908223
8.12,66.6,49.4,53.7,1,0.7268188887772714,0.2731811112227286,0.2731811112227286
7.35,71.0,75.1,78.6,1,0.9292623256017519,0.07073767439824807,0.07073767439824807
9.33,94.5,72.0,73.5,1,1.1275746823180297,-0.1275746823180297,0.1275746823180297
9.81,65.5,56.8,52.4,1,0.8894112648635911,0.11058873513640888,0.11058873513640888
9.11,76.9,84.0,61.4,1,0.9405820476825274,0.0594179523174726,0.0594179523174726
8.92,59.7,57.3,49.0,1,0.747666114217557,0.252333885782443,0.252333885782443
8.3,74.9,67.3,57.0,1,0.8009117180365356,0.1990882819634644,0.1990882819634644
5.58,74.6,58.0,59.6,0,0.5411175866998127,-0.5411175866998127,0.5411175866998127
6.43,50.9,47.1,55.1,0,0.5332024783467101,-0.5332024783467101,0.5332024783467101
6.16,60.9,51.2,49.6,0,0.46544504095954686,-0.46544504095954686,0.46544504095954686
8.08,59.5,56.7,48.4,1,0.6523807918212622,0.3476192081787378,0.3476192081787378
8.81,96.1,90.8,90.9,1,1.2681889396614325,-0.26818893966143253,0.26818893966143253
8.6,78.1,69.9,68.6,1,0.965105961774929,0.03489403822507098,0.03489403822507098
4.19,47.0,18.8,23.0,0,-0.06319635038941507,0.06319635038941507,0.06319635038941507
7.5,51.6,27.2,31.0,0,0.3819734081516214,-0.3819734081516214,0.3819734081516214
5.6,41.3,32.3,30.6,0,0.15860887185490158,-0.15860887185490158,0.15860887185490158
6.93,81.6,47.8,83.1,1,0.9501309780156512,0.04986902198434884,0.04986902198434884
8.38,82.1,87.1,56.4,1,0.8203179266091462,0.17968207339085385,0.17968207339085385
7.53,89.7,77.7,78.1,1,0.9799037484789191,0.020096251521080855,0.020096251521080855
7.51,60.0,59.9,64.9,1,0.773147653410137,0.22685234658986297,0.22685234658986297
8.59,82.0,83.4,82.4,1,1.1238418229634606,-0.12384182296346058,0.12384182296346058
7.83,68.8,52.6,62.9,1,0.801092119378994,0.19890788062100595,0.19890788062100595
9.92,85.7,79.4,80.6,1,1.2506505371652432,-0.2506505371652432,0.2506505371652432
7.71,57.7,54.3,40.6,1,0.5248693596295447,0.47513064037045527,0.47513064037045527
7.37,72.5,58.7,54.9,1,0.6741986933627168,0.32580130663728324,0.32580130663728324
5.8,60.1,32.0,30.9,0,0.21973914990546206,-0.21973914990546206,0.21973914990546206
5.72,57.2,40.4,51.5,1,0.43072704026166997,0.56927295973833,0.56927295973833
6.4,67.7,64.2,53.6,1,0.5496623899930405,0.4503376100069595,0.4503376100069595
8.95,67.2,78.3,92.7,1,1.2435776004787886,-0.24357760047878863,0.24357760047878863
6.65,90.9,76.5,72.3,1,0.8266042328053677,0.17339576719463234,0.17339576719463234
6.19,56.1,30.6,38.8,0,0.33840365687655594,-0.33840365687655594,0.33840365687655594
4.52,44.5,30.1,29.4,0,0.0379890876156086,-0.0379890876156086,0.0379890876156086
9.73,83.8,84.2,84.4,1,1.2690292424218454,-0.26902924242184545,0.26902924242184545
8.34,78.4,52.6,60.3,1,0.8453058072883938,0.15469419271160623,0.15469419271160623
6.89,51.9,28.2,29.2,0,0.2990850843281768,-0.2990850843281768,0.2990850843281768
9.22,89.4,75.7,54.7,1,0.902522296654568,0.09747770334543204,0.09747770334543204
9.05,81.6,89.8,90.6,1,1.2615180008862228,-0.2615180008862228,0.2615180008862228
9.81,77.2,86.6,72.1,1,1.1313482239468686,-0.13134822394686863,0.13134822394686863
7.09,81.6,74.0,78.7,1,0.9236456000672965,0.07635439993270354,0.07635439993270354
8.62,77.6,80.2,68.4,1,0.9658125134838652,0.03418748651613479,0.03418748651613479
8.14,78.9,71.9,77.2,1,1.0120464604164834,-0.012046460416483384,0.012046460416483384
9.87,84.9,92.7,72.9,1,1.1624960983562,-0.16249609835620005,0.16249609835620005
8.41,69.6,79.0,71.1,1,0.9571478835561532,0.04285211644384679,0.04285211644384679
5.56,55.4,24.0,36.5,0,0.24472497277272398,-0.24472497277272398,0.24472497277272398
7.17,75.6,100.0,57.1,1,0.6901994674833768,0.3098005325166232,0.3098005325166232
8.5,72.5,70.3,70.8,1,0.9675572615623375,0.032442738437662544,0.032442738437662544
7.38,83.9,81.0,78.7,1,0.9598315474093045,0.04016845259069546,0.04016845259069546
7.96,67.7,48.8,52.1,1,0.694690175800669,0.30530982419933095,0.30530982419933095
8.05,93.1,78.2,79.3,1,1.054339143637999,-0.054339143637998966,0.054339143637998966
6.94,92.5,85.7,63.4,1,0.7651639405101324,0.23483605948986763,0.23483605948986763
5.0,69.9,55.4,51.8,1,0.3858100147438973,0.6141899852561027,0.6141899852561027
6.42,84.2,89.2,95.3,1,1.0411594090254432,-0.04115940902544324,0.04115940902544324
6.19,72.0,49.0,51.9,0,0.514983871671738,-0.514983871671738,0.514983871671738
4.61,40.3,28.1,31.2,0,0.058403569259675936,-0.058403569259675936,0.058403569259675936
6.75,62.0,52.3,42.0,1,0.4472822433611737,0.5527177566388263,0.5527177566388263
5.52,79.5,55.1,54.4,0,0.48747993080207286,-0.48747993080207286,0.48747993080207286
4.33,50.7,27.8,27.4,0,0.00808654419452115,-0.00808654419452115,0.00808654419452115
5.84,56.5,51.4,58.3,0,0.5176686443702324,-0.5176686443702324,0.5176686443702324
6.81,78.1,66.7,63.1,1,0.7167340943187196,0.2832659056812804,0.2832659056812804
6.52,80.8,72.7,67.5,1,0.7403529854860117,0.2596470145139883,0.2596470145139883
9.81,97.4,99.3,61.9,1,1.0624284321645967,-0.0624284321645967,0.0624284321645967
4.47,47.6,28.2,31.7,0,0.06346707961763454,-0.06346707961763454,0.06346707961763454
5.95,73.7,59.0,54.3,0,0.5208627486362097,-0.5208627486362097,0.5208627486362097
7.4,67.5,76.2,77.0,1,0.9104624901853656,0.08953750981463438,0.08953750981463438
7.25,58.8,60.8,48.1,1,0.5612239872930759,0.4387760127069241,0.4387760127069241
6.66,80.3,84.1,78.7,1,0.8776281802110434,0.12237181978895662,0.12237181978895662
8.67,80.8,71.4,65.1,1,0.9400190646151866,0.059980935384813416,0.059980935384813416
5.99,72.4,53.1,51.6,0,0.49219354972003704,-0.49219354972003704,0.49219354972003704
5.53,81.8,63.1,49.8,0,0.44446885791490376,-0.44446885791490376,0.44446885791490376
8.85,94.0,71.7,80.9,1,1.156440419635374,-0.15644041963537392,0.15644041963537392
9.74,94.6,71.8,73.9,1,1.1751668148998484,-0.17516681489984842,0.17516681489984842
4.4,36.7,8.5,53.8,1,0.2712913628078436,0.7287086371921564,0.7287086371921564
9.44,100.0,73.5,80.4,1,1.2251011183935137,-0.22510111839351366,0.22510111839351366
7.97,62.7,55.6,66.6,1,0.844512836102791,0.15548716389720896,0.15548716389720896
4.57,49.5,20.1,26.8,0,0.0231243515730849,-0.0231243515730849,0.0231243515730849
6.95,73.2,49.4,58.1,0,0.6645902409800365,-0.6645902409800365,0.6645902409800365
6.22,69.0,58.5,48.3,0,0.47478318718039414,-0.47478318718039414,0.47478318718039414
8.28,71.0,74.1,87.3,1,1.121282024581419,-0.12128202458141901,0.12128202458141901
5.22,49.3,28.5,29.1,0,0.11744522885845354,-0.11744522885845354,0.11744522885845354
7.04,75.4,93.6,79.6,1,0.9193359184542543,0.08066408154574567,0.08066408154574567
9.9,85.3,62.5,72.1,1,1.1525948119893465,-0.15259481198934655,0.15259481198934655
7.15,38.1,34.6,26.3,0,0.2689246765389247,-0.2689246765389247,0.2689246765389247
9.11,88.0,69.8,92.9,1,1.3019454202543863,-0.3019454202543863,0.3019454202543863
9.97,71.6,82.0,73.3,1,1.1494128065016724,-0.14941280650167243,0.14941280650167243
5.93,65.2,54.3,57.7,0,0.5381864238120712,-0.5381864238120712,0.5381864238120712
9.82,83.3,69.3,81.1,1,1.2391349896663812,-0.23913498966638125,0.23913498966638125
6.61,76.2,49.9,51.6,1,0.5642634121438027,0.4357365878561973,0.4357365878561973
6.89,64.9,53.5,58.3,1,0.6448621586166073,0.35513784138339266,0.35513784138339266
4.19,31.6,7.4,88.8,1,0.6190186105722842,0.38098138942771576,0.38098138942771576
6.56,62.6,59.2,48.3,1,0.4980696152901013,0.5019303847098987,0.5019303847098987
6.2,62.6,61.5,54.9,0,0.5322858446564541,-0.5322858446564541,0.5322858446564541
4.82,69.4,51.6,47.4,0,0.3174927900494656,-0.3174927900494656,0.3174927900494656
5.33,74.2,53.7,44.2,0,0.34612775745929325,-0.34612775745929325,0.34612775745929325
4.93,51.5,25.4,22.8,0,0.02235951617708032,-0.02235951617708032,0.02235951617708032
7.91,63.9,57.1,56.4,1,0.7300774633165156,0.2699225366834844,0.2699225366834844
5.38,53.5,30.2,34.0,0,0.19599425182061048,-0.19599425182061048,0.19599425182061048
7.92,66.8,72.7,80.9,1,1.005480543893818,-0.005480543893817913,0.005480543893817913
9.38,85.7,86.3,65.6,1,1.0322237621839703,-0.03222376218397027,0.03222376218397027
4.49,33.1,4.8,60.8,0,0.3490501158243339,-0.3490501158243339,0.3490501158243339
9.28,79.5,67.2,65.8,1,1.0084554858698072,-0.008455485869807156,0.008455485869807156
4.5,53.3,26.7,24.1,0,-0.004959888454134087,0.004959888454134087,0.004959888454134087
7.9,66.0,60.3,51.9,1,0.6848385418595054,0.31516145814049457,0.31516145814049457
7.94,69.6,62.0,55.4,1,0.7343990029896205,0.26560099701037954,0.26560099701037954
7.57,68.6,62.6,55.2,0,0.6914833701934407,-0.6914833701934407,0.6914833701934407
6.29,67.7,61.0,56.0,1,0.5636131991591392,0.4363868008408608,0.4363868008408608
8.46,63.8,83.4,70.5,1,0.9452530891695733,0.05474691083042671,0.05474691083042671
9.98,79.3,72.2,82.4,1,1.2627061055741673,-0.2627061055741673,0.2627061055741673
6.55,87.5,81.2,68.7,1,0.7711374124518539,0.22886258754814615,0.22886258754814615
5.61,72.2,64.7,43.7,0,0.36807556445820444,-0.36807556445820444,0.36807556445820444
6.68,49.7,28.2,30.0,0,0.2813828613433652,-0.2813828613433652,0.2813828613433652
7.82,69.8,79.4,65.3,1,0.832634581761743,0.167365418238257,0.167365418238257
6.55,80.5,85.3,72.8,1,0.8026091813666288,0.19739081863337116,0.19739081863337116
6.75,42.1,26.6,34.3,0,0.3202318132685046,-0.3202318132685046,0.3202318132685046
7.45,72.3,50.8,53.9,1,0.6700081649152679,0.32999183508473207,0.32999183508473207
6.62,58.8,50.4,67.3,1,0.7016969869527877,0.2983030130472123,0.2983030130472123
8.34,69.0,54.3,51.7,1,0.7337723945889608,0.2662276054110392,0.2662276054110392
9.05,64.6,67.3,53.2,1,0.818253066118198,0.18174693388180196,0.18174693388180196
8.88,64.2,59.1,48.8,1,0.7504321978528489,0.24956780214715113,0.24956780214715113
8.22,68.3,60.2,47.9,1,0.6795375029738976,0.3204624970261024,0.3204624970261024
7.92,69.1,64.8,59.9,1,0.7806500629383449,0.21934993706165506,0.21934993706165506
4.57,61.6,63.8,59.4,0,0.40827417352785644,-0.40827417352785644,0.40827417352785644
8.15,90.8,75.1,59.1,1,0.8404922074169142,0.15950779258308578,0.15950779258308578
6.26,93.1,71.4,69.3,1,0.7564963353323692,0.24350366466763085,0.24350366466763085
4.49,67.6,52.2,55.7,0,0.3694949939300133,-0.3694949939300133,0.3694949939300133
4.38,45.7,25.4,34.8,0,0.08345798968233975,-0.08345798968233975,0.08345798968233975
5.52,88.8,47.1,54.0,1,0.5000287368415864,0.49997126315841356,0.49997126315841356
4.06,46.9,30.8,31.5,0,0.017278052224433682,-0.017278052224433682,0.017278052224433682
8.04,69.8,57.1,66.8,1,0.8682345546679596,0.13176544533204038,0.13176544533204038
6.67,76.8,47.3,51.0,1,0.5647888036381822,0.4352111963618178,0.4352111963618178
6.31,82.6,75.4,71.6,1,0.7667920845041986,0.23320791549580144,0.23320791549580144
6.91,86.1,53.5,64.3,1,0.7537237888846763,0.24627621111532372,0.24627621111532372
7.15,53.0,30.8,28.6,0,0.3224975230608328,-0.3224975230608328,0.3224975230608328
6.89,78.1,59.6,49.8,1,0.5795313282766889,0.42046867172331115,0.42046867172331115
6.79,72.7,56.1,46.4,0,0.5209103871285862,-0.5209103871285862,0.5209103871285862
7.95,70.5,75.9,68.7,1,0.8839871299495875,0.1160128700504125,0.1160128700504125
9.87,90.6,85.2,79.4,1,1.2429765310325767,-0.24297653103257666,0.24297653103257666
9.66,58.2,50.9,50.7,1,0.8398532859542477,0.16014671404575231,0.16014671404575231
8.8,74.3,60.3,46.2,1,0.7338287640053757,0.26617123599462433,0.26617123599462433
8.05,69.4,72.5,55.1,1,0.7441010653927592,0.2558989346072408,0.2558989346072408
9.79,96.7,98.5,73.0,1,1.179328881701918,-0.17932888170191807,0.17932888170191807
9.98,98.8,76.8,79.3,1,1.2681147411873064,-0.2681147411873064,0.2681147411873064
7.19,74.0,52.2,50.7,1,0.6115183151063516,0.3884816848936484,0.3884816848936484
8.21,71.1,77.6,76.4,1,0.9963777216897977,0.0036222783102023426,0.0036222783102023426
6.5,52.4,31.2,23.8,0,0.20096532952063006,-0.20096532952063006,0.20096532952063006
7.83,79.3,91.1,74.6,1,0.9553018339979625,0.044698166002037465,0.044698166002037465
8.97,61.1,48.7,67.1,1,0.9507135006009128,0.04928649939908725,0.04928649939908725
5.38,58.8,55.4,47.3,0,0.3550974485066055,-0.3550974485066055,0.3550974485066055
6.81,38.8,32.1,33.6,0,0.31339768306829774,-0.31339768306829774,0.31339768306829774
8.67,62.7,60.2,54.6,1,0.7885769711416902,0.21142302885830977,0.21142302885830977
8.17,61.4,53.3,47.4,1,0.6541315999988698,0.34586840000113017,0.34586840000113017
9.12,88.3,57.2,75.1,1,1.1081800665168795,-0.1081800665168795,0.1081800665168795
5.39,46.2,23.9,35.6,0,0.19901068243004316,-0.19901068243004316,0.19901068243004316
5.38,64.1,49.5,60.7,1,0.5099791370998178,0.4900208629001822,0.4900208629001822
5.86,58.2,48.5,51.0,0,0.4433565742672253,-0.4433565742672253,0.4433565742672253
7.18,77.9,99.2,76.0,1,0.9008267053846587,0.0991732946153413,0.0991732946153413
7.46,85.1,69.9,86.9,1,1.0577278842927145,-0.05772788429271447,0.05772788429271447
8.35,70.7,62.7,49.7,1,0.7178799812633986,0.2821200187366014,0.2821200187366014
7.2,60.9,56.5,61.0,0,0.6994137602157827,-0.6994137602157827,0.6994137602157827
7.28,70.7,77.0,76.5,1,0.8988415419141856,0.10115845808581436,0.10115845808581436
6.86,69.2,58.2,56.4,0,0.6303244748071536,-0.6303244748071536,0.6303244748071536
5.45,50.8,29.4,27.7,0,0.1295144662938531,-0.1295144662938531,0.1295144662938531
4.36,57.2,24.0,31.6,0,0.06895042594039336,-0.06895042594039336,0.06895042594039336
4.01,52.7,29.0,27.8,0,-0.017068660660102042,0.017068660660102042,0.017068660660102042
8.02,59.3,62.2,49.8,1,0.6618211422230306,0.33817885777696943,0.33817885777696943
7.91,73.9,61.9,48.1,1,0.6604142782326955,0.3395857217673045,0.3395857217673045
7.18,55.0,29.5,31.8,0,0.3640970647141709,-0.3640970647141709,0.3640970647141709
7.73,100.0,73.5,63.0,1,0.8564840098968521,0.14351599010314786,0.14351599010314786
9.78,84.0,82.8,71.0,1,1.1289533800938463,-0.12895338009384627,0.12895338009384627
6.72,65.0,75.3,48.7,0,0.5266858178340384,-0.5266858178340384,0.5266858178340384
5.67,47.8,28.2,27.4,0,0.14328321569536528,-0.14328321569536528,0.14328321569536528
6.49,68.9,51.9,55.9,1,0.5843484200691086,0.4156515799308914,0.4156515799308914
9.8,84.4,63.9,66.2,1,1.0765014409688995,-0.07650144096889955,0.07650144096889955
4.82,49.0,31.7,25.3,0,0.034109455514729325,-0.034109455514729325,0.034109455514729325
6.46,84.7,79.6,68.5,1,0.753738139548117,0.24626186045188303,0.24626186045188303
9.48,73.0,81.0,90.6,1,1.2883225927349824,-0.2883225927349824,0.2883225927349824
9.12,87.8,72.4,76.3,1,1.1228208221470606,-0.12282082214706058,0.12282082214706058
7.33,84.0,75.7,71.9,1,0.880041130098944,0.11995886990105598,0.11995886990105598
6.55,60.7,47.3,44.2,0,0.4467442970493668,-0.4467442970493668,0.4467442970493668
4.93,42.0,25.1,33.5,0,0.11982902879312518,-0.11982902879312518,0.11982902879312518
7.28,72.8,75.1,91.4,1,1.0644094492602596,-0.0644094492602596,0.0644094492602596
6.72,77.6,60.6,54.8,0,0.6151401405967657,-0.6151401405967657,0.6151401405967657
9.24,67.2,54.6,47.1,1,0.7749292440079755,0.22507075599202453,0.22507075599202453
8.49,92.2,70.3,68.9,1,0.9845510486092773,0.015448951390722665,0.015448951390722665
7.95,70.9,54.2,51.0,0,0.6888999687091443,-0.6888999687091443,0.6888999687091443
9.47,83.1,92.3,81.4,1,1.2091427152829666,-0.20914271528296657,0.20914271528296657
10.0,77.0,84.6,50.1,1,0.9117270218581864,0.08827297814181356,0.08827297814181356
7.49,70.8,60.0,44.7,1,0.572952512637008,0.42704748736299203,0.42704748736299203
8.29,77.9,81.9,69.3,1,0.9417829718268554,0.05821702817314456,0.05821702817314456
7.77,66.3,64.3,60.0,0,0.7603901759638548,-0.7603901759638548,0.7603901759638548
8.46,82.5,72.0,65.0,1,0.9203039944922945,0.0796960055077055,0.0796960055077055
9.97,93.4,93.3,75.3,1,1.2158507370257836,-0.2158507370257836,0.2158507370257836
7.94,83.8,92.9,71.0,1,0.9369176301922347,0.06308236980776527,0.06308236980776527
6.64,49.2,27.7,32.3,0,0.3010835153299417,-0.3010835153299417,0.3010835153299417
8.82,95.9,78.6,77.4,1,1.1201954936141219,-0.12019549361412185,0.12019549361412185
8.08,62.5,42.2,41.8,0,0.5841393150803641,-0.5841393150803641,0.5841393150803641
6.11,50.9,21.8,39.1,0,0.32154368642644127,-0.32154368642644127,0.32154368642644127
5.38,45.6,35.5,31.0,0,0.14881915215027186,-0.14881915215027186,0.14881915215027186
4.03,36.8,4.8,57.6,1,0.2732294338683027,0.7267705661316973,0.7267705661316973
9.93,76.3,79.1,75.0,1,1.172397798301446,-0.17239779830144597,0.17239779830144597
6.66,73.5,47.6,57.4,1,0.6267958125745795,0.3732041874254205,0.3732041874254205
5.56,70.0,60.0,47.8,0,0.4022139566356683,-0.4022139566356683,0.4022139566356683
6.9,66.1,58.7,48.5,1,0.5427573408984775,0.4572426591015225,0.4572426591015225
7.47,67.9,57.3,48.4,0,0.6048679445508091,-0.6048679445508091,0.6048679445508091
6.72,54.6,53.1,51.0,1,0.5274523210319945,0.47254767896800554,0.47254767896800554
9.1,65.5,71.9,67.9,1,0.9856576047898026,0.014342395210197423,0.014342395210197423
7.0,77.2,45.7,53.3,1,0.6249520511632304,0.3750479488367696,0.3750479488367696
9.93,90.5,96.0,76.7,1,1.2216147144224023,-0.22161471442240233,0.22161471442240233
5.56,73.2,57.7,70.8,1,0.6578148946306249,0.3421851053693751,0.3421851053693751
8.23,86.5,75.0,75.5,1,1.0184962369542907,-0.0184962369542907,0.0184962369542907
9.84,99.1,80.7,61.6,1,1.062487223070257,-0.06248722307025689,0.06248722307025689
6.36,90.4,73.4,72.4,1,0.7957030990078723,0.20429690099212772,0.20429690099212772
5.38,36.9,34.2,30.3,0,0.12391843667710001,-0.12391843667710001,0.12391843667710001
7.82,93.7,79.3,78.6,1,1.0239339649430819,-0.023933964943081865,0.023933964943081865
6.23,53.6,65.9,54.5,1,0.5141787284429765,0.4858212715570235,0.4858212715570235
5.77,55.7,30.0,32.1,0,0.2206359270476238,-0.2206359270476238,0.2206359270476238
7.0,70.3,44.1,52.0,1,0.5970195040916134,0.4029804959083866,0.4029804959083866
6.63,62.2,62.3,37.8,1,0.39117099555780055,0.6088290044421995,0.6088290044421995
9.9,75.8,85.1,79.0,1,1.2127155205617113,-0.21271552056171128,0.21271552056171128
6.58,71.9,62.7,50.4,1,0.5418252628238353,0.45817473717616475,0.45817473717616475
7.67,69.6,45.7,43.2,1,0.5707872750602877,0.4292127249397123,0.4292127249397123
5.5,54.1,27.0,28.9,0,0.1538660876819652,-0.1538660876819652,0.1538660876819652
6.79,67.8,38.1,56.1,1,0.6135326268768476,0.3864673731231524,0.3864673731231524
8.0,97.1,87.4,71.5,1,0.9738222098563377,0.026177790143662283,0.026177790143662283
7.12,72.6,50.0,50.7,1,0.6010382062565033,0.3989617937434967,0.3989617937434967
7.09,74.3,96.1,47.1,1,0.5700044324630734,0.4299955675369266,0.4299955675369266
7.5,77.3,66.1,57.8,1,0.7300315165361427,0.26996848346385727,0.26996848346385727
6.66,53.4,27.3,23.5,0,0.21582028171658763,-0.21582028171658763,0.21582028171658763
7.33,71.2,55.3,62.3,1,0.7472047990787197,0.25279520092128027,0.25279520092128027
7.85,62.4,87.9,65.4,1,0.8237965984223422,0.1762034015776578,0.1762034015776578
9.61,77.4,72.1,73.8,1,1.1267052401872961,-0.12670524018729612,0.12670524018729612
9.89,61.5,82.9,67.9,1,1.0627039296816583,-0.06270392968165828,0.06270392968165828
8.27,73.2,66.9,55.2,1,0.7748108326597684,0.22518916734023164,0.22518916734023164
8.45,68.4,56.2,60.6,1,0.8411062362559928,0.1588937637440072,0.1588937637440072
6.81,68.1,61.4,63.0,1,0.6951129652194595,0.30488703478054047,0.30488703478054047
4.85,45.8,31.9,30.4,0,0.08638520377947001,-0.08638520377947001,0.08638520377947001
4.33,51.3,21.6,29.7,0,0.03317752590133505,-0.03317752590133505,0.03317752590133505
9.96,99.7,99.8,42.9,1,0.8765090441768321,0.12349095582316794,0.12349095582316794
9.76,80.8,83.6,63.5,1,1.0392785046608144,-0.039278504660814395,0.039278504660814395
5.82,67.5,52.3,40.0,0,0.3386309859385054,-0.3386309859385054,0.3386309859385054
7.72,67.7,58.1,39.7,1,0.536428397366803,0.46357160263319697,0.46357160263319697
5.15,50.4,23.9,27.8,0,0.09734917673768873,-0.09734917673768873,0.09734917673768873
9.0,59.5,55.7,51.8,1,0.7858073654439784,0.21419263455602155,0.21419263455602155
7.7,71.4,85.2,69.8,1,0.8730110381735287,0.12698896182647135,0.12698896182647135
7.37,50.3,59.9,50.6,1,0.5841374948417771,0.4158625051582229,0.4158625051582229
6.35,64.1,72.0,51.3,1,0.5137006235338591,0.48629937646614085,0.48629937646614085
7.98,59.9,65.0,37.5,0,0.5257318198578217,-0.5257318198578217,0.5257318198578217
5.5,46.7,27.0,34.6,0,0.20122418895386074,-0.20122418895386074,0.20122418895386074
7.36,76.8,53.9,35.1,1,0.4658009445638128,0.5341990554361872,0.5341990554361872
9.61,84.0,71.3,75.8,1,1.1612392139103878,-0.16123921391038776,0.16123921391038776
7.29,66.4,48.7,57.9,1,0.6846811154875408,0.31531888451245915,0.31531888451245915
8.99,100.0,76.8,68.7,1,1.0513463318003269,-0.05134633180032688,0.05134633180032688
7.51,67.2,42.4,59.0,1,0.720239155598207,0.27976084440179305,0.27976084440179305
7.75,63.5,62.6,56.5,1,0.7145020053333361,0.2854979946666639,0.2854979946666639
7.71,69.6,68.4,64.2,1,0.8068621235848724,0.19313787641512759,0.19313787641512759
4.36,49.4,28.6,28.5,0,0.02076647894813366,-0.02076647894813366,0.02076647894813366
5.11,80.9,58.5,43.0,0,0.32395127729953843,-0.32395127729953843,0.32395127729953843
5.2,72.6,51.9,50.2,0,0.39415998841566735,-0.39415998841566735,0.39415998841566735
6.64,71.8,53.5,60.4,1,0.6549346353466102,0.3450653646533898,0.3450653646533898
7.58,83.6,67.0,79.5,1,0.9865572569342956,0.013442743065704366,0.013442743065704366
8.06,62.1,60.6,48.2,1,0.6538771653292615,0.34612283467073846,0.34612283467073846
9.76,65.8,94.3,55.4,1,0.9237161016018433,0.07628389839815675,0.07628389839815675
7.76,63.1,57.4,44.3,1,0.5814246178755952,0.4185753821244048,0.4185753821244048
7.32,77.2,79.0,74.2,1,0.8911754522867362,0.10882454771326378,0.10882454771326378
5.24,80.9,45.2,62.9,0,0.5513981599258094,-0.5513981599258094,0.5513981599258094
9.93,80.4,64.1,74.5,1,1.1724582421629899,-0.17245824216298988,0.17245824216298988
7.9,60.3,56.0,47.3,1,0.6229727837573465,0.37702721624265345,0.37702721624265345
7.89,91.2,85.0,73.2,1,0.9687273433740128,0.031272656625987216,0.031272656625987216
5.82,83.5,55.6,48.4,1,0.4618026919255068,0.5381973080744932,0.5381973080744932
5.07,47.8,25.0,25.0,0,0.05362592544707778,-0.05362592544707778,0.05362592544707778
6.06,79.0,47.6,52.4,0,0.5202533837192177,-0.5202533837192177,0.5202533837192177
6.27,58.7,52.2,61.9,0,0.6063982171433605,-0.6063982171433605,0.6063982171433605
9.39,81.3,89.2,84.4,1,1.2292439439101148,-0.22924394391011482,0.22924394391011482
6.49,79.1,54.4,46.3,1,0.5005712306923585,0.49942876930764146,0.49942876930764146
9.86,85.7,60.4,69.6,1,1.121675506505531,-0.12167550650553105,0.12167550650553105
6.95,90.1,90.3,82.8,1,0.9729146370281602,0.027085362971839833,0.027085362971839833
6.35,56.9,32.8,32.2,0,0.285507711563426,-0.285507711563426,0.285507711563426
5.97,79.4,67.4,64.5,0,0.6463293091851855,-0.6463293091851855,0.6463293091851855
5.46,65.9,47.0,57.4,0,0.4856651625515044,-0.4856651625515044,0.4856651625515044
7.71,100.0,64.1,67.0,1,0.8962061795379347,0.10379382046206531,0.10379382046206531
7.53,91.5,86.7,70.1,1,0.8981169937615167,0.10188300623848334,0.10188300623848334
7.53,71.1,77.9,92.2,1,1.0965082684227294,-0.09650826842272942,0.09650826842272942
5.95,68.5,60.1,54.2,1,0.5097566502460663,0.4902433497539337,0.4902433497539337
9.9,77.4,89.1,69.1,1,1.1090545541314412,-0.10905455413144116,0.10905455413144116
7.89,84.7,70.1,47.2,1,0.6711419360899625,0.32885806391003747,0.32885806391003747
7.85,60.4,49.5,62.1,1,0.7774892732897535,0.22251072671024652,0.22251072671024652
7.31,60.6,57.1,47.3,1,0.561745977362652,0.43825402263734803,0.43825402263734803
6.38,49.2,50.8,44.6,1,0.41124334945080776,0.5887566505491922,0.5887566505491922
5.21,44.2,29.8,35.7,0,0.1782607152762593,-0.1782607152762593,0.1782607152762593
9.86,83.7,69.5,88.3,1,1.3223285449399858,-0.32232854493998575,0.32232854493998575
7.07,72.6,63.0,56.8,1,0.6642299620272049,0.33577003797279514,0.33577003797279514
8.85,57.8,55.8,46.9,1,0.7135241638165094,0.2864758361834906,0.2864758361834906
6.54,65.2,67.8,61.5,0,0.6458521450061622,-0.6458521450061622,0.6458521450061622
6.76,72.9,60.9,34.7,1,0.39194224462114813,0.6080577553788519,0.6080577553788519
7.16,66.7,48.0,59.9,1,0.6932028578579615,0.30679714214203846,0.30679714214203846
6.51,49.6,30.1,32.3,0,0.28861653700143164,-0.28861653700143164,0.28861653700143164
4.3,36.3,7.1,33.6,0,0.04044629914933229,-0.04044629914933229,0.04044629914933229
6.78,64.3,45.4,56.0,1,0.605770918663331,0.394229081336669,0.394229081336669
7.21,100.0,89.1,71.2,1,0.8935266232143756,0.10647337678562441,0.10647337678562441
7.62,86.2,87.5,71.7,1,0.914678482390093,0.08532151760990703,0.08532151760990703
5.82,63.6,53.0,56.6,0,0.5113209316140775,-0.5113209316140775,0.5113209316140775
4.35,62.5,26.0,37.6,0,0.14378737567993516,-0.14378737567993516,0.14378737567993516
7.79,86.3,48.1,48.1,0,0.669790857439965,-0.669790857439965,0.669790857439965
8.4,67.8,75.9,75.2,1,0.996548178576648,0.003451821423351986,0.003451821423351986
8.19,81.2,86.9,57.0,1,0.8050640087796875,0.19493599122031247,0.19493599122031247
9.28,76.5,73.0,60.2,1,0.9427566340380921,0.05724336596190793,0.05724336596190793
9.29,75.5,88.4,85.1,1,1.2148123104282629,-0.21481231042826288,0.21481231042826288
9.78,81.1,90.9,63.5,1,1.0432149899359913,-0.043214989935991266,0.043214989935991266
9.38,60.2,56.0,54.1,1,0.8521383068849936,0.1478616931150064,0.1478616931150064
9.94,74.9,85.7,75.0,1,1.171826655688467,-0.1718266556884669,0.1718266556884669
9.79,81.7,71.6,75.8,1,1.1756915898544888,-0.17569158985448885,0.17569158985448885
6.63,66.9,56.4,54.3,1,0.5785315950378321,0.42146840496216786,0.42146840496216786
5.06,57.7,43.0,54.1,0,0.3910207452655402,-0.3910207452655402,0.3910207452655402
9.37,70.0,60.1,45.4,1,0.7765693322966364,0.22343066770336362,0.22343066770336362
4.94,48.9,25.4,31.0,0,0.10733395138684165,-0.10733395138684165,0.10733395138684165
5.16,46.7,29.0,27.6,0,0.08983552883599666,-0.08983552883599666,0.08983552883599666
4.81,41.2,26.7,23.0,0,-0.008078017960542527,0.008078017960542527,0.008078017960542527
10.0,77.5,97.1,64.4,1,1.070097116308569,-0.07009711630856907,0.07009711630856907
4.56,43.7,26.4,35.3,0,0.10404726126621722,-0.10404726126621722,0.10404726126621722
6.85,90.2,82.1,59.2,1,0.7049768269148525,0.29502317308514747,0.29502317308514747
8.23,77.6,52.2,39.5,1,0.6062810347120112,0.3937189652879888,0.3937189652879888
9.04,92.7,77.1,71.3,1,1.0705496977296645,-0.07054969772966446,0.07054969772966446
8.23,88.5,68.4,60.3,1,0.8562694020031693,0.14373059799683074,0.14373059799683074
4.67,47.1,35.9,31.9,0,0.08698905772398968,-0.08698905772398968,0.08698905772398968
8.48,92.8,70.5,53.2,1,0.8142568778614448,0.18574312213855515,0.18574312213855515
6.78,59.2,53.5,59.6,1,0.6362266624156253,0.3637733375843747,0.3637733375843747
6.78,76.0,53.1,54.9,1,0.6181104474152729,0.3818895525847271,0.3818895525847271
9.36,79.6,73.1,65.6,1,1.0158944728609165,-0.015894472860916498,0.015894472860916498
7.47,92.3,66.5,58.3,1,0.7618220438679703,0.23817795613202974,0.23817795613202974
9.46,67.4,84.7,67.3,1,1.0228902100494124,-0.022890210049412385,0.022890210049412385
6.57,69.9,55.4,50.5,0,0.5366881186972653,-0.5366881186972653,0.5366881186972653
7.47,88.8,79.7,62.4,1,0.80171757034469,0.19828242965530996,0.19828242965530996
9.82,81.7,86.0,70.7,1,1.1259308506256027,-0.12593085062560272,0.12593085062560272
6.73,63.3,52.8,47.5,1,0.5075314080598797,0.49246859194012027,0.49246859194012027
6.21,50.4,26.8,29.8,0,0.23095413645292784,-0.23095413645292784,0.23095413645292784
7.07,73.9,56.5,55.7,1,0.6537300409592773,0.34626995904072266,0.34626995904072266
9.98,76.2,83.3,57.0,1,0.9827463420149872,0.01725365798501277,0.01725365798501277
10.0,63.8,68.4,73.2,1,1.1338468176578447,-0.13384681765784467,0.13384681765784467
9.01,58.4,26.0,31.7,0,0.5614044098753795,-0.5614044098753795,0.5614044098753795
8.42,71.3,81.2,73.6,1,0.9890540425465911,0.010945957453408872,0.010945957453408872
4.48,61.2,29.7,29.3,0,0.0654152426531982,-0.0654152426531982,0.0654152426531982
9.35,69.0,90.7,65.4,1,0.9948667581789926,0.005133241821007384,0.005133241821007384
5.38,37.4,21.0,32.3,0,0.14436145284586688,-0.14436145284586688,0.14436145284586688
9.32,89.2,82.0,71.9,1,1.1004546180293198,-0.10045461802931976,0.10045461802931976
7.95,84.7,86.8,88.9,1,1.1330350637864561,-0.13303506378645613,0.13303506378645613
6.49,56.6,69.6,58.4,1,0.5903653701006545,0.4096346298993455,0.4096346298993455
7.17,71.8,48.2,56.1,1,0.6630430093016481,0.33695699069835194,0.33695699069835194
5.92,56.4,27.2,31.9,0,0.23512446090863082,-0.23512446090863082,0.23512446090863082
7.63,76.3,49.1,45.0,1,0.5998592596981985,0.40014074030180147,0.40014074030180147
6.34,69.9,47.8,54.4,1,0.5535627309871863,0.44643726901281366,0.44643726901281366
9.15,72.9,50.7,61.2,1,0.9290792338809292,0.07092076611907083,0.07092076611907083
7.55,81.8,65.5,70.6,1,0.8829874869277593,0.1170125130722407,0.1170125130722407
8.38,67.3,48.7,54.2,1,0.7608256684819753,0.2391743315180247,0.2391743315180247
5.99,48.6,35.1,26.4,0,0.16880314595840862,-0.16880314595840862,0.16880314595840862
4.67,51.7,29.9,25.5,0,0.02551046643949284,-0.02551046643949284,0.02551046643949284
6.33,70.7,63.2,52.2,0,0.5328248617819363,-0.5328248617819363,0.5328248617819363
9.55,86.0,74.0,86.4,1,1.2744051681943023,-0.2744051681943023,0.2744051681943023
9.93,74.8,47.9,43.0,1,0.8167041545921595,0.1832958454078405,0.1832958454078405
8.84,78.8,58.0,67.3,1,0.9755570107120094,0.024442989287990602,0.024442989287990602
4.0,41.0,23.7,32.3,0,0.006864340888959375,-0.006864340888959375,0.006864340888959375
7.72,85.2,85.1,55.5,1,0.7469311189301789,0.25306888106982106,0.25306888106982106
10.0,75.4,72.7,70.6,1,1.1291242932961518,-0.12912429329615183,0.12912429329615183
5.9,56.8,26.7,28.6,0,0.1978943890492605,-0.1978943890492605,0.1978943890492605
9.11,64.6,52.0,49.0,1,0.7763480644442541,0.22365193555574592,0.22365193555574592
10.0,74.7,92.4,80.9,1,1.2429392586295145,-0.2429392586295145,0.2429392586295145
9.83,65.0,48.8,51.2,1,0.8761379017804379,0.12386209821956207,0.12386209821956207
6.95,56.2,50.3,48.2,1,0.523886632304512,0.47611336769548795,0.47611336769548795
9.59,86.6,74.6,76.4,1,1.1713188155327399,-0.17131881553273987,0.17131881553273987
6.36,50.7,27.5,31.1,0,0.2615402392806371,-0.2615402392806371,0.2615402392806371
9.07,82.1,75.3,63.7,1,0.9700730330006667,0.029926966999333282,0.029926966999333282
6.41,59.4,32.1,26.3,0,0.23254500506221742,-0.23254500506221742,0.23254500506221742
5.73,48.2,34.4,25.6,0,0.1318892791831855,-0.1318892791831855,0.1318892791831855
8.15,66.0,58.3,53.5,1,0.7281411268135504,0.27185887318644963,0.27185887318644963
7.09,77.4,62.4,45.8,1,0.5562250078345944,0.4437749921654056,0.4437749921654056
6.4,66.0,35.8,47.1,1,0.47090802074487204,0.529091979255128,0.529091979255128
10.0,87.0,62.1,68.6,1,1.1283732996826816,-0.12837329968268163,0.12837329968268163
6.81,74.2,55.8,52.2,1,0.5888763821359096,0.41112361786409035,0.41112361786409035
6.42,45.6,25.7,34.9,0,0.2987833896859654,-0.2987833896859654,0.2987833896859654
7.34,85.7,81.4,93.9,1,1.1242565029143128,-0.12425650291431278,0.12425650291431278
8.19,64.6,52.6,46.7,1,0.6547959556651716,0.34520404433482843,0.34520404433482843
6.95,69.8,46.3,56.1,0,0.6356726472851729,-0.6356726472851729,0.6356726472851729
5.39,73.1,54.2,49.2,1,0.4046442226130039,0.5953557773869961,0.5953557773869961
7.0,73.7,59.7,53.8,1,0.6258988164096985,0.37410118359030153,0.37410118359030153
8.64,87.8,80.6,78.9,1,1.1020049241769634,-0.10200492417696339,0.10200492417696339
8.8,81.8,72.5,77.0,1,1.0850302231047926,-0.08503022310479258,0.08503022310479258
6.46,78.4,67.5,48.4,1,0.5210796044289786,0.4789203955710214,0.4789203955710214
7.04,46.0,48.9,51.5,0,0.5489104480712391,-0.5489104480712391,0.5489104480712391
6.45,48.5,26.7,33.6,0,0.29368561304448326,-0.29368561304448326,0.29368561304448326
4.75,66.6,47.0,50.6,0,0.338597256087522,-0.338597256087522,0.338597256087522
8.4,61.3,59.3,61.1,1,0.827871234662371,0.172128765337629,0.172128765337629
9.92,84.7,88.7,68.8,1,1.1221616166472583,-0.12216161664725833,0.12216161664725833
6.97,68.8,53.1,59.7,0,0.6760570610025926,-0.6760570610025926,0.6760570610025926
9.47,92.1,67.8,59.9,1,0.989203693914707,0.010796306085293028,0.010796306085293028
7.26,72.0,54.4,59.0,1,0.7054371768636599,0.2945628231363401,0.2945628231363401
5.82,56.9,24.1,34.1,0,0.2489533856298155,-0.2489533856298155,0.2489533856298155
4.43,32.5,6.0,78.8,1,0.5371980065736991,0.4628019934263009,0.4628019934263009
6.5,79.5,55.4,51.7,1,0.5612059474583025,0.43879405254169745,0.43879405254169745
6.59,67.5,62.8,72.9,1,0.7785386083326041,0.22146139166739587,0.22146139166739587
7.34,64.7,53.4,62.3,1,0.7351713315917104,0.26482866840828956,0.26482866840828956
8.77,73.6,79.7,84.5,1,1.1484364474106448,-0.14843644741064477,0.14843644741064477
9.52,64.2,70.9,63.3,1,0.9771306732125434,0.022869326787456568,0.022869326787456568
5.2,63.3,57.3,48.5,0,0.35836774545077,-0.35836774545077,0.35836774545077
6.41,83.0,66.9,59.6,1,0.6463515891556165,0.3536484108443835,0.3536484108443835
4.09,50.9,22.2,31.8,0,0.030072681159053816,-0.030072681159053816,0.030072681159053816
8.55,81.0,43.8,58.8,0,0.8546916351242159,-0.8546916351242159,0.8546916351242159
6.77,85.5,42.4,58.8,0,0.6762254094494292,-0.6762254094494292,0.6762254094494292
8.89,81.5,53.0,57.1,1,0.874517026680839,0.12548297331916103,0.12548297331916103
5.66,52.3,60.2,51.6,0,0.4192669923930247,-0.4192669923930247,0.4192669923930247
4.72,48.3,20.6,24.7,0,0.013817800430432903,-0.013817800430432903,0.013817800430432903
8.04,75.9,65.6,64.0,1,0.851260314719955,0.148739685280045,0.148739685280045
7.61,68.9,58.9,50.4,1,0.6435308108558538,0.35646918914414616,0.35646918914414616
8.16,65.1,51.5,56.3,1,0.7566644884238302,0.24333551157616984,0.24333551157616984
8.02,76.1,94.5,65.2,1,0.8675113301962211,0.13248866980377894,0.13248866980377894
7.97,77.5,50.1,38.7,0,0.5697171876254797,-0.5697171876254797,0.5697171876254797
9.04,80.2,60.6,84.1,1,1.1821651352927303,-0.18216513529273026,0.18216513529273026
8.2,75.5,85.3,76.4,1,1.0052784519545694,-0.005278451954569441,0.005278451954569441
9.75,79.4,79.3,62.7,1,1.0260598487660189,-0.026059848766018856,0.026059848766018856
6.25,73.6,58.6,55.5,1,0.565153784233262,0.434846215766738,0.434846215766738
9.72,74.1,71.2,75.7,1,1.1522617392458074,-0.15226173924580744,0.15226173924580744
6.55,59.2,54.8,54.7,1,0.5590782601034653,0.4409217398965347,0.4409217398965347
6.47,77.8,83.0,69.6,1,0.7537666017461567,0.24623339825384327,0.24623339825384327
9.24,84.9,72.2,81.9,1,1.1905039047142165,-0.19050390471421652,0.19050390471421652
7.82,59.7,51.0,59.2,1,0.74173299610881,0.25826700389118995,0.25826700389118995
6.73,73.9,46.9,44.7,1,0.49693375245455285,0.5030662475454472,0.5030662475454472
4.8,58.0,54.5,55.2,0,0.3781913182576643,-0.3781913182576643,0.3781913182576643
4.36,31.3,5.9,77.1,1,0.5090119437601751,0.4909880562398249,0.4909880562398249
5.76,42.2,23.4,37.1,0,0.24624201818150182,-0.24624201818150182,0.24624201818150182
6.89,72.7,62.0,55.0,1,0.6257966744519387,0.37420332554806135,0.37420332554806135
9.58,88.6,76.3,74.4,1,1.1527701658005705,-0.15277016580057046,0.15277016580057046
5.78,39.9,31.3,31.5,0,0.18437751170872285,-0.18437751170872285,0.18437751170872285
7.02,47.1,36.9,26.3,0,0.2733232782952121,-0.2733232782952121,0.2733232782952121
8.04,39.7,24.7,31.1,0,0.41602053742613954,-0.41602053742613954,0.41602053742613954
7.73,80.6,73.5,83.5,1,1.040968865455945,-0.040968865455945025,0.040968865455945025
9.91,74.6,76.6,71.9,1,1.1328753248932575,-0.13287532489325748,0.13287532489325748
8.59,66.7,57.6,53.7,1,0.7778071067550886,0.22219289324491143,0.22219289324491143
7.75,75.7,74.4,55.0,1,0.7241799385913944,0.2758200614086056,0.2758200614086056
6.94,74.1,45.7,47.8,0,0.5528473869608198,-0.5528473869608198,0.5528473869608198
5.23,65.8,48.5,57.4,0,0.4615539907834657,-0.4615539907834657,0.4615539907834657
6.25,69.4,50.4,58.7,0,0.5902519148501272,-0.5902519148501272,0.5902519148501272
4.97,48.6,29.9,27.8,0,0.07592319196865616,-0.07592319196865616,0.07592319196865616
5.76,51.5,25.3,22.9,0,0.11065334681576788,-0.11065334681576788,0.11065334681576788
7.19,70.6,51.8,56.6,0,0.6688319539999844,-0.6688319539999844,0.6688319539999844
10.0,79.8,73.8,78.9,1,1.2280629274976809,-0.22806292749768087,0.22806292749768087
6.52,63.1,54.4,37.2,1,0.3735154712726906,0.6264845287273094,0.6264845287273094
9.93,83.0,74.4,63.1,1,1.0555499342577979,-0.05554993425779786,0.05554993425779786
5.92,60.7,51.7,49.3,0,0.4366588968113302,-0.4366588968113302,0.4366588968113302
5.04,48.9,24.4,20.7,0,0.0058450289124983845,-0.0058450289124983845,0.0058450289124983845
7.56,76.0,47.8,64.9,0,0.8077468921649827,-0.8077468921649827,0.8077468921649827
4.8,51.4,25.2,27.7,0,0.061666709506140616,-0.061666709506140616,0.061666709506140616
6.16,37.9,28.7,34.5,0,0.2525131190425963,-0.2525131190425963,0.2525131190425963
5.87,62.5,57.2,53.4,0,0.4803903105180899,-0.4803903105180899,0.4803903105180899
9.85,96.8,96.4,54.4,1,0.9835316434368503,0.01646835656314971,0.01646835656314971
7.24,73.9,53.8,56.2,1,0.6765631986805071,0.32343680131949293,0.32343680131949293
7.55,65.8,62.5,53.4,0,0.6643251776256754,-0.6643251776256754,0.6643251776256754
6.34,71.8,81.0,86.2,1,0.9082115091966042,0.0917884908033958,0.0917884908033958
8.79,100.0,72.3,76.5,1,1.1142450643287458,-0.11424506432874582,0.11424506432874582
5.96,57.6,53.6,56.7,0,0.5154431174128994,-0.5154431174128994,0.5154431174128994
8.45,72.7,64.9,72.1,1,0.9758879715920302,0.024112028407969777,0.024112028407969777
7.14,69.8,51.8,56.7,0,0.663092647920784,-0.663092647920784,0.663092647920784
7.02,66.1,56.0,49.6,0,0.5668501824170052,-0.5668501824170052,0.5668501824170052
6.67,70.8,52.4,56.8,0,0.6168512589694354,-0.6168512589694354,0.6168512589694354
8.09,71.1,82.3,70.8,1,0.9237695784838037,0.0762304215161963,0.0762304215161963
7.71,77.4,61.4,56.0,1,0.7319521563393497,0.26804784366065026,0.26804784366065026
4.37,42.7,28.4,37.6,0,0.10742940158332848,-0.10742940158332848,0.10742940158332848
10.0,95.8,75.5,68.7,1,1.1490209746530478,-0.14902097465304776,0.14902097465304776
8.0,53.6,47.8,63.9,1,0.7991563300680454,0.20084366993195457,0.20084366993195457
5.81,77.9,45.5,50.7,0,0.4730060240353441,-0.4730060240353441,0.4730060240353441
10.0,57.7,66.8,84.5,1,1.2442832330842335,-0.2442832330842335,0.2442832330842335
8.33,76.9,74.7,71.8,1,0.9699373747440655,0.030062625255934505,0.030062625255934505
9.95,73.2,80.7,70.5,1,1.1198304439440947,-0.1198304439440947,0.1198304439440947
9.22,84.4,76.3,79.0,1,1.1566348427411919,-0.15663484274119188,0.15663484274119188
7.01,62.3,54.1,58.0,1,0.649214257612074,0.35078574238792604,0.35078574238792604
4.86,43.9,23.5,30.9,0,0.08770127554464036,-0.08770127554464036,0.08770127554464036
7.9,83.1,51.8,57.4,1,0.7766706223636778,0.2233293776363222,0.2233293776363222
9.12,85.9,72.7,53.4,1,0.8705163144475906,0.1294836855524094,0.1294836855524094
8.61,84.6,71.6,71.8,1,1.0139495832785679,-0.013949583278567879,0.013949583278567879
10.0,74.7,86.7,71.4,1,1.1388248404408463,-0.1388248404408463,0.1388248404408463
5.84,72.7,49.6,52.2,0,0.48293582907804666,-0.48293582907804666,0.48293582907804666
5.41,70.7,59.6,48.5,0,0.3953561920884038,-0.3953561920884038,0.3953561920884038
7.76,63.5,58.7,54.4,0,0.6920876295467232,-0.6920876295467232,0.6920876295467232
7.32,68.6,43.6,38.2,1,0.4773989914092399,0.5226010085907601,0.5226010085907601
7.24,80.4,99.0,69.9,1,0.8457779193024836,0.15422208069751642,0.15422208069751642
6.2,65.8,51.3,39.5,1,0.3696289836546566,0.6303710163453434,0.6303710163453434
7.64,91.0,76.6,69.9,1,0.9048004420213563,0.09519955797864366,0.09519955797864366
7.11,72.7,58.6,60.7,1,0.7102214241587038,0.2897785758412962,0.2897785758412962
4.36,32.0,4.3,63.5,1,0.3624575663668089,0.6375424336331911,0.6375424336331911
7.37,84.2,79.8,82.7,1,1.0025928812466534,-0.0025928812466533557,0.0025928812466533557
5.29,44.8,28.9,18.8,0,0.004208556154221554,-0.004208556154221554,0.004208556154221554
6.83,76.8,55.3,50.6,0,0.5786256885362883,-0.5786256885362883,0.5786256885362883
8.19,93.5,86.5,83.1,1,1.1125101455372866,-0.11251014553728655,0.11251014553728655
5.95,71.8,69.5,58.4,1,0.5634384777392817,0.4365615222607183,0.4365615222607183
6.48,65.5,60.4,64.1,1,0.6671010885072396,0.3328989114927604,0.3328989114927604
4.28,31.2,8.7,57.2,1,0.2848314575999701,0.7151685424000299,0.7151685424000299
6.73,93.4,79.0,58.6,1,0.6916046419742409,0.3083953580257591,0.3083953580257591
5.72,43.5,28.1,31.0,0,0.17916463900706858,-0.17916463900706858,0.17916463900706858
6.94,46.8,31.1,24.4,0,0.24270898932187424,-0.24270898932187424,0.24270898932187424
7.2,90.3,59.5,56.4,1,0.707698495085256,0.29230150491474405,0.29230150491474405
7.5,87.8,75.2,80.6,1,0.9997370756456557,0.00026292435434427386,0.00026292435434427386
7.15,64.5,37.8,54.9,0,0.6318073946060073,-0.6318073946060073,0.6318073946060073
4.0,37.7,34.6,33.3,0,0.013103222517483859,-0.013103222517483859,0.013103222517483859
7.12,65.5,57.3,49.9,1,0.5796603344655565,0.42033966553444346,0.42033966553444346
6.27,51.0,24.2,33.0,0,0.2727362135639789,-0.2727362135639789,0.2727362135639789
6.25,62.5,53.4,48.4,0,0.46539115431378797,-0.46539115431378797,0.46539115431378797
8.65,73.5,73.5,64.6,1,0.9185164888204002,0.08148351117959984,0.08148351117959984
8.71,64.1,45.8,42.2,1,0.6584444952623537,0.3415555047376463,0.3415555047376463
7.64,97.5,68.1,83.3,1,1.0615941589203821,-0.061594158920382114,0.061594158920382114
7.26,54.4,60.4,48.8,1,0.5611689167073434,0.43883108329265663,0.43883108329265663
6.84,54.7,56.3,44.6,1,0.4713206375137017,0.5286793624862983,0.5286793624862983
6.91,64.5,56.9,47.3,1,0.5273316928529358,0.4726683071470642,0.4726683071470642
7.61,57.8,59.0,47.8,0,0.5935292265313931,-0.5935292265313931,0.5935292265313931
5.88,72.4,75.0,64.8,0,0.6276835134614879,-0.6276835134614879,0.6276835134614879
8.76,68.1,64.6,56.2,1,0.826757950655617,0.17324204934438303,0.17324204934438303
6.63,95.6,69.2,53.3,1,0.6261998107665022,0.3738001892334978,0.3738001892334978
7.82,66.6,72.6,64.6,1,0.8175923325632889,0.1824076674367111,0.1824076674367111
9.52,85.4,72.6,56.1,1,0.9408678989324762,0.05913210106752376,0.05913210106752376
8.14,86.1,76.9,79.8,1,1.055262275748381,-0.05526227574838094,0.05526227574838094
6.38,40.5,27.3,25.8,0,0.1860420994941635,-0.1860420994941635,0.1860420994941635
7.67,61.5,57.4,47.4,1,0.6024822770004578,0.39751772299954224,0.39751772299954224
9.73,68.5,74.2,69.2,1,1.0722605980134787,-0.07226059801347873,0.07226059801347873
8.85,71.7,50.4,50.4,1,0.7778892993507688,0.22211070064923122,0.22211070064923122
6.97,76.4,42.8,61.0,0,0.7033330436398108,-0.7033330436398108,0.7033330436398108
6.83,71.5,58.9,47.1,1,0.5308360283412336,0.46916397165876644,0.46916397165876644
4.35,53.7,25.3,25.2,0,-0.008234423318646544,0.008234423318646544,0.008234423318646544
7.03,64.1,64.7,83.8,1,0.9367697160814427,0.06323028391855734,0.06323028391855734
6.24,63.1,58.2,57.3,1,0.5629647271328558,0.43703527286714416,0.43703527286714416
8.64,64.2,68.7,72.1,1,0.979817318720187,0.02018268127981304,0.02018268127981304
8.62,69.3,51.3,44.8,1,0.6883612854935351,0.31163871450646485,0.31163871450646485
9.91,85.5,84.5,80.4,1,1.2479059212988712,-0.24790592129887123,0.24790592129887123
6.42,51.6,29.7,33.0,0,0.2906162358626295,-0.2906162358626295,0.2906162358626295
7.78,72.4,54.3,57.1,1,0.7402241174755485,0.2597758825244515,0.2597758825244515
8.66,85.1,61.4,79.4,1,1.1009584048914425,-0.10095840489144248,0.10095840489144248
5.59,71.3,49.8,54.9,1,0.483262933705889,0.516737066294111,0.516737066294111
4.19,34.9,2.3,73.9,1,0.4628568848990112,0.5371431151009888,0.5371431151009888
8.5,74.0,87.5,86.0,1,1.1384638288509272,-0.13846382885092723,0.13846382885092723
7.52,63.0,55.4,33.1,1,0.43406661334323615,0.5659333866567638,0.5659333866567638
5.16,57.6,28.3,26.5,0,0.09917112023385977,-0.09917112023385977,0.09917112023385977
7.41,70.4,72.1,73.6,1,0.8795928401041776,0.1204071598958224,0.1204071598958224
6.91,73.0,44.3,47.0,0,0.5386107332227673,-0.5386107332227673,0.5386107332227673
7.8,82.9,81.4,71.8,1,0.9271613032810971,0.07283869671890286,0.07283869671890286
7.09,77.1,85.2,86.7,1,1.0035791164491261,-0.0035791164491261185,0.0035791164491261185
7.67,48.9,24.9,30.7,0,0.39088884247580646,-0.39088884247580646,0.39088884247580646
8.42,57.9,44.9,54.9,1,0.7535276149180606,0.24647238508193936,0.24647238508193936
6.21,48.1,24.5,27.1,0,0.19673255495717867,-0.19673255495717867,0.19673255495717867
9.12,58.5,67.6,58.9,1,0.8755707316978857,0.12442926830211432,0.12442926830211432
4.31,47.4,27.6,33.5,0,0.0657002155023082,-0.0657002155023082,0.0657002155023082
7.86,55.9,61.0,49.3,1,0.632698821932289,0.367301178067711,0.367301178067711
9.99,77.6,97.3,65.4,1,1.080133672691511,-0.08013367269151095,0.08013367269151095
7.45,68.6,52.5,46.6,1,0.583778541610173,0.41622145838982705,0.41622145838982705
9.2,82.4,52.6,61.7,1,0.9587359430904406,0.041264056909559366,0.041264056909559366
9.11,72.6,65.8,72.8,1,1.052804954721275,-0.052804954721275,0.052804954721275
4.85,70.4,57.4,69.9,0,0.5678813822189169,-0.5678813822189169,0.5678813822189169
6.58,69.1,45.1,51.4,1,0.5441821728493813,0.4558178271506187,0.4558178271506187
5.77,76.0,61.0,53.4,0,0.49703154707027786,-0.49703154707027786,0.49703154707027786
7.21,95.7,91.2,65.3,1,0.821387232434044,0.178612767565956,0.178612767565956
8.31,75.5,47.9,54.2,1,0.7694302127563822,0.23056978724361776,0.23056978724361776
7.19,81.4,62.2,44.6,1,0.5615239033256644,0.4384760966743356,0.4384760966743356
9.82,74.6,65.4,76.7,1,1.1736196012187006,-0.17361960121870057,0.17361960121870057
6.29,39.8,31.7,38.1,0,0.3095020136805703,-0.3095020136805703,0.3095020136805703
6.97,73.9,84.5,78.4,1,0.8944535887737609,0.10554641122623909,0.10554641122623909
6.25,52.8,57.8,57.2,1,0.5426417587653504,0.45735824123464963,0.45735824123464963
8.19,75.3,82.6,72.7,1,0.9632031883980144,0.03679681160198556,0.03679681160198556
8.13,87.4,86.8,88.7,1,1.1550803315889824,-0.15508033158898238,0.15508033158898238
7.62,55.2,61.5,63.7,1,0.7625293598534405,0.2374706401465595,0.2374706401465595
7.78,63.3,57.3,42.9,1,0.5687021528888122,0.4312978471111878,0.4312978471111878
5.66,57.5,29.2,33.5,0,0.22767285019893813,-0.22767285019893813,0.22767285019893813
6.72,74.0,64.9,54.9,1,0.6098924834561742,0.3901075165438258,0.3901075165438258
8.64,73.2,50.8,40.1,1,0.6470058497918486,0.3529941502081514,0.3529941502081514
5.99,44.7,22.6,28.5,0,0.18181368691418032,-0.18181368691418032,0.18181368691418032
6.69,61.7,71.0,52.7,1,0.5597491714966937,0.4402508285033063,0.4402508285033063
7.18,96.4,74.9,68.9,1,0.8559123719359666,0.1440876280640334,0.1440876280640334
4.91,71.4,62.9,49.4,0,0.3545195284457058,-0.3545195284457058,0.3545195284457058
8.98,74.7,55.9,50.0,1,0.7940361365821303,0.20596386341786965,0.20596386341786965
9.3,89.0,69.5,55.5,1,0.917771893855191,0.08222810614480902,0.08222810614480902
9.14,100.0,82.6,72.3,1,1.1071849712062525,-0.10718497120625248,0.10718497120625248
9.84,94.5,75.1,86.8,1,1.3260982996679234,-0.32609829966792336,0.32609829966792336
5.42,48.4,29.8,26.8,0,0.11194725229024405,-0.11194725229024405,0.11194725229024405
4.7,41.5,32.8,35.5,0,0.11770469185308263,-0.11770469185308263,0.11770469185308263
6.85,73.7,56.5,68.7,0,0.7713587834326866,-0.7713587834326866,0.7713587834326866
7.67,70.7,68.9,63.3,1,0.7951319125458426,0.2048680874541574,0.2048680874541574
8.52,77.7,93.7,65.3,1,0.9241467670025428,0.07585323299745717,0.07585323299745717
7.49,64.6,51.6,40.9,1,0.5180911590410141,0.4819088409589859,0.4819088409589859
5.78,58.8,59.5,57.1,1,0.5042321714629153,0.4957678285370847,0.4957678285370847
6.09,68.4,51.6,53.1,0,0.5108797751270792,-0.5108797751270792,0.5108797751270792
7.82,54.5,52.5,58.8,1,0.7274380508995953,0.27256194910040465,0.27256194910040465
8.5,100.0,95.1,59.1,1,0.8987474164999517,0.10125258350004829,0.10125258350004829
7.84,61.2,47.7,47.8,1,0.622446254036994,0.37755374596300595,0.37755374596300595
6.01,44.4,27.8,32.0,0,0.2222135274027247,-0.2222135274027247,0.2222135274027247
5.83,39.1,25.8,23.8,0,0.1035239151553663,-0.1035239151553663,0.1035239151553663
9.63,88.8,94.5,70.1,1,1.114837945568809,-0.11483794556880911,0.11483794556880911
8.62,87.4,81.7,76.3,1,1.0710773292384963,-0.0710773292384963,0.0710773292384963
8.43,63.8,53.3,57.0,1,0.7903940066769036,0.20960599332309637,0.20960599332309637
8.26,69.0,68.5,95.0,1,1.197897450489561,-0.19789745048956098,0.19789745048956098
6.8,74.7,75.3,76.3,1,0.8537889403954008,0.14621105960459924,0.14621105960459924
6.57,67.0,49.6,51.2,0,0.5376052803713248,-0.5376052803713248,0.5376052803713248
9.03,87.8,73.1,80.4,1,1.1579959159201652,-0.15799591592016515,0.15799591592016515
7.16,82.1,46.8,50.3,0,0.6190023750073773,-0.6190023750073773,0.6190023750073773
8.07,66.9,61.6,50.4,1,0.6884070423582652,0.3115929576417348,0.3115929576417348
9.7,78.1,100.0,74.5,1,1.1498986090663008,-0.14989860906630081,0.14989860906630081
4.86,54.4,30.6,30.8,0,0.1084397190003551,-0.1084397190003551,0.1084397190003551
7.61,78.9,60.4,42.5,1,0.5776472902781632,0.4223527097218368,0.4223527097218368
7.4,72.3,54.1,48.7,1,0.60886026254064,0.39113973745936004,0.39113973745936004
5.82,54.6,30.0,27.6,0,0.17487444729025647,-0.17487444729025647,0.17487444729025647
4.16,48.8,21.6,28.6,0,-0.0015383455940937152,0.0015383455940937152,0.0015383455940937152
7.9,67.3,48.3,50.4,1,0.6690572376023775,0.33094276239762255,0.33094276239762255
10.0,77.3,83.9,79.3,1,1.2292215543386518,-0.22922155433865177,0.22922155433865177
9.92,95.3,70.0,74.2,1,1.1984072277092301,-0.19840722770923014,0.19840722770923014
8.18,52.9,44.7,42.8,1,0.5870862783454202,0.41291372165457985,0.41291372165457985
6.83,52.7,28.6,25.9,0,0.25859021286279515,-0.25859021286279515,0.25859021286279515
5.12,39.2,23.3,31.9,0,0.1166211608146267,-0.1166211608146267,0.1166211608146267
8.25,78.3,85.6,69.6,1,0.9422530985610323,0.05774690143896766,0.05774690143896766
6.29,86.6,60.9,45.7,0,0.48887135929621583,-0.48887135929621583,0.48887135929621583
6.68,71.7,39.3,47.6,0,0.5175488330291612,-0.5175488330291612,0.5175488330291612
5.94,39.8,28.2,37.4,0,0.2645231153849913,-0.2645231153849913,0.2645231153849913
8.92,93.7,69.8,74.5,1,1.0933986528536042,-0.09339865285360416,0.09339865285360416
7.78,77.2,68.5,50.5,1,0.680413868314747,0.31958613168525296,0.31958613168525296
5.4,72.0,61.3,47.7,0,0.38846180060832414,-0.38846180060832414,0.38846180060832414
9.78,65.1,58.8,46.2,1,0.818501067735682,0.181498932264318,0.181498932264318
7.04,63.1,59.7,44.5,1,0.5083232890533581,0.4916767109466419,0.4916767109466419
9.94,89.5,83.4,83.9,1,1.2967228962093578,-0.29672289620935777,0.29672289620935777
6.9,67.2,25.4,28.4,0,0.3210079561050526,-0.3210079561050526,0.3210079561050526
7.56,51.0,65.2,55.6,1,0.6606684334271656,0.33933156657283436,0.33933156657283436
6.13,86.5,67.8,67.7,1,0.7118925340051022,0.2881074659948978,0.2881074659948978
6.34,73.9,62.4,72.1,1,0.7560759106514615,0.2439240893485385,0.2439240893485385
6.18,65.7,57.6,55.1,1,0.5377755074759799,0.4622244925240201,0.4622244925240201
9.99,82.3,79.2,69.1,1,1.1264424556042858,-0.1264424556042858,0.1264424556042858
7.47,45.9,30.1,28.3,0,0.33881195394763697,-0.33881195394763697,0.33881195394763697
8.54,65.3,57.2,47.9,1,0.7067652488462398,0.2932347511537602,0.2932347511537602
8.03,63.3,63.6,52.8,1,0.7035344186055891,0.2964655813944109,0.2964655813944109
7.96,63.8,74.2,82.8,1,1.0246791904627743,-0.024679190462774336,0.024679190462774336
6.93,63.5,59.7,47.4,1,0.5290339283114985,0.47096607168850146,0.47096607168850146
8.0,84.2,74.0,76.0,1,0.9950681356450765,0.004931864354923543,0.004931864354923543
8.46,83.7,84.8,79.1,1,1.0779280481763953,-0.07792804817639531,0.07792804817639531
8.59,87.7,80.5,62.2,1,0.9152247433816704,0.08477525661832963,0.08477525661832963
5.08,47.9,21.6,29.1,0,0.09880672410239189,-0.09880672410239189,0.09880672410239189
9.91,82.9,74.0,99.4,1,1.4472934704673368,-0.4472934704673368,0.4472934704673368
6.93,70.6,48.0,47.7,1,0.5442324294955584,0.4557675705044416,0.4557675705044416
9.83,98.4,97.8,51.5,0,0.9533243332221449,-0.9533243332221449,0.9533243332221449
7.57,90.3,84.2,65.2,1,0.8463388645953774,0.15366113540462256,0.15366113540462256
9.37,77.1,63.4,82.6,1,1.1949517126188733,-0.19495171261887334,0.19495171261887334
7.6,61.2,64.9,51.0,1,0.6349021608998527,0.36509783910014726,0.36509783910014726
6.89,83.4,74.9,67.5,1,0.7847159905793227,0.21528400942067727,0.21528400942067727
6.02,79.3,51.2,44.9,1,0.4358253599024823,0.5641746400975177,0.5641746400975177
6.88,69.3,66.1,55.6,1,0.6252851123151909,0.3747148876848091,0.3747148876848091
6.57,40.1,29.7,29.6,0,0.24689031838636877,-0.24689031838636877,0.24689031838636877
7.93,67.8,52.6,52.4,1,0.695639343984925,0.304360656015075,0.304360656015075
4.53,74.3,51.7,42.0,0,0.23802484247946387,-0.23802484247946387,0.23802484247946387
6.71,72.6,50.2,60.4,0,0.6632983110611789,-0.6632983110611789,0.6632983110611789
4.42,42.3,29.5,23.5,0,-0.040997610848650834,0.040997610848650834,0.040997610848650834
7.77,73.0,59.8,55.5,1,0.7239184086174785,0.27608159138252153,0.27608159138252153
6.14,61.0,60.8,42.4,1,0.38700721523977866,0.6129927847602213,0.6129927847602213
7.12,75.0,51.3,58.7,1,0.6928276671410231,0.30717233285897694,0.30717233285897694
6.73,50.9,31.1,23.0,0,0.21348883583230027,-0.21348883583230027,0.21348883583230027
4.02,34.0,7.4,56.5,0,0.2551828176121965,-0.2551828176121965,0.2551828176121965
5.07,47.5,27.4,36.5,0,0.17830231471182023,-0.17830231471182023,0.17830231471182023
7.4,73.5,56.7,45.5,1,0.5769171979700184,0.4230828020299816,0.4230828020299816
9.18,82.4,82.2,49.4,1,0.8281439896446728,0.17185601035532716,0.17185601035532716
9.85,81.0,78.4,68.7,1,1.104698415749465,-0.10469841574946503,0.10469841574946503
10.0,72.4,69.3,80.0,1,1.224710800801772,-0.22471080080177197,0.22471080080177197
9.14,80.1,87.5,64.1,1,0.9799279152689103,0.02007208473108968,0.02007208473108968
6.81,72.9,62.4,55.3,0,0.621107413250278,-0.621107413250278,0.621107413250278
8.46,77.5,62.2,44.4,1,0.6851614705067214,0.3148385294932786,0.3148385294932786
5.82,65.7,61.8,53.2,0,0.4800312800470198,-0.4800312800470198,0.4800312800470198
6.78,68.7,52.4,69.8,1,0.765430010900786,0.234569989099214,0.234569989099214
8.44,80.3,83.4,77.2,1,1.0482844495917458,-0.048284449591745826,0.048284449591745826
6.04,44.0,21.8,33.9,0,0.24418544963606748,-0.24418544963606748,0.24418544963606748
6.86,65.2,58.4,45.7,0,0.5063360706429646,-0.5063360706429646,0.5063360706429646
8.55,70.9,50.3,60.2,1,0.8511733982287352,0.14882660177126483,0.14882660177126483
7.82,76.7,68.3,64.4,1,0.8345144261663816,0.1654855738336184,0.1654855738336184
5.25,41.6,28.5,28.0,0,0.09353936527506235,-0.09353936527506235,0.09353936527506235
4.72,52.0,27.5,31.4,0,0.09500079893010727,-0.09500079893010727,0.09500079893010727
6.5,64.4,64.4,49.2,1,0.5059564559992819,0.49404354400071815,0.49404354400071815
8.34,67.7,53.7,62.5,1,0.8483738202672303,0.1516261797327697,0.1516261797327697
6.28,81.9,65.5,51.7,0,0.5445210160073249,-0.5445210160073249,0.5445210160073249
4.24,30.3,3.9,52.4,1,0.22592821795648066,0.7740717820435193,0.7740717820435193
6.87,61.8,59.0,51.0,1,0.5583570518127493,0.4416429481872507,0.4416429481872507
9.88,82.5,72.6,65.6,1,1.0761492420008367,-0.07614924200083673,0.07614924200083673
6.64,93.5,81.2,73.7,1,0.8466592681869957,0.15334073181300434,0.15334073181300434
6.83,55.9,31.8,38.6,0,0.40330239296842973,-0.40330239296842973,0.40330239296842973
4.2,51.3,29.3,23.4,0,-0.04756948946932871,0.04756948946932871,0.04756948946932871
6.25,63.0,68.8,56.9,1,0.5612854026521049,0.4387145973478951,0.4387145973478951
7.3,88.1,83.0,66.6,1,0.8286406396432203,0.17135936035677968,0.17135936035677968
7.65,88.1,83.8,63.5,1,0.8319020977261854,0.1680979022738146,0.1680979022738146
6.24,83.8,49.4,63.7,1,0.671584086709719,0.32841591329028097,0.32841591329028097
4.36,43.0,24.4,37.0,0,0.09977061219846628,-0.09977061219846628,0.09977061219846628
4.0,48.8,25.2,28.4,0,-0.01990990574657381,0.01990990574657381,0.01990990574657381
9.89,76.7,85.5,81.3,1,1.2384708148157837,-0.2384708148157837,0.2384708148157837
7.81,93.7,86.7,73.2,1,0.9655179462256432,0.03448205377435676,0.03448205377435676
4.44,46.9,33.1,25.1,0,-0.011879971435723613,0.011879971435723613,0.011879971435723613
7.62,89.3,94.2,69.8,1,0.9012790981972906,0.09872090180270943,0.09872090180270943
6.15,69.5,63.5,45.2,0,0.43560487410935356,-0.43560487410935356,0.43560487410935356
9.17,79.8,72.8,90.6,1,1.2676942478859057,-0.2676942478859057,0.2676942478859057
7.99,77.1,100.0,69.7,1,0.916116886192564,0.08388311380743596,0.08388311380743596
7.45,65.2,47.2,40.8,1,0.5132288326278701,0.4867711673721299,0.4867711673721299
9.88,97.9,95.1,91.0,1,1.3859889491781305,-0.38598894917813054,0.38598894917813054
6.67,83.0,51.9,57.7,1,0.6504870531418888,0.3495129468581112,0.3495129468581112
6.1,69.8,53.6,58.1,0,0.5693054309950248,-0.5693054309950248,0.5693054309950248
7.8,74.0,59.3,70.8,1,0.8950613445086691,0.10493865549133086,0.10493865549133086
6.41,83.6,46.9,57.8,1,0.6245738105517319,0.3754261894482681,0.3754261894482681
5.22,43.3,32.0,35.0,0,0.17032034668221885,-0.17032034668221885,0.17032034668221885
9.87,80.5,64.3,69.1,1,1.1077553246283078,-0.10775532462830784,0.10775532462830784
8.68,85.6,86.3,65.6,1,0.9584640362618458,0.04153596373815416,0.04153596373815416
10.0,58.6,75.2,61.0,1,0.9923434507931835,0.007656549206816465,0.007656549206816465
6.72,42.7,29.5,29.9,0,0.2709809398251092,-0.2709809398251092,0.2709809398251092
8.51,67.8,53.4,53.7,1,0.7708425379201526,0.22915746207984744,0.22915746207984744
5.82,63.3,53.3,41.7,0,0.3490135613825266,-0.3490135613825266,0.3490135613825266
5.05,44.4,32.2,26.5,0,0.06236379217981969,-0.06236379217981969,0.06236379217981969
4.69,65.6,63.0,46.8,1,0.29180243414715135,0.7081975658528487,0.7081975658528487
8.53,74.5,61.9,52.8,1,0.7777763116272932,0.22222368837270678,0.22222368837270678
6.28,63.8,51.1,57.4,1,0.5684166080101013,0.4315833919898987,0.4315833919898987
7.35,71.9,56.4,54.7,1,0.6683551233539636,0.33164487664603637,0.33164487664603637
9.4,60.4,60.1,55.7,1,0.8727036388617854,0.12729636113821463,0.12729636113821463
6.59,43.0,23.5,35.6,0,0.3187692213522816,-0.3187692213522816,0.3187692213522816
5.16,61.2,51.8,53.1,0,0.3990453447839247,-0.3990453447839247,0.3990453447839247
6.16,73.7,47.1,42.5,1,0.4127881743834797,0.5872118256165203,0.5872118256165203
9.2,68.9,93.2,64.9,1,0.9739049725497494,0.026095027450250607,0.026095027450250607
5.12,49.9,21.3,30.4,0,0.12099947874196815,-0.12099947874196815,0.12099947874196815
9.11,85.5,69.6,70.5,1,1.053806239936733,-0.05380623993673295,0.05380623993673295
8.2,73.1,49.2,50.6,1,0.7142953752313911,0.2857046247686089,0.2857046247686089
8.7,76.4,75.0,72.9,1,1.0198332652872915,-0.019833265287291457,0.019833265287291457
8.41,79.5,62.6,67.8,1,0.937955724472057,0.062044275527943005,0.062044275527943005
5.49,65.5,56.8,57.8,0,0.4940478186243059,-0.4940478186243059,0.4940478186243059
7.98,66.1,62.4,58.0,1,0.7600283013627182,0.23997169863728185,0.23997169863728185
7.79,71.2,50.8,47.0,1,0.6286661034667299,0.3713338965332701,0.3713338965332701
4.52,60.0,61.2,50.7,0,0.3049789009564142,-0.3049789009564142,0.3049789009564142
7.38,79.2,92.5,77.3,1,0.9373676273048434,0.06263237269515665,0.06263237269515665
7.88,73.8,57.4,49.7,1,0.6736685622961825,0.32633143770381745,0.32633143770381745
7.05,80.9,53.1,46.4,1,0.5638193978916411,0.43618060210835885,0.43618060210835885
5.83,37.7,27.5,33.0,0,0.20095028961392003,-0.20095028961392003,0.20095028961392003
6.34,79.7,57.9,54.0,1,0.5701818484499831,0.4298181515500169,0.4298181515500169
8.68,81.2,80.0,76.1,1,1.0627500464157196,-0.06275004641571957,0.06275004641571957
8.64,82.0,77.1,81.3,1,1.1160785338436123,-0.11607853384361233,0.11607853384361233
4.57,49.2,25.4,26.0,0,0.01475424827619165,-0.01475424827619165,0.01475424827619165
9.34,56.7,57.8,50.6,1,0.8033714300574931,0.19662856994250688,0.19662856994250688
7.72,67.2,50.7,49.2,1,0.6373257533839328,0.3626742466160672,0.3626742466160672
6.1,47.4,34.2,23.0,0,0.1409399319584551,-0.1409399319584551,0.1409399319584551
8.91,79.6,71.0,76.5,1,1.0865868862697345,-0.08658688626973454,0.08658688626973454
6.58,58.7,61.3,58.4,1,0.6025296361950422,0.3974703638049578,0.3974703638049578
4.19,33.6,9.5,46.8,1,0.16730822549635638,0.8326917745036436,0.8326917745036436
9.62,75.2,81.3,62.7,1,1.0044943584832726,-0.00449435848327262,0.00449435848327262
8.52,65.9,77.3,56.2,1,0.7993846449130005,0.20061535508699946,0.20061535508699946
5.64,45.9,32.0,28.3,0,0.14682040087017512,-0.14682040087017512,0.14682040087017512
8.51,86.5,80.6,70.8,1,0.9978492366602328,0.002150763339767159,0.002150763339767159
8.73,89.6,91.6,65.6,1,0.9724754032455553,0.02752459675444474,0.02752459675444474
8.68,84.6,64.0,81.0,1,1.1198935933079568,-0.11989359330795679,0.11989359330795679
5.79,76.9,60.2,39.4,1,0.3487653120861457,0.6512346879138543,0.6512346879138543
7.24,75.8,47.4,48.4,1,0.5945161506002644,0.4054838493997356,0.4054838493997356
7.8,66.3,61.4,56.5,1,0.7250484303730561,0.2749515696269439,0.2749515696269439
4.31,34.5,7.6,63.2,1,0.3594168200524609,0.6405831799475391,0.6405831799475391
7.88,81.3,85.6,69.4,1,0.9070874689103791,0.09291253108962094,0.09291253108962094
6.28,73.3,69.4,55.2,0,0.5663034842113138,-0.5663034842113138,0.5663034842113138
5.91,56.0,49.8,56.0,0,0.4987992452666631,-0.4987992452666631,0.4987992452666631
6.7,67.8,51.3,56.8,0,0.6139269671749238,-0.6139269671749238,0.6139269671749238
9.81,61.5,90.1,87.3,1,1.2661515981460125,-0.2661515981460125,0.2661515981460125
5.64,79.6,50.3,49.7,1,0.44843998678318353,0.5515600132168165,0.5515600132168165
6.65,74.9,84.8,76.9,1,0.846553357981554,0.15344664201844604,0.15344664201844604
7.6,82.2,60.2,59.6,1,0.7686955639098735,0.23130443609012652,0.23130443609012652
7.34,57.9,63.2,50.1,0,0.5910389570558016,-0.5910389570558016,0.5910389570558016
7.36,70.8,57.2,62.8,1,0.7553250235868351,0.24467497641316494,0.24467497641316494
8.09,49.1,46.7,49.7,1,0.6454231066069972,0.3545768933930028,0.3545768933930028
6.7,51.5,28.2,29.4,0,0.2805040365884742,-0.2805040365884742,0.2805040365884742
6.83,86.9,39.9,48.2,1,0.5697681192329603,0.43023188076703966,0.43023188076703966
4.75,67.0,62.5,47.2,1,0.30511369146911405,0.694886308530886,0.694886308530886
7.97,89.9,75.1,70.7,1,0.9457505733394839,0.05424942666051613,0.05424942666051613
5.93,77.8,59.5,53.0,0,0.5127808352651498,-0.5127808352651498,0.5127808352651498
6.15,47.7,25.3,30.8,0,0.22994938323013725,-0.22994938323013725,0.22994938323013725
5.89,47.9,29.9,28.1,0,0.17448947681178806,-0.17448947681178806,0.17448947681178806
7.37,76.1,54.1,54.6,1,0.6772237510420632,0.3227762489579368,0.3227762489579368
5.72,49.2,28.7,25.1,0,0.12640025609055394,-0.12640025609055394,0.12640025609055394
6.3,70.7,49.6,56.6,0,0.5751222051196095,-0.5751222051196095,0.5751222051196095
10.0,79.3,62.0,77.3,1,1.2076964740824714,-0.20769647408247138,0.20769647408247138
9.05,88.6,91.0,78.2,1,1.1408373891734618,-0.14083738917346178,0.14083738917346178
8.19,79.3,82.3,74.2,1,0.9872899202947004,0.012710079705299582,0.012710079705299582
5.71,40.7,26.6,32.9,0,0.19298942595664104,-0.19298942595664104,0.19298942595664104
8.75,82.7,84.9,63.5,1,0.9370887358010452,0.06291126419895476,0.06291126419895476
7.17,61.1,54.5,53.0,0,0.6094561820895731,-0.6094561820895731,0.6094561820895731
6.6,53.6,27.7,27.9,0,0.25774662477925914,-0.25774662477925914,0.25774662477925914
9.06,96.8,73.6,65.7,1,1.0193036118520848,-0.019303611852084845,0.019303611852084845
8.28,73.4,51.5,53.7,1,0.7573408167653511,0.24265918323464886,0.24265918323464886
5.17,45.2,35.0,26.9,0,0.0813657707149219,-0.0813657707149219,0.0813657707149219
9.15,83.9,82.1,70.3,1,1.0548306251145587,-0.05483062511455872,0.05483062511455872
9.05,78.2,52.4,50.8,1,0.8163516656638136,0.18364833433618644,0.18364833433618644
6.85,45.6,27.2,31.4,0,0.3062287412056913,-0.3062287412056913,0.3062287412056913
4.48,55.7,30.8,34.7,0,0.11343383870274149,-0.11343383870274149,0.11343383870274149
9.52,61.9,67.4,81.5,1,1.1696160827880697,-0.16961608278806972,0.16961608278806972
9.77,78.4,73.3,66.0,1,1.0610028376397609,-0.06100283763976089,0.06100283763976089
5.62,47.6,23.4,28.8,0,0.15201677858276408,-0.15201677858276408,0.15201677858276408
5.59,54.0,31.3,32.2,0,0.19968990006141485,-0.19968990006141485,0.19968990006141485
9.98,80.6,81.1,69.4,1,1.125635624086247,-0.12563562408624707,0.12563562408624707
8.8,74.8,69.4,84.0,1,1.1467586784360941,-0.14675867843609414,0.14675867843609414
5.28,56.4,27.1,34.2,0,0.19282056731383068,-0.19282056731383068,0.19282056731383068
5.99,61.2,68.1,57.2,1,0.5335659230911477,0.4664340769088523,0.4664340769088523
6.5,48.1,27.5,34.7,0,0.3102341481240859,-0.3102341481240859,0.3102341481240859
6.79,80.9,58.3,47.6,1,0.5504116496004566,0.44958835039954337,0.44958835039954337
6.39,52.5,30.9,27.7,0,0.2318928668751884,-0.2318928668751884,0.2318928668751884
7.96,81.6,84.6,65.4,1,0.8724849059701959,0.1275150940298041,0.1275150940298041
9.22,89.8,80.0,67.7,1,1.0451826232157821,-0.04518262321578215,0.04518262321578215
7.43,66.9,51.5,48.9,1,0.6031399646433037,0.39686003535669634,0.39686003535669634
5.93,41.9,28.3,33.6,0,0.22635509516339114,-0.22635509516339114,0.22635509516339114
6.93,67.0,58.6,48.4,1,0.5465740799305868,0.4534259200694132,0.4534259200694132
6.22,74.9,44.0,46.1,1,0.46000559453999823,0.5399944054600018,0.5399944054600018
9.8,75.1,71.4,82.9,1,1.2408367772546716,-0.24083677725467156,0.24083677725467156
5.95,67.4,34.4,48.4,0,0.44024081032369244,-0.44024081032369244,0.44024081032369244
6.58,45.5,28.5,33.4,0,0.29959386075209016,-0.29959386075209016,0.29959386075209016
5.61,46.8,30.7,34.8,0,0.21578327311915813,-0.21578327311915813,0.21578327311915813
7.58,88.7,67.0,73.9,1,0.935769731908422,0.06423026809157795,0.06423026809157795
9.99,99.5,86.7,76.7,1,1.2440009908549112,-0.24400099085491123,0.24400099085491123
8.28,78.7,89.7,63.5,1,0.8806628826484221,0.11933711735157793,0.11933711735157793
9.01,87.8,58.7,64.8,1,0.9840671947077225,0.015932805292277474,0.015932805292277474
8.31,70.3,63.0,69.5,1,0.9279113592439515,0.07208864075604848,0.07208864075604848
8.35,78.4,82.5,74.9,1,1.0099716727063175,-0.009971672706317491,0.009971672706317491
7.1,55.2,21.4,28.0,0,0.3134434874086617,-0.3134434874086617,0.3134434874086617
6.06,77.8,57.3,58.3,0,0.5836094022820298,-0.5836094022820298,0.5836094022820298
8.25,81.5,73.7,80.3,1,1.0626744208649912,-0.0626744208649912,0.0626744208649912
7.87,89.2,84.7,58.5,1,0.8030499088012554,0.19695009119874463,0.19695009119874463
5.82,66.7,53.9,51.6,0,0.4632750084440721,-0.4632750084440721,0.4632750084440721
7.94,66.2,54.0,48.8,1,0.6547029213868131,0.3452970786131869,0.3452970786131869
6.27,74.3,62.4,55.0,0,0.5638497230724396,-0.5638497230724396,0.5638497230724396
8.54,76.0,76.2,99.7,1,1.293406514517383,-0.293406514517383,0.293406514517383
4.93,54.2,30.4,29.3,0,0.09908377719101702,-0.09908377719101702,0.09908377719101702
7.22,67.3,71.7,57.7,0,0.6808451043673941,-0.6808451043673941,0.6808451043673941
5.6,61.4,60.1,48.2,0,0.3938948093400506,-0.3938948093400506,0.3938948093400506
8.06,100.0,75.7,80.1,1,1.077194421002058,-0.07719442100205809,0.07719442100205809
7.49,75.3,94.0,78.1,1,0.9502131022620585,0.04978689773794154,0.04978689773794154
6.31,39.6,25.0,25.4,0,0.17218366577896582,-0.17218366577896582,0.17218366577896582
7.87,78.6,53.8,45.8,1,0.6390838006878427,0.36091619931215735,0.36091619931215735
5.86,59.2,56.6,52.8,0,0.46624457687425147,-0.46624457687425147,0.46624457687425147
4.63,48.9,30.4,27.7,0,0.03978094201629989,-0.03978094201629989,0.03978094201629989
5.44,49.9,25.7,23.3,0,0.07829446833070319,-0.07829446833070319,0.07829446833070319
7.48,82.6,81.4,64.3,1,0.8115157146064528,0.18848428539354722,0.18848428539354722
5.97,49.4,31.6,33.8,0,0.2480165049320876,-0.2480165049320876,0.2480165049320876
6.65,89.3,82.5,61.0,1,0.7018028200882224,0.29819717991177763,0.29819717991177763
6.09,55.9,28.7,24.5,0,0.17192232087680492,-0.17192232087680492,0.17192232087680492
8.72,69.4,65.4,59.0,1,0.85564253758808,0.14435746241192005,0.14435746241192005
6.33,91.9,93.9,43.7,1,0.48739680387207474,0.5126031961279253,0.5126031961279253
5.26,45.5,30.0,32.3,0,0.14918752610617647,-0.14918752610617647,0.14918752610617647
4.2,48.7,30.4,26.4,0,-0.019914762528064123,0.019914762528064123,0.019914762528064123
5.32,72.3,40.4,54.4,0,0.4498189516171235,-0.4498189516171235,0.4498189516171235
6.42,84.1,87.1,63.4,1,0.6942657157838893,0.3057342842161107,0.3057342842161107
6.71,65.3,57.3,47.5,1,0.5101237170258687,0.4898762829741313,0.4898762829741313
7.63,93.1,66.1,82.0,1,1.0374501916242358,-0.037450191624235796,0.037450191624235796
4.45,57.0,24.0,25.4,0,0.010702420095270004,-0.010702420095270004,0.010702420095270004
7.67,85.9,75.8,64.6,1,0.8402626194149617,0.15973738058503828,0.15973738058503828
4.37,39.6,25.9,23.0,0,-0.05759535660900428,0.05759535660900428,0.05759535660900428
5.02,55.7,36.0,29.0,0,0.10918511048768365,-0.10918511048768365,0.10918511048768365
6.83,73.0,53.8,52.1,1,0.5871954741538702,0.4128045258461298,0.4128045258461298
10.0,87.3,67.3,73.8,1,1.1863061255433323,-0.18630612554333226,0.18630612554333226
6.78,64.1,57.3,52.2,1,0.5661523466130253,0.43384765338697473,0.43384765338697473
8.61,93.0,66.2,76.9,1,1.0848889144103149,-0.08488891441031488,0.08488891441031488
7.53,71.7,82.3,85.2,1,1.0224378290077039,-0.022437829007703858,0.022437829007703858
6.23,85.5,62.6,54.8,1,0.5794955253155313,0.4205044746844687,0.4205044746844687
8.68,75.9,56.6,43.1,1,0.6900706756055027,0.3099293243944973,0.3099293243944973
8.18,73.5,71.2,58.5,1,0.8025035773487469,0.1974964226512531,0.1974964226512531
8.27,77.4,86.2,72.0,1,0.9687473659958378,0.03125263400416223,0.03125263400416223
4.42,56.0,55.0,51.1,0,0.2899022283985485,-0.2899022283985485,0.2899022283985485
6.41,45.8,30.2,29.7,0,0.242436510561442,-0.242436510561442,0.242436510561442
8.64,74.7,75.3,73.9,1,1.021098780059063,-0.02109878005906296,0.02109878005906296
7.81,76.0,51.9,58.2,0,0.7619771542013211,-0.7619771542013211,0.7619771542013211
5.93,100.0,75.1,62.6,1,0.6632511706846788,0.33674882931532124,0.33674882931532124
7.37,84.2,78.5,75.6,1,0.925286176473208,0.07471382352679201,0.07471382352679201
6.26,60.8,23.7,31.6,0,0.2756385141381489,-0.2756385141381489,0.2756385141381489
8.48,77.9,65.3,49.3,1,0.7417769466372711,0.2582230533627289,0.2582230533627289
8.57,64.8,42.5,52.1,1,0.7520273593757701,0.24797264062422986,0.24797264062422986
6.07,47.9,34.3,21.4,0,0.12141459219365813,-0.12141459219365813,0.12141459219365813
4.43,50.0,25.9,27.8,0,0.021240009148632777,-0.021240009148632777,0.021240009148632777
10.0,74.8,77.3,74.4,1,1.1699881092660687,-0.16998810926606867,0.16998810926606867
7.02,72.8,69.2,46.9,1,0.5529415579770712,0.44705844202292877,0.44705844202292877
7.78,76.8,49.9,55.2,1,0.727482547686987,0.27251745231301305,0.27251745231301305
7.8,68.9,55.9,45.4,1,0.6087009615915614,0.3912990384084386,0.3912990384084386
7.96,62.0,56.1,52.5,1,0.6890890686160739,0.3109109313839261,0.3109109313839261
8.48,57.8,46.4,56.3,1,0.7750925470755231,0.2249074529244769,0.2249074529244769
8.72,87.4,82.4,87.0,1,1.1978759846545106,-0.19787598465451062,0.19787598465451062
6.91,85.6,70.6,67.1,1,0.7860600152796452,0.2139399847203548,0.2139399847203548
7.93,84.9,78.1,62.5,1,0.8432158230421966,0.15678417695780344,0.15678417695780344
4.7,43.2,25.1,34.5,0,0.10887093252338043,-0.10887093252338043,0.10887093252338043
5.03,80.7,48.3,58.1,0,0.4773518218330105,-0.4773518218330105,0.4773518218330105
4.31,40.4,28.1,26.0,0,-0.02938381640032839,0.02938381640032839,0.02938381640032839
7.31,80.0,78.4,86.6,1,1.0301459109520352,-0.030145910952035226,0.030145910952035226
7.72,70.3,62.1,54.4,1,0.7018132834557625,0.29818671654423745,0.29818671654423745
6.46,65.7,47.5,62.5,1,0.6458192771529504,0.3541807228470496,0.3541807228470496
5.0,63.5,37.4,52.8,0,0.381031511079141,-0.381031511079141,0.381031511079141
6.65,45.7,28.5,28.7,0,0.2563148161201457,-0.2563148161201457,0.2563148161201457
6.03,67.6,57.4,55.5,1,0.5300504840562951,0.46994951594370493,0.46994951594370493
9.5,96.4,89.5,72.3,1,1.139127915415588,-0.139127915415588,0.139127915415588
6.93,97.1,73.8,69.0,1,0.8319118795327883,0.16808812046721167,0.16808812046721167
6.06,84.0,57.6,62.1,1,0.6370884920901972,0.36291150790980276,0.36291150790980276
5.45,61.8,56.5,49.4,0,0.39133054705784087,-0.39133054705784087,0.39133054705784087
7.27,90.8,88.1,69.4,1,0.8620582644459164,0.13794173555408362,0.13794173555408362
7.94,61.8,54.0,54.1,1,0.7036075084382295,0.2963924915617705,0.2963924915617705
6.47,41.0,30.1,30.9,0,0.2523304366117157,-0.2523304366117157,0.2523304366117157
8.8,81.7,75.7,71.2,1,1.022409262121438,-0.02240926212143801,0.02240926212143801
7.27,94.5,66.0,65.1,1,0.8188651694477368,0.1811348305522632,0.1811348305522632
6.92,64.6,48.0,67.8,1,0.7496290868348608,0.25037091316513915,0.25037091316513915
9.05,99.9,94.4,79.7,1,1.1798861428431575,-0.17988614284315751,0.17988614284315751
6.45,50.6,25.1,27.0,0,0.22587873093554622,-0.22587873093554622,0.22587873093554622
10.0,92.9,80.2,78.4,1,1.2494431625320988,-0.24944316253209875,0.24944316253209875
5.14,83.4,41.3,49.2,0,0.39639010305640443,-0.39639010305640443,0.39639010305640443
5.01,49.9,26.9,32.5,0,0.13319489983192678,-0.13319489983192678,0.13319489983192678
6.5,53.5,29.1,25.6,0,0.22230901348049004,-0.22230901348049004,0.22230901348049004
8.56,73.7,45.5,49.3,1,0.7385603144456366,0.26143968555436337,0.26143968555436337
5.27,57.2,52.3,52.6,0,0.3974097307744834,-0.3974097307744834,0.3974097307744834
7.35,71.4,58.2,61.7,1,0.7436799016675463,0.2563200983324537,0.2563200983324537
5.38,46.3,31.0,24.9,0,0.08319755917116667,-0.08319755917116667,0.08319755917116667
7.57,73.1,75.1,81.3,1,0.9858187235618555,0.014181276438144486,0.014181276438144486
6.53,66.7,65.9,63.8,1,0.6723928035627923,0.3276071964372077,0.3276071964372077
6.75,70.3,48.3,50.5,1,0.5551780510614063,0.4448219489385937,0.4448219489385937
4.79,44.1,30.8,31.0,0,0.08306899974847182,-0.08306899974847182,0.08306899974847182
9.62,82.4,61.7,85.4,1,1.2617383403637175,-0.26173834036371746,0.26173834036371746
9.88,79.2,51.2,62.0,1,1.0269338298218553,-0.026933829821855326,0.026933829821855326
7.98,76.6,58.8,56.3,1,0.7615695553705738,0.2384304446294262,0.2384304446294262
5.3,47.0,31.1,32.3,0,0.1565235121143601,-0.1565235121143601,0.1565235121143601
5.09,59.2,28.6,24.4,0,0.07220718348720945,-0.07220718348720945,0.07220718348720945
7.48,88.1,63.8,70.2,1,0.8833657506230962,0.11663424937690381,0.11663424937690381
8.67,80.1,70.7,77.3,1,1.070981115809766,-0.07098111580976596,0.07098111580976596
7.94,85.9,72.7,67.7,1,0.901764835218127,0.098235164781873,0.098235164781873
5.04,83.8,50.7,67.2,0,0.5836967970656662,-0.5836967970656662,0.5836967970656662
7.51,66.0,72.0,51.0,1,0.636078493006191,0.363921506993809,0.363921506993809
8.29,75.6,44.8,41.4,1,0.6280258077652449,0.37197419223475514,0.37197419223475514
6.21,71.0,47.5,62.3,0,0.6277796448400418,-0.6277796448400418,0.6277796448400418
7.65,62.1,50.6,49.1,1,0.6188548433901909,0.3811451566098091,0.3811451566098091
9.05,83.0,74.2,76.7,1,1.110691587613514,-0.11069158761351394,0.11069158761351394
4.64,51.7,28.5,29.6,0,0.06663263119221263,-0.06663263119221263,0.06663263119221263
6.81,64.2,46.5,58.2,1,0.6328004910725423,0.3671995089274577,0.3671995089274577
10.0,72.4,79.2,61.5,1,1.0255453175022207,-0.025545317502220666,0.025545317502220666
6.92,82.7,77.1,86.4,1,0.9920676951282988,0.007932304871701157,0.007932304871701157
6.82,89.3,72.0,88.7,1,1.0186159218118536,-0.018615921811853564,0.018615921811853564
8.16,92.3,72.2,90.3,1,1.1827319791489632,-0.18273197914896322,0.18273197914896322
5.41,79.5,55.3,45.3,1,0.37715519035627276,0.6228448096437272,0.6228448096437272
5.75,52.5,23.5,25.4,0,0.13840092573160667,-0.13840092573160667,0.13840092573160667
7.23,68.8,56.4,54.6,1,0.6485729451520014,0.35142705484799863,0.35142705484799863
9.02,66.9,60.1,43.5,1,0.7130736768222398,0.28692632317776023,0.28692632317776023
9.91,100.0,92.5,69.2,1,1.156137392584832,-0.15613739258483195,0.15613739258483195
8.79,76.6,74.5,79.5,1,1.1012550622155666,-0.10125506221556657,0.10125506221556657
7.36,74.7,59.7,63.0,1,0.7655791359481908,0.23442086405180917,0.23442086405180917
5.97,66.8,55.2,45.4,0,0.41214321254893094,-0.41214321254893094,0.41214321254893094
6.63,65.9,55.0,49.5,1,0.524215878836035,0.47578412116396496,0.47578412116396496
7.56,69.1,55.7,49.9,1,0.6326943100010486,0.3673056899989514,0.3673056899989514
8.46,59.6,45.4,44.2,0,0.6449836895902991,-0.6449836895902991,0.6449836895902991
6.13,54.9,32.8,37.2,0,0.31274669691612955,-0.31274669691612955,0.31274669691612955
8.0,66.2,49.4,60.9,1,0.7915933403620633,0.2084066596379367,0.2084066596379367
8.44,78.1,86.8,83.4,1,1.1118593825926362,-0.11185938259263617,0.11185938259263617
8.35,63.1,90.7,76.2,1,0.9954497273309025,0.004550272669097466,0.004550272669097466
8.29,71.1,100.0,74.2,1,0.9847220763238654,0.015277923676134564,0.015277923676134564
6.98,62.8,66.5,62.8,1,0.7012728552030688,0.2987271447969312,0.2987271447969312
7.31,63.8,60.7,52.3,1,0.6229273439220125,0.37707265607798746,0.37707265607798746
10.0,90.6,85.7,65.8,1,1.109068126815111,-0.10906812681511102,0.10906812681511102
4.08,53.4,27.2,33.4,0,0.052154006175533785,-0.052154006175533785,0.052154006175533785
5.04,50.4,32.8,27.4,0,0.08296518600704117,-0.08296518600704117,0.08296518600704117
7.68,81.7,57.6,50.7,0,0.6790500721975398,-0.6790500721975398,0.6790500721975398
7.98,80.3,100.0,58.7,1,0.8019206468551946,0.1980793531448054,0.1980793531448054
6.57,56.8,20.6,28.9,0,0.2705212299843992,-0.2705212299843992,0.2705212299843992
9.35,77.5,65.4,88.0,1,1.2526043614024922,-0.2526043614024922,0.2526043614024922
6.43,70.1,57.8,50.5,0,0.5227776147717434,-0.5227776147717434,0.5227776147717434
5.89,79.7,90.1,69.3,1,0.6944984508608641,0.30550154913913585,0.30550154913913585
9.82,96.2,96.9,85.4,1,1.315854090022785,-0.3158540900227851,0.3158540900227851
6.94,88.2,59.1,55.2,1,0.6631557472041686,0.3368442527958314,0.3368442527958314
7.76,63.2,53.5,60.2,1,0.7535820515238064,0.24641794847619358,0.24641794847619358
7.47,65.9,52.6,63.3,1,0.7619093294337765,0.23809067056622346,0.23809067056622346
8.61,94.9,92.7,75.5,1,1.077941190603053,-0.07794119060305293,0.07794119060305293
6.59,74.3,44.6,63.1,1,0.6823830284501141,0.3176169715498859,0.3176169715498859
8.78,78.4,68.6,85.7,1,1.170044438719723,-0.17004443871972308,0.17004443871972308
8.52,57.6,64.6,58.7,1,0.808066232549674,0.19193376745032598,0.19193376745032598
5.84,50.7,26.5,25.4,0,0.14483745190559494,-0.14483745190559494,0.14483745190559494
6.04,73.4,56.9,52.9,1,0.5141737764263347,0.48582622357366534,0.48582622357366534
5.24,56.5,27.7,28.5,0,0.12703061484852696,-0.12703061484852696,0.12703061484852696
7.92,85.6,77.9,69.6,1,0.9205898158806477,0.0794101841193523,0.0794101841193523
6.82,56.3,33.9,26.2,0,0.26876801163479336,-0.26876801163479336,0.26876801163479336
6.33,82.7,61.0,76.1,1,0.81548944976218,0.18451055023782004,0.18451055023782004
5.01,62.5,54.2,48.8,0,0.33955814612248203,-0.33955814612248203,0.33955814612248203
5.9,76.2,54.3,50.3,0,0.4762858201554686,-0.4762858201554686,0.4762858201554686
8.47,74.2,61.3,44.8,1,0.6839233763269309,0.3160766236730691,0.3160766236730691
9.75,98.8,96.6,54.2,1,0.9748115059864003,0.025188494013599683,0.025188494013599683
9.39,84.7,77.0,66.7,1,1.0416672510397889,-0.041667251039788855,0.041667251039788855
5.61,63.1,62.0,54.8,0,0.4702635657512665,-0.4702635657512665,0.4702635657512665
6.72,47.9,27.2,32.0,0,0.30359630345624,-0.30359630345624,0.30359630345624
7.77,85.4,92.3,73.0,1,0.9438048415139054,0.056195158486094576,0.056195158486094576
5.93,45.6,25.4,30.6,0,0.20055260658182583,-0.20055260658182583,0.20055260658182583
5.8,67.2,43.9,52.5,0,0.47021956746173255,-0.47021956746173255,0.47021956746173255
7.43,63.9,60.2,44.8,1,0.554221531173655,0.445778468826345,0.445778468826345
8.21,68.0,71.9,69.0,1,0.9089774461974104,0.09102255380258961,0.09102255380258961
9.94,69.9,64.7,86.8,1,1.2865403833737643,-0.2865403833737643,0.2865403833737643
6.8,56.1,28.2,27.8,0,0.2826721119956931,-0.2826721119956931,0.2826721119956931
4.42,50.4,28.2,30.9,0,0.05502360701096365,-0.05502360701096365,0.05502360701096365
7.78,82.7,70.6,70.2,1,0.9054526173069674,0.09454738269303264,0.09454738269303264
7.31,61.8,48.4,61.5,1,0.7167867615173203,0.28321323848267965,0.28321323848267965
5.26,59.2,30.8,32.5,0,0.17838989670849237,-0.17838989670849237,0.17838989670849237
7.4,83.0,86.6,68.3,1,0.8482091757028557,0.1517908242971443,0.1517908242971443
7.73,76.3,56.8,57.2,1,0.7441379978627104,0.2558620021372896,0.2558620021372896
7.16,71.7,48.2,48.4,1,0.5781967200446164,0.4218032799553836,0.4218032799553836
8.91,100.0,89.0,66.3,1,1.018964158347099,-0.01896415834709897,0.01896415834709897
7.07,84.4,84.5,76.5,1,0.9049468371789794,0.09505316282102061,0.09505316282102061
9.97,67.2,92.0,66.7,1,1.0708253239412118,-0.07082532394121177,0.07082532394121177
6.99,67.2,62.4,47.3,0,0.5419778798962748,-0.5419778798962748,0.5419778798962748
8.0,64.5,61.5,56.4,1,0.7414643351144342,0.2585356648855658,0.2585356648855658
8.76,74.5,72.1,66.6,1,0.9535146877417239,0.046485312258276124,0.046485312258276124
7.43,93.8,59.2,74.5,1,0.9352010885768146,0.06479891142318539,0.06479891142318539
6.18,66.8,55.9,54.9,1,0.5374734063145733,0.4625265936854267,0.4625265936854267
8.52,70.5,91.6,83.0,1,1.101823393609929,-0.10182339360992909,0.10182339360992909
7.5,69.0,57.4,54.1,1,0.6720821638838533,0.32791783611614667,0.32791783611614667
8.93,83.3,91.8,57.3,1,0.8910468460324997,0.10895315396750027,0.10895315396750027
4.04,50.9,26.3,29.0,0,-0.004881847261607675,0.004881847261607675,0.004881847261607675
5.09,74.4,66.7,50.8,0,0.3951734312078631,-0.3951734312078631,0.3951734312078631
4.95,50.9,32.2,34.1,0,0.14712824268648694,-0.14712824268648694,0.14712824268648694
9.64,60.4,56.9,46.8,1,0.8007518014788048,0.19924819852119524,0.19924819852119524
9.93,97.6,97.7,45.2,1,0.8938466071247807,0.1061533928752193,0.1061533928752193
5.77,73.7,54.8,60.1,0,0.5642004429467765,-0.5642004429467765,0.5642004429467765
7.46,77.6,77.8,79.0,1,0.9585823031384121,0.041417696861587916,0.041417696861587916
9.02,90.3,81.8,95.6,1,1.3283641518004976,-0.3283641518004976,0.3283641518004976
6.32,66.4,56.1,51.9,0,0.5188639126061064,-0.5188639126061064,0.5188639126061064
6.06,69.2,67.8,54.1,0,0.5229190860119087,-0.5229190860119087,0.5229190860119087
8.13,89.7,83.7,78.0,1,1.042896301981426,-0.04289630198142591,0.04289630198142591
8.33,83.3,75.1,75.5,1,1.022740446936984,-0.02274044693698407,0.02274044693698407
6.28,80.9,62.9,47.7,0,0.4986861380096713,-0.4986861380096713,0.4986861380096713
5.38,61.5,59.0,50.7,0,0.397926029884874,-0.397926029884874,0.397926029884874
8.05,74.7,75.1,86.9,1,1.100202492278874,-0.10020249227887401,0.10020249227887401
7.5,63.8,52.9,44.5,1,0.5568787122900766,0.44312128770992343,0.44312128770992343
9.04,77.6,69.6,82.4,1,1.1601399901574472,-0.16013999015744718,0.16013999015744718
5.59,55.6,27.6,27.9,0,0.15551425595539492,-0.15551425595539492,0.15551425595539492
5.3,80.8,51.2,63.4,0,0.5639596961322096,-0.5639596961322096,0.5639596961322096
6.47,67.0,51.8,48.2,1,0.4949005830077359,0.5050994169922641,0.5050994169922641
6.82,75.5,49.1,48.9,1,0.5555077874745905,0.4444922125254095,0.4444922125254095
7.04,71.7,64.0,50.1,1,0.5867390546516286,0.41326094534837143,0.41326094534837143
9.85,84.7,80.4,81.8,1,1.254530174178929,-0.254530174178929,0.254530174178929
4.62,42.5,23.0,37.3,0,0.12913081458506437,-0.12913081458506437,0.12913081458506437
7.26,63.9,45.2,55.1,1,0.6456237144328419,0.35437628556715806,0.35437628556715806
7.64,74.3,81.5,61.4,1,0.7805681937693921,0.21943180623060787,0.21943180623060787
8.21,92.9,92.1,77.7,1,1.0557618159635331,-0.055761815963533135,0.055761815963533135
10.0,81.3,88.9,66.4,1,1.097871606000063,-0.09787160600006306,0.09787160600006306
6.46,58.9,52.5,52.8,1,0.528010339662124,0.47198966033787604,0.47198966033787604
9.53,84.1,83.7,78.9,1,1.1888011041724904,-0.1888011041724904,0.1888011041724904
6.4,58.7,40.6,40.7,1,0.38791157850332925,0.6120884214966708,0.6120884214966708
8.3,64.8,76.5,75.3,1,0.9813379165058783,0.018662083494121684,0.018662083494121684
9.66,75.2,64.1,69.1,1,1.0752477490306687,-0.07524774903066866,0.07524774903066866
9.84,81.6,76.7,76.0,1,1.1837915284921396,-0.18379152849213964,0.18379152849213964
6.76,81.2,73.5,73.1,1,0.827295813505195,0.172704186494805,0.172704186494805
9.91,84.6,80.3,71.6,1,1.1498806052196775,-0.1498806052196775,0.1498806052196775
4.31,32.9,1.1,90.3,1,0.6493919493849513,0.35060805061504874,0.35060805061504874
6.84,63.1,53.3,51.3,0,0.560040764335411,-0.560040764335411,0.560040764335411
5.48,66.4,61.2,53.1,0,0.4444865545648532,-0.4444865545648532,0.4444865545648532
5.46,63.2,40.8,52.5,0,0.42610735776627406,-0.42610735776627406,0.42610735776627406
8.63,81.8,85.7,81.4,1,1.117188299212672,-0.11718829921267204,0.11718829921267204
9.58,95.3,87.3,90.0,1,1.3371696240017346,-0.33716962400173456,0.33716962400173456
7.53,64.2,54.8,44.3,1,0.5589694996378466,0.4410305003621534,0.4410305003621534
7.57,85.8,83.1,78.3,1,0.9795442027245004,0.02045579727549962,0.02045579727549962
6.84,66.1,58.0,60.2,1,0.6633596139471106,0.3366403860528894,0.3366403860528894
9.61,89.8,83.4,70.4,1,1.116062125364631,-0.11606212536463101,0.11606212536463101
8.32,79.1,46.0,52.1,1,0.7544242904206301,0.24557570957936992,0.24557570957936992
7.92,67.9,52.6,57.6,1,0.7512412650267498,0.24875873497325018,0.24875873497325018
4.76,73.1,51.5,59.3,0,0.4476323210910046,-0.4476323210910046,0.4476323210910046
8.09,59.6,54.0,55.1,1,0.7259093039516485,0.27409069604835146,0.27409069604835146
5.82,71.2,50.5,48.2,0,0.43461486453619813,-0.43461486453619813,0.43461486453619813
7.5,64.2,62.2,37.5,1,0.48325183748897393,0.5167481625110261,0.5167481625110261
8.04,95.9,88.5,66.1,1,0.9172299088861032,0.08277009111389677,0.08277009111389677
6.27,59.1,51.8,56.6,1,0.5495729770960683,0.45042702290393166,0.45042702290393166
7.54,70.5,60.9,47.0,1,0.6027428495648827,0.39725715043511733,0.39725715043511733
5.98,73.0,54.1,49.5,0,0.46969140527004527,-0.46969140527004527,0.46969140527004527
9.9,72.0,56.5,52.3,1,0.9104926598690098,0.08950734013099015,0.08950734013099015
7.74,65.5,54.5,53.9,1,0.687766773549325,0.31223322645067497,0.31223322645067497
8.2,84.8,74.1,69.9,1,0.9510533410356775,0.04894665896432249,0.04894665896432249
7.4,72.5,56.2,48.9,1,0.6117826513853003,0.3882173486146997,0.3882173486146997
8.3,79.5,78.8,66.6,1,0.9161318596243945,0.08386814037560553,0.08386814037560553
5.75,68.8,56.7,49.0,1,0.4322907341899095,0.5677092658100905,0.5677092658100905
7.58,81.1,79.7,62.3,1,0.7970759768457997,0.20292402315420033,0.20292402315420033
9.05,91.1,71.1,81.2,1,1.1749202704034616,-0.1749202704034616,0.1749202704034616
4.46,54.9,25.1,33.8,0,0.0990175237785228,-0.0990175237785228,0.0990175237785228
7.74,53.3,41.9,56.8,1,0.6931521519539717,0.30684784804602827,0.30684784804602827
8.22,89.2,73.7,78.7,1,1.057266323615484,-0.057266323615484005,0.057266323615484005
6.1,55.8,50.3,41.6,1,0.3621180390371964,0.6378819609628036,0.6378819609628036
5.64,51.8,31.3,33.7,0,0.21691114739793826,-0.21691114739793826,0.21691114739793826
8.09,72.8,45.1,53.2,1,0.7296750745591362,0.27032492544086384,0.27032492544086384
6.28,47.0,23.7,34.6,0,0.283220637576418,-0.283220637576418,0.283220637576418
8.92,66.9,58.4,59.9,1,0.8803296821379295,0.1196703178620705,0.1196703178620705
6.93,66.1,60.4,65.3,1,0.7285981419925561,0.2714018580074439,0.2714018580074439
7.04,61.5,57.1,60.1,0,0.6741081936991243,-0.6741081936991243,0.6741081936991243
6.8,87.7,86.3,68.5,1,0.7965015904408977,0.20349840955910226,0.20349840955910226
8.6,78.9,62.3,50.7,1,0.7710387982238393,0.22896120177616075,0.22896120177616075
7.46,70.8,56.0,51.6,0,0.6440306508647892,-0.6440306508647892,0.6440306508647892
9.08,78.3,82.4,63.2,1,0.9594472682140683,0.04055273178593166,0.04055273178593166
6.36,58.0,47.6,55.7,0,0.5463836728546653,-0.5463836728546653,0.5463836728546653
5.56,62.3,58.0,60.4,1,0.5235552841895369,0.4764447158104631,0.4764447158104631
6.51,55.6,26.8,28.7,0,0.26074670096835295,-0.26074670096835295,0.26074670096835295
7.14,57.4,64.3,59.2,1,0.668025908904122,0.33197409109587805,0.33197409109587805
8.79,81.5,65.7,44.5,1,0.7293767364511649,0.27062326354883515,0.27062326354883515
9.42,80.7,63.7,91.6,1,1.3050377938215916,-0.3050377938215916,0.3050377938215916
9.23,84.6,50.8,49.5,1,0.8334446324985639,0.16655536750143607,0.16655536750143607
7.16,67.9,66.8,50.5,0,0.5967107811726343,-0.5967107811726343,0.5967107811726343
9.05,77.9,44.6,45.9,1,0.7612322569514666,0.23876774304853343,0.23876774304853343
9.26,73.7,72.2,76.7,1,1.1141624988869485,-0.11416249888694852,0.11416249888694852
7.05,65.5,68.7,39.1,1,0.4569935578183687,0.5430064421816313,0.5430064421816313
8.12,62.4,46.5,53.2,1,0.7126504802373849,0.28734951976261514,0.28734951976261514
7.73,72.5,48.2,48.5,1,0.6407545397296431,0.35924546027035686,0.35924546027035686
5.07,52.5,24.8,28.2,0,0.09756082941574762,-0.09756082941574762,0.09756082941574762
8.14,88.8,78.3,73.3,1,0.9902309044019214,0.009769095598078592,0.009769095598078592
8.13,99.5,81.2,75.6,1,1.03565118626842,-0.0356511862684199,0.0356511862684199
6.7,67.3,49.8,62.0,1,0.6691459604270894,0.3308540395729106,0.3308540395729106
8.2,68.4,84.2,81.8,1,1.0497806611110505,-0.049780661111050506,0.049780661111050506
7.2,43.1,29.9,24.9,0,0.26799281174009393,-0.26799281174009393,0.26799281174009393
5.76,52.3,23.9,34.0,0,0.2324978657272304,-0.2324978657272304,0.2324978657272304
7.76,73.2,90.5,71.8,1,0.9054685399822141,0.0945314600177859,0.0945314600177859
8.06,80.2,68.9,58.6,1,0.8037386719836758,0.19626132801632423,0.19626132801632423
9.58,90.6,81.8,84.9,1,1.2716336730777402,-0.2716336730777402,0.2716336730777402
7.31,89.7,74.3,98.7,1,1.1798582723472717,-0.1798582723472717,0.1798582723472717
5.17,49.9,27.9,28.1,0,0.10240914565477788,-0.10240914565477788,0.10240914565477788
8.12,78.5,62.6,56.9,1,0.7871748082409425,0.21282519175905745,0.21282519175905745
6.87,91.9,77.6,79.2,1,0.9267884321394807,0.0732115678605193,0.0732115678605193
7.37,67.7,58.5,38.4,0,0.48560081996916316,-0.48560081996916316,0.48560081996916316
5.34,69.4,51.6,43.1,1,0.32545470226712825,0.6745452977328718,0.6745452977328718
7.21,82.0,65.0,61.5,1,0.7487650745223334,0.25123492547766657,0.25123492547766657
5.21,42.1,26.4,32.2,0,0.13555842057335055,-0.13555842057335055,0.13555842057335055
5.89,77.0,100.0,64.5,1,0.6387738109193223,0.3612261890806777,0.3612261890806777
8.31,64.1,65.3,68.6,1,0.9063613243857304,0.09363867561426964,0.09363867561426964
5.64,67.6,54.6,51.3,0,0.4429878380216007,-0.4429878380216007,0.4429878380216007
9.86,86.3,89.1,65.9,1,1.0875800328053056,-0.08758003280530557,0.08758003280530557
8.5,82.9,90.2,62.4,1,0.9001704262712901,0.09982957372870993,0.09982957372870993
9.83,72.5,82.9,70.4,1,1.105135131246342,-0.105135131246342,0.105135131246342
8.13,86.6,64.8,47.9,1,0.7067890370174729,0.29321096298252713,0.29321096298252713
7.5,54.6,57.7,63.4,1,0.7448350533738465,0.2551649466261535,0.2551649466261535
5.57,60.3,53.8,48.9,0,0.39510750513134274,-0.39510750513134274,0.39510750513134274
8.32,58.2,51.7,47.7,1,0.6665973417163046,0.3334026582836954,0.3334026582836954
6.98,67.5,51.5,57.6,1,0.6514831521286683,0.34851684787133175,0.34851684787133175
8.42,76.5,61.0,54.4,1,0.7873601939525002,0.21263980604749977,0.21263980604749977
8.42,72.1,90.3,63.7,1,0.8846929117419539,0.11530708825804614,0.11530708825804614
5.96,59.1,46.6,48.6,1,0.42925133335766275,0.5707486666423373,0.5707486666423373
6.76,58.8,53.5,52.2,1,0.5529976444943997,0.4470023555056003,0.4470023555056003
9.1,66.2,88.1,87.4,1,1.2015082404989195,-0.20150824049891947,0.20150824049891947
8.46,82.2,83.8,80.8,1,1.0932696892323404,-0.09326968923234036,0.09326968923234036
7.54,87.3,91.2,85.2,1,1.055631851537405,-0.05563185153740502,0.05563185153740502
7.99,70.0,68.6,56.0,1,0.7480792745470427,0.2519207254529573,0.2519207254529573
8.24,89.2,72.1,64.8,1,0.9081824825666028,0.09181751743339717,0.09181751743339717
6.96,66.7,44.9,56.1,0,0.6303990388207136,-0.6303990388207136,0.6303990388207136
8.38,70.1,57.5,55.1,1,0.7775953825816942,0.22240461741830575,0.22240461741830575
6.63,68.5,57.3,42.6,0,0.4547989735162147,-0.4547989735162147,0.4547989735162147
5.93,45.9,26.9,26.4,0,0.1557980162075766,-0.1557980162075766,0.1557980162075766
8.55,68.0,100.0,79.2,1,1.0602451389090284,-0.060245138909028384,0.060245138909028384
5.19,52.5,30.3,29.3,0,0.12305299970713712,-0.12305299970713712,0.12305299970713712
7.0,73.5,92.5,79.0,1,0.9047004796220751,0.09529952037792488,0.09529952037792488
8.64,89.7,93.1,81.9,1,1.1404390015999093,-0.1404390015999093,0.1404390015999093
6.69,64.2,58.1,46.1,1,0.4907991853843868,0.5092008146156132,0.5092008146156132
4.37,50.9,25.2,30.7,0,0.048067272364619495,-0.048067272364619495,0.048067272364619495
8.38,85.4,77.9,57.4,1,0.8360831947876209,0.16391680521237906,0.16391680521237906
7.9,81.4,85.4,76.3,1,0.9842649161170033,0.015735083882996714,0.015735083882996714
7.34,89.8,88.9,65.7,1,0.8274170443082333,0.17258295569176674,0.17258295569176674
8.85,66.0,61.9,42.6,1,0.683977336785874,0.316022663214126,0.316022663214126
5.04,48.9,32.7,38.2,0,0.1972593169576985,-0.1972593169576985,0.1972593169576985
7.82,56.8,61.6,46.9,1,0.6043075224294526,0.3956924775705474,0.3956924775705474
8.63,60.5,89.2,65.1,1,0.8990021134166387,0.10099788658336128,0.10099788658336128
6.09,61.6,51.0,52.0,1,0.4854855922383451,0.5145144077616549,0.5145144077616549
10.0,84.3,84.8,60.3,1,1.0368333989681457,-0.03683339896814575,0.03683339896814575
10.0,83.5,76.8,86.8,1,1.3216088186178383,-0.3216088186178383,0.3216088186178383
7.39,68.7,59.3,53.4,1,0.6526575879623718,0.34734241203762817,0.34734241203762817
5.63,58.0,50.9,61.5,0,0.5332014141104896,-0.5332014141104896,0.5332014141104896
5.91,65.1,53.8,55.2,0,0.508660420845296,-0.508660420845296,0.508660420845296
4.29,47.4,26.1,33.8,0,0.06659953559754628,-0.06659953559754628,0.06659953559754628
7.28,78.4,79.6,72.9,1,0.8753158070468537,0.12468419295314626,0.12468419295314626
9.89,71.6,74.9,75.5,1,1.1636793945779433,-0.16367939457794334,0.16367939457794334
6.9,59.5,60.1,61.5,1,0.6711810950461411,0.3288189049538589,0.3288189049538589
5.65,54.7,33.8,30.3,0,0.18716778632905362,-0.18716778632905362,0.18716778632905362
9.34,57.5,83.2,71.9,1,1.0405309947714794,-0.04053099477147937,0.04053099477147937
9.57,79.5,84.3,89.0,1,1.2937327934056024,-0.29373279340560243,0.29373279340560243
7.53,79.9,82.0,63.3,1,0.8007152463944608,0.1992847536055392,0.1992847536055392
7.21,84.5,54.4,57.7,1,0.7106072461517977,0.2893927538482023,0.2893927538482023
6.93,72.9,54.8,56.8,0,0.6487068795143772,-0.6487068795143772,0.6487068795143772
8.16,79.9,45.7,59.7,1,0.8216424502024201,0.1783575497975799,0.1783575497975799
8.12,88.1,100.0,72.4,1,0.980686705203658,0.01931329479634203,0.01931329479634203
7.34,46.7,61.4,48.9,1,0.5557166597322686,0.4442833402677314,0.4442833402677314
7.41,62.4,53.4,57.6,1,0.6869845412999308,0.3130154587000692,0.3130154587000692
5.06,63.2,58.9,59.3,0,0.460987635497382,-0.460987635497382,0.460987635497382
7.78,71.7,78.4,78.6,1,0.9763885944943206,0.023611405505679417,0.023611405505679417
4.24,32.4,3.5,81.1,1,0.5415790110017805,0.4584209889982195,0.4584209889982195
6.38,47.8,59.3,55.0,0,0.5228585699285783,-0.5228585699285783,0.5228585699285783
6.76,67.2,41.3,63.2,1,0.6868329895749216,0.31316701042507844,0.31316701042507844
10.0,78.2,79.0,69.2,1,1.1204962309493816,-0.12049623094938156,0.12049623094938156
9.5,71.6,59.1,56.1,1,0.9093715580220262,0.09062844197797382,0.09062844197797382
5.09,41.7,31.0,37.2,0,0.17723241190220096,-0.17723241190220096,0.17723241190220096
7.33,67.0,55.2,54.2,1,0.6510008388864673,0.3489991611135327,0.3489991611135327
9.65,78.5,68.8,85.0,1,1.2541037798922452,-0.2541037798922452,0.2541037798922452
5.36,52.0,28.2,30.9,0,0.15694972299038235,-0.15694972299038235,0.15694972299038235
7.87,57.9,66.5,50.9,1,0.655985734630426,0.344014265369574,0.344014265369574
10.0,86.5,69.4,71.5,1,1.1601228597973008,-0.1601228597973008,0.1601228597973008
8.41,80.6,63.3,82.5,1,1.0998328186589639,-0.09983281865896387,0.09983281865896387
5.65,71.2,57.7,57.6,0,0.520034154195499,-0.520034154195499,0.520034154195499
4.29,54.6,29.7,30.6,0,0.0466057104608778,-0.0466057104608778,0.0466057104608778
9.57,62.1,60.4,51.1,1,0.8440151982761644,0.15598480172383555,0.15598480172383555
6.35,56.4,26.9,31.6,0,0.27700511479597856,-0.27700511479597856,0.27700511479597856
5.99,52.5,24.6,28.9,0,0.20180996208584479,-0.20180996208584479,0.20180996208584479
7.4,84.2,78.2,84.3,1,1.0228437953678942,-0.02284379536789416,0.02284379536789416
9.07,56.4,46.9,57.6,1,0.848547114430363,0.15145288556963699,0.15145288556963699
6.43,84.1,77.3,90.2,1,0.9846124570175362,0.015387542982463809,0.015387542982463809
7.35,79.1,53.8,49.4,1,0.624503521830655,0.37549647816934495,0.37549647816934495
5.81,57.9,73.0,58.4,0,0.5220360031276737,-0.5220360031276737,0.5220360031276737
5.52,45.9,25.8,30.4,0,0.15595124778179137,-0.15595124778179137,0.15595124778179137
6.4,38.7,30.4,26.5,0,0.19273926481510573,-0.19273926481510573,0.19273926481510573
6.28,71.3,64.9,46.0,0,0.4617247560744072,-0.4617247560744072,0.4617247560744072
6.95,56.2,55.8,60.2,1,0.6551094768498681,0.3448905231501319,0.3448905231501319
6.24,75.5,55.8,45.6,1,0.4598704223555746,0.5401295776444254,0.5401295776444254
6.51,69.9,51.8,52.2,0,0.5482252818728558,-0.5482252818728558,0.5482252818728558
7.69,70.2,56.9,50.7,1,0.6574058932112788,0.34259410678872115,0.34259410678872115
6.97,69.4,58.9,47.7,1,0.5479404187245401,0.45205958127545987,0.45205958127545987
7.24,59.2,55.7,59.7,1,0.6860294677738007,0.3139705322261993,0.3139705322261993
9.73,81.1,51.0,81.1,1,1.2222351277263175,-0.22223512772631748,0.22223512772631748
9.91,81.9,78.0,46.0,1,0.866247968465255,0.13375203153474502,0.13375203153474502
4.17,69.4,47.0,55.5,0,0.33634079686194795,-0.33634079686194795,0.33634079686194795
7.41,90.9,84.5,78.5,1,0.9751518230595974,0.024848176940402644,0.024848176940402644
5.79,63.0,49.3,51.5,0,0.45098813547016625,-0.45098813547016625,0.45098813547016625
5.38,65.3,54.0,65.2,0,0.5619593807312727,-0.5619593807312727,0.5619593807312727
8.37,100.0,85.1,80.4,1,1.1146337206255157,-0.11463372062551569,0.11463372062551569
4.53,42.1,27.6,26.9,0,0.006759376773761705,-0.006759376773761705,0.006759376773761705
7.97,74.4,81.2,81.3,1,1.0314479531610874,-0.031447953161087394,0.031447953161087394
8.58,91.5,68.3,82.7,1,1.1421206445455505,-0.1421206445455505,0.1421206445455505
5.36,61.4,58.5,52.1,1,0.410742414787841,0.589257585212159,0.589257585212159
7.11,62.9,59.3,60.1,1,0.6845883025489728,0.31541169745102715,0.31541169745102715
8.56,83.8,81.1,71.9,1,1.0098314507776829,-0.009831450777682882,0.009831450777682882
8.85,85.3,81.5,75.7,1,1.0845773161129117,-0.08457731611291175,0.08457731611291175
9.93,84.9,77.6,67.9,1,1.1119396086277638,-0.11193960862776375,0.11193960862776375
7.35,75.8,84.9,64.8,1,0.790530654878353,0.20946934512164705,0.20946934512164705
9.53,81.1,61.2,67.8,1,1.058559237657032,-0.05855923765703208,0.05855923765703208
6.76,39.9,20.3,28.3,0,0.2507466737906575,-0.2507466737906575,0.2507466737906575
4.79,52.3,24.9,29.0,0,0.07644552633426582,-0.07644552633426582,0.07644552633426582
9.26,86.1,83.0,79.7,1,1.1729190033356085,-0.1729190033356085,0.1729190033356085
8.4,80.3,83.3,70.2,1,0.9680646031148906,0.03193539688510938,0.03193539688510938
9.66,66.7,69.7,82.9,1,1.209343963872886,-0.209343963872886,0.209343963872886
9.12,84.2,81.7,69.5,1,1.043512958796363,-0.043512958796362966,0.043512958796362966
7.5,90.2,68.0,73.6,1,0.9272206748416633,0.07277932515833674,0.07277932515833674
5.13,44.7,32.5,31.4,0,0.12461057456834734,-0.12461057456834734,0.12461057456834734
7.19,74.4,74.4,61.7,1,0.7355192289274061,0.26448077107259393,0.26448077107259393
7.28,80.6,49.6,43.9,0,0.5596614743266507,-0.5596614743266507,0.5596614743266507
9.39,71.9,83.5,72.8,1,1.0838766547259904,-0.08387665472599037,0.08387665472599037
7.86,74.4,54.2,55.8,1,0.7384263672822656,0.2615736327177344,0.2615736327177344
6.31,55.2,56.5,49.7,0,0.4720091164784136,-0.4720091164784136,0.4720091164784136
5.99,74.5,55.3,66.5,0,0.6584611214525419,-0.6584611214525419,0.6584611214525419
6.25,61.4,53.5,61.2,1,0.6022186996014948,0.39778130039850523,0.39778130039850523
4.77,39.7,28.7,32.2,0,0.08499961784982346,-0.08499961784982346,0.08499961784982346
8.85,73.6,66.3,72.1,1,1.0199299075890482,-0.019929907589048224,0.019929907589048224
10.0,78.6,83.7,71.7,1,1.149226080878353,-0.14922608087835298,0.14922608087835298
7.48,56.6,58.2,51.1,1,0.6132033858107918,0.3867966141892082,0.3867966141892082
9.05,88.2,74.3,65.1,1,0.9949753022148501,0.005024697785149912,0.005024697785149912
8.47,63.1,56.2,55.4,1,0.7763471101859359,0.22365288981406406,0.22365288981406406
8.65,94.1,80.4,73.5,1,1.056761297548106,-0.05676129754810599,0.05676129754810599
7.38,50.6,24.9,29.0,0,0.345292898839782,-0.345292898839782,0.345292898839782
7.99,91.9,86.3,65.8,1,0.9004904496792648,0.09950955032073516,0.09950955032073516
8.0,64.8,62.1,74.9,1,0.9430105713218305,0.056989428678169474,0.056989428678169474
8.34,58.8,61.5,39.5,1,0.582521796344769,0.41747820365523103,0.41747820365523103
5.29,66.8,45.4,51.1,0,0.40089426823323715,-0.40089426823323715,0.40089426823323715
5.0,48.9,28.9,32.2,0,0.1272650885652551,-0.1272650885652551,0.1272650885652551
7.48,75.8,50.3,61.4,1,0.7613740707268096,0.23862592927319037,0.23862592927319037
7.03,73.2,58.9,51.4,1,0.6018766111564392,0.3981233888435608,0.3981233888435608
4.79,52.6,24.5,27.1,0,0.05633785306497063,-0.05633785306497063,0.05633785306497063
4.08,34.2,3.9,42.5,0,0.10928528302426754,-0.10928528302426754,0.10928528302426754
4.48,82.8,71.4,85.6,1,0.7261846323923075,0.27381536760769254,0.27381536760769254
4.47,42.5,29.9,30.7,0,0.04288836068646107,-0.04288836068646107,0.04288836068646107
5.57,76.1,72.3,65.3,1,0.6073366494364866,0.3926633505635134,0.3926633505635134
5.99,83.2,56.6,58.2,1,0.5856486341493862,0.41435136585061383,0.41435136585061383
4.96,39.9,27.6,36.4,0,0.15077123023644912,-0.15077123023644912,0.15077123023644912
6.49,50.8,30.9,34.4,0,0.3118067102244585,-0.3118067102244585,0.3118067102244585
6.56,70.4,73.0,64.3,1,0.6894491101748516,0.31055088982514845,0.31055088982514845
6.43,44.2,29.5,35.4,0,0.3031629387573601,-0.3031629387573601,0.3031629387573601
5.11,48.7,34.8,25.3,0,0.06452581295414805,-0.06452581295414805,0.06452581295414805
4.83,45.7,23.3,25.5,0,0.029420082951181148,-0.029420082951181148,0.029420082951181148
8.68,78.7,80.8,72.4,1,1.0178078372725627,-0.017807837272562743,0.017807837272562743
8.37,89.1,90.9,75.3,1,1.0388549037740735,-0.038854903774073524,0.038854903774073524
9.57,80.6,90.9,69.4,1,1.0842208489064533,-0.08422084890645332,0.08422084890645332
5.72,51.2,27.0,33.8,0,0.2244924438899455,-0.2244924438899455,0.2244924438899455
7.06,68.4,57.3,69.9,0,0.7961883343796782,-0.7961883343796782,0.7961883343796782
8.38,66.9,55.9,47.7,1,0.6906984616493445,0.30930153835065555,0.30930153835065555
4.48,47.4,22.6,22.6,0,-0.03562917828227963,0.03562917828227963,0.03562917828227963
7.11,79.4,48.2,53.2,1,0.6401717551031595,0.3598282448968405,0.3598282448968405
8.94,70.3,78.5,71.9,1,1.0228203604842054,-0.022820360484205438,0.022820360484205438
5.43,79.3,56.4,54.1,0,0.4745938956975063,-0.4745938956975063,0.4745938956975063
6.36,83.7,70.7,71.1,1,0.767975456753658,0.23202454324634203,0.23202454324634203
10.0,78.6,73.8,87.4,1,1.3179919010919359,-0.31799190109193587,0.31799190109193587
9.96,96.9,96.1,73.1,1,1.198263045018758,-0.1982630450187579,0.1982630450187579
7.39,75.2,62.9,37.0,1,0.4879768966356691,0.5120231033643309,0.5120231033643309
8.37,80.0,59.4,53.4,1,0.7778464458638844,0.2221535541361156,0.2221535541361156
9.13,94.1,99.8,78.5,1,1.1648005026211785,-0.1648005026211785,0.1648005026211785
8.08,67.6,56.1,56.1,1,0.7517785713353319,0.24822142866466812,0.24822142866466812
8.27,79.0,60.9,77.9,1,1.0316273149354513,-0.031627314935451345,0.031627314935451345
6.26,63.3,91.6,79.5,1,0.8121847638573557,0.18781523614264428,0.18781523614264428
5.82,65.6,48.6,40.0,0,0.3342696947907394,-0.3342696947907394,0.3342696947907394
8.71,73.6,55.6,51.1,1,0.7753937978264044,0.22460620217359561,0.22460620217359561
8.31,64.9,55.7,51.4,1,0.719552776905435,0.28044722309456505,0.28044722309456505
7.23,67.9,57.8,52.8,0,0.6275024259496839,-0.6275024259496839,0.6275024259496839
8.02,74.0,58.9,52.0,1,0.7140009917642559,0.2859990082357441,0.2859990082357441
6.18,70.5,46.0,48.3,1,0.4713910876700341,0.5286089123299659,0.5286089123299659
7.11,70.8,49.1,50.3,0,0.591957329559602,-0.591957329559602,0.591957329559602
8.04,73.5,75.4,77.6,1,0.9958767538374947,0.004123246162505256,0.004123246162505256
6.31,57.6,55.5,45.0,1,0.42552189656720174,0.5744781034327983,0.5744781034327983
7.78,68.5,62.7,53.9,0,0.6992590208908874,-0.6992590208908874,0.6992590208908874
4.13,36.6,25.7,31.8,0,0.006801274237917432,-0.006801274237917432,0.006801274237917432
9.82,96.1,99.3,56.5,1,1.0022993886999108,-0.002299388699910754,0.002299388699910754
7.55,77.4,59.0,53.3,1,0.6854141407580184,0.31458585924198157,0.31458585924198157
6.56,92.8,88.6,80.0,1,0.9065399026844557,0.09346009731554428,0.09346009731554428
7.8,51.8,29.1,33.3,1,0.43918859266743004,0.56081140733257,0.56081140733257
5.99,66.5,45.1,59.7,0,0.5671879536587295,-0.5671879536587295,0.5671879536587295
7.21,69.5,53.7,51.8,1,0.6169848843663949,0.38301511563360513,0.38301511563360513
8.21,88.1,77.4,65.4,1,0.9102890143688726,0.08971098563112745,0.08971098563112745
7.16,67.5,44.8,41.9,1,0.49880085139533714,0.5011991486046629,0.5011991486046629
7.85,64.9,61.6,49.1,1,0.6472467857675391,0.35275321423246087,0.35275321423246087
9.4,83.2,86.8,80.0,1,1.185844277779883,-0.185844277779883,0.185844277779883
7.15,84.9,92.5,80.6,1,0.9602146250434186,0.03978537495658141,0.03978537495658141
4.74,43.4,31.3,27.0,0,0.03309753604495669,-0.03309753604495669,0.03309753604495669
7.74,58.2,52.7,63.6,1,0.7784421050397979,0.22155789496020206,0.22155789496020206
7.27,56.7,34.8,35.4,0,0.4168822105782618,-0.4168822105782618,0.4168822105782618
4.8,70.9,54.7,56.5,0,0.417663545122397,-0.417663545122397,0.417663545122397
8.01,75.1,60.1,45.1,1,0.6404008182689261,0.35959918173107386,0.35959918173107386
6.52,66.2,56.6,43.1,1,0.4440329384928018,0.5559670615071982,0.5559670615071982
7.87,77.3,57.1,51.2,0,0.6957228391166767,-0.6957228391166767,0.6957228391166767
6.75,63.2,72.0,58.1,1,0.6277978260740885,0.3722021739259115,0.3722021739259115
5.5,66.2,60.6,46.4,0,0.37335130593459576,-0.37335130593459576,0.37335130593459576
6.06,46.8,26.5,30.6,0,0.21675781660885207,-0.21675781660885207,0.21675781660885207
8.56,86.5,100.0,60.3,1,0.8924156369057444,0.10758436309425556,0.10758436309425556
6.87,75.6,69.9,74.5,1,0.8424479206953644,0.15755207930463555,0.15755207930463555
5.21,66.7,48.8,40.7,0,0.27995788602492067,-0.27995788602492067,0.27995788602492067
7.71,57.1,47.8,53.8,0,0.6658949740491963,-0.6658949740491963,0.6658949740491963
8.27,68.2,48.4,38.4,1,0.5794403405928309,0.4205596594071691,0.4205596594071691
5.77,61.6,63.0,49.9,0,0.43110465291286515,-0.43110465291286515,0.43110465291286515
7.11,45.1,26.3,28.6,1,0.30201749867228467,0.6979825013277153,0.6979825013277153
9.78,67.6,86.3,65.4,1,1.0365565168696125,-0.036556516869612476,0.036556516869612476
7.9,50.5,41.8,52.4,0,0.6566820078024235,-0.6566820078024235,0.6566820078024235
4.11,35.6,7.3,73.9,1,0.4566770553817122,0.5433229446182878,0.5433229446182878
6.97,72.1,51.1,45.8,0,0.5312813723961042,-0.5312813723961042,0.5312813723961042
9.91,79.3,81.5,78.7,1,1.2167658242092378,-0.21676582420923785,0.21676582420923785
7.35,61.2,69.3,52.7,1,0.6278373099379652,0.37216269006203484,0.37216269006203484
5.61,80.0,50.9,49.2,0,0.44074638690094103,-0.44074638690094103,0.44074638690094103
6.69,52.2,30.5,26.8,0,0.25299153550497777,-0.25299153550497777,0.25299153550497777
6.06,62.8,64.7,54.6,0,0.5152547538520006,-0.5152547538520006,0.5152547538520006
9.49,78.3,88.4,63.0,1,1.0013869065232353,-0.001386906523235254,0.001386906523235254
8.34,70.7,54.3,56.2,1,0.7859662630258125,0.21403373697418748,0.21403373697418748
6.19,38.5,33.0,32.6,0,0.23694914738179562,-0.23694914738179562,0.23694914738179562
5.44,41.3,26.7,29.7,0,0.1310674173077192,-0.1310674173077192,0.1310674173077192
10.0,80.4,61.1,74.7,1,1.1814740387276568,-0.18147403872765677,0.18147403872765677
7.5,60.0,56.1,58.6,1,0.7030490360911569,0.2969509639088431,0.2969509639088431
9.12,88.3,85.8,46.4,1,0.8014641056056823,0.19853589439431774,0.19853589439431774
5.84,54.1,31.7,31.4,0,0.21754150040900344,-0.21754150040900344,0.21754150040900344
4.0,50.2,28.3,28.3,0,-0.017718255894054624,0.017718255894054624,0.017718255894054624
7.3,71.0,50.9,63.7,1,0.7581084337947078,0.24189156620529217,0.24189156620529217
10.0,87.3,68.9,65.9,1,1.1008086873113365,-0.10080868731133652,0.10080868731133652
7.61,50.5,25.6,30.9,0,0.3900152234341373,-0.3900152234341373,0.3900152234341373
7.56,66.4,48.9,52.4,0,0.6533760820328115,-0.6533760820328115,0.6533760820328115
9.07,85.9,69.7,62.3,1,0.9613773356986776,0.03862266430132244,0.03862266430132244
8.15,69.0,97.7,84.6,1,1.0784074264139671,-0.07840742641396714,0.07840742641396714
7.26,75.9,79.1,70.8,1,0.8454211772589183,0.1545788227410817,0.1545788227410817
9.92,96.9,96.3,42.6,0,0.8629543640254854,-0.8629543640254854,0.8629543640254854
8.11,63.9,46.4,45.7,1,0.6330994877237536,0.3669005122762464,0.3669005122762464
4.77,45.3,20.2,26.5,0,0.032657415974880366,-0.032657415974880366,0.032657415974880366
9.38,71.9,46.8,43.7,1,0.7606235436304994,0.23937645636950056,0.23937645636950056
5.69,46.4,26.6,37.2,0,0.24876247105463867,-0.24876247105463867,0.24876247105463867
9.69,52.7,62.0,56.1,1,0.8927310983399549,0.1072689016600451,0.1072689016600451
6.11,53.6,22.3,26.1,0,0.1857880837650977,-0.1857880837650977,0.1857880837650977
10.0,83.7,78.8,66.1,1,1.0976023715857695,-0.09760237158576945,0.09760237158576945
7.38,70.5,60.3,48.8,1,0.6053686051023434,0.39463139489765664,0.39463139489765664
5.6,69.5,42.8,48.8,0,0.41335787638530086,-0.41335787638530086,0.41335787638530086
8.43,94.0,83.4,78.6,1,1.0893278214064015,-0.0893278214064015,0.0893278214064015
4.61,62.6,48.9,54.3,0,0.356527397891904,-0.356527397891904,0.356527397891904
7.7,70.3,74.0,64.8,1,0.8146552391057774,0.18534476089422258,0.18534476089422258
9.3,85.2,75.8,65.0,1,1.0145289285511194,-0.014528928551119424,0.014528928551119424
4.68,67.7,56.7,53.6,0,0.3676266937087703,-0.3676266937087703,0.3676266937087703
7.37,84.3,57.7,48.3,1,0.625536254324149,0.37446374567585095,0.37446374567585095
6.86,79.1,70.3,63.9,1,0.7332516797895959,0.26674832021040407,0.26674832021040407
6.68,87.7,82.2,82.5,1,0.9351893701536135,0.06481062984638652,0.06481062984638652
9.38,91.4,70.5,59.4,1,0.9734036149625215,0.02659638503747852,0.02659638503747852
7.84,97.7,82.5,56.3,1,0.792322646973706,0.20767735302629398,0.20767735302629398
7.02,50.3,31.9,36.9,0,0.3938363823135086,-0.3938363823135086,0.3938363823135086
6.79,63.3,55.6,47.2,0,0.5110575565469945,-0.5110575565469945,0.5110575565469945
9.09,68.5,60.9,55.3,1,0.8518203613966825,0.1481796386033175,0.1481796386033175
9.93,78.4,83.4,69.5,1,1.1175404750933415,-0.11754047509334153,0.11754047509334153
7.49,65.5,57.0,44.7,1,0.5620361422871111,0.4379638577128889,0.4379638577128889
7.5,72.7,63.6,54.8,1,0.6880035723040648,0.31199642769593516,0.31199642769593516
8.74,80.2,98.2,71.0,1,1.0148273961868997,-0.014827396186899655,0.014827396186899655
5.52,49.8,47.6,51.5,0,0.3964106731465763,-0.3964106731465763,0.3964106731465763
7.03,70.4,56.6,45.4,0,0.5308453061774029,-0.5308453061774029,0.5308453061774029
5.56,44.8,32.3,28.8,0,0.1417334514465063,-0.1417334514465063,0.1417334514465063
5.33,81.4,49.7,50.2,0,0.4247216007424407,-0.4247216007424407,0.4247216007424407
6.89,72.1,51.7,52.4,1,0.594632863455156,0.405367136544844,0.405367136544844
8.17,66.4,91.5,84.5,1,1.073261451490954,-0.07326145149095398,0.07326145149095398
7.58,74.7,80.6,71.0,1,0.8791218288390527,0.12087817116094735,0.12087817116094735
6.71,59.5,51.1,47.4,0,0.49659401576981754,-0.49659401576981754,0.49659401576981754
8.83,61.8,52.1,43.7,1,0.6839008684392552,0.31609913156074476,0.31609913156074476
5.59,71.6,63.8,56.5,0,0.5036121971390798,-0.5036121971390798,0.5036121971390798
9.71,70.7,66.0,77.0,1,1.1577630492723068,-0.15776304927230678,0.15776304927230678
8.65,62.5,64.2,50.4,1,0.741165644372897,0.258834355627103,0.258834355627103
7.36,39.6,32.6,28.7,0,0.3196539031365343,-0.3196539031365343,0.3196539031365343
6.75,59.6,48.2,54.2,1,0.5743268180158788,0.4256731819841212,0.4256731819841212
8.96,59.1,81.3,67.5,1,0.9556423922624778,0.044357607737522176,0.044357607737522176
6.12,64.7,45.0,46.9,0,0.4383292006805354,-0.4383292006805354,0.4383292006805354
7.15,68.3,51.8,48.7,1,0.5743427262234831,0.42565727377651685,0.42565727377651685
6.45,90.5,69.3,83.7,1,0.927342252542802,0.072657747457198,0.072657747457198
10.0,74.9,77.6,72.3,1,1.1474358667330904,-0.1474358667330904,0.1474358667330904
6.49,56.0,29.3,26.0,0,0.2305427921784512,-0.2305427921784512,0.2305427921784512
7.54,85.6,85.5,69.2,1,0.8776095198504791,0.12239048014952092,0.12239048014952092
7.96,64.1,53.8,47.8,1,0.6417910744202283,0.3582089255797717,0.3582089255797717
6.19,51.8,28.6,29.2,0,0.22539361834619231,-0.22539361834619231,0.22539361834619231
8.09,73.8,52.5,51.9,1,0.7187868524257385,0.2812131475742615,0.2812131475742615
7.63,79.2,73.8,74.1,1,0.9257066516106859,0.07429334838931412,0.07429334838931412
6.97,93.2,86.6,83.9,1,0.9924133738722875,0.007586626127712548,0.007586626127712548
9.82,85.8,80.5,75.4,1,1.1840689852251174,-0.1840689852251174,0.1840689852251174
8.81,72.1,76.3,55.9,1,0.8386043699223485,0.16139563007765145,0.16139563007765145
8.18,75.9,82.4,62.2,1,0.8492972748696982,0.1507027251303018,0.1507027251303018
9.94,90.5,53.8,86.1,1,1.3175202084705093,-0.3175202084705093,0.3175202084705093
8.39,77.9,67.2,44.8,1,0.683786426466748,0.31621357353325197,0.31621357353325197
7.96,66.0,55.1,53.6,1,0.7087135366052343,0.2912864633947657,0.2912864633947657
8.87,87.3,86.7,79.3,1,1.1305779848615751,-0.13057798486157512,0.13057798486157512
9.97,85.0,82.2,74.9,1,1.193123689257583,-0.19312368925758294,0.19312368925758294
6.54,69.9,48.1,50.5,1,0.5322896569570436,0.46771034304295644,0.46771034304295644
5.17,63.3,52.9,68.6,0,0.5726903211436921,-0.5726903211436921,0.5726903211436921
5.17,48.2,26.6,23.8,0,0.05216483691861329,-0.05216483691861329,0.05216483691861329
7.68,75.1,82.3,82.1,1,1.0112191824232704,-0.011219182423270357,0.011219182423270357
4.14,54.2,31.6,30.9,0,0.03363822346680723,-0.03363822346680723,0.03363822346680723
9.74,96.5,96.6,72.7,1,1.170100390853134,-0.170100390853134,0.170100390853134
6.84,48.5,23.8,31.8,0,0.31463341974797,-0.31463341974797,0.31463341974797
5.01,43.9,23.9,30.6,0,0.10027601788893992,-0.10027601788893992,0.10027601788893992
7.8,72.2,55.9,43.7,1,0.5967222475603483,0.4032777524396517,0.4032777524396517
7.33,53.4,64.2,54.0,1,0.6236671466439648,0.37633285335603517,0.37633285335603517
7.89,89.2,78.4,75.4,1,0.9875603074013882,0.012439692598611773,0.012439692598611773
5.62,42.7,24.9,30.2,0,0.15785340340799514,-0.15785340340799514,0.15785340340799514
8.14,48.9,26.8,29.7,1,0.4297486340393285,0.5702513659606715,0.5702513659606715
9.86,80.8,66.8,76.8,1,1.1913190462755496,-0.19131904627554963,0.19131904627554963
6.64,50.9,26.5,31.3,0,0.2933589800275077,-0.2933589800275077,0.2933589800275077
8.12,79.0,68.8,85.9,1,1.1040680398354619,-0.10406803983546187,0.10406803983546187
9.84,95.4,70.1,74.1,1,1.1891276527137902,-0.18912765271379017,0.18912765271379017
4.15,47.6,33.2,36.1,0,0.07846223778928174,-0.07846223778928174,0.07846223778928174
8.45,69.0,59.0,53.9,1,0.7700198638396197,0.22998013616038027,0.22998013616038027
9.32,83.8,71.1,61.0,1,0.9696522584506088,0.03034774154939124,0.03034774154939124
9.32,75.5,80.7,83.6,1,1.2003654906171954,-0.20036549061719544,0.20036549061719544
10.0,86.4,77.3,74.2,1,1.1905886446215628,-0.19058864462156277,0.19058864462156277
5.28,46.4,28.8,32.5,0,0.15502275111788844,-0.15502275111788844,0.15502275111788844
8.27,78.1,82.9,92.6,1,1.193213054406923,-0.19321305440692305,0.19321305440692305
4.83,49.3,32.8,27.3,0,0.05765105083492428,-0.05765105083492428,0.05765105083492428
6.94,62.0,60.2,44.5,0,0.495740146445958,-0.495740146445958,0.495740146445958
7.26,64.0,64.9,51.2,1,0.6068394384413679,0.3931605615586321,0.3931605615586321
9.93,84.3,79.6,73.0,1,1.166473864276687,-0.16647386427668698,0.16647386427668698
7.11,66.4,45.5,39.4,1,0.46436381215237266,0.5356361878476273,0.5356361878476273
6.94,47.3,29.1,28.6,0,0.28894873338209626,-0.28894873338209626,0.28894873338209626
8.69,70.1,60.3,45.1,1,0.7020810611266072,0.2979189388733928,0.2979189388733928
5.3,45.7,29.2,30.9,0,0.13844741811259864,-0.13844741811259864,0.13844741811259864
7.34,82.3,55.2,58.0,1,0.7233438338855541,0.2766561661144459,0.2766561661144459
9.22,87.8,73.8,75.1,1,1.1205403643429528,-0.12054036434295279,0.12054036434295279
5.54,76.1,51.3,51.3,0,0.4486019693166411,-0.4486019693166411,0.4486019693166411
6.75,65.5,65.0,62.0,0,0.6734607909984361,-0.6734607909984361,0.6734607909984361
6.44,44.0,31.4,24.5,0,0.1858039141797977,-0.1858039141797977,0.1858039141797977
9.84,68.9,80.0,81.4,1,1.2180512467121258,-0.21805124671212583,0.21805124671212583
9.9,82.0,75.8,74.5,1,1.174443084801693,-0.1744430848016929,0.1744430848016929
7.43,75.9,51.8,59.5,1,0.7359434827992671,0.26405651720073287,0.26405651720073287
9.28,78.9,69.1,76.5,1,1.1237720027056324,-0.12377200270563238,0.12377200270563238
6.23,46.3,33.4,20.9,0,0.12950603394829352,-0.12950603394829352,0.12950603394829352
6.84,57.8,53.4,60.0,1,0.6441095045387123,0.3558904954612877,0.3558904954612877
7.72,70.8,51.1,55.8,1,0.716117515776875,0.283882484223125,0.283882484223125
9.23,71.0,84.2,59.2,1,0.9177593196585369,0.08224068034146315,0.08224068034146315
8.58,93.2,73.8,63.8,1,0.9411987599408697,0.058801240059130344,0.058801240059130344
6.74,68.3,55.2,44.5,1,0.48623629737250307,0.5137637026274969,0.5137637026274969
6.46,54.2,31.6,28.5,0,0.2513915484532564,-0.2513915484532564,0.2513915484532564
9.87,96.1,97.6,35.6,1,0.780352042783747,0.21964795721625296,0.21964795721625296
6.94,79.6,60.3,57.0,0,0.6660205225100201,-0.6660205225100201,0.6660205225100201
9.08,54.1,41.7,57.6,1,0.8441955151457247,0.15580448485427534,0.15580448485427534
4.51,73.4,53.0,35.0,0,0.15837892924400576,-0.15837892924400576,0.15837892924400576
6.75,62.9,64.2,47.6,1,0.5118790911898042,0.48812090881019576,0.48812090881019576
4.27,30.8,7.8,56.7,1,0.2774132162195061,0.7225867837804939,0.7225867837804939
7.29,76.8,48.3,51.5,1,0.6355441332958157,0.3644558667041843,0.3644558667041843
6.35,51.1,30.0,32.6,0,0.2779867310639129,-0.2779867310639129,0.2779867310639129
8.77,65.3,56.0,51.3,1,0.7676451823473801,0.2323548176526199,0.2323548176526199
5.8,48.0,22.2,29.3,0,0.17694205632931548,-0.17694205632931548,0.17694205632931548
7.89,68.6,61.2,35.9,1,0.515332915775574,0.48466708422442595,0.48466708422442595
7.19,80.8,74.8,74.6,1,0.8882069084027929,0.11179309159720707,0.11179309159720707
6.67,68.1,51.0,37.4,1,0.4006857467706856,0.5993142532293144,0.5993142532293144
7.25,75.9,56.0,60.7,1,0.7307723322115315,0.2692276677884685,0.2692276677884685
5.02,48.0,24.1,23.1,0,0.02798208770509103,-0.02798208770509103,0.02798208770509103
7.56,71.7,66.7,37.9,1,0.509391243472679,0.49060875652732105,0.49060875652732105
5.01,47.2,28.7,33.1,0,0.1347159177683549,-0.1347159177683549,0.1347159177683549
8.6,72.0,69.2,65.6,1,0.920440539877578,0.07955946012242199,0.07955946012242199
7.29,63.5,53.3,57.0,1,0.6700017995561048,0.32999820044389516,0.32999820044389516
8.61,94.1,90.8,73.9,1,1.0586752412271179,-0.05867524122711787,0.05867524122711787
4.45,37.3,30.1,35.7,0,0.08489768044914003,-0.08489768044914003,0.08489768044914003
6.36,41.4,28.8,33.0,0,0.2641336130398403,-0.2641336130398403,0.2641336130398403
8.06,94.0,74.1,85.1,1,1.119427904311411,-0.11942790431141104,0.11942790431141104
5.97,49.5,28.6,37.1,0,0.2835290395587543,-0.2835290395587543,0.2835290395587543
7.37,70.5,60.6,48.8,1,0.6043688941132231,0.39563110588677686,0.39563110588677686
7.13,70.8,58.7,50.4,0,0.5967830822644716,-0.5967830822644716,0.5967830822644716
8.89,62.4,50.8,63.7,1,0.9083027688715716,0.09169723112842842,0.09169723112842842
6.96,65.6,57.7,52.3,1,0.5891672631981814,0.41083273680181864,0.41083273680181864
7.5,64.5,61.6,60.9,1,0.7377927042763964,0.2622072957236036,0.2622072957236036
8.05,73.4,79.9,70.0,1,0.9149859030485533,0.08501409695144668,0.08501409695144668
5.2,46.2,28.4,24.7,0,0.061469848231680224,-0.061469848231680224,0.061469848231680224
8.37,78.3,89.1,73.9,1,1.0021464412499737,-0.002146441249973652,0.002146441249973652
7.76,70.3,85.3,73.2,1,0.9140880073379748,0.0859119926620252,0.0859119926620252
9.89,100.0,75.7,88.0,1,1.355280686787737,-0.35528068678773694,0.35528068678773694
8.43,87.8,70.9,73.7,1,1.0218240786402033,-0.021824078640203304,0.021824078640203304
9.86,72.1,79.2,82.5,1,1.2382411779486584,-0.2382411779486584,0.2382411779486584
9.17,94.9,76.2,75.4,1,1.1328904986958093,-0.13289049869580927,0.13289049869580927
8.11,79.5,92.8,81.9,1,1.0646661893087672,-0.06466618930876722,0.06466618930876722
8.9,88.3,53.2,65.9,1,0.984492929060072,0.01550707093992798,0.01550707093992798
6.59,67.0,52.3,53.4,1,0.5640532964232631,0.4359467035767369,0.4359467035767369
6.36,68.3,47.6,46.4,1,0.465633275437647,0.534366724562353,0.534366724562353
5.93,46.6,24.4,35.8,0,0.25880157215506683,-0.25880157215506683,0.25880157215506683
8.31,60.6,78.9,78.3,1,1.007124436974527,-0.007124436974526915,0.007124436974526915
8.76,89.7,63.8,71.0,1,1.0297082867307181,-0.029708286730718125,0.029708286730718125
7.15,70.4,66.7,70.3,1,0.8155196020111305,0.1844803979888695,0.1844803979888695
8.02,95.3,86.5,66.8,1,0.9212088541100875,0.07879114588991254,0.07879114588991254
8.19,79.4,76.7,78.6,1,1.034301490094233,-0.03430149009423289,0.03430149009423289
5.67,73.5,53.9,52.4,0,0.46954610550001485,-0.46954610550001485,0.46954610550001485
8.08,85.7,78.3,68.3,1,0.9235547514648622,0.07644524853513779,0.07644524853513779
7.58,80.0,68.4,60.2,1,0.7701884781320526,0.2298115218679474,0.2298115218679474
4.67,47.6,27.6,30.9,0,0.07569719056735724,-0.07569719056735724,0.07569719056735724
8.65,63.4,81.2,70.0,1,0.9586311218681501,0.04136887813184986,0.04136887813184986
4.55,58.2,23.7,26.8,0,0.03871583404211776,-0.03871583404211776,0.03871583404211776
9.67,81.9,72.1,70.9,1,1.1103592527013086,-0.11035925270130864,0.11035925270130864
7.99,66.8,57.1,45.4,1,0.6247504479979883,0.3752495520020117,0.3752495520020117
6.02,43.2,32.2,30.5,0,0.20537404097570955,-0.20537404097570955,0.20537404097570955
6.84,78.6,60.2,48.4,1,0.5601609060547573,0.4398390939452427,0.4398390939452427
4.58,70.4,54.1,63.0,1,0.46403032175684655,0.5359696782431534,0.5359696782431534
8.06,81.7,51.8,59.2,1,0.8102794204570313,0.18972057954296873,0.18972057954296873
7.52,80.5,76.2,82.7,1,1.0104786673722121,-0.010478667372212147,0.010478667372212147
8.47,89.7,82.2,93.9,1,1.250997787547722,-0.25099778754772206,0.25099778754772206
7.39,75.1,44.1,58.9,0,0.7223411630451119,-0.7223411630451119,0.7223411630451119
8.66,64.3,48.1,53.5,1,0.776659434446764,0.223340565553236,0.223340565553236
7.06,55.9,60.4,49.3,0,0.5485239564841017,-0.5485239564841017,0.5485239564841017
8.84,83.7,83.7,74.3,1,1.0655610510741762,-0.0655610510741762,0.0655610510741762
4.9,55.7,53.0,71.2,0,0.557641637408589,-0.557641637408589,0.557641637408589
9.38,71.3,58.7,75.1,1,1.1023869253553675,-0.10238692535536753,0.10238692535536753
8.56,80.5,54.9,51.1,1,0.7730561317889336,0.22694386821106638,0.22694386821106638
8.97,89.3,80.9,90.3,1,1.2634507195374,-0.26345071953740007,0.26345071953740007
8.23,77.1,66.7,46.0,1,0.6783445548596742,0.32165544514032585,0.32165544514032585
6.41,77.5,81.6,85.4,1,0.9181742827962484,0.08182571720375165,0.08182571720375165
10.0,80.4,89.0,100.0,1,1.4609178395791802,-0.4609178395791802,0.4609178395791802
6.04,68.4,37.8,48.7,1,0.4554993783360465,0.5445006216639535,0.5445006216639535
10.0,73.2,77.6,70.0,1,1.1191274478637854,-0.11912744786378537,0.11912744786378537
9.74,98.9,99.2,44.8,1,0.8723445876908674,0.12765541230913258,0.12765541230913258
8.53,81.8,67.8,66.6,1,0.9429406739947727,0.05705932600522734,0.05705932600522734
5.67,70.8,44.1,48.3,0,0.41805957927809045,-0.41805957927809045,0.41805957927809045
5.54,41.7,21.5,32.7,0,0.1740454044258345,-0.1740454044258345,0.1740454044258345
4.35,44.4,30.6,31.2,0,0.039555342217834855,-0.039555342217834855,0.039555342217834855
9.09,89.4,83.9,74.4,1,1.1041431920073586,-0.10414319200735855,0.10414319200735855
4.31,32.4,2.5,27.8,0,-0.029914598125468705,0.029914598125468705,0.029914598125468705
7.22,75.9,80.9,68.3,1,0.8143821668858898,0.18561783311411018,0.18561783311411018
4.75,43.3,21.4,25.8,0,0.019234271607489473,-0.019234271607489473,0.019234271607489473
5.05,50.7,36.5,31.8,0,0.133007325011831,-0.133007325011831,0.133007325011831
6.6,76.7,59.5,47.7,0,0.5234899060251529,-0.5234899060251529,0.5234899060251529
5.38,50.7,28.2,35.0,0,0.20101329951160019,-0.20101329951160019,0.20101329951160019
7.74,86.1,80.4,78.9,1,1.0040519921779807,-0.00405199217798069,0.00405199217798069
9.3,100.0,72.9,67.5,1,1.0702304546180885,-0.07023045461808852,0.07023045461808852
8.18,90.6,90.5,77.7,1,1.0478209323632526,-0.04782093236325258,0.04782093236325258
5.73,53.7,21.2,29.3,0,0.18060472497381752,-0.18060472497381752,0.18060472497381752
8.08,73.0,54.2,45.6,1,0.6480563306725305,0.35194366932746945,0.35194366932746945
7.28,62.6,67.0,63.3,1,0.7379212500675497,0.2620787499324503,0.2620787499324503
5.75,49.0,25.3,19.8,0,0.07103792536652864,-0.07103792536652864,0.07103792536652864
6.39,84.2,63.9,44.6,0,0.48323820767229486,-0.48323820767229486,0.48323820767229486
8.22,69.3,69.8,80.7,1,1.0392491788082423,-0.0392491788082423,0.0392491788082423
6.26,48.1,29.8,30.3,0,0.2376340009834016,-0.2376340009834016,0.2376340009834016
8.63,87.8,70.1,75.8,1,1.065505424958895,-0.06550542495889511,0.06550542495889511
7.81,58.9,57.7,63.9,1,0.7912829714450808,0.20871702855491925,0.20871702855491925
10.0,83.8,79.8,70.5,1,1.145740230397605,-0.14574023039760498,0.14574023039760498
7.6,92.2,75.0,65.5,1,0.8549085972655265,0.14509140273447352,0.14509140273447352
9.12,91.6,64.0,74.1,1,1.1049616872395318,-0.10496168723953181,0.10496168723953181
7.79,73.1,60.2,50.5,1,0.6719996776189455,0.3280003223810545,0.3280003223810545
6.37,53.7,30.5,34.8,0,0.309163372931312,-0.309163372931312,0.309163372931312
8.6,82.4,65.8,83.7,1,1.136788660137031,-0.13678866013703095,0.13678866013703095
8.31,70.9,57.4,58.6,1,0.8097920334556944,0.1902079665443056,0.1902079665443056
4.66,54.6,26.8,27.4,0,0.05025187373293083,-0.05025187373293083,0.05025187373293083
8.6,63.9,46.3,58.4,1,0.8224610001456588,0.17753899985434118,0.17753899985434118
4.6,62.2,29.3,30.3,0,0.09077797483839234,-0.09077797483839234,0.09077797483839234
9.84,83.9,75.1,68.9,1,1.110948754770638,-0.11094875477063804,0.11094875477063804
6.6,76.1,61.4,38.6,1,0.42383737675305755,0.5761626232469425,0.5761626232469425
9.64,47.3,48.2,51.7,1,0.8267499709236784,0.1732500290763216,0.1732500290763216
7.18,91.2,72.5,71.8,1,0.8767800666617108,0.12321993333828918,0.12321993333828918
6.39,71.1,53.2,57.8,1,0.5990083644213055,0.40099163557869455,0.40099163557869455
9.0,79.5,72.3,84.0,1,1.1774982437270904,-0.17749824372709044,0.17749824372709044
8.38,93.5,68.7,84.7,1,1.14681102719047,-0.1468110271904699,0.1468110271904699
6.46,60.3,60.6,51.9,0,0.5223696207418255,-0.5223696207418255,0.5223696207418255
5.87,74.9,69.6,46.6,1,0.4330210339264179,0.5669789660735821,0.5669789660735821
6.16,75.5,52.0,51.4,1,0.5137854360485284,0.48621456395147156,0.48621456395147156
9.68,98.0,81.1,62.2,1,1.050095793330895,-0.05009579333089498,0.05009579333089498
6.71,79.4,64.9,74.6,1,0.8333256519920434,0.16667434800795655,0.16667434800795655
8.12,69.2,95.1,71.4,1,0.9318909412178918,0.06810905878210816,0.06810905878210816
9.16,100.0,72.9,83.1,1,1.22488732287791,-0.22488732287791002,0.22488732287791002
6.04,82.1,62.9,74.3,1,0.7646169125817001,0.23538308741829994,0.23538308741829994
6.57,68.7,46.9,44.8,1,0.47099684862757074,0.5290031513724293,0.5290031513724293
8.12,56.0,65.3,70.5,1,0.8911213583159309,0.10887864168406913,0.10887864168406913
7.04,88.5,67.8,75.2,1,0.8928788404376934,0.10712115956230661,0.10712115956230661
7.38,62.8,60.9,49.7,1,0.6001264586578935,0.3998735413421065,0.3998735413421065
8.5,81.8,83.8,77.9,1,1.0652027083646267,-0.06520270836462672,0.06520270836462672
8.37,88.1,88.1,76.5,1,1.0494424129660058,-0.04944241296600582,0.04944241296600582
6.66,62.7,44.7,57.5,0,0.6061851690111505,-0.6061851690111505,0.6061851690111505
4.22,55.7,19.7,25.9,0,-0.011325727456162005,0.011325727456162005,0.011325727456162005
5.5,68.5,66.2,58.4,0,0.509106341472035,-0.509106341472035,0.509106341472035
4.18,32.1,0.5,68.6,1,0.3984599146724167,0.6015400853275833,0.6015400853275833
5.66,60.5,33.1,26.5,0,0.15822852169217982,-0.15822852169217982,0.15822852169217982
7.38,57.0,53.0,51.0,0,0.6015064841992331,-0.6015064841992331,0.6015064841992331
8.91,77.4,71.8,70.8,1,1.0205195615443512,-0.020519561544351195,0.020519561544351195
4.05,52.5,31.2,30.7,0,0.01860313847381667,-0.01860313847381667,0.01860313847381667
10.0,80.9,76.1,73.6,1,1.1730726108310847,-0.17307261083108472,0.17307261083108472
8.15,83.4,62.8,66.6,1,0.9052939560847829,0.09470604391521709,0.09470604391521709
6.99,58.2,58.2,59.2,1,0.6527918342647695,0.3472081657352305,0.3472081657352305
9.98,86.2,84.9,79.6,1,1.2480190736087748,-0.24801907360877484,0.24801907360877484
4.77,50.9,24.8,33.4,0,0.1193492110263672,-0.1193492110263672,0.1193492110263672
7.41,76.2,50.6,48.3,1,0.6126271682257046,0.3873728317742954,0.3873728317742954
5.35,45.8,23.2,22.8,0,0.05493247605932694,-0.05493247605932694,0.05493247605932694
6.5,74.2,46.1,51.3,1,0.5448716740389253,0.45512832596107466,0.45512832596107466
5.85,51.4,25.7,20.4,0,0.09284089410077889,-0.09284089410077889,0.09284089410077889
8.4,89.1,80.2,73.5,1,1.0206390276527482,-0.020639027652748165,0.020639027652748165
4.57,51.5,30.6,30.2,0,0.06575624813400749,-0.06575624813400749,0.06575624813400749
6.37,59.1,33.3,30.5,0,0.27355672625550975,-0.27355672625550975,0.27355672625550975
6.14,55.8,30.2,27.6,0,0.21089328539223817,-0.21089328539223817,0.21089328539223817
9.08,64.3,83.7,70.5,1,1.011442001798578,-0.011442001798577905,0.011442001798577905
5.66,54.7,33.0,28.7,0,0.17071093634387424,-0.17071093634387424,0.17071093634387424
9.81,97.8,97.7,41.7,0,0.8436287765894103,-0.8436287765894103,0.8436287765894103
7.04,73.8,57.2,54.1,1,0.6331292321463292,0.3668707678536708,0.3668707678536708
7.47,62.6,48.1,59.4,1,0.712320792966482,0.287679207033518,0.287679207033518
7.19,68.8,61.0,52.0,1,0.6169260521068797,0.3830739478931203,0.3830739478931203
6.4,66.5,53.8,51.5,0,0.522732166318214,-0.522732166318214,0.522732166318214
8.8,77.7,89.5,70.7,1,1.011483325735166,-0.011483325735166083,0.011483325735166083
5.05,41.0,28.3,28.3,0,0.07456636422134855,-0.07456636422134855,0.07456636422134855
9.08,71.0,48.7,40.1,1,0.6885685304713488,0.3114314695286512,0.3114314695286512
8.81,81.5,80.0,77.1,1,1.0878577757005243,-0.08785777570052433,0.08785777570052433
9.9,91.2,75.9,65.5,1,1.0948074510385934,-0.09480745103859345,0.09480745103859345
6.26,60.9,62.1,45.4,0,0.43221468914164507,-0.43221468914164507,0.43221468914164507
7.89,65.7,57.7,59.5,1,0.7652683880585364,0.23473161194146364,0.23473161194146364
8.51,84.9,78.8,86.3,1,1.1626849589332076,-0.16268495893320756,0.16268495893320756
6.13,54.1,22.7,34.7,0,0.2823100984897001,-0.2823100984897001,0.2823100984897001
5.83,35.3,27.5,30.9,0,0.17343910646600202,-0.17343910646600202,0.17343910646600202
6.7,75.7,53.9,52.4,0,0.5821082339358165,-0.5821082339358165,0.5821082339358165
7.65,86.7,80.9,88.0,1,1.0946559275928909,-0.09465592759289088,0.09465592759289088
10.0,84.7,79.0,70.6,1,1.148456201207937,-0.1484562012079369,0.1484562012079369
6.42,53.2,37.5,33.2,0,0.29725966642378665,-0.29725966642378665,0.29725966642378665
7.15,84.8,72.8,67.0,1,0.8090010067475889,0.1909989932524111,0.1909989932524111
8.6,65.9,65.9,50.1,1,0.7396186467355313,0.26038135326446865,0.26038135326446865
10.0,83.8,55.4,85.3,1,1.3022603075034955,-0.30226030750349553,0.30226030750349553
8.46,73.7,78.8,84.2,1,1.112643981341547,-0.11264398134154696,0.11264398134154696
9.97,97.5,96.4,62.1,1,1.0811157570387144,-0.08111575703871443,0.08111575703871443
5.57,37.8,29.4,29.7,0,0.1383191052548136,-0.1383191052548136,0.1383191052548136
8.57,97.5,69.0,77.3,1,1.0943398614143773,-0.09433986141437734,0.09433986141437734
6.14,66.5,57.2,55.8,0,0.5426740181415807,-0.5426740181415807,0.5426740181415807
8.86,57.6,57.6,40.1,1,0.6406618666297949,0.35933813337020515,0.35933813337020515
9.9,87.3,75.5,82.1,1,1.2673096818787823,-0.26730968187878235,0.26730968187878235
7.61,70.8,67.8,56.6,1,0.7160930209157933,0.2839069790842067,0.2839069790842067
5.14,52.5,21.8,24.6,0,0.06531994036374278,-0.06531994036374278,0.06531994036374278
5.95,73.4,79.8,91.3,1,0.9255331696803012,0.0744668303196988,0.0744668303196988
7.07,65.7,54.7,39.3,0,0.45927029596086,-0.45927029596086,0.45927029596086
6.63,66.7,53.1,44.5,1,0.47117701007800383,0.5288229899219962,0.5288229899219962
6.36,50.5,25.0,32.6,0,0.27700652879803245,-0.27700652879803245,0.27700652879803245
7.82,72.7,52.0,44.5,1,0.6078256921889663,0.3921743078110337,0.3921743078110337
5.57,44.7,28.1,27.7,0,0.12992859340909846,-0.12992859340909846,0.12992859340909846
4.44,50.5,24.8,28.4,0,0.02959896290786246,-0.02959896290786246,0.02959896290786246
8.97,71.0,71.5,68.3,1,0.9870674170386599,0.012932582961340144,0.012932582961340144
6.64,53.8,65.1,55.5,1,0.5683789944594008,0.43162100554059923,0.43162100554059923
10.0,92.5,66.2,70.0,1,1.1550698360637335,-0.15506983606373348,0.15506983606373348
8.61,76.4,57.0,63.3,1,0.903075998188238,0.09692400181176197,0.09692400181176197
9.83,69.1,43.2,50.0,1,0.8702025384637696,0.1297974615362304,0.1297974615362304
7.18,74.4,57.5,55.3,1,0.6620993963157841,0.3379006036842159,0.3379006036842159
7.08,49.2,30.9,30.3,0,0.3261554113355404,-0.3261554113355404,0.3261554113355404
4.44,47.0,29.6,27.5,0,0.01377591798813571,-0.01377591798813571,0.01377591798813571
8.3,76.6,96.5,72.9,1,0.9818586189535919,0.018141381046408056,0.018141381046408056
4.72,38.4,24.6,29.9,0,0.0515222441785379,-0.0515222441785379,0.0515222441785379
7.58,84.3,76.8,71.9,1,0.907090423019126,0.09290957698087399,0.09290957698087399
5.67,41.2,27.9,28.9,0,0.14656110599435046,-0.14656110599435046,0.14656110599435046
8.5,68.5,63.8,54.8,1,0.784883283988084,0.21511671601191595,0.21511671601191595
10.0,94.3,76.7,76.3,1,1.2287944783109084,-0.22879447831090838,0.22879447831090838
6.63,54.6,27.6,31.3,0,0.29975925249522295,-0.29975925249522295,0.29975925249522295
7.81,63.6,56.9,50.2,0,0.6516318047346595,-0.6516318047346595,0.6516318047346595
9.18,76.8,85.6,64.5,1,0.981671889071445,0.01832811092855502,0.01832811092855502
7.99,88.6,79.9,75.8,1,1.00149029167308,-0.001490291673079902,0.001490291673079902
9.39,89.5,91.2,78.2,1,1.1783691096847129,-0.17836910968471287,0.17836910968471287
6.94,43.9,30.4,28.1,0,0.27706753282482277,-0.27706753282482277,0.27706753282482277
7.03,80.7,58.4,45.2,1,0.5492009835204109,0.4507990164795891,0.4507990164795891
7.61,92.5,71.4,81.5,1,1.0296464537189243,-0.02964645371892427,0.02964645371892427
4.79,67.3,58.1,41.2,0,0.2440132501994393,-0.2440132501994393,0.2440132501994393
7.21,71.3,61.2,54.9,1,0.6554551049642728,0.34454489503572716,0.34454489503572716
4.25,47.5,27.0,30.6,0,0.028003334414105074,-0.028003334414105074,0.028003334414105074
8.6,95.8,54.2,73.5,1,1.0503730087965275,-0.05037300879652751,0.05037300879652751
6.94,63.3,56.8,47.3,1,0.5281116277838543,0.47188837221614566,0.47188837221614566
6.25,68.7,52.7,54.2,0,0.5404136393330125,-0.5404136393330125,0.5404136393330125
6.36,76.5,59.2,58.3,1,0.6129087875813207,0.3870912124186793,0.3870912124186793
6.78,42.1,22.7,25.2,0,0.22392009165541993,-0.22392009165541993,0.22392009165541993
7.54,73.6,49.5,57.4,1,0.7197960802084117,0.2802039197915883,0.2802039197915883
9.57,61.3,71.7,58.4,1,0.9236293274480928,0.07637067255190721,0.07637067255190721
7.52,100.0,80.4,67.0,1,0.8790205591583532,0.1209794408416468,0.1209794408416468
6.19,62.3,47.1,54.3,0,0.5216744378696024,-0.5216744378696024,0.5216744378696024
5.17,57.0,33.0,29.1,0,0.12807448009619227,-0.12807448009619227,0.12807448009619227
5.97,82.5,57.9,49.0,1,0.4825098909991682,0.5174901090008318,0.5174901090008318
7.81,75.2,68.6,73.4,1,0.9282832705576881,0.07171672944231189,0.07171672944231189
5.51,50.8,23.5,36.4,0,0.2292691638592591,-0.2292691638592591,0.2292691638592591
5.36,41.3,29.6,28.1,0,0.1057838182708084,-0.1057838182708084,0.1057838182708084
7.53,64.0,46.0,37.8,1,0.4865045148524191,0.5134954851475809,0.5134954851475809
6.53,88.6,71.5,72.8,1,0.8140534974812293,0.18594650251877065,0.18594650251877065
7.38,84.2,76.3,69.9,1,0.8640766243216574,0.13592337567834256,0.13592337567834256
6.96,69.2,54.7,50.1,1,0.5718370178297502,0.42816298217024984,0.42816298217024984
8.78,92.6,66.8,63.1,1,0.9522445551430688,0.04775544485693117,0.04775544485693117
8.1,77.8,67.1,78.3,1,1.016807034051355,-0.016807034051355085,0.016807034051355085
8.24,80.7,77.6,66.0,1,0.9054631485369266,0.09453685146307345,0.09453685146307345
7.95,58.4,62.8,62.4,1,0.7895988859729849,0.2104011140270151,0.2104011140270151
6.76,89.3,65.9,61.7,1,0.7181299137303935,0.2818700862696065,0.2818700862696065
8.88,87.8,89.0,75.2,1,1.088489142217687,-0.088489142217687,0.088489142217687
9.05,98.7,59.7,87.8,1,1.259550757618022,-0.25955075761802204,0.25955075761802204
6.49,63.0,54.0,51.5,1,0.5253536058625371,0.4746463941374629,0.4746463941374629
9.96,74.3,47.2,62.1,1,1.0261249987340508,-0.02612499873405083,0.02612499873405083
7.43,82.6,83.7,65.4,1,0.8185964043249053,0.18140359567509468,0.18140359567509468
4.45,51.0,27.2,29.3,0,0.0418122979025245,-0.0418122979025245,0.0418122979025245
5.82,34.5,21.8,30.0,0,0.1600736974860083,-0.1600736974860083,0.1600736974860083
7.56,54.5,49.8,40.9,0,0.5053130384542254,-0.5053130384542254,0.5053130384542254
6.37,90.7,68.4,62.1,1,0.6846623531132906,0.3153376468867094,0.3153376468867094
4.31,63.9,40.6,56.0,0,0.3445927918525752,-0.3445927918525752,0.3445927918525752
6.72,61.0,76.0,71.3,1,0.7643215888674358,0.23567841113256416,0.23567841113256416
8.5,57.4,46.0,58.3,1,0.7980549047796656,0.20194509522033444,0.20194509522033444
9.84,89.1,69.1,71.6,1,1.1494469274738992,-0.1494469274738992,0.1494469274738992
9.12,80.7,76.9,79.8,1,1.1476503276571601,-0.14765032765716013,0.14765032765716013
8.27,82.8,80.7,83.7,1,1.1054366860533884,-0.1054366860533884,0.1054366860533884
8.25,76.3,83.0,88.3,1,1.1409095337464041,-0.14090953374640414,0.14090953374640414
9.9,78.9,87.1,81.5,1,1.2462849812073622,-0.2462849812073622,0.2462849812073622
5.26,40.1,29.1,29.6,0,0.10911924978272036,-0.10911924978272036,0.10911924978272036
7.77,65.8,60.9,51.9,1,0.6708865348420064,0.32911346515799356,0.32911346515799356
8.39,81.3,85.6,74.3,1,1.0138830824662852,-0.013883082466285224,0.013883082466285224
5.65,58.9,59.5,52.1,0,0.43648159136087206,-0.43648159136087206,0.43648159136087206
5.67,42.5,31.7,32.6,0,0.1899325865323923,-0.1899325865323923,0.1899325865323923
9.95,64.1,70.9,73.3,1,1.1306935442948438,-0.1306935442948438,0.1306935442948438
5.87,68.6,65.1,41.3,1,0.362343371124337,0.637656628875663,0.637656628875663
4.23,56.0,36.6,29.9,0,0.03662618056095279,-0.03662618056095279,0.03662618056095279
8.27,75.7,48.8,63.7,1,0.8689145075392634,0.13108549246073664,0.13108549246073664
8.03,54.5,56.7,61.9,1,0.7838805749449597,0.21611942505504034,0.21611942505504034
4.18,55.3,32.2,34.0,0,0.07376041508942233,-0.07376041508942233,0.07376041508942233
8.28,88.7,82.0,67.9,1,0.9467507605751689,0.05324923942483106,0.05324923942483106
6.96,74.4,48.2,52.9,1,0.6113355678609075,0.3886644321390925,0.3886644321390925
4.04,52.8,24.5,26.9,0,-0.024258877605237594,0.024258877605237594,0.024258877605237594
5.62,70.1,60.3,57.9,0,0.5184228246426158,-0.5184228246426158,0.5184228246426158
9.92,85.5,70.4,68.8,1,1.1206092029970196,-0.1206092029970196,0.1206092029970196
5.69,49.0,27.1,22.9,0,0.09869642927698796,-0.09869642927698796,0.09869642927698796
9.47,79.9,79.5,69.8,1,1.0747350213977551,-0.07473502139775512,0.07473502139775512
10.0,91.2,84.6,79.3,1,1.256628075102579,-0.2566280751025789,0.2566280751025789
5.51,49.1,48.4,60.2,0,0.4885782143149936,-0.4885782143149936,0.4885782143149936
10.0,80.1,75.2,84.9,1,1.2940329019515682,-0.29403290195156817,0.29403290195156817
8.94,98.4,59.4,71.1,1,1.0660383915345237,-0.06603839153452373,0.06603839153452373
5.68,59.1,64.3,40.3,0,0.3127331822657117,-0.3127331822657117,0.3127331822657117
6.26,62.2,58.4,52.7,1,0.5133915769126004,0.4866084230873996,0.4866084230873996
7.38,85.3,83.1,69.7,1,0.8652250468882173,0.13477495311178267,0.13477495311178267
6.94,71.7,51.3,56.0,1,0.6381191750410974,0.3618808249589026,0.3618808249589026
10.0,100.0,67.1,64.2,1,1.1069759272304753,-0.10697592723047533,0.10697592723047533
6.59,60.7,51.0,51.8,0,0.5340926965059,-0.5340926965059,0.5340926965059
4.82,38.1,29.3,29.1,0,0.0535588104136826,-0.0535588104136826,0.0535588104136826
6.68,60.0,58.1,63.4,0,0.6693297565128021,-0.6693297565128021,0.6693297565128021
7.57,59.9,62.7,49.0,1,0.6071079405918905,0.39289205940810945,0.39289205940810945
6.86,59.6,54.0,54.3,0,0.5879622547874449,-0.5879622547874449,0.5879622547874449
6.02,81.9,58.8,44.1,0,0.43354073622680056,-0.43354073622680056,0.43354073622680056
4.97,49.8,28.2,29.0,0,0.09101723217662738,-0.09101723217662738,0.09101723217662738
8.19,86.8,56.6,43.5,1,0.664316864427653,0.33568313557234697,0.33568313557234697
8.02,76.6,61.2,58.0,1,0.7846396770905054,0.21536032290949458,0.21536032290949458
6.29,68.4,58.7,56.5,0,0.570023384553442,-0.570023384553442,0.570023384553442
7.66,66.3,59.7,43.8,1,0.572161456268388,0.427838543731612,0.427838543731612
6.61,44.6,28.3,28.2,0,0.2444891430174979,-0.2444891430174979,0.2444891430174979
4.28,60.5,48.2,60.7,0,0.3870904846794819,-0.3870904846794819,0.3870904846794819
9.32,78.8,85.2,69.5,1,1.054527621531835,-0.0545276215318351,0.0545276215318351
6.63,67.6,56.6,48.7,1,0.5191405676207187,0.4808594323792813,0.4808594323792813
5.84,61.0,72.1,54.2,0,0.4855212460842765,-0.4855212460842765,0.4855212460842765
7.34,67.1,73.4,56.7,1,0.6824964382601942,0.31750356173980576,0.31750356173980576
7.71,71.9,80.4,75.3,1,0.9339379978869121,0.06606200211308788,0.06606200211308788
4.73,45.3,31.4,26.2,0,0.0271079637626791,-0.0271079637626791,0.0271079637626791
6.01,37.2,32.0,32.1,0,0.20988165152693583,-0.20988165152693583,0.20988165152693583
4.53,50.9,28.6,22.7,0,-0.021394203282222746,0.021394203282222746,0.021394203282222746
6.05,62.6,62.8,58.7,0,0.5580007859152086,-0.5580007859152086,0.5580007859152086
8.39,75.1,50.4,48.1,1,0.7112510081931901,0.2887489918068099,0.2887489918068099
6.9,75.4,60.9,48.9,1,0.5657323934361128,0.4342676065638872,0.4342676065638872
5.96,76.5,58.1,50.4,1,0.48491435698439356,0.5150856430156064,0.5150856430156064
6.75,60.4,57.3,44.9,1,0.47647990072966284,0.5235200992703372,0.5235200992703372
7.24,72.7,70.0,56.2,1,0.6769720083394396,0.3230279916605604,0.3230279916605604
5.21,40.2,29.5,27.6,0,0.08241524476672357,-0.08241524476672357,0.08241524476672357
8.14,86.8,80.7,68.2,1,0.9313434526083054,0.06865654739169458,0.06865654739169458
8.61,81.7,71.8,88.3,1,1.1874316000398295,-0.1874316000398295,0.1874316000398295
4.22,65.9,68.4,58.7,0,0.3731188615550204,-0.3731188615550204,0.3731188615550204
5.54,66.6,52.2,47.2,0,0.3855923282986994,-0.3855923282986994,0.3855923282986994
7.49,66.3,51.6,50.1,1,0.6213130333721703,0.37868696662782975,0.37868696662782975
4.78,43.8,28.1,27.4,0,0.04188312861859367,-0.04188312861859367,0.04188312861859367
6.59,98.5,83.2,84.8,1,0.9720744795770441,0.02792552042295593,0.02792552042295593
6.23,78.5,43.2,57.0,0,0.5863286799387698,-0.5863286799387698,0.5863286799387698
8.59,91.1,73.6,69.0,1,0.994549546720419,0.005450453279581047,0.005450453279581047
5.18,65.4,61.9,49.9,0,0.3763732607711717,-0.3763732607711717,0.3763732607711717
5.39,61.0,47.4,54.0,0,0.4318440227844037,-0.4318440227844037,0.4318440227844037
8.27,72.5,59.3,52.1,1,0.7384829551671831,0.2615170448328169,0.2615170448328169
7.63,67.9,56.2,57.5,0,0.7202936298524186,-0.7202936298524186,0.7202936298524186
8.57,84.8,87.9,71.3,1,1.0074916604497925,-0.007491660449792548,0.007491660449792548
6.21,74.5,58.9,59.7,0,0.6083676384779612,-0.6083676384779612,0.6083676384779612
8.66,86.8,70.2,66.5,1,0.9657417999771317,0.03425820002286828,0.03425820002286828
6.82,88.2,65.8,57.6,1,0.6777450839444971,0.32225491605550294,0.32225491605550294
7.93,95.7,77.8,78.4,1,1.0369927475757579,-0.03699274757575788,0.03699274757575788
7.08,62.1,41.2,66.9,0,0.7506040970226159,-0.7506040970226159,0.7506040970226159
8.64,88.9,90.2,71.5,1,1.0254606041034382,-0.0254606041034382,0.0254606041034382
10.0,77.3,66.4,66.1,1,1.0829224845522645,-0.08292248455226447,0.08292248455226447
5.8,54.7,52.2,42.2,0,0.33526990085421204,-0.33526990085421204,0.33526990085421204
4.36,46.6,28.5,39.4,0,0.13359428440874688,-0.13359428440874688,0.13359428440874688
6.99,74.1,51.6,59.8,1,0.689393021167439,0.31060697883256105,0.31060697883256105
6.73,67.6,45.9,43.4,0,0.4702814542515056,-0.4702814542515056,0.4702814542515056
9.96,90.0,66.2,92.2,1,1.386984366808608,-0.3869843668086079,0.3869843668086079
4.27,45.7,26.8,26.1,0,-0.022319161930760334,0.022319161930760334,0.022319161930760334
6.29,61.7,47.2,58.4,0,0.5755364957144066,-0.5755364957144066,0.5755364957144066
9.65,96.3,80.2,59.0,1,1.0087097514859695,-0.00870975148596953,0.00870975148596953
4.04,52.4,31.6,34.3,0,0.056509463753869116,-0.056509463753869116,0.056509463753869116
7.41,68.7,61.0,64.0,1,0.7701339434218669,0.22986605657813308,0.22986605657813308
9.08,70.1,50.5,46.1,1,0.7522510469486546,0.24774895305134537,0.24774895305134537
5.36,40.5,28.8,35.0,0,0.17899027524123323,-0.17899027524123323,0.17899027524123323
6.67,79.8,46.8,65.0,1,0.7225910889346526,0.2774089110653474,0.2774089110653474
7.75,67.9,54.0,51.5,1,0.6673869363281294,0.3326130636718706,0.3326130636718706
4.49,42.6,28.7,27.4,0,0.009153528229565278,-0.009153528229565278,0.009153528229565278
4.22,33.4,1.8,69.4,1,0.4141230290224459,0.5858769709775541,0.5858769709775541
6.24,55.6,55.8,52.1,0,0.4913754133528575,-0.4913754133528575,0.4913754133528575
6.72,88.0,74.2,75.6,1,0.8637032691450496,0.13629673085495042,0.13629673085495042
8.72,86.8,87.3,69.8,1,1.0107935224347675,-0.0107935224347675,0.0107935224347675
8.04,84.8,55.1,54.2,1,0.7605412450394134,0.23945875496058655,0.23945875496058655
4.1,68.4,50.4,43.3,0,0.19514589160505003,-0.19514589160505003,0.19514589160505003
4.15,34.5,31.7,33.0,0,0.01883290591104303,-0.01883290591104303,0.01883290591104303
4.49,68.3,64.7,48.5,0,0.2948317236230672,-0.2948317236230672,0.2948317236230672
8.27,54.2,54.5,47.7,1,0.6539682385204219,0.34603176147957815,0.34603176147957815
6.12,64.0,57.8,57.7,1,0.5563951933118415,0.4436048066881585,0.4436048066881585
6.41,69.1,60.9,61.1,1,0.6343261579808944,0.3656738420191056,0.3656738420191056
4.5,36.0,24.1,23.6,0,-0.044793689296451444,0.044793689296451444,0.044793689296451444
8.36,65.2,56.2,44.9,1,0.6549109145813433,0.3450890854186567,0.3450890854186567
7.17,76.7,45.4,51.0,1,0.6168135563073621,0.3831864436926379,0.3831864436926379
7.09,73.2,47.0,49.3,1,0.5833515662881582,0.4166484337118418,0.4166484337118418
4.71,69.6,57.0,50.4,0,0.339818021099774,-0.339818021099774,0.339818021099774
9.56,76.2,93.0,54.7,1,0.9152924440853166,0.08470755591468337,0.08470755591468337
7.06,79.0,78.6,87.5,1,1.011715614330186,-0.011715614330185975,0.011715614330185975
10.0,87.7,71.7,79.6,1,1.2508129548685187,-0.25081295486851873,0.25081295486851873
7.74,63.3,58.2,65.6,0,0.811106525424187,-0.811106525424187,0.811106525424187
8.01,74.7,54.9,47.8,1,0.6680421605744363,0.33195783942556367,0.33195783942556367
7.96,77.6,74.9,68.2,1,0.8933768724520431,0.10662312754795689,0.10662312754795689
8.64,71.3,40.2,55.4,1,0.8075795193964318,0.1924204806035682,0.1924204806035682
6.45,65.9,61.9,59.1,0,0.6107044721021472,-0.6107044721021472,0.6107044721021472
9.97,59.7,88.4,56.9,1,0.9490889266995605,0.050911073300439535,0.050911073300439535
8.67,58.5,49.3,55.2,1,0.7849860885827854,0.2150139114172146,0.2150139114172146
7.66,70.8,41.6,47.7,1,0.6202490240345165,0.37975097596548346,0.37975097596548346
4.24,60.0,49.2,49.8,0,0.26373441603630166,-0.26373441603630166,0.26373441603630166
10.0,71.8,75.3,62.9,1,1.0389017556704832,-0.03890175567048315,0.03890175567048315
4.68,54.0,24.9,30.1,0,0.08016555278025506,-0.08016555278025506,0.08016555278025506
7.03,58.9,33.8,32.6,0,0.36540897116120574,-0.36540897116120574,0.36540897116120574
4.93,37.1,28.5,26.2,0,0.031533792316902454,-0.031533792316902454,0.031533792316902454
6.53,78.2,49.1,58.5,0,0.634559296699445,-0.634559296699445,0.634559296699445
9.06,82.9,84.1,70.2,1,1.0426649708002302,-0.04266497080023024,0.04266497080023024
6.22,55.8,31.5,27.9,0,0.2227794845107004,-0.2227794845107004,0.2227794845107004
8.66,80.4,74.5,57.4,1,0.8551128604150567,0.14488713958494326,0.14488713958494326
5.51,50.1,34.6,30.8,0,0.16898988224144162,-0.16898988224144162,0.16898988224144162
8.23,68.9,46.5,54.9,1,0.7554275226416233,0.24457247735837673,0.24457247735837673
5.47,63.9,49.3,53.6,0,0.44192568100699214,-0.44192568100699214,0.44192568100699214
5.75,54.3,29.4,27.3,0,0.1635696795320828,-0.1635696795320828,0.1635696795320828
4.12,54.7,27.0,33.3,0,0.05778982547240685,-0.05778982547240685,0.05778982547240685
5.54,39.7,28.9,33.3,0,0.1778962303089705,-0.1778962303089705,0.1778962303089705
4.63,53.9,22.6,27.7,0,0.04826536450324803,-0.04826536450324803,0.04826536450324803
9.32,71.5,69.7,88.6,1,1.244921061861136,-0.24492106186113594,0.24492106186113594
8.31,55.2,60.7,52.5,1,0.713306697780793,0.28669330221920697,0.28669330221920697
6.53,74.9,63.9,51.5,0,0.554607532498706,-0.554607532498706,0.554607532498706
5.1,54.8,28.0,25.5,0,0.07646079194368849,-0.07646079194368849,0.07646079194368849
9.01,78.1,81.0,79.0,1,1.123000353146328,-0.12300035314632796,0.12300035314632796
10.0,92.0,96.4,74.0,1,1.2026700025351178,-0.2026700025351178,0.2026700025351178
7.26,87.3,89.1,69.0,1,0.8499643554159905,0.15003564458400953,0.15003564458400953
5.17,89.3,48.2,36.6,0,0.27550410072683873,-0.27550410072683873,0.27550410072683873
9.09,88.5,79.2,69.0,1,1.0429464276073812,-0.04294642760738121,0.04294642760738121
5.95,42.5,25.4,28.8,0,0.17702617329681447,-0.17702617329681447,0.17702617329681447
8.42,70.0,96.5,64.5,1,0.8903140524844183,0.1096859475155817,0.1096859475155817
6.87,67.7,63.8,42.5,0,0.47847375934065906,-0.47847375934065906,0.47847375934065906
7.09,68.5,43.7,58.2,1,0.6701893604647741,0.32981063953522594,0.32981063953522594
6.43,68.4,52.9,52.3,0,0.5381468040116112,-0.5381468040116112,0.5381468040116112
4.28,35.4,1.6,34.6,0,0.046496147177126024,-0.046496147177126024,0.046496147177126024
8.13,66.7,68.0,84.7,1,1.0678078902161752,-0.06780789021617517,0.06780789021617517
6.56,57.2,55.8,54.7,0,0.5563736193701708,-0.5563736193701708,0.5563736193701708
4.4,62.5,25.6,31.9,0,0.08708861703591175,-0.08708861703591175,0.08708861703591175
8.25,67.6,52.9,49.6,1,0.6985272464164659,0.3014727535835341,0.3014727535835341
7.23,63.3,46.8,62.1,1,0.7175653351172872,0.28243466488271285,0.28243466488271285
4.34,36.6,1.6,61.6,0,0.3482969090881779,-0.3482969090881779,0.3482969090881779
9.04,62.3,59.0,57.2,1,0.8546987305318406,0.14530126946815936,0.14530126946815936
7.07,65.8,55.8,50.9,1,0.5855957819787928,0.4144042180212072,0.4144042180212072
7.0,84.4,80.1,68.7,1,0.8121548604883871,0.18784513951161286,0.18784513951161286
5.82,42.4,27.5,35.2,0,0.23301139507773205,-0.23301139507773205,0.23301139507773205
6.82,76.4,64.6,62.3,1,0.7054037505039613,0.2945962494960387,0.2945962494960387
8.49,79.4,60.4,52.0,1,0.7742502765435854,0.22574972345641464,0.22574972345641464
6.28,44.3,25.3,37.5,0,0.3096786773633934,-0.3096786773633934,0.3096786773633934
9.43,90.8,89.8,64.9,1,1.0404874517558866,-0.04048745175588664,0.04048745175588664
5.51,66.5,57.0,42.9,0,0.33637722303928375,-0.33637722303928375,0.33637722303928375
6.11,41.2,24.7,34.4,0,0.25196851193798875,-0.25196851193798875,0.25196851193798875
9.7,82.8,80.2,81.6,1,1.2328311638378726,-0.2328311638378726,0.2328311638378726
6.82,69.1,54.6,52.3,1,0.5807964093667225,0.4192035906332775,0.4192035906332775
7.06,79.2,57.0,51.6,0,0.618655088363195,-0.618655088363195,0.618655088363195
6.04,42.2,25.9,30.9,0,0.2087804695553076,-0.2087804695553076,0.2087804695553076
6.67,64.1,69.2,76.3,1,0.8182773574356498,0.18172264256435022,0.18172264256435022
9.82,80.4,89.3,62.0,1,1.0294858713715236,-0.029485871371523587,0.029485871371523587
8.8,67.7,77.7,78.9,1,1.0788662596134735,-0.07886625961347349,0.07886625961347349
6.82,82.8,52.5,43.4,0,0.5107049903736286,-0.5107049903736286,0.5107049903736286
9.86,74.5,47.5,52.5,1,0.9118323376049459,0.08816766239505414,0.08816766239505414
7.38,56.6,65.3,50.1,1,0.593048917775319,0.406951082224681,0.406951082224681
7.14,94.7,87.1,68.2,1,0.842853493513145,0.15714650648685502,0.15714650648685502
7.43,75.2,52.9,47.3,1,0.6023013539753198,0.3976986460246802,0.3976986460246802
9.46,59.3,45.8,58.2,1,0.9015519299035738,0.0984480700964262,0.0984480700964262
4.15,44.6,25.7,28.4,0,-0.01230600436655127,0.01230600436655127,0.01230600436655127
6.92,59.1,49.0,48.7,1,0.5316335658971444,0.4683664341028556,0.4683664341028556
4.38,60.8,58.0,46.5,1,0.24569112219834566,0.7543088778016543,0.7543088778016543
7.84,89.1,58.5,45.5,1,0.6540885621639051,0.3459114378360949,0.3459114378360949
6.98,66.4,52.1,62.7,1,0.7047969488551359,0.2952030511448641,0.2952030511448641
6.37,99.2,74.8,66.2,1,0.7469546397748458,0.2530453602251542,0.2530453602251542
8.98,71.6,64.9,84.2,1,1.1607965511671203,-0.16079655116712033,0.16079655116712033
6.99,65.8,53.3,50.9,0,0.5767619097991227,-0.5767619097991227,0.5767619097991227
6.16,74.1,38.9,56.2,0,0.5609152935868239,-0.5609152935868239,0.5609152935868239
5.74,77.7,47.3,47.7,1,0.4329931649115032,0.5670068350884968,0.5670068350884968
7.37,64.9,53.6,51.0,1,0.6160664444502967,0.3839335555497033,0.3839335555497033
9.18,60.8,74.8,81.0,1,1.1275601702213325,-0.12756017022133248,0.12756017022133248
6.79,96.9,70.6,87.3,1,1.0149440094516051,-0.014944009451605123,0.014944009451605123
5.53,42.6,32.5,29.4,0,0.14081026092166893,-0.14081026092166893,0.14081026092166893
9.97,97.9,95.9,41.1,0,0.8538181982743492,-0.8538181982743492,0.8538181982743492
5.3,76.5,68.6,86.2,1,0.8060277946933955,0.19397220530660453,0.19397220530660453
6.68,78.2,59.7,43.3,0,0.4871050318098281,-0.4871050318098281,0.4871050318098281
8.2,70.9,66.5,73.6,1,0.9626403196679437,0.03735968033205628,0.03735968033205628
7.24,61.0,61.4,53.7,1,0.6253936136116526,0.3746063863883474,0.3746063863883474
7.23,77.2,68.6,73.8,1,0.8755997313328033,0.12440026866719667,0.12440026866719667
6.62,48.3,26.6,31.6,0,0.28942728439707566,-0.28942728439707566,0.28942728439707566
5.15,72.7,55.7,54.2,0,0.4331783280750755,-0.4331783280750755,0.4331783280750755
9.94,98.8,99.9,89.1,1,1.3742519497543584,-0.3742519497543584,0.3742519497543584
6.8,68.8,59.7,69.6,1,0.7668024720170356,0.23319752798296445,0.23319752798296445
6.12,37.9,31.3,28.3,0,0.18143964518624578,-0.18143964518624578,0.18143964518624578
5.47,50.8,26.3,35.1,0,0.21142923037342343,-0.21142923037342343,0.21142923037342343
8.0,100.0,80.6,77.7,1,1.0456683155297326,-0.045668315529732606,0.045668315529732606
5.01,46.6,29.0,28.5,0,0.08364695012386514,-0.08364695012386514,0.08364695012386514
8.66,71.6,61.3,58.8,1,0.8507848492108151,0.1492151507891849,0.1492151507891849
8.03,74.3,61.7,57.9,1,0.7801750796997861,0.21982492030021394,0.21982492030021394
6.4,78.2,56.8,52.6,1,0.5581550903410625,0.4418449096589375,0.4418449096589375
5.84,68.3,46.6,50.2,0,0.4520722021042839,-0.4520722021042839,0.4520722021042839
6.48,59.5,59.7,44.8,0,0.44566250918582206,-0.44566250918582206,0.44566250918582206
6.07,67.0,60.7,46.5,0,0.43592619060465776,-0.43592619060465776,0.43592619060465776
4.96,74.3,55.7,52.9,0,0.4022379430671862,-0.4022379430671862,0.4022379430671862
9.72,100.0,79.1,69.9,1,1.1414833874213777,-0.14148338742137767,0.14148338742137767
7.62,67.2,65.1,56.4,0,0.7074446140077727,-0.7074446140077727,0.7074446140077727
7.05,60.1,57.1,46.2,1,0.5214981488970688,0.4785018511029312,0.4785018511029312
9.2,86.6,68.0,71.8,1,1.0792648910544385,-0.07926489105443846,0.07926489105443846
6.51,67.2,54.0,44.9,0,0.4640440817568693,-0.4640440817568693,0.4640440817568693
4.3,47.4,27.4,33.4,0,0.06352947733494341,-0.06352947733494341,0.06352947733494341
5.17,47.3,33.2,26.9,0,0.08518110733855522,-0.08518110733855522,0.08518110733855522
7.12,78.8,63.6,50.3,1,0.611187444445359,0.388812555554641,0.388812555554641
8.81,65.2,84.6,64.3,1,0.9176743749170061,0.0823256250829939,0.0823256250829939
5.33,55.4,48.9,62.2,0,0.5038287963683136,-0.5038287963683136,0.5038287963683136
7.72,65.9,57.7,40.8,0,0.5447692853353555,-0.5447692853353555,0.5447692853353555
8.81,85.8,74.3,81.5,1,1.143097293223545,-0.14309729322354503,0.14309729322354503
6.98,95.2,70.4,86.4,1,1.0217685050954843,-0.021768505095484336,0.021768505095484336
9.61,62.0,75.1,81.8,1,1.1838416567193835,-0.18384165671938346,0.18384165671938346
6.05,40.0,30.4,24.6,0,0.13788124170201865,-0.13788124170201865,0.13788124170201865
8.76,59.0,75.0,63.0,1,0.8844962681062275,0.1155037318937725,0.1155037318937725
6.29,67.9,62.3,53.8,1,0.540342214049833,0.45965778595016704,0.45965778595016704
6.16,46.7,24.0,30.7,0,0.22772964385190397,-0.22772964385190397,0.22772964385190397
8.04,81.6,77.0,79.6,1,1.033764934597325,-0.03376493459732499,0.03376493459732499
7.95,65.3,55.9,47.3,0,0.6380257398131054,-0.6380257398131054,0.6380257398131054
4.04,72.0,57.8,59.1,0,0.3687113745675551,-0.3687113745675551,0.3687113745675551
4.27,51.8,50.0,46.5,0,0.21509807363367572,-0.21509807363367572,0.21509807363367572
7.42,60.9,60.6,48.0,0,0.5820920624760176,-0.5820920624760176,0.5820920624760176
9.01,64.6,53.7,37.3,1,0.6391019461383741,0.3608980538616259,0.3608980538616259
9.21,86.0,76.6,52.1,1,0.8667221828984538,0.13327781710154618,0.13327781710154618
10.0,95.4,85.8,72.4,1,1.1901644121696697,-0.19016441216966973,0.19016441216966973
6.69,81.2,53.9,51.5,1,0.5820830481655962,0.4179169518344038,0.4179169518344038
6.1,77.6,50.4,55.6,1,0.5569289616058358,0.4430710383941642,0.4430710383941642
5.81,41.8,24.8,29.1,0,0.16409403814191592,-0.16409403814191592,0.16409403814191592
7.69,67.6,63.6,56.6,1,0.7175016246535365,0.2824983753464635,0.2824983753464635
7.81,61.8,53.4,46.4,1,0.6062442677666852,0.39375573223331484,0.39375573223331484
6.77,48.8,22.3,33.3,0,0.32389556663810815,-0.32389556663810815,0.32389556663810815
8.89,86.5,72.8,81.2,1,1.1493656280273625,-0.14936562802736253,0.14936562802736253
5.4,62.1,52.8,54.2,0,0.4381472505169809,-0.4381472505169809,0.4381472505169809
6.68,80.8,57.3,48.1,0,0.5439132358025939,-0.5439132358025939,0.5439132358025939
7.71,43.5,25.3,26.4,0,0.337874798685578,-0.337874798685578,0.337874798685578
5.75,57.9,59.4,55.7,1,0.4840957686646813,0.5159042313353187,0.5159042313353187
8.72,73.4,45.3,62.0,1,0.8926359362439112,0.10736406375608876,0.10736406375608876
7.12,52.1,23.9,25.3,0,0.2805723584718899,-0.2805723584718899,0.2805723584718899
9.42,69.1,63.2,77.5,1,1.1290965113518694,-0.1290965113518694,0.1290965113518694
8.95,83.3,65.3,59.3,1,0.9103404819481075,0.08965951805189254,0.08965951805189254
7.25,51.6,50.8,43.7,1,0.49761228215416786,0.5023877178458321,0.5023877178458321
8.82,62.5,54.3,68.2,1,0.9505966129527771,0.04940338704722291,0.04940338704722291
8.59,81.5,48.0,35.7,1,0.6097963169453068,0.3902036830546932,0.3902036830546932
6.3,62.7,54.0,58.7,0,0.5829680256641493,-0.5829680256641493,0.5829680256641493
7.66,66.6,44.7,49.3,1,0.6299042619112004,0.3700957380887996,0.3700957380887996
4.88,56.1,24.9,29.6,0,0.0998776667536595,-0.0998776667536595,0.0998776667536595
8.47,84.7,89.1,84.4,1,1.1392180661537807,-0.13921806615378074,0.13921806615378074
5.03,51.3,23.6,27.7,0,0.08536819663635753,-0.08536819663635753,0.08536819663635753
9.69,86.7,70.2,68.3,1,1.0933314429611505,-0.09333144296115048,0.09333144296115048
6.98,66.1,98.3,84.4,1,0.9476894313783345,0.0523105686216655,0.0523105686216655
5.98,51.2,24.1,28.8,0,0.1970360012202611,-0.1970360012202611,0.1970360012202611
10.0,81.5,92.3,78.6,1,1.2313001100186138,-0.23130011001861384,0.23130011001861384
5.46,50.3,26.6,27.6,0,0.12802030127206343,-0.12802030127206343,0.12802030127206343
4.6,52.9,33.3,31.2,0,0.08297508066283454,-0.08297508066283454,0.08297508066283454
7.69,92.3,78.7,77.0,1,0.9900502241393189,0.009949775860681132,0.009949775860681132
6.82,69.2,63.0,49.3,1,0.5498551103439381,0.4501448896560619,0.4501448896560619
8.11,79.0,82.0,68.9,1,0.9207003288938916,0.07929967110610836,0.07929967110610836
8.88,84.5,72.1,73.8,1,1.0639271039328229,-0.06392710393282286,0.06392710393282286
5.52,39.8,32.4,31.7,0,0.15921676667401086,-0.15921676667401086,0.15921676667401086
8.81,79.0,69.6,69.7,1,1.0008333048698574,-0.000833304869857443,0.000833304869857443
7.66,78.4,74.9,92.2,1,1.1239887134733224,-0.12398871347332241,0.12398871347332241
9.39,88.7,79.1,63.9,1,1.0194783456952892,-0.019478345695289168,0.019478345695289168
4.34,32.5,4.8,26.1,0,-0.04463001411279366,0.04463001411279366,0.04463001411279366
7.89,70.1,52.5,44.0,1,0.6047347919721339,0.39526520802786613,0.39526520802786613
6.52,93.8,83.2,73.4,1,0.8317215192769664,0.16827848072303364,0.16827848072303364
9.69,73.3,63.7,74.3,1,1.1310588373813846,-0.13105883738138457,0.13105883738138457
8.05,97.2,92.7,91.5,1,1.1973179442247655,-0.19731794422476545,0.19731794422476545
6.01,67.6,65.6,54.2,1,0.5152338716507933,0.48476612834920674,0.48476612834920674
7.17,72.1,48.1,51.1,1,0.609329761142278,0.390670238857722,0.390670238857722
8.5,51.0,57.0,47.3,1,0.6679409764065928,0.3320590235934072,0.3320590235934072
6.95,60.5,51.7,53.2,1,0.5868519772834321,0.4131480227165679,0.4131480227165679
6.97,63.0,43.5,51.3,1,0.5718338632505192,0.4281661367494808,0.4281661367494808
6.1,42.8,32.8,38.3,0,0.2977832148736269,-0.2977832148736269,0.2977832148736269
5.32,69.2,43.7,57.8,0,0.48121036810947004,-0.48121036810947004,0.48121036810947004
4.5,45.6,31.2,29.7,0,0.041491505412081464,-0.041491505412081464,0.041491505412081464
8.85,78.8,84.9,77.4,1,1.0908543251907226,-0.09085432519072256,0.09085432519072256
8.1,62.9,48.9,48.6,1,0.661997473480506,0.33800252651949403,0.33800252651949403
9.98,84.6,65.3,81.6,1,1.263247424381047,-0.263247424381047,0.263247424381047
4.96,39.4,27.4,23.0,0,0.004271449222991275,-0.004271449222991275,0.004271449222991275
6.12,69.9,59.6,58.1,0,0.5726274518119615,-0.5726274518119615,0.5726274518119615
7.67,63.4,88.9,79.2,1,0.9568409504642824,0.043159049535717586,0.043159049535717586
8.09,71.6,52.5,51.5,1,0.7101252272328026,0.2898747727671974,0.2898747727671974
7.46,86.7,73.6,69.8,1,0.8758451606862777,0.12415483931372229,0.12415483931372229
6.77,92.6,83.5,61.6,1,0.7275767790586721,0.27242322094132787,0.27242322094132787
7.55,59.8,53.2,65.5,1,0.7823295170553329,0.21767048294466707,0.21767048294466707
9.89,88.2,74.5,66.6,1,1.0995710652958515,-0.09957106529585147,0.09957106529585147
8.36,74.4,51.9,53.5,1,0.765608018017082,0.234391981982918,0.234391981982918
4.36,35.2,5.9,69.1,1,0.4298118467438933,0.5701881532561067,0.5701881532561067
8.43,80.6,70.3,68.4,1,0.9500451618169429,0.049954838183057126,0.049954838183057126
5.48,51.8,30.0,29.9,0,0.15861812186821755,-0.15861812186821755,0.15861812186821755
6.37,56.4,52.0,59.5,0,0.5863011665348025,-0.5863011665348025,0.5863011665348025
10.0,74.2,71.6,73.9,1,1.1624090348953673,-0.1624090348953673,0.1624090348953673
6.34,81.8,54.3,49.6,1,0.525919116207895,0.474080883792105,0.474080883792105
8.43,76.3,85.8,84.0,1,1.1136184634414033,-0.11361846344140325,0.11361846344140325
7.41,83.6,52.9,51.2,1,0.6590319553736582,0.3409680446263418,0.3409680446263418
6.71,89.1,87.1,78.1,1,0.8941557106874115,0.10584428931258849,0.10584428931258849
6.57,83.1,75.5,72.4,1,0.8037998711956057,0.1962001288043943,0.1962001288043943
6.9,75.1,73.6,38.8,0,0.45765478949626337,-0.45765478949626337,0.45765478949626337
5.17,42.1,25.5,26.9,0,0.07365899251841135,-0.07365899251841135,0.07365899251841135
4.82,49.6,25.7,32.7,0,0.11460538209819882,-0.11460538209819882,0.11460538209819882
9.72,99.0,98.4,83.2,1,1.2872122309275298,-0.2872122309275298,0.2872122309275298
8.77,64.7,52.9,52.5,1,0.7789667358897817,0.22103326411021829,0.22103326411021829
7.71,62.2,52.2,59.1,1,0.7341998539495217,0.2658001460504783,0.2658001460504783
6.78,68.5,60.6,44.3,0,0.4895826454879325,-0.4895826454879325,0.4895826454879325
9.88,90.2,74.4,83.3,1,1.2837415671572008,-0.2837415671572008,0.2837415671572008
7.48,76.3,49.0,53.9,1,0.68070610607305,0.31929389392694996,0.31929389392694996
9.89,72.6,55.3,53.3,1,0.9212718555934297,0.07872814440657028,0.07872814440657028
7.37,90.3,82.6,83.0,1,1.0183027069968387,-0.01830270699683867,0.01830270699683867
9.45,77.9,80.4,98.9,1,1.384799953490211,-0.3847999534902109,0.3847999534902109
5.55,48.3,33.7,34.5,0,0.20967732764154656,-0.20967732764154656,0.20967732764154656
5.75,68.8,58.4,56.1,1,0.5096656989034943,0.49033430109650566,0.49033430109650566
6.64,76.3,54.0,58.5,0,0.6432255596511519,-0.6432255596511519,0.6432255596511519
5.99,72.1,52.2,49.8,1,0.471908394820277,0.528091605179723,0.528091605179723
6.48,68.4,52.6,46.1,1,0.47603659908727114,0.5239634009127289,0.5239634009127289
6.43,70.8,57.2,53.4,1,0.5555347589853269,0.4444652410146731,0.4444652410146731
7.24,81.6,80.4,85.7,1,1.016500505987822,-0.016500505987822045,0.016500505987822045
4.0,54.7,34.2,30.5,0,0.016007969978254155,-0.016007969978254155,0.016007969978254155
7.14,75.7,55.0,43.5,1,0.531908309793831,0.46809169020616903,0.46809169020616903
8.07,73.0,60.2,50.6,1,0.7023144364839148,0.2976855635160852,0.2976855635160852
7.52,71.4,54.5,60.9,1,0.7522282802485131,0.24777171975148693,0.24777171975148693
5.83,46.5,31.2,30.0,0,0.1862858911907216,-0.1862858911907216,0.1862858911907216
6.47,74.9,44.0,60.5,0,0.6426193675877404,-0.6426193675877404,0.6426193675877404
7.93,65.7,60.2,45.7,1,0.6200717255376055,0.3799282744623945,0.3799282744623945
7.34,69.6,50.8,43.5,1,0.5402347998968621,0.4597652001031379,0.4597652001031379
9.77,79.4,81.9,96.6,1,1.3966584140562097,-0.3966584140562097,0.3966584140562097
5.91,47.9,22.5,26.2,0,0.15470013699931917,-0.15470013699931917,0.15470013699931917
6.43,74.5,56.0,58.9,1,0.6223070666603309,0.37769293333966913,0.37769293333966913
8.51,81.5,61.3,69.0,1,0.9651975626735624,0.03480243732643762,0.03480243732643762
7.9,82.6,77.3,85.1,1,1.080780168516084,-0.08078016851608405,0.08078016851608405
8.47,92.4,75.3,88.1,1,1.192149938214858,-0.19214993821485793,0.19214993821485793
6.05,46.2,29.2,30.2,0,0.21064699728992797,-0.21064699728992797,0.21064699728992797
6.71,73.8,55.2,52.0,1,0.5753082889717388,0.4246917110282612,0.4246917110282612
6.56,63.8,54.0,49.6,0,0.5136520832749217,-0.5136520832749217,0.5136520832749217
5.54,45.4,32.6,24.0,0,0.08874698532414715,-0.08874698532414715,0.08874698532414715
5.54,78.1,58.8,47.0,0,0.40712284284010336,-0.40712284284010336,0.40712284284010336
6.49,46.2,25.7,29.0,0,0.2432611573227509,-0.2432611573227509,0.2432611573227509
9.81,64.3,87.1,76.5,1,1.1538804804023877,-0.15388048040238766,0.15388048040238766
5.64,41.4,27.2,28.0,0,0.13391023264158608,-0.13391023264158608,0.13391023264158608
6.42,71.8,54.8,53.7,1,0.5592944984234093,0.4407055015765907,0.4407055015765907
9.23,95.0,79.8,73.8,1,1.1226353475996822,-0.1226353475996822,0.1226353475996822
4.33,48.7,27.8,26.1,0,-0.009953781623260882,0.009953781623260882,0.009953781623260882
7.57,74.2,80.1,68.4,1,0.8487757902578587,0.15122420974214135,0.15122420974214135
9.73,97.1,96.1,48.8,1,0.9106591804582919,0.08934081954170814,0.08934081954170814
8.79,64.9,59.6,55.3,1,0.8130041845143244,0.18699581548567556,0.18699581548567556
5.87,47.5,27.3,30.3,0,0.19504418557440462,-0.19504418557440462,0.19504418557440462
6.21,47.3,64.2,59.5,0,0.5537044053996648,-0.5537044053996648,0.5537044053996648
7.44,81.8,44.1,55.9,1,0.7081773835424846,0.2918226164575154,0.2918226164575154
5.64,68.0,48.9,44.9,0,0.3733154289836854,-0.3733154289836854,0.3733154289836854
8.07,58.6,62.0,49.9,1,0.6667530754424008,0.3332469245575992,0.3332469245575992
8.25,86.3,85.7,69.0,1,0.9514607361391177,0.048539263860882254,0.048539263860882254
5.96,52.1,70.7,53.3,0,0.4706503127978391,-0.4706503127978391,0.4706503127978391
6.72,83.3,59.1,52.6,1,0.6021883763581198,0.39781162364188016,0.39781162364188016
8.22,67.5,69.5,60.1,1,0.8120097428455734,0.18799025715442663,0.18799025715442663
6.89,83.4,85.2,77.5,1,0.8950439093449479,0.10495609065505207,0.10495609065505207
9.21,68.5,77.2,57.9,1,0.8954410838678956,0.10455891613210444,0.10455891613210444
8.03,67.4,98.8,79.4,1,1.006386795536704,-0.006386795536704071,0.006386795536704071
5.41,68.4,53.0,64.5,0,0.5634271375603014,-0.5634271375603014,0.5634271375603014
9.3,59.0,70.0,77.4,1,1.096733064284742,-0.09673306428474193,0.09673306428474193
8.7,72.3,70.2,75.6,1,1.0402794039563847,-0.04027940395638474,0.04027940395638474
8.72,72.0,70.9,70.5,1,0.9865409263543131,0.013459073645686881,0.013459073645686881
9.46,85.5,73.2,73.6,1,1.124859057291034,-0.12485905729103397,0.12485905729103397
6.58,52.5,56.3,49.0,0,0.48744916591829746,-0.48744916591829746,0.48744916591829746
6.67,55.6,49.2,47.0,0,0.4800672650356318,-0.4800672650356318,0.4800672650356318
5.81,51.3,26.2,21.0,0,0.0950404989410828,-0.0950404989410828,0.0950404989410828
6.86,65.6,53.0,50.8,1,0.5615706156632393,0.4384293843367607,0.4384293843367607
6.61,37.2,29.5,34.5,0,0.2985662376282342,-0.2985662376282342,0.2985662376282342
7.26,72.6,57.7,58.9,0,0.7060924780751016,-0.7060924780751016,0.7060924780751016
9.33,57.2,44.5,55.8,1,0.85748894739525,0.14251105260475005,0.14251105260475005
5.77,78.9,65.2,49.4,1,0.46001317128433994,0.5399868287156601,0.5399868287156601
6.88,68.9,59.4,47.1,1,0.5310718275013032,0.4689281724986968,0.4689281724986968
7.42,81.9,90.1,84.0,1,1.0192041077092369,-0.01920410770923686,0.01920410770923686
8.19,82.9,79.9,75.0,1,1.002633132428588,-0.002633132428587981,0.002633132428587981
5.99,77.4,62.2,46.6,0,0.44927684202436746,-0.44927684202436746,0.44927684202436746
4.8,62.0,44.1,58.1,0,0.41575431820881004,-0.41575431820881004,0.41575431820881004
6.88,47.1,21.1,26.0,0,0.2526572206813412,-0.2526572206813412,0.2526572206813412
7.48,60.9,59.2,39.6,1,0.4969595990929717,0.5030404009070283,0.5030404009070283
7.48,89.3,87.2,68.0,1,0.8658292254704362,0.13417077452956383,0.13417077452956383
5.93,46.9,28.2,37.2,0,0.2752388026085574,-0.2752388026085574,0.2752388026085574
7.65,67.7,61.3,40.4,1,0.5372180510498389,0.4627819489501611,0.4627819489501611
6.25,75.0,48.4,55.8,0,0.569418600088421,-0.569418600088421,0.569418600088421
9.13,61.9,47.7,61.2,1,0.9048713915381587,0.09512860846184135,0.09512860846184135
9.48,75.4,80.2,85.8,1,1.24078380054077,-0.2407838005407701,0.2407838005407701
7.27,89.5,90.7,63.4,1,0.794807791129491,0.20519220887050904,0.20519220887050904
6.5,80.1,53.0,39.8,1,0.43277567866045896,0.567224321339541,0.567224321339541
5.17,75.8,60.3,48.9,1,0.3846085144805994,0.6153914855194006,0.6153914855194006
4.23,35.3,4.9,56.5,0,0.2793772455581577,-0.2793772455581577,0.2793772455581577
8.27,63.1,57.7,61.1,1,0.8174699945019724,0.18253000549802756,0.18253000549802756
6.25,73.7,45.6,60.2,1,0.6141596518994233,0.38584034810057666,0.38584034810057666
6.83,87.5,71.4,73.7,1,0.8531755230102417,0.1468244769897583,0.1468244769897583
4.29,48.4,29.9,23.7,0,-0.040444824267294566,0.040444824267294566,0.040444824267294566
7.05,58.2,28.8,30.0,0,0.3370551064333286,-0.3370551064333286,0.3370551064333286
7.02,71.9,42.8,49.0,0,0.5694693608047944,-0.5694693608047944,0.5694693608047944
8.03,79.8,59.7,81.9,1,1.0511993611875985,-0.05119936118759849,0.05119936118759849
7.26,65.8,66.7,33.3,1,0.41633948174749247,0.5836605182525075,0.5836605182525075
7.55,71.0,53.6,50.8,1,0.6447862463501984,0.35521375364980157,0.35521375364980157
4.82,52.8,23.1,36.8,0,0.16495739930776276,-0.16495739930776276,0.16495739930776276
8.12,58.3,59.4,42.4,1,0.5895473170931639,0.4104526829068361,0.4104526829068361
8.91,90.3,75.5,77.1,1,1.1148741755388207,-0.11487417553882073,0.11487417553882073
4.0,83.2,56.6,51.3,0,0.3016048957868144,-0.3016048957868144,0.3016048957868144
8.52,77.8,61.9,72.6,1,0.9981726760619715,0.0018273239380285355,0.0018273239380285355
4.2,46.2,32.5,27.5,0,-0.012521418718392963,0.012521418718392963,0.012521418718392963
7.04,62.9,56.3,47.9,1,0.5442643365137753,0.45573566348622474,0.45573566348622474
4.7,41.0,25.6,24.1,0,-0.0082755930514119,0.0082755930514119,0.0082755930514119
7.38,67.8,59.3,43.6,1,0.5434410727797164,0.4565589272202836,0.4565589272202836
8.64,60.4,51.5,49.9,1,0.7283964677096274,0.2716035322903726,0.2716035322903726
9.84,85.5,77.3,70.7,1,1.1340077822189656,-0.1340077822189656,0.1340077822189656
7.88,71.5,53.1,53.1,1,0.7053335185370241,0.2946664814629759,0.2946664814629759
8.02,79.0,83.6,83.9,1,1.0743705531169732,-0.07437055311697316,0.07437055311697316
6.86,46.8,34.1,25.0,0,0.2413279048375453,-0.2413279048375453,0.2413279048375453
8.96,78.5,81.5,81.4,1,1.14467324172964,-0.1446732417296399,0.1446732417296399
4.22,37.9,9.6,26.2,0,-0.04473533328350132,0.04473533328350132,0.04473533328350132
9.72,97.2,98.8,77.9,1,1.2262046945798617,-0.2262046945798617,0.2262046945798617
4.28,42.1,26.3,33.4,0,0.050835529812259805,-0.050835529812259805,0.050835529812259805
8.85,80.2,55.9,39.9,1,0.6815154721987452,0.3184845278012548,0.3184845278012548
7.37,67.0,78.1,76.7,1,0.9033953511771765,0.09660464882282349,0.09660464882282349
9.18,78.6,90.3,64.5,1,0.9860075202431665,0.013992479756833487,0.013992479756833487
4.47,52.4,30.9,33.7,0,0.09506475094186617,-0.09506475094186617,0.09506475094186617
6.18,62.4,52.3,52.0,1,0.49673606915296864,0.5032639308470314,0.5032639308470314
7.77,78.5,59.6,41.4,1,0.5815973014161325,0.41840269858386747,0.41840269858386747
7.35,61.3,51.4,48.1,0,0.575036683801878,-0.575036683801878,0.575036683801878
7.53,89.2,81.6,76.8,1,0.9654736044733992,0.03452639552660075,0.03452639552660075
9.93,79.1,89.0,87.5,1,1.3152966885927047,-0.31529668859270465,0.31529668859270465
5.15,41.0,27.4,25.0,0,0.049093664446961616,-0.049093664446961616,0.049093664446961616
7.96,67.2,60.2,49.9,1,0.6717685853951335,0.3282314146048665,0.3282314146048665
9.56,82.8,97.9,85.0,1,1.2580528595742941,-0.25805285957429414,0.25805285957429414
9.92,86.0,70.8,74.8,1,1.1868011472533446,-0.18680114725334462,0.18680114725334462
7.54,84.8,60.8,68.7,1,0.8663954786703608,0.13360452132963918,0.13360452132963918
7.58,85.9,93.8,80.8,1,1.00975992822061,-0.009759928220610004,0.009759928220610004
7.2,57.2,42.7,58.7,1,0.6648241768837942,0.33517582311620575,0.33517582311620575
7.45,77.5,87.7,83.3,1,1.005709717768272,-0.005709717768271894,0.005709717768271894
6.78,66.9,53.1,41.6,1,0.4558478535551226,0.5441521464448774,0.5441521464448774
6.9,72.1,55.7,55.4,1,0.6289374363928856,0.3710625636071144,0.3710625636071144
6.95,40.4,33.6,34.7,0,0.34345002306903505,-0.34345002306903505,0.34345002306903505
7.26,72.8,45.4,47.0,1,0.5751875364532296,0.4248124635467704,0.4248124635467704
6.55,79.7,52.0,53.5,1,0.5858155278962919,0.4141844721037081,0.4141844721037081
7.92,65.0,48.4,47.3,1,0.6330042186236339,0.3669957813763661,0.3669957813763661
8.67,79.3,78.1,80.7,1,1.1075873226955917,-0.10758732269559168,0.10758732269559168
4.16,46.0,34.8,31.3,0,0.02453151812439558,-0.02453151812439558,0.02453151812439558
9.26,74.8,65.2,48.5,1,0.8089593226590069,0.19104067734099306,0.19104067734099306
4.09,54.1,25.4,31.6,0,0.034729270618618746,-0.034729270618618746,0.034729270618618746
6.61,40.8,23.3,22.4,0,0.17320538968472599,-0.17320538968472599,0.17320538968472599
9.2,90.5,70.0,79.7,1,1.1730327519770332,-0.17303275197703316,0.17303275197703316
9.4,76.0,58.4,70.6,1,1.0648075027410386,-0.06480750274103864,0.06480750274103864
8.68,67.5,89.7,89.3,1,1.180823601153489,-0.18082360115348894,0.18082360115348894
9.43,87.7,83.8,79.5,1,1.1918904769838616,-0.19189047698386164,0.19189047698386164
9.89,70.1,73.4,69.1,1,1.0909938282100193,-0.09099382821001933,0.09099382821001933
7.62,70.4,50.3,48.2,1,0.6221733259154317,0.37782667408456827,0.37782667408456827
6.87,80.2,53.8,58.6,1,0.6761040518806639,0.3238959481193361,0.3238959481193361
6.28,52.8,27.5,30.0,0,0.24531277329732737,-0.24531277329732737,0.24531277329732737
8.03,87.9,62.5,68.1,1,0.9177513657827393,0.0822486342172607,0.0822486342172607
7.91,72.9,52.1,50.7,0,0.6850070700151697,-0.6850070700151697,0.6850070700151697
8.7,67.8,59.1,58.2,1,0.8406390563955749,0.1593609436044251,0.1593609436044251
9.41,99.4,77.4,80.6,1,1.2236074805249806,-0.22360748052498058,0.22360748052498058
8.27,90.9,84.3,68.1,1,0.9525825699735423,0.04741743002645771,0.04741743002645771
7.33,76.6,62.1,46.9,0,0.5917678017135094,-0.5917678017135094,0.5917678017135094
8.08,72.0,45.6,45.2,1,0.6402828346833142,0.35971716531668585,0.35971716531668585
9.11,68.1,89.0,89.1,1,1.2248995563121277,-0.22489955631212766,0.22489955631212766
8.15,55.6,63.5,46.1,1,0.6282703173632488,0.3717296826367512,0.3717296826367512
6.19,76.2,43.3,55.7,1,0.5635128658499436,0.43648713415005636,0.43648713415005636
4.84,46.5,24.5,31.3,0,0.09521697800504947,-0.09521697800504947,0.09521697800504947
9.62,81.2,63.2,40.3,1,0.769986881087812,0.230013118912188,0.230013118912188
6.02,41.5,29.9,32.0,0,0.21792981306727366,-0.21792981306727366,0.21792981306727366
4.44,38.8,29.6,34.2,0,0.07042056317958723,-0.07042056317958723,0.07042056317958723
5.55,78.6,59.1,50.3,0,0.4450346672227198,-0.4450346672227198,0.4450346672227198
6.37,76.6,45.2,51.8,1,0.5411962589974831,0.45880374100251686,0.45880374100251686
5.79,42.6,30.7,25.1,0,0.12114144885886036,-0.12114144885886036,0.12114144885886036
6.38,45.2,26.3,30.8,0,0.24938312413781982,-0.24938312413781982,0.24938312413781982
7.35,73.1,51.0,58.1,0,0.7067032086831905,-0.7067032086831905,0.7067032086831905
9.87,99.1,95.3,24.5,0,0.6653358928289425,-0.6653358928289425,0.6653358928289425
9.44,79.3,65.1,52.5,1,0.8801205969805325,0.11987940301946753,0.11987940301946753
7.43,67.7,59.8,53.6,1,0.6571548429066517,0.3428451570933483,0.3428451570933483
6.91,71.3,52.0,65.4,0,0.7363566845867028,-0.7363566845867028,0.7363566845867028
6.9,69.8,60.5,49.2,1,0.5579278899771537,0.4420721100228463,0.4420721100228463
7.31,57.8,54.6,45.2,0,0.5330229302832877,-0.5330229302832877,0.5330229302832877
9.5,69.2,62.8,81.0,1,1.1756313876493816,-0.17563138764938158,0.17563138764938158
7.56,67.0,58.5,60.8,1,0.7473911688124276,0.2526088311875724,0.2526088311875724
6.93,65.5,54.1,48.7,1,0.5461186149673264,0.4538813850326736,0.4538813850326736
8.77,83.6,92.9,74.4,1,1.0606640805144902,-0.06066408051449024,0.06066408051449024
9.7,83.9,83.9,87.9,1,1.3040212183179207,-0.3040212183179207,0.3040212183179207
7.21,74.5,56.4,44.8,1,0.5512619725670859,0.44873802743291413,0.44873802743291413
4.55,45.6,26.0,32.1,0,0.07191550998507779,-0.07191550998507779,0.07191550998507779
8.37,76.6,52.7,49.2,1,0.7244290631402176,0.2755709368597824,0.2755709368597824
5.12,49.4,25.7,26.3,0,0.07625499657565415,-0.07625499657565415,0.07625499657565415
6.98,67.9,49.5,54.9,1,0.6226131309006454,0.3773868690993546,0.3773868690993546
9.97,77.8,91.5,64.4,1,1.0665776887931213,-0.06657768879312131,0.06657768879312131
8.09,70.1,53.6,70.5,1,0.9136517227556434,0.08634827724435656,0.08634827724435656
4.39,48.5,21.4,33.1,0,0.07086603306198869,-0.07086603306198869,0.07086603306198869
8.8,82.3,82.3,68.3,1,0.9932280447530629,0.006771955246937078,0.006771955246937078
9.25,76.4,77.2,70.0,1,1.04652315655138,-0.04652315655137995,0.04652315655137995
4.4,50.5,25.6,33.1,0,0.07655986490554711,-0.07655986490554711,0.07655986490554711
9.01,82.3,73.6,44.0,1,0.7499867683876614,0.25001323161233857,0.25001323161233857
7.41,44.1,26.1,24.2,0,0.28377654962992904,-0.28377654962992904,0.28377654962992904
9.03,98.9,85.4,76.9,1,1.1438857209516646,-0.14388572095166463,0.14388572095166463
4.85,45.3,27.7,35.7,0,0.14222914468876358,-0.14222914468876358,0.14222914468876358
5.87,54.7,23.2,34.0,0,0.24864981205189995,-0.24864981205189995,0.24864981205189995
6.77,49.4,51.0,57.1,1,0.5883682125322168,0.4116317874677832,0.4116317874677832
7.66,68.1,58.7,42.8,1,0.564667360762417,0.43533263923758303,0.43533263923758303
6.19,42.4,29.2,30.6,0,0.22224271611840607,-0.22224271611840607,0.22224271611840607
4.07,50.9,27.5,36.2,0,0.07664621261254745,-0.07664621261254745,0.07664621261254745
4.02,45.6,28.3,25.7,0,-0.05287495459952962,0.05287495459952962,0.05287495459952962
9.04,76.1,87.9,71.8,1,1.04523379619748,-0.045233796197480025,0.045233796197480025
9.0,80.4,68.0,77.3,1,1.10578918685242,-0.10578918685241989,0.10578918685241989
7.92,69.2,67.3,46.7,1,0.6379602999853305,0.36203970001466945,0.36203970001466945
4.86,44.6,31.9,28.7,0,0.06662345350477883,-0.06662345350477883,0.06662345350477883
6.47,73.1,58.5,58.5,1,0.6198461684813131,0.38015383151868687,0.38015383151868687
7.38,86.8,79.3,76.0,1,0.9359204667962217,0.06407953320377835,0.06407953320377835
8.15,88.5,59.8,62.1,1,0.8659372062916358,0.13406279370836416,0.13406279370836416
6.33,62.8,66.3,59.0,1,0.59167315324172,0.40832684675828,0.40832684675828
7.67,73.4,55.3,59.1,1,0.7525119452647656,0.2474880547352344,0.2474880547352344
6.74,80.9,88.5,97.3,1,1.089904765135814,-0.08990476513581402,0.08990476513581402
8.24,75.4,87.7,66.2,1,0.8989536957327414,0.10104630426725858,0.10104630426725858
7.23,79.3,82.0,60.6,1,0.7386962482764606,0.26130375172353937,0.26130375172353937
5.9,76.3,51.0,52.7,1,0.5019758395493977,0.49802416045060227,0.49802416045060227
8.67,69.1,59.2,38.1,1,0.6218292784239187,0.37817072157608134,0.37817072157608134
5.46,67.8,56.7,61.5,1,0.5355641451772467,0.4644358548227533,0.4644358548227533
6.74,62.3,47.5,49.1,0,0.5230860075824458,-0.5230860075824458,0.5230860075824458
6.1,47.1,30.6,38.2,0,0.3047634054847054,-0.3047634054847054,0.3047634054847054
6.0,65.1,51.3,48.4,1,0.44386419650866527,0.5561358034913347,0.5561358034913347
8.64,67.5,76.2,66.6,1,0.9278617929499197,0.07213820705008034,0.07213820705008034
6.98,96.0,77.2,66.2,1,0.805187547568803,0.19481245243119705,0.19481245243119705
9.65,83.8,69.3,75.3,1,1.1592804070684504,-0.15928040706845037,0.15928040706845037
4.18,50.5,23.3,33.0,0,0.05196173722373021,-0.05196173722373021,0.05196173722373021
9.9,74.5,74.4,85.2,1,1.2756510791102222,-0.27565107911022224,0.27565107911022224
7.5,88.3,55.8,51.1,1,0.6771258530251122,0.3228741469748878,0.3228741469748878
9.96,78.9,69.4,84.6,1,1.2832266843667135,-0.2832266843667135,0.2832266843667135
8.24,66.9,55.2,43.8,1,0.6335239356652119,0.3664760643347881,0.3664760643347881
7.82,77.5,80.7,65.7,1,0.85231509221177,0.14768490778822996,0.14768490778822996
8.6,86.9,79.8,65.2,1,0.9471567834116127,0.05284321658838731,0.05284321658838731
7.71,68.4,69.6,47.4,1,0.6223132069727587,0.3776867930272413,0.3776867930272413
8.05,60.4,53.4,50.4,1,0.6721457629813831,0.32785423701861693,0.32785423701861693
6.35,70.4,48.4,48.6,0,0.4927268452955097,-0.4927268452955097,0.4927268452955097
8.93,80.5,81.1,58.0,1,0.8913241332662426,0.1086758667337574,0.1086758667337574
5.51,66.1,60.3,58.6,0,0.5066103819718998,-0.5066103819718998,0.5066103819718998
9.56,86.1,83.3,66.2,1,1.057927572452964,-0.05792757245296398,0.05792757245296398
6.83,49.5,31.1,31.6,0,0.3146199514690863,-0.3146199514690863,0.3146199514690863
7.32,73.3,77.4,74.4,1,0.8854177338029762,0.11458226619702383,0.11458226619702383
6.92,71.7,61.4,48.8,1,0.5595703644201105,0.44042963557988946,0.44042963557988946
7.33,58.2,58.0,51.9,1,0.6092322419242079,0.3907677580757921,0.3907677580757921
4.0,47.2,30.1,34.9,0,0.04835596774741169,-0.04835596774741169,0.04835596774741169
4.17,37.6,6.9,27.4,0,-0.038011120042903745,0.038011120042903745,0.038011120042903745
8.84,84.1,69.9,70.6,1,1.0238203390813325,-0.02382033908133252,0.02382033908133252
6.04,51.4,28.7,32.9,0,0.24903283822588385,-0.24903283822588385,0.24903283822588385
9.41,96.4,69.6,70.9,1,1.1110739983526368,-0.11107399835263676,0.11107399835263676
8.84,100.0,90.0,82.1,1,1.1833194225729828,-0.18331942257298284,0.18331942257298284
7.71,63.8,55.8,49.6,1,0.6348134365913932,0.3651865634086068,0.3651865634086068
7.51,80.8,92.6,79.4,1,0.9769871741015704,0.023012825898429567,0.023012825898429567
8.77,80.5,69.5,71.0,1,1.0136713927937389,-0.013671392793738857,0.013671392793738857
9.44,86.3,78.4,64.9,1,1.03075900721843,-0.030759007218430057,0.030759007218430057
4.0,42.0,33.6,27.6,0,-0.040511133222956186,0.040511133222956186,0.040511133222956186
6.89,74.7,60.1,43.5,1,0.5045428771610584,0.4954571228389416,0.4954571228389416
7.28,57.6,58.3,46.6,1,0.5453088287871025,0.4546911712128975,0.4546911712128975
6.56,59.9,49.0,50.7,0,0.5170854755776074,-0.5170854755776074,0.5170854755776074
8.37,94.5,78.7,63.7,1,0.9214322448689042,0.07856775513109582,0.07856775513109582
8.44,62.7,59.6,34.8,1,0.5493346984063915,0.4506653015936085,0.4506653015936085
9.04,79.8,65.2,95.8,1,1.3091920489079878,-0.3091920489079878,0.3091920489079878
8.12,70.1,77.4,79.9,1,1.022921918815232,-0.02292191881523209,0.02292191881523209
7.34,77.9,61.3,60.2,1,0.73963261517892,0.26036738482108,0.26036738482108
4.41,30.1,10.0,48.6,1,0.2031852778259714,0.7968147221740286,0.7968147221740286
7.53,67.7,51.2,52.1,1,0.6499107798398432,0.35008922016015676,0.35008922016015676
6.13,67.7,59.2,53.4,1,0.5182632757410875,0.48173672425891245,0.48173672425891245
8.53,91.9,100.0,88.7,1,1.208203089570281,-0.2082030895702811,0.2082030895702811
4.38,35.8,6.5,25.1,0,-0.04451508385002223,0.04451508385002223,0.04451508385002223
5.58,69.0,58.9,50.5,1,0.4314789162576981,0.5685210837423019,0.5685210837423019
9.27,79.8,77.9,76.1,1,1.1216467948697382,-0.12164679486973817,0.12164679486973817
6.1,71.8,55.6,55.4,0,0.5442589663906926,-0.5442589663906926,0.5442589663906926
6.07,54.5,51.8,37.9,1,0.3164982848733301,0.6835017151266699,0.6835017151266699
7.63,68.7,57.5,54.9,1,0.6938576946891916,0.30614230531080844,0.30614230531080844
8.76,65.1,59.3,44.1,1,0.6885942390354584,0.31140576096454164,0.31140576096454164
9.79,85.8,85.2,89.8,1,1.3380594461312074,-0.3380594461312074,0.3380594461312074
5.74,77.5,68.0,54.8,0,0.513217857128932,-0.513217857128932,0.513217857128932
9.34,84.6,94.0,66.3,1,1.034774649935923,-0.03477464993592294,0.03477464993592294
7.18,71.1,52.7,46.2,1,0.5560031477337289,0.44399685226627106,0.44399685226627106
4.95,49.5,26.0,35.7,0,0.16069311209394066,-0.16069311209394066,0.16069311209394066
5.76,57.7,28.6,27.5,0,0.17333000419954436,-0.17333000419954436,0.17333000419954436
5.38,46.2,21.6,32.8,0,0.16716761874404706,-0.16716761874404706,0.16716761874404706
7.63,66.1,50.5,59.7,1,0.7396727983978951,0.2603272016021049,0.2603272016021049
5.49,71.4,55.0,64.7,1,0.5802363841127397,0.4197636158872603,0.4197636158872603
6.27,72.9,79.3,61.7,1,0.6367274189295401,0.3632725810704599,0.3632725810704599
7.08,87.6,77.8,79.4,1,0.9426216689094941,0.05737833109050594,0.05737833109050594
6.72,69.5,60.6,44.1,0,0.4830689035803776,-0.4830689035803776,0.4830689035803776
8.92,68.8,57.0,56.4,1,0.8458210801914549,0.15417891980854515,0.15417891980854515
8.41,76.8,73.5,85.5,1,1.1266847413216832,-0.12668474132168317,0.12668474132168317
6.45,64.1,49.6,41.8,1,0.4172454122866106,0.5827545877133894,0.5827545877133894
5.25,46.1,29.9,35.1,0,0.17969707722124573,-0.17969707722124573,0.17969707722124573
7.55,72.1,54.0,40.8,0,0.5384436890736349,-0.5384436890736349,0.5384436890736349
8.97,58.0,47.8,47.5,1,0.7316766695156233,0.26832333048437673,0.26832333048437673
5.02,59.1,29.4,31.3,0,0.13970450739337326,-0.13970450739337326,0.13970450739337326
7.28,62.5,56.6,51.6,0,0.6089230181883011,-0.6089230181883011,0.6089230181883011
9.48,90.1,82.9,59.3,1,0.9823910025529111,0.01760899744708888,0.01760899744708888
9.84,58.6,81.7,70.3,1,1.0776084892483944,-0.07760848924839436,0.07760848924839436
7.77,90.4,81.6,58.0,1,0.7889390414742957,0.21106095852570428,0.21106095852570428
9.77,90.8,60.0,99.7,1,1.4489572723875948,-0.44895727238759475,0.44895727238759475
5.11,53.4,24.1,35.7,0,0.18483945571521587,-0.18483945571521587,0.18483945571521587
6.89,50.1,58.0,59.3,0,0.6274332511676569,-0.6274332511676569,0.6274332511676569
5.42,45.9,22.3,25.6,0,0.09273120571594806,-0.09273120571594806,0.09273120571594806
5.26,41.3,26.1,33.8,0,0.156562512777347,-0.156562512777347,0.156562512777347
7.74,82.6,67.1,63.7,1,0.8298847627778837,0.1701152372221163,0.1701152372221163
6.86,67.5,51.5,38.0,0,0.4260746391961915,-0.4260746391961915,0.4260746391961915
7.93,73.9,55.8,47.2,1,0.6517038057563834,0.3482961942436166,0.3482961942436166
5.97,43.7,18.6,35.1,0,0.24872252606304113,-0.24872252606304113,0.24872252606304113
9.15,72.8,77.4,89.8,1,1.2439501194369607,-0.24395011943696066,0.24395011943696066
6.0,51.5,35.2,32.7,0,0.24396334379650597,-0.24396334379650597,0.24396334379650597
5.48,60.9,58.8,48.7,1,0.38550905533728497,0.614490944662715,0.614490944662715
7.78,68.3,62.4,50.1,1,0.6575585206663243,0.34244147933367575,0.34244147933367575
5.0,51.7,28.7,31.0,0,0.1196992066973569,-0.1196992066973569,0.1196992066973569
8.05,77.2,77.0,70.0,1,0.9219507918854907,0.07804920811450933,0.07804920811450933
8.7,92.4,68.6,66.7,1,0.9828371387776432,0.017162861222356773,0.017162861222356773
5.16,52.5,29.5,23.7,0,0.05896443582224642,-0.05896443582224642,0.05896443582224642
7.65,59.0,52.5,58.6,0,0.7162351875293377,-0.7162351875293377,0.7162351875293377
7.45,72.1,69.4,47.8,1,0.6065617950416834,0.3934382049583166,0.3934382049583166
6.02,78.6,47.3,52.1,1,0.5119562189224297,0.4880437810775703,0.4880437810775703
7.84,51.2,51.4,50.3,1,0.6305892321707026,0.3694107678292974,0.3694107678292974
9.9,97.1,95.9,61.3,0,1.064203233173831,-1.064203233173831,1.064203233173831
7.1,84.5,49.9,55.1,1,0.6700510978589272,0.32994890214107275,0.32994890214107275
8.61,72.6,91.1,60.0,1,0.8656072103308684,0.1343927896691316,0.1343927896691316
7.38,64.3,62.0,66.2,0,0.7823996926457789,-0.7823996926457789,0.7823996926457789
5.86,57.7,27.7,35.5,0,0.27054165902210225,-0.27054165902210225,0.27054165902210225
6.62,88.0,59.6,56.8,1,0.6465906983104898,0.35340930168951024,0.35340930168951024
4.68,59.8,58.9,47.1,0,0.2819230006448895,-0.2819230006448895,0.2819230006448895
6.69,70.5,59.7,47.6,1,0.5197252780037841,0.4802747219962159,0.4802747219962159
6.26,71.1,63.9,55.9,0,0.5665441977367826,-0.5665441977367826,0.5665441977367826
6.93,82.6,72.8,64.5,1,0.7544197034672325,0.24558029653276747,0.24558029653276747
7.15,55.5,53.6,53.5,1,0.6016359463231306,0.39836405367686945,0.39836405367686945
6.04,77.2,73.4,53.5,1,0.5309634858784639,0.46903651412153613,0.46903651412153613
7.76,70.7,80.9,63.5,1,0.8088092687541933,0.19119073124580666,0.19119073124580666
5.86,43.6,27.5,35.6,0,0.2439135457836331,-0.2439135457836331,0.2439135457836331
4.14,51.4,30.3,28.0,0,-0.003565661816700594,0.003565661816700594,0.003565661816700594
5.99,58.2,63.9,54.9,1,0.5019887471072627,0.4980112528927373,0.4980112528927373
4.86,74.4,50.4,51.2,0,0.37256381094228763,-0.37256381094228763,0.37256381094228763
7.08,72.3,58.9,63.5,1,0.7367343250615291,0.26326567493847086,0.26326567493847086
7.19,73.7,60.1,47.1,1,0.5731922383343974,0.42680776166560264,0.42680776166560264
6.52,69.1,41.6,48.7,1,0.5079655018749131,0.4920344981250869,0.4920344981250869
7.52,37.0,28.8,32.4,0,0.37088685669017674,-0.37088685669017674,0.37088685669017674
5.89,66.6,63.7,47.0,0,0.4221651051194374,-0.4221651051194374,0.4221651051194374
6.75,81.9,53.8,54.4,1,0.6212309529697021,0.3787690470302979,0.3787690470302979
5.74,53.8,29.7,20.5,0,0.08776066620221479,-0.08776066620221479,0.08776066620221479
6.11,56.8,55.2,44.3,0,0.3952821883449632,-0.3952821883449632,0.3952821883449632
6.38,77.2,57.0,59.9,1,0.633380574632881,0.366619425367119,0.366619425367119
5.73,54.1,27.7,30.8,0,0.19878472210271403,-0.19878472210271403,0.19878472210271403
5.67,64.3,57.5,61.9,0,0.5552416549747571,-0.5552416549747571,0.5552416549747571
9.94,99.5,98.1,55.5,0,1.010522991776861,-1.010522991776861,1.010522991776861
6.97,74.4,54.3,49.6,1,0.5775992635409409,0.42240073645905907,0.42240073645905907
9.8,92.1,76.0,69.6,1,1.1305960373948043,-0.1305960373948043,0.1305960373948043
4.81,100.0,77.0,80.4,1,0.7391289406936871,0.26087105930631294,0.26087105930631294
9.12,79.5,71.5,72.2,1,1.0618597293152119,-0.06185972931521189,0.06185972931521189
6.86,67.4,47.4,45.1,1,0.5022635249513591,0.49773647504864094,0.49773647504864094
9.13,66.1,65.1,74.3,1,1.0583127067949634,-0.058312706794963365,0.058312706794963365
8.1,79.2,93.0,73.8,1,0.9751186013567371,0.024881398643262886,0.024881398643262886
8.88,85.2,79.4,74.1,1,1.0698041233843352,-0.06980412338433517,0.06980412338433517
7.95,89.7,69.5,77.5,1,1.0161282558450742,-0.016128255845074158,0.016128255845074158
6.32,80.7,48.9,58.4,0,0.6162781853074205,-0.6162781853074205,0.6162781853074205
4.6,74.4,65.1,44.5,0,0.27500675823686394,-0.27500675823686394,0.27500675823686394
6.65,68.5,47.7,53.4,1,0.5725183901729073,0.4274816098270927,0.4274816098270927
8.0,56.3,50.2,65.8,1,0.8254945978298406,0.17450540217015942,0.17450540217015942
7.32,64.4,56.1,58.3,1,0.6895132546972108,0.3104867453027892,0.3104867453027892
9.12,78.2,58.6,58.4,1,0.9072794075788936,0.09272059242110642,0.09272059242110642
8.85,63.5,47.4,60.3,1,0.8687644670894231,0.13123553291057688,0.13123553291057688
8.88,79.2,87.4,71.0,1,1.025733962758343,-0.025733962758343054,0.025733962758343054
6.39,72.4,43.5,50.4,0,0.5195631218888322,-0.5195631218888322,0.5195631218888322
4.64,53.7,28.6,25.8,0,0.029319207088443933,-0.029319207088443933,0.029319207088443933
6.01,81.9,48.8,46.3,0,0.4546687813466327,-0.4546687813466327,0.4546687813466327
5.08,54.4,24.2,32.8,0,0.1521815357924715,-0.1521815357924715,0.1521815357924715
5.81,75.1,53.6,50.9,1,0.471063017190296,0.528936982809704,0.528936982809704
7.32,70.3,51.2,47.5,1,0.5830035068561185,0.41699649314388154,0.41699649314388154
7.57,75.6,48.5,48.1,1,0.6257340351830666,0.3742659648169334,0.3742659648169334
7.84,67.8,52.6,54.3,0,0.7068095332952385,-0.7068095332952385,0.7068095332952385
9.79,79.1,70.2,68.0,1,1.0856638488382884,-0.08566384883828837,0.08566384883828837
9.95,82.3,82.2,61.1,1,1.0358946011328092,-0.03589460113280918,0.03589460113280918
8.55,73.7,78.9,71.4,1,0.9831493114316051,0.01685068856839489,0.01685068856839489
4.45,43.8,25.0,30.6,0,0.04141669002134585,-0.04141669002134585,0.04141669002134585
7.07,51.3,24.9,36.8,0,0.39877375909305324,-0.39877375909305324,0.39877375909305324
5.49,64.8,55.2,33.2,0,0.22531785582369868,-0.22531785582369868,0.22531785582369868
5.53,76.2,48.9,58.0,0,0.5200798645136829,-0.5200798645136829,0.5200798645136829
9.26,77.2,77.4,81.7,1,1.1762058346860478,-0.17620583468604778,0.17620583468604778
9.92,63.3,77.4,79.6,1,1.1954788138217198,-0.19547881382171983,0.19547881382171983
8.57,90.2,73.1,80.2,1,1.1121942738131287,-0.11219427381312874,0.11219427381312874
8.02,81.0,59.3,53.5,1,0.7440964733479883,0.25590352665201166,0.25590352665201166
6.87,59.8,55.8,55.9,1,0.6070841861642094,0.39291581383579055,0.39291581383579055
6.06,59.9,60.6,60.6,0,0.5740042396843795,-0.5740042396843795,0.5740042396843795
4.89,38.5,28.1,34.3,0,0.11795212866806637,-0.11795212866806637,0.11795212866806637
7.63,56.8,47.3,47.2,0,0.5851571233884038,-0.5851571233884038,0.5851571233884038
8.57,81.7,82.0,57.1,1,0.8462295017785547,0.15377049822144528,0.15377049822144528
7.66,77.1,72.2,64.4,1,0.8191507047807206,0.1808492952192794,0.1808492952192794
7.17,78.7,61.8,77.1,1,0.906906698432303,0.09309330156769702,0.09309330156769702
9.63,81.7,82.1,58.8,1,0.9760995351536056,0.02390046484639441,0.02390046484639441
5.83,42.5,30.7,34.7,0,0.22937617910411523,-0.22937617910411523,0.22937617910411523
7.73,73.0,64.3,52.1,1,0.6835688325627597,0.3164311674372403,0.3164311674372403
8.3,77.9,91.9,75.7,1,1.0140253204710694,-0.014025320471069413,0.014025320471069413
5.98,70.8,56.1,48.9,0,0.4591996752716664,-0.4591996752716664,0.4591996752716664
8.03,72.6,60.5,96.3,1,1.193542698009677,-0.19354269800967705,0.19354269800967705
6.27,89.4,65.9,65.7,1,0.7102599224125875,0.2897400775874125,0.2897400775874125
6.9,77.0,76.0,66.8,1,0.7657908666982615,0.23420913330173854,0.23420913330173854
6.89,42.9,22.5,27.6,0,0.26307325975665663,-0.26307325975665663,0.26307325975665663
6.56,75.2,53.0,56.5,0,0.6107742090952716,-0.6107742090952716,0.6107742090952716
9.29,85.7,74.6,66.0,1,1.0251118144491458,-0.025111814449145786,0.025111814449145786
4.35,38.0,28.1,30.3,0,0.016793568425152006,-0.016793568425152006,0.016793568425152006
8.14,81.0,86.7,79.0,1,1.038237225111175,-0.03823722511117511,0.03823722511117511
8.63,91.0,84.3,56.8,1,0.8679271391950812,0.13207286080491876,0.13207286080491876
7.85,71.7,50.5,51.3,1,0.682587090190964,0.317412909809036,0.317412909809036
8.54,81.3,65.2,71.8,1,0.9990228583557791,0.0009771416442209135,0.0009771416442209135
6.86,44.8,32.2,35.8,0,0.3543333169256072,-0.3543333169256072,0.3543333169256072
8.35,62.8,50.8,63.2,1,0.8469105759236585,0.15308942407634152,0.15308942407634152
6.08,39.9,29.5,31.6,0,0.21668322255790662,-0.21668322255790662,0.21668322255790662
4.93,46.4,26.5,31.8,0,0.11024863264272822,-0.11024863264272822,0.11024863264272822
6.83,62.9,46.4,44.2,1,0.48033489480299985,0.5196651051970002,0.5196651051970002
9.78,98.5,95.3,45.5,1,0.8826973535173238,0.11730264648267619,0.11730264648267619
7.13,88.1,90.0,70.0,1,0.8488836641482332,0.15111633585176676,0.15111633585176676
6.49,73.7,68.9,62.3,0,0.6661572833884241,-0.6661572833884241,0.6661572833884241
9.81,82.2,77.6,70.2,1,1.1189995238050625,-0.11899952380506251,0.11899952380506251
5.77,53.4,34.2,29.5,0,0.18860927183221332,-0.18860927183221332,0.18860927183221332
6.56,48.6,26.0,32.7,0,0.2955511130844716,-0.2955511130844716,0.2955511130844716
7.53,72.4,56.0,41.2,1,0.5416149153773447,0.45838508462265526,0.45838508462265526
5.54,44.0,30.8,30.1,0,0.15191931546130022,-0.15191931546130022,0.15191931546130022
6.87,94.4,78.0,89.4,1,1.0425060675526265,-0.042506067552626536,0.042506067552626536
5.08,56.5,26.5,27.0,0,0.09372580612445802,-0.09372580612445802,0.09372580612445802
5.68,64.6,53.3,48.3,0,0.4085092546091348,-0.4085092546091348,0.4085092546091348
8.31,79.6,72.9,87.8,1,1.1465411189288588,-0.1465411189288588,0.1465411189288588
9.16,82.8,62.6,83.9,1,1.198049957304213,-0.19804995730421293,0.19804995730421293
9.03,74.9,90.0,69.9,1,1.0215571942139317,-0.021557194213931652,0.021557194213931652
7.14,72.1,66.0,55.1,1,0.6526597657536627,0.3473402342463373,0.3473402342463373
7.3,57.2,48.3,43.2,1,0.5080050262620982,0.4919949737379018,0.4919949737379018
7.1,72.6,76.3,58.4,1,0.6870235589186452,0.3129764410813548,0.3129764410813548
7.7,69.6,52.9,60.0,1,0.7575666503312858,0.24243334966871422,0.24243334966871422
5.43,75.8,59.6,44.9,0,0.36838452401238564,-0.36838452401238564,0.36838452401238564
7.71,58.6,53.5,56.7,1,0.7012976909311256,0.2987023090688744,0.2987023090688744
6.26,62.5,50.2,54.8,1,0.5353809249333955,0.4646190750666045,0.4646190750666045
6.04,69.2,55.7,52.5,0,0.5013811748851117,-0.5013811748851117,0.5013811748851117
4.89,42.9,26.6,29.3,0,0.07204867360033729,-0.07204867360033729,0.07204867360033729
8.53,72.3,51.6,53.2,1,0.7760426110003252,0.22395738899967477,0.22395738899967477
8.49,77.5,75.5,73.4,1,1.0054374847394256,-0.005437484739425624,0.005437484739425624
6.81,65.1,64.0,52.4,1,0.574582921213112,0.42541707878688795,0.42541707878688795
6.0,75.9,50.7,65.9,0,0.6549611621362471,-0.6549611621362471,0.6549611621362471
8.6,87.3,85.0,83.1,1,1.1431701052385859,-0.14317010523858587,0.14317010523858587
7.41,100.0,83.7,67.6,1,0.8745379517964543,0.12546204820354567,0.12546204820354567
5.39,64.2,66.1,60.3,1,0.5097163313739476,0.49028366862605244,0.49028366862605244
5.82,77.7,54.0,42.1,0,0.3817444402907021,-0.3817444402907021,0.3817444402907021
7.71,65.6,48.5,61.9,1,0.7706426466865747,0.22935735331342533,0.22935735331342533
6.02,61.0,56.5,51.5,0,0.4724614545819793,-0.4724614545819793,0.4724614545819793
4.18,33.0,7.1,72.5,1,0.44369537999200237,0.5563046200079976,0.5563046200079976
5.21,67.7,53.9,59.1,0,0.4825605130905707,-0.4825605130905707,0.4825605130905707
6.22,71.0,63.6,50.6,0,0.5045508497656591,-0.5045508497656591,0.5045508497656591
6.53,40.8,22.3,29.1,0,0.23736954323629,-0.23736954323629,0.23736954323629
6.48,87.5,65.1,69.3,1,0.7675478217700841,0.23245217822991593,0.23245217822991593
10.0,80.1,92.2,83.1,1,1.2773913088522346,-0.2773913088522346,0.2773913088522346
7.96,88.4,63.3,73.9,1,0.9744838238634902,0.025516176136509805,0.025516176136509805
5.5,47.3,22.6,29.1,0,0.14193756465181895,-0.14193756465181895,0.14193756465181895
4.95,48.9,33.8,35.7,0,0.16084632196830217,-0.16084632196830217,0.16084632196830217
9.82,81.9,86.7,71.8,1,1.1383856499574074,-0.13838564995740743,0.13838564995740743
8.62,58.2,48.0,42.0,1,0.6356080871717477,0.36439191282825234,0.36439191282825234
4.74,66.2,61.0,48.4,0,0.31526475917506247,-0.31526475917506247,0.31526475917506247
7.21,70.8,46.9,59.0,0,0.6965470553481982,-0.6965470553481982,0.6965470553481982
6.32,67.8,59.9,53.2,1,0.5363748488968542,0.46362515110314584,0.46362515110314584
8.52,81.9,72.2,77.7,1,1.0633498873092813,-0.06334988730928126,0.06334988730928126
4.2,49.1,25.8,29.3,0,0.011570852804943077,-0.011570852804943077,0.011570852804943077
6.67,89.4,80.3,76.3,1,0.8698379568520543,0.13016204314794566,0.13016204314794566
9.9,99.1,99.8,56.3,1,1.0145098514645445,-0.014509851464544532,0.014509851464544532
5.47,51.6,23.6,30.6,0,0.16368235300046463,-0.16368235300046463,0.16368235300046463
6.47,72.7,61.0,50.8,1,0.5358884803151983,0.4641115196848017,0.4641115196848017
7.3,67.0,58.9,42.6,1,0.5225380641439289,0.4774619358560711,0.4774619358560711
4.45,37.2,5.9,75.9,1,0.5170239499785648,0.4829760500214352,0.4829760500214352
7.18,81.5,65.7,53.9,1,0.662236891219593,0.33776310878040705,0.33776310878040705
7.75,94.1,84.2,79.1,1,1.0236275581711443,-0.02362755817114426,0.02362755817114426
7.05,90.8,88.7,75.9,1,0.9096113700327516,0.09038862996724839,0.09038862996724839
7.79,79.4,80.7,64.4,1,0.8387781317906567,0.16122186820934326,0.16122186820934326
4.21,33.3,34.7,27.8,0,-0.033161943948938455,0.033161943948938455,0.033161943948938455
8.86,65.8,56.3,48.1,1,0.7433936078342246,0.2566063921657754,0.2566063921657754
5.47,59.2,44.3,50.9,0,0.402531909081859,-0.402531909081859,0.402531909081859
6.2,89.8,59.4,85.0,1,0.9121201309238892,0.08787986907611078,0.08787986907611078
9.85,97.0,96.8,31.2,0,0.7321096003174655,-0.7321096003174655,0.7321096003174655
5.17,47.0,27.4,39.3,0,0.2182294881080692,-0.2182294881080692,0.2182294881080692
7.55,55.2,50.5,52.7,1,0.6338686220522952,0.3661313779477048,0.3661313779477048
9.92,87.6,66.4,83.5,1,1.28364734115122,-0.2836473411512199,0.2836473411512199
4.15,52.9,21.9,34.7,0,0.0717384837362044,-0.0717384837362044,0.0717384837362044
9.41,74.5,82.1,88.5,1,1.261298866042218,-0.26129886604221797,0.26129886604221797
6.79,35.9,27.0,25.2,0,0.2135335827197541,-0.2135335827197541,0.2135335827197541
4.71,81.7,62.5,44.6,0,0.3015393535922174,-0.3015393535922174,0.3015393535922174
5.43,51.2,31.7,30.8,0,0.16224715821195945,-0.16224715821195945,0.16224715821195945
8.08,82.5,82.6,61.3,1,0.8420074736618527,0.1579925263381473,0.1579925263381473
4.53,39.0,25.4,31.5,0,0.05024064612603263,-0.05024064612603263,0.05024064612603263
4.17,56.2,28.0,21.7,0,-0.05978180891637497,0.05978180891637497,0.05978180891637497
6.86,64.7,68.7,57.0,1,0.6297965695665365,0.3702034304334635,0.3702034304334635
7.74,79.2,88.5,67.5,1,0.8681188210946477,0.13188117890535234,0.13188117890535234
6.77,75.3,78.6,74.0,1,0.8274060742066215,0.1725939257933785,0.1725939257933785
7.03,71.9,51.2,59.2,1,0.6826953553051217,0.3173046446948783,0.3173046446948783
7.37,58.7,55.4,54.2,0,0.6389448770427836,-0.6389448770427836,0.6389448770427836
9.78,71.9,77.9,64.9,1,1.0381358693962461,-0.038135869396246136,0.038135869396246136
9.28,77.4,77.5,91.2,1,1.2818590452539977,-0.28185904525399774,0.28185904525399774
8.74,85.1,60.1,76.8,1,1.0809155490599585,-0.08091554905995846,0.08091554905995846
4.11,49.3,31.7,31.5,0,0.027397602644313124,-0.027397602644313124,0.027397602644313124
7.2,77.4,63.6,62.6,1,0.7503877315572968,0.24961226844270323,0.24961226844270323
8.57,98.5,85.0,73.6,1,1.0588623739202938,-0.05886237392029381,0.05886237392029381
7.5,80.5,93.6,67.2,1,0.8430623136539374,0.15693768634606264,0.15693768634606264
8.77,62.3,63.4,61.6,1,0.8748460285144019,0.12515397148559815,0.12515397148559815
6.1,45.8,31.1,31.2,0,0.22629754495184395,-0.22629754495184395,0.22629754495184395
9.25,81.4,86.8,71.9,1,1.0786052292427364,-0.07860522924273639,0.07860522924273639
5.96,69.8,58.9,62.4,1,0.6021823888647514,0.3978176111352486,0.3978176111352486
9.81,87.3,76.5,69.3,1,1.1190522898381094,-0.11905228983810945,0.11905228983810945
6.74,48.3,24.9,28.5,0,0.26809128113699965,-0.26809128113699965,0.26809128113699965
8.81,72.2,78.3,79.6,1,1.0964534134271022,-0.09645341342710223,0.09645341342710223
9.67,98.6,91.3,76.5,1,1.2072187970076445,-0.20721879700764445,0.20721879700764445
7.31,62.1,59.7,46.8,1,0.5597058031041088,0.4402941968958912,0.4402941968958912
6.78,66.1,52.4,50.9,0,0.5551282295842693,-0.5551282295842693,0.5551282295842693
9.29,74.5,85.9,46.8,1,0.7965986246125293,0.20340137538747072,0.20340137538747072
5.67,40.3,24.1,29.2,0,0.1474029548846948,-0.1474029548846948,0.1474029548846948
7.05,69.6,41.1,53.8,1,0.6199305560322018,0.3800694439677982,0.3800694439677982
7.88,49.6,50.1,50.6,0,0.6346871606790644,-0.6346871606790644,0.6346871606790644
4.04,49.7,26.1,27.4,0,-0.024642931197523255,0.024642931197523255,0.024642931197523255
8.97,83.8,82.7,67.7,1,1.0075921396225018,-0.007592139622501826,0.007592139622501826
5.33,57.9,28.8,38.9,0,0.2523378550707528,-0.2523378550707528,0.2523378550707528
4.8,65.4,50.0,61.9,0,0.4646923720399162,-0.4646923720399162,0.4646923720399162
8.49,81.6,59.7,82.3,1,1.1074174205092988,-0.10741742050929881,0.10741742050929881
9.88,93.6,77.2,67.0,1,1.1139244535850938,-0.11392445358509384,0.11392445358509384
7.95,84.8,93.1,87.8,1,1.1223637428862747,-0.12236374288627472,0.12236374288627472
4.98,56.0,32.0,27.8,0,0.09185938975172547,-0.09185938975172547,0.09185938975172547
7.74,100.0,65.7,83.5,1,1.0787728088877677,-0.07877280888776772,0.07877280888776772
4.66,50.5,30.5,29.5,0,0.06563432261156887,-0.06563432261156887,0.06563432261156887
6.81,84.5,59.0,40.3,1,0.4804438056601804,0.5195561943398196,0.5195561943398196
6.42,54.5,30.9,29.5,0,0.2585144217909964,-0.2585144217909964,0.2585144217909964
8.94,81.8,63.2,68.8,1,1.009128277963928,-0.0091282779639279,0.0091282779639279
8.02,71.8,58.9,47.4,1,0.6597398719423669,0.34026012805763306,0.34026012805763306
7.19,84.8,77.0,68.1,1,0.8258640846797268,0.17413591532027317,0.17413591532027317
8.77,68.6,48.3,48.4,1,0.7413240374316364,0.25867596256836356,0.25867596256836356
8.49,86.9,80.8,76.7,1,1.0606232269785751,-0.06062322697857514,0.06062322697857514
8.42,72.4,61.2,55.1,1,0.7869455368119326,0.21305446318806742,0.21305446318806742
4.14,47.6,27.7,31.1,0,0.022187645014622337,-0.022187645014622337,0.022187645014622337
9.25,85.0,59.8,78.0,1,1.1472926744707652,-0.14729267447076522,0.14729267447076522
4.59,43.6,29.0,26.0,0,0.006477049347866859,-0.006477049347866859,0.006477049347866859
6.93,64.9,57.2,37.9,0,0.42821392721345475,-0.42821392721345475,0.42821392721345475
7.28,66.7,46.8,43.6,1,0.5286394821177797,0.47136051788222033,0.47136051788222033
4.65,44.3,25.7,36.0,0,0.1221637345988481,-0.1221637345988481,0.1221637345988481
7.98,71.9,88.2,75.7,1,0.967986336225983,0.03201366377401704,0.03201366377401704
9.3,79.9,83.0,59.7,1,0.9478109672620555,0.05218903273794451,0.05218903273794451
7.1,61.1,61.3,45.0,0,0.5164040792167485,-0.5164040792167485,0.5164040792167485
4.12,84.4,55.5,59.5,0,0.4054113549506134,-0.4054113549506134,0.4054113549506134
5.74,79.1,63.7,48.9,0,0.4515685870635776,-0.4515685870635776,0.4515685870635776
7.86,92.6,72.9,69.9,1,0.9304299255703038,0.0695700744296962,0.0695700744296962
8.94,92.2,81.4,70.9,1,1.0554500744996695,-0.055450074499669544,0.055450074499669544
7.18,62.5,48.7,57.1,1,0.6567794488471638,0.34322055115283623,0.34322055115283623
6.88,76.0,46.4,44.5,1,0.51456311854087,0.48543688145913,0.48543688145913
9.24,76.3,76.4,66.7,1,1.0093112465491627,-0.00931124654916271,0.00931124654916271
6.44,60.2,45.4,56.6,1,0.5685056271959829,0.43149437280401715,0.43149437280401715
6.94,42.7,23.6,25.8,0,0.24858024410511181,-0.24858024410511181,0.24858024410511181
7.84,85.0,79.3,74.9,1,0.9687858385717044,0.031214161428295584,0.031214161428295584
9.12,77.3,64.1,58.5,1,0.9075368955713424,0.09246310442865757,0.09246310442865757
9.76,83.9,81.8,89.4,1,1.326253823093591,-0.32625382309359097,0.32625382309359097
7.82,77.3,54.0,53.9,1,0.7192532556923695,0.28074674430763047,0.28074674430763047
4.43,35.2,4.9,75.8,1,0.5097395894588278,0.4902604105411722,0.4902604105411722
9.64,64.5,76.5,64.7,1,1.006485944727359,-0.006485944727359083,0.006485944727359083
8.16,72.0,47.1,51.0,1,0.7119167876907132,0.2880832123092868,0.2880832123092868
7.71,74.7,49.5,43.9,1,0.5932510851860681,0.40674891481393194,0.40674891481393194
7.72,73.0,47.6,57.0,1,0.7328674845181521,0.2671325154818479,0.2671325154818479
9.31,78.6,75.6,58.2,1,0.928761502774529,0.07123849722547104,0.07123849722547104
8.74,85.2,68.9,99.6,1,1.330153691269453,-0.33015369126945293,0.33015369126945293
4.3,56.0,23.5,34.1,0,0.08734650375990716,-0.08734650375990716,0.08734650375990716
7.83,74.6,51.3,47.1,1,0.6407152885192494,0.3592847114807506,0.3592847114807506
8.73,65.4,67.2,89.6,1,1.1813731096467106,-0.1813731096467106,0.1813731096467106
6.8,65.3,87.3,58.7,1,0.6463000183782347,0.3536999816217653,0.3536999816217653
5.87,67.9,48.1,50.7,0,0.46012416667225964,-0.46012416667225964,0.46012416667225964
9.35,68.8,45.9,48.2,1,0.8000882377024793,0.19991176229752072,0.19991176229752072
8.18,64.3,53.8,50.0,0,0.6891890744135055,-0.6891890744135055,0.6891890744135055
7.2,66.6,46.3,47.5,0,0.562292987682156,-0.562292987682156,0.562292987682156
8.09,69.9,55.3,53.7,1,0.7311512293326384,0.26884877066736157,0.26884877066736157
8.74,99.6,73.4,66.7,1,1.0019941893365423,-0.0019941893365422736,0.0019941893365422736
7.41,96.7,71.4,72.5,1,0.919160144766625,0.080839855233375,0.080839855233375
10.0,82.1,71.8,80.1,1,1.245265180840875,-0.245265180840875,0.245265180840875
8.34,71.2,49.9,38.5,1,0.5940276540227997,0.40597234597720033,0.40597234597720033
4.3,34.0,0.4,62.4,1,0.3474700680291941,0.6525299319708059,0.6525299319708059
4.21,36.1,8.8,46.2,0,0.167684114630975,-0.167684114630975,0.167684114630975
7.6,69.9,83.0,82.3,1,0.994894683298401,0.005105316701598972,0.005105316701598972
7.38,71.1,50.3,63.0,1,0.7590096854931975,0.24099031450680253,0.24099031450680253
5.53,87.6,67.0,53.2,0,0.4934342388664724,-0.4934342388664724,0.4934342388664724
7.01,76.0,48.2,46.7,1,0.5524175151139664,0.4475824848860336,0.4475824848860336
6.55,54.0,63.4,52.0,0,0.5210237770111111,-0.5210237770111111,0.5210237770111111
10.0,71.7,79.6,59.8,1,1.005782470355411,-0.005782470355411018,0.005782470355411018
9.77,83.1,89.2,73.3,1,1.1521989965749317,-0.15219899657493174,0.15219899657493174
7.85,71.8,60.3,85.1,1,1.0514231300885406,-0.0514231300885406,0.0514231300885406
7.8,77.5,64.7,73.9,1,0.9365104674695021,0.06348953253049794,0.06348953253049794
9.2,86.2,81.3,81.5,1,1.1860624133063258,-0.18606241330632578,0.18606241330632578
7.79,88.2,67.2,76.6,1,0.9862052984081423,0.013794701591857694,0.013794701591857694
5.78,51.5,24.2,30.8,0,0.19833792186138777,-0.19833792186138777,0.19833792186138777
4.77,80.2,52.9,49.3,0,0.35428990919261893,-0.35428990919261893,0.35428990919261893
7.03,68.3,57.2,55.0,1,0.6310526060281002,0.3689473939718998,0.3689473939718998
10.0,71.9,67.0,88.2,1,1.3123643417657678,-0.3123643417657678,0.3123643417657678
6.47,72.0,60.5,59.3,1,0.626713678116246,0.373286321883754,0.373286321883754
7.36,69.9,59.6,57.6,0,0.697511277630476,-0.697511277630476,0.697511277630476
6.27,61.6,56.9,52.9,0,0.5151800536290817,-0.5151800536290817,0.5151800536290817
8.69,100.0,94.7,80.4,1,1.1499009494040573,-0.1499009494040573,0.1499009494040573
9.75,99.8,98.1,51.4,1,0.9466309159398892,0.05336908406011076,0.05336908406011076
7.36,66.0,57.3,50.8,1,0.6156349465365497,0.3843650534634503,0.3843650534634503
7.79,65.7,53.6,66.0,1,0.8246303106794283,0.17536968932057173,0.17536968932057173
8.53,79.9,68.8,78.7,1,1.0707514097651543,-0.07075140976515426,0.07075140976515426
7.14,68.7,50.3,65.1,1,0.7518762543128387,0.24812374568716133,0.24812374568716133
6.62,52.5,25.6,30.5,0,0.2855589224714762,-0.2855589224714762,0.2855589224714762
9.92,71.2,63.7,79.2,1,1.2043065781447369,-0.20430657814473685,0.20430657814473685
7.97,69.1,64.4,57.7,1,0.7619508831517824,0.2380491168482176,0.2380491168482176
4.44,40.0,25.3,28.4,0,0.009071756061729719,-0.009071756061729719,0.009071756061729719
7.08,67.2,61.0,44.2,1,0.5175403537586295,0.4824596462413705,0.4824596462413705
5.98,49.9,31.0,35.5,0,0.2684035084002653,-0.2684035084002653,0.2684035084002653
6.68,63.9,63.9,52.4,0,0.5585483610364351,-0.5585483610364351,0.5585483610364351
9.77,73.3,47.8,62.1,1,1.0042970774400564,-0.004297077440056363,0.004297077440056363
8.29,70.7,58.3,65.7,1,0.8845360467477638,0.11546395325223624,0.11546395325223624
6.57,99.7,72.4,67.0,1,0.7772303661750323,0.22276963382496773,0.22276963382496773
7.97,66.3,54.4,52.9,1,0.7026340013619027,0.2973659986380973,0.2973659986380973
8.39,66.0,62.0,46.9,1,0.6823379252185947,0.3176620747814053,0.3176620747814053
8.04,51.9,48.9,52.8,1,0.6796974515408362,0.32030254845916384,0.32030254845916384
8.56,73.2,51.1,52.6,1,0.7743625788269438,0.22563742117305619,0.22563742117305619
7.66,78.8,39.5,58.3,1,0.7506798842857084,0.24932011571429158,0.24932011571429158
6.95,85.6,61.6,64.8,1,0.7637566385827862,0.2362433614172138,0.2362433614172138
6.69,80.3,94.2,63.5,1,0.7174777190655558,0.2825222809344442,0.2825222809344442
9.95,82.7,88.7,84.3,1,1.2896719871779623,-0.2896719871779623,0.2896719871779623
6.82,63.5,44.8,56.6,1,0.6148158874372954,0.3851841125627046,0.3851841125627046
6.52,61.0,50.4,56.1,0,0.573908091347321,-0.573908091347321,0.573908091347321
9.96,97.2,96.7,55.2,1,1.004613661108563,-0.004613661108562983,0.004613661108562983
5.23,50.4,25.7,34.5,0,0.17880564497782514,-0.17880564497782514,0.17880564497782514
9.83,100.0,90.6,73.1,1,1.1897482981851129,-0.18974829818511285,0.18974829818511285
6.58,62.1,55.4,43.9,0,0.4507705094801643,-0.4507705094801643,0.4507705094801643
4.0,48.2,23.7,29.3,0,-0.011572419202824813,0.011572419202824813,0.011572419202824813
6.4,72.1,56.8,55.5,1,0.5776655562701037,0.42233444372989626,0.42233444372989626
7.71,93.1,87.2,66.7,1,0.8833457063006401,0.11665429369935987,0.11665429369935987
5.03,50.1,23.0,30.0,0,0.10788124063004434,-0.10788124063004434,0.10788124063004434
8.99,65.9,63.0,47.0,1,0.7464523241491042,0.25354767585089577,0.25354767585089577
9.15,66.1,49.8,56.3,1,0.8623771704204187,0.13762282957958127,0.13762282957958127
8.14,87.9,95.2,73.5,1,0.9935195029414191,0.006480497058580892,0.006480497058580892
7.36,86.5,59.8,53.0,1,0.6801905351406164,0.31980946485938355,0.31980946485938355
7.83,83.8,74.5,73.5,1,0.9493602638860993,0.05063973611390071,0.05063973611390071
7.28,74.0,45.1,51.3,1,0.6262790681853184,0.3737209318146816,0.3737209318146816
8.53,77.6,52.8,43.3,1,0.6791672885656338,0.3208327114343662,0.3208327114343662
7.19,82.1,46.2,59.7,1,0.724108714718451,0.27589128528154905,0.27589128528154905
7.85,75.4,78.7,89.9,1,1.1137439492324988,-0.11374394923249875,0.11374394923249875
4.89,73.9,45.0,44.9,0,0.30541422850768096,-0.30541422850768096,0.30541422850768096
5.23,67.1,46.6,52.2,0,0.4073252666512611,-0.4073252666512611,0.4073252666512611
9.37,83.4,78.7,71.3,1,1.0872458197950525,-0.08724581979505253,0.08724581979505253
9.96,96.2,98.9,47.8,0,0.922684025788194,-0.922684025788194,0.922684025788194
7.68,54.0,52.4,46.7,1,0.5803567809419402,0.4196432190580598,0.4196432190580598
8.09,85.4,85.4,77.0,1,1.0196844378845014,-0.01968443788450136,0.01968443788450136
6.09,64.5,52.2,44.9,0,0.4142984970561808,-0.4142984970561808,0.4142984970561808
7.64,95.4,73.4,72.2,1,0.9378631466821666,0.06213685331783336,0.06213685331783336
6.16,84.4,65.5,51.8,0,0.5379035925895334,-0.5379035925895334,0.5379035925895334
4.08,51.4,27.4,30.6,0,0.017862276531766974,-0.017862276531766974,0.017862276531766974
6.79,64.5,48.3,57.7,1,0.6261662671285501,0.37383373287144994,0.37383373287144994
6.39,42.3,29.6,36.7,0,0.3093606225539355,-0.3093606225539355,0.3093606225539355
7.81,84.0,52.9,54.2,1,0.7344245000403299,0.2655754999596701,0.2655754999596701
5.86,88.9,80.1,78.9,1,0.8119271548476427,0.18807284515235734,0.18807284515235734
4.45,47.7,31.5,28.8,0,0.030639356722691247,-0.030639356722691247,0.030639356722691247
8.25,80.1,77.9,68.3,1,0.9303585422985124,0.06964145770148755,0.06964145770148755
8.08,72.3,42.3,51.7,1,0.7108792661059128,0.2891207338940872,0.2891207338940872
6.89,72.7,81.7,74.2,1,0.8376133090933123,0.16238669090668767,0.16238669090668767
7.29,68.1,43.0,51.4,1,0.6164750319396696,0.38352496806033043,0.38352496806033043
7.04,88.0,100.0,75.0,1,0.8952208119808224,0.10477918801917763,0.10477918801917763
6.36,57.8,44.0,48.3,0,0.4650347470134194,-0.4650347470134194,0.4650347470134194
6.62,87.4,84.9,68.1,1,0.7724146351629028,0.22758536483709724,0.22758536483709724
7.9,65.7,54.6,51.4,1,0.6778483969679844,0.3221516030320156,0.3221516030320156
5.11,45.8,29.4,32.8,0,0.13933898777712794,-0.13933898777712794,0.13933898777712794
7.18,80.0,94.9,73.7,1,0.8792442655618024,0.12075573443819765,0.12075573443819765
6.31,46.3,25.4,38.1,0,0.3232888702273923,-0.3232888702273923,0.3232888702273923
5.03,66.7,49.4,54.7,1,0.41314228436892775,0.5868577156310723,0.5868577156310723
7.4,96.8,78.4,78.6,1,0.985727935038525,0.01427206496147504,0.01427206496147504
9.84,73.6,82.1,71.3,1,1.1179802456782477,-0.11798024567824772,0.11798024567824772
7.25,75.0,67.8,56.8,0,0.6886768241383666,-0.6886768241383666,0.6886768241383666
6.82,83.5,85.0,64.1,1,0.7423656456802773,0.2576343543197227,0.2576343543197227
9.05,81.3,88.2,77.5,1,1.1184290364942742,-0.11842903649427416,0.11842903649427416
5.48,74.6,55.9,51.3,0,0.4401368755669971,-0.4401368755669971,0.4401368755669971
7.67,52.4,22.9,26.5,0,0.35181889206992467,-0.35181889206992467,0.35181889206992467
8.58,80.8,82.3,70.7,1,0.9932203206579052,0.00677967934209478,0.00677967934209478
8.18,90.5,76.3,59.4,1,0.8465178823500376,0.15348211764996245,0.15348211764996245
5.46,53.1,21.9,26.3,0,0.11860079282452451,-0.11860079282452451,0.11860079282452451
8.71,75.8,82.9,81.4,1,1.1133391376018889,-0.11333913760188885,0.11333913760188885
5.72,45.4,28.7,26.8,0,0.1373974209897998,-0.1373974209897998,0.1373974209897998
5.31,39.0,27.7,26.6,0,0.0794043940309187,-0.0794043940309187,0.0794043940309187
5.9,44.3,27.0,32.4,0,0.2146635413218615,-0.2146635413218615,0.2146635413218615
7.09,68.4,64.3,53.7,1,0.6246518361674057,0.3753481638325943,0.3753481638325943
9.58,72.2,50.9,40.4,1,0.7471020820292843,0.2528979179707157,0.2528979179707157
6.09,64.6,59.0,53.3,1,0.5068542151228531,0.4931457848771469,0.4931457848771469
9.83,75.7,82.2,94.7,1,1.375123238291771,-0.3751232382917711,0.3751232382917711
9.33,77.5,84.4,80.0,1,1.1668887164250488,-0.16688871642504877,0.16688871642504877
7.62,70.9,90.4,75.8,1,0.9296517558937968,0.07034824410620322,0.07034824410620322
5.93,60.8,63.8,55.0,0,0.5018560041961783,-0.5018560041961783,0.5018560041961783
9.15,83.3,70.4,70.8,1,1.0570846741724669,-0.057084674172466876,0.057084674172466876
5.01,75.3,40.8,45.4,0,0.3254852193017711,-0.3254852193017711,0.3254852193017711
7.23,73.5,60.1,50.5,1,0.6139171190628999,0.3860828809371001,0.3860828809371001
4.04,47.6,30.1,29.0,0,-0.010711602101263873,0.010711602101263873,0.010711602101263873
4.16,51.7,22.7,25.7,0,-0.02714301113234019,0.02714301113234019,0.02714301113234019
6.95,70.8,50.2,61.2,1,0.6936720948720537,0.3063279051279463,0.3063279051279463
7.59,68.6,56.8,50.2,0,0.6383103002963507,-0.6383103002963507,0.6383103002963507
6.34,80.0,55.3,46.8,1,0.49215652609719396,0.507843473902806,0.507843473902806
5.35,51.9,22.0,26.7,0,0.10904498351864778,-0.10904498351864778,0.10904498351864778
5.06,54.5,26.5,30.0,0,0.1202688653002496,-0.1202688653002496,0.1202688653002496
8.1,86.6,80.4,85.4,1,1.1134368017516074,-0.11343680175160742,0.11343680175160742
8.1,61.0,64.0,50.9,1,0.6858155513399177,0.3141844486600823,0.3141844486600823
9.13,60.4,67.0,56.7,1,0.856363684865829,0.14363631513417097,0.14363631513417097
5.25,42.2,31.5,27.9,0,0.09414347153139935,-0.09414347153139935,0.09414347153139935
4.1,37.2,3.5,57.5,0,0.2800634677249253,-0.2800634677249253,0.2800634677249253
9.34,75.5,56.5,48.9,1,0.8215988943118037,0.17840110568819634,0.17840110568819634
4.0,45.2,33.6,30.4,0,-0.003829555692398734,0.003829555692398734,0.003829555692398734
6.59,47.3,26.7,25.8,0,0.22135780260742466,-0.22135780260742466,0.22135780260742466
5.22,66.4,69.6,45.2,0,0.3328259807653874,-0.3328259807653874,0.3328259807653874
9.69,85.2,80.1,62.7,1,1.0312769029117672,-0.03127690291176721,0.03127690291176721
9.33,89.7,84.2,73.1,1,1.1158909298131228,-0.11589092981312277,0.11589092981312277
9.23,81.6,100.0,70.5,1,1.0639487834886956,-0.06394878348869559,0.06394878348869559
8.96,92.9,87.6,82.8,1,1.1891826523604032,-0.18918265236040321,0.18918265236040321
9.78,77.5,69.5,79.2,1,1.202951183120399,-0.20295118312039895,0.20295118312039895
6.12,63.6,63.3,52.4,0,0.4990063087704609,-0.4990063087704609,0.4990063087704609
6.05,93.3,67.0,83.5,1,0.8882387907508847,0.11176120924911526,0.11176120924911526
6.86,67.7,54.2,42.5,1,0.4757846148330841,0.5242153851669159,0.5242153851669159
9.56,74.4,77.3,60.7,1,0.9742217997439752,0.02577820025602484,0.02577820025602484
7.4,60.9,68.6,52.9,1,0.634554859790805,0.36544514020919505,0.36544514020919505
5.52,55.6,60.9,56.6,0,0.46543710099362035,-0.46543710099362035,0.46543710099362035
6.94,63.3,59.4,50.8,1,0.5665548962522223,0.43344510374777767,0.43344510374777767
7.64,89.7,85.0,82.4,1,1.039394654654962,-0.03939465465496195,0.03939465465496195
7.03,83.3,54.4,48.6,1,0.5905363162096339,0.40946368379036613,0.40946368379036613
5.9,59.6,57.4,49.0,1,0.43011327422033163,0.5698867257796684,0.5698867257796684
5.65,47.1,29.6,31.6,0,0.1856456394416034,-0.1856456394416034,0.1856456394416034
8.26,76.3,53.3,67.3,1,0.9088946659905003,0.09110533400949972,0.09110533400949972
9.85,81.8,85.9,72.4,1,1.147719751601831,-0.14771975160183093,0.14771975160183093
9.76,73.0,73.3,69.0,1,1.0819222686624013,-0.08192226866240127,0.08192226866240127
6.02,72.7,65.9,58.7,0,0.5752043750843497,-0.5752043750843497,0.5752043750843497
4.76,47.7,24.0,21.8,0,-0.014061590598881013,0.014061590598881013,0.014061590598881013
6.13,66.6,60.5,64.7,1,0.6390100670531583,0.3609899329468417,0.3609899329468417
7.34,69.6,70.5,72.9,1,0.8627930643514069,0.1372069356485931,0.1372069356485931
4.86,53.1,35.2,33.8,0,0.13924374816095508,-0.13924374816095508,0.13924374816095508
5.26,42.7,29.0,30.1,0,0.1196347515492654,-0.1196347515492654,0.1196347515492654
8.61,70.3,73.9,71.2,1,0.9797555592416921,0.02024444075830789,0.02024444075830789
5.35,72.1,49.6,50.7,0,0.41397804505662006,-0.41397804505662006,0.41397804505662006
7.65,90.7,100.0,73.9,1,0.9526837151073791,0.04731628489262085,0.04731628489262085
5.8,50.6,46.4,49.7,0,0.4076590978203317,-0.4076590978203317,0.4076590978203317
6.18,41.7,26.0,29.2,0,0.20407173032532644,-0.20407173032532644,0.20407173032532644
7.33,82.4,85.2,70.6,1,0.8644072171650506,0.13559278283494935,0.13559278283494935
9.32,100.0,73.0,81.5,1,1.2243476469214154,-0.2243476469214154,0.2243476469214154
7.28,79.1,70.0,81.6,1,0.9695078332853738,0.03049216671462618,0.03049216671462618
6.03,50.0,29.6,30.5,0,0.2193303255037783,-0.2193303255037783,0.2193303255037783
6.01,68.8,48.7,62.8,1,0.6080760008606628,0.3919239991393372,0.3919239991393372
9.79,90.6,81.8,87.9,1,1.3262737654985686,-0.32627376549856857,0.32627376549856857
7.18,76.9,57.0,45.4,0,0.5594372939964846,-0.5594372939964846,0.5594372939964846
4.85,62.9,58.1,67.3,1,0.5250493415548277,0.47495065844517226,0.47495065844517226
4.71,62.5,28.7,31.4,0,0.11476720457760847,-0.11476720457760847,0.11476720457760847
9.15,71.5,67.9,70.8,1,1.033493490032173,-0.03349349003217306,0.03349349003217306
6.28,51.2,28.0,28.1,0,0.22162879819187176,-0.22162879819187176,0.22162879819187176
9.8,69.4,73.2,68.6,1,1.0746988646918219,-0.07469886469182185,0.07469886469182185
6.7,67.9,56.3,56.0,1,0.6062909082284996,0.3937090917715004,0.3937090917715004
5.8,57.0,52.2,66.3,1,0.6014392698512042,0.3985607301487958,0.3985607301487958
9.11,97.2,86.6,75.4,1,1.1328749474811386,-0.1328749474811386,0.1328749474811386
7.98,66.9,52.9,54.2,1,0.7187209207788786,0.2812790792211214,0.2812790792211214
6.22,93.3,70.5,72.6,1,0.788359920694263,0.21164007930573703,0.21164007930573703
8.61,89.3,92.2,57.9,1,0.8757789188594739,0.1242210811405261,0.1242210811405261
4.55,50.0,28.8,37.1,0,0.13531607458088002,-0.13531607458088002,0.13531607458088002
8.34,80.0,47.4,52.8,1,0.7661317163086007,0.23386828369139934,0.23386828369139934
4.9,49.2,22.1,33.4,0,0.1292129666566587,-0.1292129666566587,0.1292129666566587
5.64,50.9,30.0,21.1,0,0.07812403026808534,-0.07812403026808534,0.07812403026808534
5.79,58.5,55.3,50.5,0,0.4323210698538539,-0.4323210698538539,0.4323210698538539
7.05,64.2,56.0,38.0,1,0.4403315521920491,0.5596684478079509,0.5596684478079509
8.73,63.1,69.2,50.0,1,0.7472611911245189,0.25273880887548106,0.25273880887548106
4.06,30.9,1.8,67.6,1,0.3728581476997498,0.6271418523002502,0.6271418523002502
8.33,92.9,66.7,64.8,1,0.9239825904492968,0.07601740955070324,0.07601740955070324
7.34,73.7,54.7,49.3,1,0.6119197678734306,0.3880802321265694,0.3880802321265694
7.05,56.0,64.4,47.2,1,0.5255522124531896,0.4744477875468104,0.4744477875468104
7.94,70.3,52.7,50.1,1,0.6766439087534027,0.32335609124659725,0.32335609124659725
7.52,72.4,47.5,48.7,0,0.6205411546854268,-0.6205411546854268,0.6205411546854268
5.71,61.4,54.7,51.5,0,0.44036143988595844,-0.44036143988595844,0.44036143988595844
8.68,67.0,67.1,48.3,1,0.73084744164481,0.26915255835519003,0.26915255835519003
9.99,77.1,66.9,69.7,1,1.1206495649909582,-0.12064956499095825,0.12064956499095825
9.88,87.1,72.7,64.2,1,1.0699967274569837,-0.06999672745698371,0.06999672745698371
4.89,66.1,53.7,56.7,0,0.41969958160932797,-0.41969958160932797,0.41969958160932797
5.96,46.0,22.6,23.0,0,0.12149937290575341,-0.12149937290575341,0.12149937290575341
7.14,64.6,45.7,61.2,0,0.700700174249362,-0.700700174249362,0.700700174249362
5.73,71.0,52.2,56.7,1,0.5173388876419581,0.4826611123580419,0.4826611123580419
5.01,47.3,23.6,27.3,0,0.07107118267989077,-0.07107118267989077,0.07107118267989077
4.05,46.7,26.1,28.1,0,-0.021881404273608407,0.021881404273608407,0.021881404273608407
5.93,42.3,19.9,30.8,0,0.1953072126400649,-0.1953072126400649,0.1953072126400649
7.37,83.2,61.5,79.1,1,0.9584216096108021,0.04157839038919786,0.04157839038919786
8.02,65.8,61.3,76.2,1,0.9610530908838487,0.038946909116151285,0.038946909116151285
8.69,76.6,55.7,40.6,1,0.6651996091424094,0.3348003908575906,0.3348003908575906
8.43,80.7,64.5,81.7,1,1.0936501021696627,-0.09365010216966274,0.09365010216966274
9.1,62.6,56.2,47.6,1,0.7568878598006427,0.24311214019935734,0.24311214019935734
6.5,70.9,50.7,49.2,1,0.516378691765072,0.483621308234928,0.483621308234928
9.89,99.5,97.8,78.3,1,1.2527573808006625,-0.25275738080066246,0.25275738080066246
5.88,56.3,22.0,29.1,0,0.1994374849975552,-0.1994374849975552,0.1994374849975552
6.18,56.3,31.8,29.0,0,0.23155132960464664,-0.23155132960464664,0.23155132960464664
4.15,48.4,27.7,28.2,0,-0.0066763357690445835,0.0066763357690445835,0.0066763357690445835
6.44,84.0,79.1,65.6,1,0.7186914686107003,0.2813085313892997,0.2813085313892997
8.71,83.5,77.5,71.3,1,1.0178775574821954,-0.01787755748219544,0.01787755748219544
8.86,81.2,61.0,95.5,1,1.2890502433507738,-0.2890502433507738,0.2890502433507738
9.95,83.6,68.5,70.9,1,1.1425075467270327,-0.1425075467270327,0.1425075467270327
7.41,60.0,51.5,50.2,0,0.6016069040236235,-0.6016069040236235,0.6016069040236235
8.42,63.0,42.3,60.2,1,0.8206379458659431,0.17936205413405693,0.17936205413405693
6.63,66.8,59.6,47.6,1,0.5061393137768447,0.49386068622315527,0.49386068622315527
8.14,81.1,56.7,57.3,1,0.7977166505108427,0.20228334948915727,0.20228334948915727
6.82,81.7,51.9,52.4,0,0.6061563951494194,-0.6061563951494194,0.6061563951494194
9.25,89.6,71.0,77.5,1,1.1528056935434186,-0.15280569354341855,0.15280569354341855
9.91,69.5,47.6,63.4,1,1.0256299865760976,-0.025629986576097608,0.025629986576097608
4.57,74.4,53.4,52.7,0,0.3588850219068721,-0.3588850219068721,0.3588850219068721
8.62,74.9,80.2,73.2,1,1.0126258563186181,-0.012625856318618123,0.012625856318618123
5.37,44.9,27.5,30.0,0,0.13417185608779836,-0.13417185608779836,0.13417185608779836
7.96,76.3,54.9,57.3,1,0.7690703021172861,0.2309296978827139,0.2309296978827139
8.42,88.7,80.5,72.5,1,1.0111497726600258,-0.011149772660025814,0.011149772660025814
9.35,100.0,84.8,81.1,1,1.2251712239759263,-0.22517122397592626,0.22517122397592626
7.48,60.1,71.9,64.0,1,0.7624677233304112,0.23753227666958876,0.23753227666958876
7.37,57.1,61.2,45.7,1,0.544508997441537,0.455491002558463,0.455491002558463
8.94,91.8,79.2,68.7,1,1.0304039559557814,-0.03040395595578138,0.03040395595578138
6.85,71.2,48.0,64.4,1,0.7183153171628621,0.2816846828371379,0.2816846828371379
6.49,63.9,63.2,46.6,1,0.4754909625228433,0.5245090374771567,0.5245090374771567
7.01,76.6,70.4,72.0,1,0.8320664707768614,0.16793352922313864,0.16793352922313864
6.54,59.0,61.1,53.5,1,0.5456814015268084,0.45431859847319156,0.45431859847319156
9.62,93.4,85.5,46.2,1,0.8617986045017371,0.13820139549826294,0.13820139549826294
8.16,72.1,89.0,89.4,1,1.1361729914257261,-0.13617299142572614,0.13617299142572614
8.37,87.0,77.6,46.4,1,0.7186948032728521,0.28130519672714793,0.28130519672714793
4.12,41.3,27.3,29.3,0,-0.011892586432016627,0.011892586432016627,0.011892586432016627
6.36,53.8,65.5,56.3,0,0.5477075059858106,-0.5477075059858106,0.5477075059858106
7.33,79.2,47.8,45.0,1,0.5738032215314118,0.42619677846858817,0.42619677846858817
7.12,70.7,75.9,90.4,1,1.0327519451479783,-0.0327519451479783,0.0327519451479783
8.24,62.6,53.4,59.0,0,0.7898021858663543,-0.7898021858663543,0.7898021858663543
5.66,70.9,48.6,64.1,0,0.5895138634719378,-0.5895138634719378,0.5895138634719378
8.26,65.5,54.4,52.3,1,0.7250255816148506,0.27497441838514936,0.27497441838514936
9.88,77.5,60.1,67.8,1,1.088086077119351,-0.08808607711935101,0.08808607711935101
5.26,49.0,31.8,24.8,0,0.07493787078030067,-0.07493787078030067,0.07493787078030067
7.1,60.6,47.2,61.7,1,0.694328643457602,0.30567135654239797,0.30567135654239797
8.48,69.5,85.3,74.1,1,0.9979540769886407,0.0020459230113593074,0.0020459230113593074
8.6,82.2,80.8,71.5,1,1.006500113364901,-0.006500113364900972,0.006500113364900972
5.93,74.3,55.8,52.4,1,0.4987643733766679,0.5012356266233321,0.5012356266233321
8.51,80.4,71.9,82.5,1,1.1114168471614252,-0.11141684716142519,0.11141684716142519
7.04,74.7,48.9,55.2,1,0.6454223516097467,0.3545776483902533,0.3545776483902533
9.83,64.5,55.7,53.5,1,0.901304988436496,0.09869501156350402,0.09869501156350402
4.15,40.0,25.9,24.3,0,-0.06581591878646054,0.06581591878646054,0.06581591878646054
8.08,64.8,51.7,49.2,1,0.6706175813929304,0.3293824186070696,0.3293824186070696
7.5,71.0,51.6,59.1,1,0.7293037039332125,0.27069629606678747,0.27069629606678747
8.88,69.3,86.6,75.1,1,1.0506765624409997,-0.05067656244099972,0.05067656244099972
6.57,85.8,89.5,86.1,1,0.9602305430837453,0.039769456916254664,0.039769456916254664
7.02,79.8,58.7,48.8,1,0.5855197652042811,0.41448023479571894,0.41448023479571894
7.21,76.8,51.3,52.7,1,0.6406772623299085,0.3593227376700915,0.3593227376700915
7.0,68.2,51.0,56.9,1,0.6472738921052047,0.3527261078947953,0.3527261078947953
7.02,58.9,57.1,45.6,1,0.509475499629252,0.490524500370748,0.490524500370748
9.47,61.7,50.0,56.4,1,0.8884883604974404,0.1115116395025596,0.1115116395025596
10.0,66.9,76.2,72.2,1,1.1304064685780593,-0.13040646857805926,0.13040646857805926
6.74,54.4,60.3,63.9,1,0.6704457828362392,0.32955421716376077,0.32955421716376077
8.87,85.6,75.5,93.4,1,1.278413457171892,-0.2784134571718919,0.2784134571718919
7.93,67.1,65.1,55.4,1,0.7289693659216426,0.27103063407835737,0.27103063407835737
9.58,74.9,100.0,79.4,1,1.1842052336914604,-0.18420523369146036,0.18420523369146036
7.48,48.4,32.6,30.5,0,0.369082679745116,-0.369082679745116,0.369082679745116
4.96,39.3,27.7,29.7,0,0.07686838530741302,-0.07686838530741302,0.07686838530741302
7.97,60.8,79.4,81.3,1,1.0044426470409569,-0.004442647040956871,0.004442647040956871
4.24,36.8,6.5,63.5,1,0.35964499637376324,0.6403550036262368,0.6403550036262368
6.83,56.9,49.1,56.1,1,0.5982156279307044,0.4017843720692956,0.4017843720692956
7.26,76.7,56.8,60.7,1,0.7335302366471824,0.2664697633528176,0.2664697633528176
6.5,66.6,53.6,51.1,0,0.5290605966045036,-0.5290605966045036,0.5290605966045036
9.86,91.3,91.1,62.7,1,1.0629943517274238,-0.06299435172742385,0.06299435172742385
8.94,79.2,75.3,88.6,1,1.2210581317748428,-0.2210581317748428,0.2210581317748428
9.88,80.8,79.4,67.4,1,1.0935150344897875,-0.09351503448978749,0.09351503448978749
4.45,73.8,58.8,60.1,0,0.4263597675369021,-0.4263597675369021,0.4263597675369021
6.14,69.8,53.0,43.5,0,0.4148941359134496,-0.4148941359134496,0.4148941359134496
5.71,61.3,64.0,48.4,0,0.4080954038226309,-0.4080954038226309,0.4080954038226309
6.44,41.7,30.2,32.8,0,0.2711972953571661,-0.2711972953571661,0.2711972953571661
9.85,72.7,90.2,59.2,1,0.9872766543512516,0.012723345648748441,0.012723345648748441
9.82,86.6,78.6,95.9,1,1.4078841910000146,-0.4078841910000146,0.4078841910000146
7.67,66.9,62.0,51.8,1,0.6616388960724001,0.3383611039275999,0.3383611039275999
9.79,80.9,97.5,65.6,1,1.0677993125542087,-0.06779931255420868,0.06779931255420868
8.07,68.9,46.0,48.4,1,0.6679570561592835,0.33204294384071653,0.33204294384071653
7.93,82.6,71.0,89.1,1,1.126285882414372,-0.126285882414372,0.126285882414372
4.34,32.9,6.5,56.3,1,0.2843274103656058,0.7156725896343942,0.7156725896343942
6.84,91.7,87.2,95.3,1,1.0996793959616888,-0.09967939596168884,0.09967939596168884
8.71,70.8,56.6,52.6,1,0.7863533063337925,0.21364669366620748,0.21364669366620748
6.08,67.3,52.3,45.6,0,0.42636124700749856,-0.42636124700749856,0.42636124700749856
7.08,75.3,44.7,43.8,0,0.5263170481235254,-0.5263170481235254,0.5263170481235254
9.8,77.0,78.0,85.2,1,1.2706641047890663,-0.27066410478906633,0.27066410478906633
7.5,78.2,84.2,78.3,1,0.9574560291444129,0.04254397085558714,0.04254397085558714
9.74,99.6,97.2,34.0,0,0.7561216134433303,-0.7561216134433303,0.7561216134433303
8.74,87.4,74.5,62.2,1,0.9293755039637671,0.07062449603623289,0.07062449603623289
7.07,59.3,29.6,31.9,0,0.3620811891007204,-0.3620811891007204,0.3620811891007204
9.71,88.1,84.2,68.3,1,1.1005706903239934,-0.10057069032399335,0.10057069032399335
7.3,65.3,52.6,46.4,1,0.5593823886547141,0.4406176113452859,0.4406176113452859
8.37,82.5,69.5,60.4,1,0.8604769127271653,0.1395230872728347,0.1395230872728347
7.14,57.3,57.2,47.1,0,0.5352480125187437,-0.5352480125187437,0.5352480125187437
6.96,69.4,61.4,48.5,1,0.5560017554307503,0.44399824456924974,0.44399824456924974
6.49,82.8,92.5,83.7,1,0.9203890962155049,0.07961090378449509,0.07961090378449509
4.03,32.4,1.4,30.0,0,-0.03564222983159804,0.03564222983159804,0.03564222983159804
4.08,49.0,26.8,26.6,0,-0.03037963933469634,0.03037963933469634,0.03037963933469634
9.85,74.2,71.0,80.0,1,1.212770893259076,-0.21277089325907594,0.21277089325907594
9.56,93.4,90.8,85.2,1,1.2798214917406576,-0.2798214917406576,0.2798214917406576
5.08,62.9,55.1,50.6,0,0.36739595245820855,-0.36739595245820855,0.36739595245820855
4.33,47.4,21.5,26.1,0,-0.013580903423573654,0.013580903423573654,0.013580903423573654
5.78,79.5,56.8,51.7,0,0.48577962926461093,-0.48577962926461093,0.48577962926461093
6.1,72.1,45.1,58.4,0,0.5756271400333178,-0.5756271400333178,0.5756271400333178
7.46,69.4,46.0,48.6,1,0.6070047471996826,0.39299525280031744,0.39299525280031744
5.33,43.4,33.5,27.8,0,0.10416203444954564,-0.10416203444954564,0.10416203444954564
9.63,69.8,89.5,60.6,1,0.9735441152606389,0.026455884739361113,0.026455884739361113
8.77,67.9,63.4,56.7,1,0.8326399683919875,0.1673600316080125,0.1673600316080125
9.64,74.0,58.6,59.1,1,0.9612814197415486,0.03871858025845143,0.03871858025845143
7.36,45.6,29.5,27.9,0,0.32221786015949416,-0.32221786015949416,0.32221786015949416
8.24,81.6,59.1,58.2,1,0.8193881390035275,0.18061186099647253,0.18061186099647253
7.41,89.3,81.2,74.8,1,0.9312767379675501,0.06872326203244994,0.06872326203244994
7.8,71.8,54.9,37.7,1,0.5306242232202073,0.4693757767797927,0.4693757767797927
8.18,79.7,85.0,59.9,1,0.8322295860629377,0.16777041393706227,0.16777041393706227
6.47,54.1,28.4,31.4,0,0.2831854303890097,-0.2831854303890097,0.2831854303890097
4.15,43.2,28.1,30.7,0,0.010326369525395673,-0.010326369525395673,0.010326369525395673
8.17,43.7,45.0,61.9,0,0.7753951936645357,-0.7753951936645357,0.7753951936645357
10.0,76.3,93.8,66.5,1,1.0899780012001732,-0.08997800120017319,0.08997800120017319
6.37,49.2,31.8,32.1,0,0.2712373147161645,-0.2712373147161645,0.2712373147161645
8.74,73.6,79.6,69.8,1,0.9856684333916007,0.014331566608399293,0.014331566608399293
6.83,69.1,53.3,58.5,1,0.6489390101958527,0.35106098980414735,0.35106098980414735
6.41,69.5,59.0,59.0,1,0.6119874152563286,0.3880125847436714,0.3880125847436714
7.71,67.6,57.9,56.0,1,0.7121165188765751,0.2878834811234249,0.2878834811234249
10.0,69.8,89.3,82.4,1,1.2490765963962107,-0.24907659639621071,0.24907659639621071
7.78,55.5,66.0,46.4,1,0.5928742189856236,0.40712578101437635,0.40712578101437635
7.72,65.3,54.1,55.2,1,0.699318211357863,0.300681788642137,0.300681788642137
7.75,64.6,44.3,57.3,1,0.7222241391868397,0.2777758608131603,0.2777758608131603
7.39,58.8,57.6,52.6,1,0.6242471923792691,0.37575280762073093,0.37575280762073093
6.39,67.8,62.8,62.5,1,0.6451963846079779,0.3548036153920221,0.3548036153920221
6.52,66.0,55.3,47.3,1,0.489017968663514,0.510982031336486,0.510982031336486
7.25,66.0,64.9,53.9,1,0.6390286898579095,0.3609713101420905,0.3609713101420905
5.89,77.5,77.2,90.9,1,0.9224899382738939,0.07751006172610608,0.07751006172610608
4.38,43.2,28.6,28.0,0,0.005268570334840628,-0.005268570334840628,0.005268570334840628
8.96,78.4,84.4,74.1,1,1.0657155519951265,-0.06571555199512646,0.06571555199512646
7.97,65.3,56.7,49.8,1,0.6674066279085916,0.3325933720914084,0.3325933720914084
7.62,66.3,51.3,65.4,1,0.801036060411744,0.19896393958825598,0.19896393958825598
7.19,69.8,53.0,36.8,1,0.4524972091013352,0.5475027908986648,0.5475027908986648
8.59,73.0,60.6,53.5,1,0.788515170862779,0.211484829137221,0.211484829137221
5.48,40.5,25.6,30.4,0,0.141112763409579,-0.141112763409579,0.141112763409579
4.93,69.3,49.5,51.1,0,0.36866906428741275,-0.36866906428741275,0.36866906428741275
8.73,73.5,59.6,53.9,1,0.8083815623758245,0.19161843762417552,0.19161843762417552
4.47,45.6,30.2,26.5,0,0.003425665630808372,-0.003425665630808372,0.003425665630808372
7.69,61.8,64.2,48.8,1,0.6215332688934448,0.37846673110655515,0.37846673110655515
10.0,87.0,73.8,72.6,1,1.1737979930545763,-0.17379799305457633,0.17379799305457633
8.03,86.0,76.8,83.1,1,1.0793171099018006,-0.07931710990180063,0.07931710990180063
6.73,69.7,47.8,59.9,0,0.6538690670780306,-0.6538690670780306,0.6538690670780306
8.14,78.7,57.1,69.9,1,0.9298719585043994,0.07012804149560059,0.07012804149560059
9.06,59.8,54.4,55.9,1,0.8369936781589359,0.16300632184106412,0.16300632184106412
4.84,54.9,32.3,27.7,0,0.07395279114428621,-0.07395279114428621,0.07395279114428621
8.32,74.7,54.7,60.0,1,0.8330417897499106,0.1669582102500894,0.1669582102500894
5.44,43.5,21.5,32.5,0,0.16489851735252803,-0.16489851735252803,0.16489851735252803
6.09,76.4,56.2,49.5,0,0.4882842694396258,-0.4882842694396258,0.4882842694396258
6.82,70.9,45.8,57.0,1,0.6338562734530374,0.3661437265469626,0.3661437265469626
6.49,67.5,51.3,55.1,1,0.572812074564829,0.42718792543517103,0.42718792543517103
4.87,67.9,58.5,45.7,0,0.302523218039901,-0.302523218039901,0.302523218039901
7.49,80.4,48.8,58.8,1,0.7429709953297797,0.2570290046702203,0.2570290046702203
6.54,48.1,24.7,33.2,0,0.29767441852395315,-0.29767441852395315,0.29767441852395315
7.58,49.7,31.3,32.0,0,0.39820745592107853,-0.39820745592107853,0.39820745592107853
5.53,40.4,30.2,30.5,0,0.1480416748689849,-0.1480416748689849,0.1480416748689849
10.0,92.2,86.5,72.4,1,1.1840019526203251,-0.18400195262032515,0.18400195262032515
6.5,73.8,39.5,43.3,0,0.4561039654754243,-0.4561039654754243,0.4561039654754243
6.36,69.4,58.8,49.4,1,0.5022750294439923,0.49772497055600773,0.49772497055600773
6.96,83.7,61.7,52.9,1,0.631896154695205,0.368103845304795,0.368103845304795
8.55,89.9,85.1,98.1,1,1.3058920339492714,-0.30589203394927145,0.30589203394927145
6.86,72.6,55.7,49.0,0,0.5562304175514542,-0.5562304175514542,0.5562304175514542
5.81,75.8,47.1,40.1,1,0.3540721186161885,0.6459278813838115,0.6459278813838115
8.64,70.4,51.5,52.1,1,0.7719128999165145,0.22808710008348554,0.22808710008348554
5.76,44.2,26.5,23.9,0,0.10738453184017127,-0.10738453184017127,0.10738453184017127
8.1,58.6,53.6,56.5,1,0.7401286832347839,0.25987131676521613,0.25987131676521613
7.72,76.2,69.7,78.6,1,0.9774324473186394,0.02256755268136057,0.02256755268136057
6.8,79.8,49.3,58.4,1,0.6650231421328062,0.3349768578671938,0.3349768578671938
9.95,98.1,95.2,35.1,0,0.7868474159592239,-0.7868474159592239,0.7868474159592239
8.8,76.0,84.8,81.4,1,1.123514145468361,-0.12351414546836104,0.12351414546836104
6.56,77.5,69.8,90.3,1,0.985123614125946,0.014876385874054043,0.014876385874054043
6.57,62.7,60.0,64.5,0,0.6753371159383884,-0.6753371159383884,0.6753371159383884
4.14,31.1,8.8,81.2,1,0.5305080702763388,0.46949192972366116,0.46949192972366116
5.89,58.2,47.4,35.0,0,0.27260921677326666,-0.27260921677326666,0.27260921677326666
7.91,62.5,54.9,45.0,1,0.6031836392262254,0.3968163607737746,0.3968163607737746
8.85,76.6,76.6,67.3,1,0.9754631876920704,0.02453681230792959,0.02453681230792959
7.54,68.5,60.3,49.1,1,0.6215140104412816,0.37848598955871837,0.37848598955871837
7.76,74.7,42.2,48.4,1,0.646116472387808,0.353883527612192,0.353883527612192
4.45,49.8,32.2,28.1,0,0.027281402200704852,-0.027281402200704852,0.027281402200704852
4.86,49.2,28.6,31.5,0,0.10549022409869224,-0.10549022409869224,0.10549022409869224
8.07,79.5,55.3,47.9,1,0.6849244300998777,0.3150755699001223,0.3150755699001223
7.43,46.6,27.7,23.3,0,0.28128782666113905,-0.28128782666113905,0.28128782666113905
6.12,73.8,62.8,54.2,1,0.5384872266926791,0.4615127733073209,0.4615127733073209
7.48,89.4,83.7,75.9,1,0.9511987388131625,0.048801261186837475,0.048801261186837475
9.14,64.4,47.2,40.9,1,0.6903471608437718,0.3096528391562282,0.3096528391562282
8.86,76.3,47.9,53.9,1,0.8255434115406782,0.17445658845932177,0.17445658845932177
4.25,56.9,29.9,31.1,0,0.052379853926448394,-0.052379853926448394,0.052379853926448394
9.32,77.6,77.0,73.0,1,1.0887721536997135,-0.08877215369971347,0.08877215369971347
9.84,79.8,83.4,66.3,1,1.0760881870665768,-0.07608818706657683,0.07608818706657683
7.06,68.0,58.5,49.1,0,0.5697818062558998,-0.5697818062558998,0.5697818062558998
6.26,63.1,57.7,45.6,0,0.43795405048690494,-0.43795405048690494,0.43795405048690494
6.96,66.9,53.3,57.2,1,0.6441678420002052,0.35583215799979484,0.35583215799979484
7.57,63.2,67.0,53.0,1,0.6577480493421858,0.3422519506578142,0.3422519506578142
9.53,83.7,71.7,68.8,1,1.0763121391026278,-0.0763121391026278,0.0763121391026278
7.08,62.5,61.5,47.2,0,0.5409701844354232,-0.5409701844354232,0.5409701844354232
6.87,66.2,50.1,43.8,1,0.487305338284891,0.512694661715109,0.512694661715109
7.12,51.1,32.5,29.3,0,0.3235049390437691,-0.3235049390437691,0.3235049390437691
6.09,69.0,59.7,61.5,0,0.6046388871311722,-0.6046388871311722,0.6046388871311722
8.2,70.7,55.4,45.5,0,0.6552711535635273,-0.6552711535635273,0.6552711535635273
7.41,87.4,74.8,95.7,1,1.1533664631155358,-0.1533664631155358,0.1533664631155358
8.72,64.1,58.2,57.3,1,0.8255524995645219,0.17444750043547808,0.17444750043547808
6.39,74.7,51.9,50.9,0,0.5309402179041632,-0.5309402179041632,0.5309402179041632
7.97,64.8,84.3,82.3,1,1.0239882468941057,-0.023988246894105725,0.023988246894105725
9.37,92.2,69.9,57.2,1,0.9499353481516878,0.050064651848312214,0.050064651848312214
4.05,48.9,30.6,30.9,0,0.013604999319585365,-0.013604999319585365,0.013604999319585365
7.88,70.1,46.1,49.6,1,0.6633910531576129,0.33660894684238707,0.33660894684238707
5.13,54.6,29.0,35.9,0,0.19230457429323666,-0.19230457429323666,0.19230457429323666
6.78,85.0,79.0,71.5,1,0.8204247369243883,0.17957526307561167,0.17957526307561167
4.27,35.4,1.9,50.7,0,0.22029449893232533,-0.22029449893232533,0.22029449893232533
10.0,90.2,87.0,68.4,1,1.1367329908948194,-0.13673299089481938,0.13673299089481938
6.93,68.3,59.0,61.2,0,0.6881642560068401,-0.6881642560068401,0.6881642560068401
4.57,36.5,36.1,35.3,0,0.09261916325850206,-0.09261916325850206,0.09261916325850206
8.37,77.6,77.0,74.0,1,0.9997931115290676,0.00020688847093242035,0.00020688847093242035
9.31,69.5,72.9,77.5,1,1.1199770888193563,-0.11997708881935631,0.11997708881935631
7.02,72.4,61.3,56.3,1,0.6528641966423497,0.34713580335765026,0.34713580335765026
6.23,71.9,57.9,59.6,1,0.6041090427767629,0.3958909572232371,0.3958909572232371
8.91,86.0,94.4,66.5,1,0.9945736963500477,0.005426303649952335,0.005426303649952335
5.97,79.8,74.6,98.9,1,1.0218248024694572,-0.021824802469457172,0.021824802469457172
6.36,54.3,26.8,31.8,0,0.2760878539070474,-0.2760878539070474,0.2760878539070474
7.58,90.7,89.6,69.9,1,0.9001245249313644,0.09987547506863559,0.09987547506863559
7.66,65.9,49.8,59.4,1,0.7390563349233273,0.26094366507667266,0.26094366507667266
7.35,46.1,32.1,31.2,0,0.358420367309464,-0.358420367309464,0.358420367309464
8.63,81.5,82.1,57.6,1,0.8575878940415028,0.14241210595849718,0.14241210595849718
7.29,67.3,74.7,66.3,1,0.7820837892920603,0.21791621070793965,0.21791621070793965
7.69,74.3,81.4,67.3,1,0.8498620914366289,0.15013790856337106,0.15013790856337106
6.98,48.4,25.7,26.2,0,0.26867470168444874,-0.26867470168444874,0.26867470168444874
9.9,70.0,64.9,80.0,1,1.208739446184548,-0.20873944618454798,0.20873944618454798
7.4,56.4,58.3,48.5,1,0.576192325009414,0.423807674990586,0.423807674990586
6.42,54.7,23.5,25.9,0,0.21855895144066972,-0.21855895144066972,0.21855895144066972
6.33,48.5,24.2,28.1,0,0.22093449316904723,-0.22093449316904723,0.22093449316904723
8.88,91.1,82.3,68.6,1,1.0221676637886907,-0.022167663788690728,0.022167663788690728
6.3,62.6,54.1,59.4,1,0.590388696594283,0.40961130340571705,0.40961130340571705
7.8,68.5,55.3,54.5,1,0.7066122374051761,0.2933877625948239,0.2933877625948239
8.5,80.9,72.0,68.9,1,0.9637090489166408,0.036290951083359224,0.036290951083359224
8.84,38.9,54.6,56.1,1,0.7750505281459811,0.22494947185401892,0.22494947185401892
6.15,68.9,58.7,51.2,1,0.49875003105353655,0.5012499689464635,0.5012499689464635
4.76,54.0,24.5,32.0,0,0.10913288320224912,-0.10913288320224912,0.10913288320224912
9.82,100.0,65.3,70.0,1,1.1507231811818799,-0.15072318118187988,0.15072318118187988
7.42,83.9,69.6,71.5,1,0.883919200671163,0.11608079932883697,0.11608079932883697
5.52,68.0,63.1,42.1,0,0.3327281224419757,-0.3327281224419757,0.3327281224419757
8.5,72.3,57.2,58.2,1,0.8281306449831206,0.1718693550168794,0.1718693550168794
6.23,40.9,28.7,24.1,0,0.15284572112465955,-0.15284572112465955,0.15284572112465955
8.26,59.7,42.3,61.2,1,0.8082022490180681,0.19179775098193186,0.19179775098193186
9.45,100.0,78.4,69.8,1,1.1119037697789955,-0.11190376977899552,0.11190376977899552
4.27,41.3,29.6,36.0,0,0.07700554834286744,-0.07700554834286744,0.07700554834286744
9.06,80.0,78.6,69.1,1,1.0240906868741284,-0.02409068687412841,0.02409068687412841
7.77,83.5,69.2,76.7,1,0.976303926632971,0.023696073367028947,0.023696073367028947
5.17,50.8,56.4,57.9,0,0.4325787262422155,-0.4325787262422155,0.4325787262422155
4.45,31.5,1.6,61.0,1,0.34333085981016465,0.6566691401898354,0.6566691401898354
5.42,59.4,50.0,56.8,0,0.46269913609165936,-0.46269913609165936,0.46269913609165936
7.26,81.8,59.4,48.4,1,0.6104443502765057,0.3895556497234943,0.3895556497234943
6.94,68.9,49.1,46.2,0,0.5258482494304245,-0.5258482494304245,0.5258482494304245
6.74,71.6,56.6,48.2,0,0.5331244147975752,-0.5331244147975752,0.5331244147975752
9.8,76.6,89.7,59.4,1,0.9917642874404365,0.008235712559563457,0.008235712559563457
8.99,72.0,75.8,84.6,1,1.1688355887980033,-0.1688355887980033,0.1688355887980033
9.92,60.5,85.8,60.4,1,0.9829607648361375,0.01703923516386252,0.01703923516386252
6.59,66.4,55.3,50.5,1,0.5319020216769107,0.4680979783230893,0.4680979783230893
7.4,38.0,26.3,28.8,0,0.3207271778870108,-0.3207271778870108,0.3207271778870108
8.37,79.9,75.1,73.9,1,1.0028983005673826,-0.0028983005673826057,0.0028983005673826057
8.51,78.7,80.5,94.4,1,1.2387457369411052,-0.23874573694110524,0.23874573694110524
6.62,47.4,27.9,32.6,0,0.29873936329569173,-0.29873936329569173,0.29873936329569173
6.54,75.7,47.4,53.4,0,0.5750415373316554,-0.5750415373316554,0.5750415373316554
5.5,62.6,50.8,54.2,0,0.4492965593904973,-0.4492965593904973,0.4492965593904973
6.82,49.0,60.2,50.5,0,0.5227511328683373,-0.5227511328683373,0.5227511328683373
7.18,55.5,54.1,59.2,1,0.6667590175059867,0.33324098249401335,0.33324098249401335
6.56,77.3,56.1,61.3,0,0.6675394381329897,-0.6675394381329897,0.6675394381329897
8.68,87.5,74.1,68.2,1,0.9883402533688911,0.011659746631108914,0.011659746631108914
6.33,87.1,83.8,81.8,1,0.8899029271364537,0.11009707286354631,0.11009707286354631
6.67,63.6,62.6,59.8,0,0.6370286475347792,-0.6370286475347792,0.6370286475347792
7.71,75.2,66.7,90.2,1,1.0998479549155893,-0.09984795491558929,0.09984795491558929
8.74,98.7,56.9,70.1,1,1.034325554972634,-0.03432555497263401,0.03432555497263401
6.94,68.5,60.2,53.1,1,0.6018706789255756,0.39812932107442445,0.39812932107442445
5.13,79.1,55.3,48.6,0,0.382772758963727,-0.382772758963727,0.382772758963727
6.16,66.2,52.6,59.5,1,0.5835728946028461,0.4164271053971539,0.4164271053971539
9.09,87.7,64.0,69.0,1,1.0387820712709295,-0.038782071270929475,0.038782071270929475
8.37,60.9,60.4,48.0,1,0.6818939972072967,0.3181060027927033,0.3181060027927033
9.63,72.6,73.7,63.4,1,1.0067441858501085,-0.006744185850108497,0.006744185850108497
6.07,74.7,55.7,47.5,0,0.4610458205159077,-0.4610458205159077,0.4610458205159077
4.96,63.4,56.5,57.1,0,0.4265761864995373,-0.4265761864995373,0.4265761864995373
8.25,84.1,70.5,52.7,1,0.7675785749826985,0.23242142501730145,0.23242142501730145
9.96,96.0,98.3,48.9,1,0.934131741008971,0.065868258991029,0.065868258991029
9.13,95.4,64.3,76.0,1,1.1341519043501465,-0.13415190435014646,0.13415190435014646
7.24,91.6,55.7,62.8,1,0.7832906213704424,0.21670937862955764,0.21670937862955764
9.74,67.2,78.7,74.8,1,1.1323267267130968,-0.13232672671309675,0.13232672671309675
5.16,61.8,48.4,54.5,0,0.4148428257940827,-0.4148428257940827,0.4148428257940827
7.42,72.2,53.7,52.4,1,0.6508684880261578,0.3491315119738422,0.3491315119738422
7.73,74.3,57.4,60.8,1,0.7793994723555827,0.2206005276444173,0.2206005276444173
7.04,50.0,29.2,28.1,0,0.29934671185664874,-0.29934671185664874,0.29934671185664874
5.59,88.1,67.4,56.8,1,0.5398747647144583,0.4601252352855417,0.4601252352855417
6.66,61.6,51.7,46.2,1,0.4825359552763212,0.5174640447236788,0.5174640447236788
6.62,68.3,56.4,49.3,0,0.5259439140095997,-0.5259439140095997,0.5259439140095997
9.58,90.3,77.6,56.4,1,0.9609028721020568,0.039097127897943174,0.039097127897943174
4.15,48.5,25.2,26.9,0,-0.021020779858437644,0.021020779858437644,0.021020779858437644
7.37,73.5,59.2,59.8,1,0.7294465269522704,0.2705534730477296,0.2705534730477296
5.28,43.4,26.7,32.9,0,0.15311790065263475,-0.15311790065263475,0.15311790065263475
4.65,64.4,42.1,57.7,0,0.4000180561659016,-0.4000180561659016,0.4000180561659016
7.78,86.3,58.4,73.7,1,0.9484374217403332,0.051562578259666814,0.051562578259666814
6.86,85.9,39.8,54.7,1,0.6415113202662358,0.3584886797337642,0.3584886797337642
7.99,91.6,66.1,72.7,1,0.9713678486848866,0.02863215131511343,0.02863215131511343
7.37,83.0,73.7,74.5,1,0.9101686144910387,0.0898313855089613,0.0898313855089613
6.23,60.9,66.6,48.4,0,0.46240096322765034,-0.46240096322765034,0.46240096322765034
7.18,49.0,26.1,30.1,0,0.3332813273371852,-0.3332813273371852,0.3332813273371852
8.65,80.0,87.1,71.0,1,1.003082409697217,-0.00308240969721707,0.00308240969721707
5.47,78.2,52.9,59.8,0,0.5379258653328639,-0.5379258653328639,0.5379258653328639
6.65,74.4,61.0,51.8,1,0.5689990768906344,0.43100092310936555,0.43100092310936555
7.44,68.2,62.0,48.2,0,0.6009348059878147,-0.6009348059878147,0.6009348059878147
6.67,44.4,25.9,26.1,0,0.22719265207474548,-0.22719265207474548,0.22719265207474548
4.82,47.3,26.1,30.9,0,0.09061587547602457,-0.09061587547602457,0.09061587547602457
5.63,75.5,64.4,53.8,1,0.4862603332226324,0.5137396667773676,0.5137396667773676
5.12,49.5,36.9,36.7,0,0.1912756190452677,-0.1912756190452677,0.1912756190452677
5.23,64.9,60.1,52.2,0,0.4053102234503173,-0.4053102234503173,0.4053102234503173
8.48,83.9,66.0,76.5,1,1.048986003951243,-0.048986003951243084,0.048986003951243084
7.99,74.1,55.0,36.6,1,0.5431809023687869,0.4568190976312131,0.4568190976312131
6.33,52.8,55.2,49.0,1,0.46157773195647567,0.5384222680435243,0.5384222680435243
7.98,68.0,50.5,61.0,1,0.7942985224371492,0.20570147756285084,0.20570147756285084
8.1,100.0,75.7,52.7,1,0.7839156274376932,0.21608437256230684,0.21608437256230684
6.67,69.9,37.9,53.1,1,0.5724390643382337,0.42756093566176634,0.42756093566176634
6.01,62.2,63.7,44.5,0,0.39899578776206657,-0.39899578776206657,0.39899578776206657
7.49,65.4,54.2,54.9,1,0.6721036426929118,0.3278963573070882,0.3278963573070882
8.8,69.9,62.0,56.8,1,0.8405656752151117,0.15943432478488828,0.15943432478488828
4.33,48.3,33.1,25.4,0,-0.01743449249347717,0.01743449249347717,0.01743449249347717
8.82,75.8,62.3,48.2,1,0.7609305680518302,0.23906943194816976,0.23906943194816976
6.98,65.3,53.5,49.0,1,0.5541352418846649,0.4458647581153351,0.4458647581153351
6.19,54.5,27.7,26.1,0,0.19688362894832057,-0.19688362894832057,0.19688362894832057
5.89,68.6,58.4,52.6,0,0.485986183612393,-0.485986183612393,0.485986183612393
8.0,92.8,81.8,68.8,1,0.9351112873265689,0.0648887126734311,0.0648887126734311
5.24,47.0,28.2,25.7,0,0.07806684318035961,-0.07806684318035961,0.07806684318035961
8.62,74.4,62.3,65.2,1,0.92173349461978,0.07826650538021995,0.07826650538021995
8.45,75.6,85.6,78.6,1,1.0556840549092326,-0.05568405490923256,0.05568405490923256
6.51,77.8,43.7,51.6,0,0.5558372808516862,-0.5558372808516862,0.5558372808516862
5.1,49.7,29.2,29.7,0,0.11225326524699664,-0.11225326524699664,0.11225326524699664
5.66,48.4,27.0,29.3,0,0.163833731697418,-0.163833731697418,0.163833731697418
4.59,35.5,27.9,31.1,0,0.045759053481203016,-0.045759053481203016,0.045759053481203016
9.41,60.9,67.8,47.4,1,0.7859368107808288,0.21406318921917122,0.21406318921917122
10.0,77.1,81.0,81.8,1,1.2554766064466105,-0.2554766064466105,0.2554766064466105
6.92,86.0,79.9,72.6,1,0.8491968280565559,0.15080317194344406,0.15080317194344406
5.65,47.0,25.1,27.5,0,0.14016761291275726,-0.14016761291275726,0.14016761291275726
6.01,49.8,23.3,35.8,0,0.2733030193180698,-0.2733030193180698,0.2733030193180698
9.83,97.8,95.2,63.9,0,1.086329864033595,-1.086329864033595,1.086329864033595
9.79,94.2,89.6,88.8,1,1.3444433083590854,-0.34444330835908543,0.34444330835908543
4.13,36.0,6.5,60.8,1,0.31720059154324576,0.6827994084567542,0.6827994084567542
7.7,73.1,53.1,43.1,1,0.5809879434562429,0.41901205654375706,0.41901205654375706
7.34,63.4,60.8,51.1,0,0.6122834603973041,-0.6122834603973041,0.6122834603973041
8.51,71.5,81.2,87.1,1,1.1454746198618917,-0.1454746198618917,0.1454746198618917
5.61,62.3,46.8,50.7,0,0.4215854170389327,-0.4215854170389327,0.4215854170389327
6.29,76.9,58.5,52.5,1,0.5432474997039992,0.4567525002960008,0.4567525002960008
7.18,72.7,69.4,72.5,1,0.8475336500143417,0.15246634998565833,0.15246634998565833
8.32,59.2,68.1,58.6,1,0.7897006431106249,0.21029935688937507,0.21029935688937507
7.51,76.3,97.2,53.7,1,0.6899127421864039,0.31008725781359614,0.31008725781359614
8.42,69.8,59.7,62.3,1,0.8597560687712428,0.14024393122875722,0.14024393122875722
6.62,89.2,73.9,84.0,1,0.9466977219223242,0.053302278077675846,0.053302278077675846
4.24,33.5,8.7,30.3,0,-0.006910946245793026,0.006910946245793026,0.006910946245793026
7.32,69.1,76.7,63.6,1,0.7597974228676155,0.24020257713238446,0.24020257713238446
5.45,64.7,68.8,74.7,1,0.6738051952093295,0.32619480479067053,0.32619480479067053
9.06,69.4,62.7,63.3,1,0.9375977819778015,0.062402218022198475,0.062402218022198475
7.49,75.6,49.8,61.9,1,0.7673755433584247,0.23262445664157527,0.23262445664157527
6.99,76.6,75.8,56.8,1,0.66585942561361,0.33414057438639,0.33414057438639
8.09,64.0,58.7,46.1,1,0.6376357878332709,0.3623642121667291,0.3623642121667291
8.24,68.2,63.3,55.3,1,0.7623139862992382,0.2376860137007618,0.2376860137007618
9.88,80.1,84.7,74.1,1,1.1657873608675935,-0.1657873608675935,0.1657873608675935
9.67,77.8,91.0,89.7,1,1.3096478555679925,-0.30964785556799246,0.30964785556799246
5.08,42.0,26.5,36.6,0,0.16948829759216422,-0.16948829759216422,0.16948829759216422
8.78,66.7,55.5,40.2,1,0.6508461508451339,0.34915384915486614,0.34915384915486614
7.41,64.1,49.1,56.9,1,0.681988098220626,0.318011901779374,0.318011901779374
7.84,76.1,83.2,75.5,1,0.9584940119574742,0.04150598804252581,0.04150598804252581
9.07,67.0,69.0,94.6,1,1.274837151356789,-0.2748371513567891,0.2748371513567891
4.74,51.6,23.8,33.3,0,0.11631430987502778,-0.11631430987502778,0.11631430987502778
5.65,84.1,42.2,48.3,0,0.44174273958430044,-0.44174273958430044,0.44174273958430044
9.96,70.0,50.8,56.5,1,0.9574986894884537,0.042501310511546264,0.042501310511546264
6.01,39.5,31.4,28.6,0,0.17629480876631398,-0.17629480876631398,0.17629480876631398
9.94,94.9,82.4,59.8,1,1.0454987339943087,-0.045498733994308704,0.045498733994308704
7.97,72.5,80.5,55.1,1,0.7431446212599485,0.2568553787400515,0.2568553787400515
5.58,91.2,74.2,88.6,1,0.8913231988471596,0.1086768011528404,0.1086768011528404
9.76,64.8,90.2,63.7,1,1.0111666259563137,-0.01116662595631368,0.01116662595631368
6.25,37.5,30.7,38.8,0,0.30821252981776615,-0.30821252981776615,0.30821252981776615
9.86,96.1,95.2,61.8,1,1.063345567503105,-0.06334556750310494,0.06334556750310494
5.13,56.0,28.2,22.6,0,0.05051799232411436,-0.05051799232411436,0.05051799232411436
9.06,81.5,81.1,72.2,1,1.0611187287410817,-0.06111872874108171,0.06111872874108171
9.02,78.2,77.4,75.0,1,1.080205139332878,-0.08020513933287798,0.08020513933287798
8.33,67.6,77.4,82.1,1,1.0639686475516625,-0.06396864755166254,0.06396864755166254
5.34,75.0,60.4,54.3,1,0.459548423572104,0.540451576427896,0.540451576427896
7.31,86.8,62.1,81.3,1,0.9831711671733724,0.016828832826627615,0.016828832826627615
5.85,43.8,34.4,25.5,0,0.13477681589950197,-0.13477681589950197,0.13477681589950197
6.49,47.4,31.0,28.5,0,0.24109280818096968,-0.24109280818096968,0.24109280818096968
10.0,76.3,77.2,73.4,1,1.1620586691462318,-0.1620586691462318,0.1620586691462318
5.81,57.1,62.0,57.5,0,0.508817055885055,-0.508817055885055,0.508817055885055
5.96,45.9,29.5,31.3,0,0.21259383405160326,-0.21259383405160326,0.21259383405160326
6.69,65.0,43.9,49.2,1,0.5236032059657584,0.4763967940342416,0.4763967940342416
6.31,80.9,57.1,52.8,1,0.5562199016169068,0.4437800983830932,0.4437800983830932
5.19,65.2,56.6,55.0,0,0.4314979177623458,-0.4314979177623458,0.4314979177623458
6.85,63.3,57.8,43.5,0,0.4775674385195091,-0.4775674385195091,0.4775674385195091
5.68,59.8,52.9,57.3,0,0.4967313257784395,-0.4967313257784395,0.4967313257784395
7.73,78.5,62.3,82.2,1,1.020820951487861,-0.020820951487861006,0.020820951487861006
5.64,49.8,25.0,29.1,0,0.1619675531716377,-0.1619675531716377,0.1619675531716377
5.26,75.9,61.2,76.8,0,0.6973274912769448,-0.6973274912769448,0.6973274912769448
8.49,83.9,75.3,72.4,1,1.0071101611278306,-0.007110161127830583,0.007110161127830583
6.39,41.5,32.6,32.4,0,0.26161689661181187,-0.26161689661181187,0.26161689661181187
4.03,34.7,4.2,74.5,1,0.4524882183727136,0.5475117816272864,0.5475117816272864
7.76,73.2,78.5,63.9,1,0.8176502637854722,0.18234973621452777,0.18234973621452777
9.67,68.7,44.0,44.4,1,0.7919399977589426,0.20806000224105736,0.20806000224105736
4.91,52.8,29.7,32.3,0,0.12668524042992468,-0.12668524042992468,0.12668524042992468
6.95,67.7,56.2,52.2,1,0.5908971865796243,0.4091028134203757,0.4091028134203757
8.3,83.5,69.5,74.6,1,1.00925338931751,-0.009253389317509964,0.009253389317509964
9.84,85.8,78.4,63.6,1,1.057699566565538,-0.057699566565537985,0.057699566565537985
6.52,62.0,52.5,46.7,1,0.4741735425083792,0.5258264574916208,0.5258264574916208
7.6,60.4,58.1,55.5,1,0.6810278646944964,0.3189721353055036,0.3189721353055036
4.78,51.1,30.7,28.2,0,0.06534305358078185,-0.06534305358078185,0.06534305358078185
6.69,89.0,86.7,80.1,1,0.9135033740938351,0.08649662590616491,0.08649662590616491
5.88,66.3,65.9,51.1,0,0.4654144917426827,-0.4654144917426827,0.4654144917426827
4.79,80.2,64.8,47.9,0,0.3432226227572369,-0.3432226227572369,0.3432226227572369
9.88,98.9,96.9,33.7,0,0.7661518261634069,-0.7661518261634069,0.7661518261634069
8.4,88.5,69.9,74.9,1,1.0329033067787776,-0.03290330677877762,0.03290330677877762
7.93,84.2,94.9,77.4,1,1.006478207450781,-0.006478207450780982,0.006478207450780982
5.86,46.7,27.2,31.1,0,0.20109135405856005,-0.20109135405856005,0.20109135405856005
6.03,78.0,60.9,50.0,1,0.4913503565585634,0.5086496434414366,0.5086496434414366
5.39,43.6,25.4,31.9,0,0.15399161835573671,-0.15399161835573671,0.15399161835573671
7.72,57.2,60.6,59.1,1,0.7268687273170077,0.2731312726829923,0.2731312726829923
8.72,72.0,79.5,67.6,1,0.9565231497282752,0.043476850271724765,0.043476850271724765
7.47,61.8,54.0,59.4,1,0.7117571484723936,0.2882428515276064,0.2882428515276064
4.08,56.8,22.3,33.4,0,0.057992356006199564,-0.057992356006199564,0.057992356006199564
7.16,61.8,57.5,38.9,1,0.45720737679823575,0.5427926232017642,0.5427926232017642
6.54,75.4,60.3,59.3,1,0.640710423853125,0.35928957614687496,0.35928957614687496
5.24,36.0,28.9,30.1,0,0.10436311630742312,-0.10436311630742312,0.10436311630742312
8.62,88.9,77.0,66.5,1,0.9668211015368674,0.0331788984631326,0.0331788984631326
5.78,44.2,21.5,27.3,0,0.14554697108126646,-0.14554697108126646,0.14554697108126646
8.8,71.0,45.3,46.0,1,0.7226193874730181,0.2773806125269819,0.2773806125269819
7.04,62.6,54.9,62.2,0,0.6986919194331603,-0.6986919194331603,0.6986919194331603
6.74,62.5,47.4,46.7,0,0.4974047081765104,-0.4974047081765104,0.4974047081765104
7.67,87.2,66.6,55.4,1,0.7413600612523973,0.2586399387476027,0.2586399387476027
4.33,59.4,49.4,58.9,0,0.3708477455754312,-0.3708477455754312,0.3708477455754312
7.75,82.2,83.7,77.5,1,0.9828101278560301,0.017189872143969942,0.017189872143969942
6.31,56.2,54.6,43.3,0,0.404163035830185,-0.404163035830185,0.404163035830185
4.37,35.0,8.8,47.4,0,0.19536762868508661,-0.19536762868508661,0.19536762868508661
6.79,94.7,78.5,95.7,1,1.1031723163466127,-0.10317231634661272,0.10317231634661272
5.7,44.7,30.3,33.5,0,0.20693653103286558,-0.20693653103286558,0.20693653103286558
8.9,59.9,89.7,68.6,1,0.9642836187349811,0.03571638126501886,0.03571638126501886
5.87,69.3,56.2,47.4,1,0.42842659367827374,0.5715734063217263,0.5715734063217263
4.98,45.6,28.8,24.2,0,0.031811807175163964,-0.031811807175163964,0.031811807175163964
6.66,80.7,62.2,76.8,1,0.8540478449856389,0.1459521550143611,0.1459521550143611
4.03,51.4,35.1,29.4,0,0.0008933236214867524,-0.0008933236214867524,0.0008933236214867524
8.49,89.1,63.2,77.2,1,1.0673671170584398,-0.06736711705843978,0.06736711705843978
7.44,72.7,45.6,50.0,1,0.6265127311850601,0.3734872688149399,0.3734872688149399
7.3,57.0,35.5,31.2,0,0.3751438181564076,-0.3751438181564076,0.3751438181564076
6.9,62.2,58.5,56.5,0,0.6219233079446894,-0.6219233079446894,0.6219233079446894
5.43,78.3,57.4,55.6,0,0.48908698107997595,-0.48908698107997595,0.48908698107997595
9.95,95.7,71.2,56.4,1,1.009294963621382,-0.009294963621381935,0.009294963621381935
4.15,36.2,2.2,30.4,0,-0.01109225620539167,0.01109225620539167,0.01109225620539167
8.52,62.8,49.1,56.6,1,0.7928295235272454,0.20717047647275455,0.20717047647275455
8.8,63.5,54.9,52.0,1,0.7746765242410815,0.22532347575891853,0.22532347575891853
6.17,41.4,23.4,37.9,0,0.29644430130813093,-0.29644430130813093,0.29644430130813093
9.6,75.1,82.1,69.3,1,1.073989105351349,-0.07398910535134906,0.07398910535134906
5.81,42.0,24.0,30.7,0,0.18172137396354848,-0.18172137396354848,0.18172137396354848
6.63,79.4,66.6,49.9,1,0.5570400526754736,0.44295994732452637,0.44295994732452637
6.35,75.5,48.8,50.8,0,0.5266923559492597,-0.5266923559492597,0.5266923559492597
6.61,86.8,74.3,73.0,1,0.8215763922470637,0.1784236077529363,0.1784236077529363
7.42,55.4,54.4,56.7,1,0.6646930889693335,0.33530691103066645,0.33530691103066645
6.35,81.2,73.7,67.7,1,0.7256148780962547,0.2743851219037453,0.2743851219037453
8.01,68.7,55.6,55.5,1,0.73998209937249,0.26001790062750996,0.26001790062750996
7.96,70.2,44.8,51.7,0,0.6945725130468269,-0.6945725130468269,0.6945725130468269
5.34,54.7,30.7,23.6,0,0.0813186365662949,-0.0813186365662949,0.0813186365662949
8.94,86.6,74.4,77.3,1,1.1127471194656957,-0.11274711946569571,0.11274711946569571
6.59,68.0,47.3,58.9,1,0.624876769354319,0.375123230645681,0.375123230645681
7.99,70.3,50.3,47.4,1,0.6521749180007906,0.34782508199920936,0.34782508199920936
4.67,55.1,28.4,30.2,0,0.0829570316556495,-0.0829570316556495,0.0829570316556495
5.85,59.9,46.3,54.9,0,0.4876098935706624,-0.4876098935706624,0.4876098935706624
5.0,41.4,30.2,26.0,0,0.045450156700844624,-0.045450156700844624,0.045450156700844624
7.82,74.4,55.7,52.8,1,0.7019076506887806,0.2980923493112194,0.2980923493112194
8.53,84.9,65.9,62.5,1,0.9041882515214227,0.09581174847857732,0.09581174847857732
4.51,39.6,26.1,26.3,0,-0.007020369068468146,0.007020369068468146,0.007020369068468146
5.57,73.4,51.4,42.6,0,0.3520152908046118,-0.3520152908046118,0.3520152908046118
8.02,68.0,86.1,69.5,1,0.8968619723974472,0.10313802760255275,0.10313802760255275
6.4,63.8,64.9,58.7,0,0.5974965765655277,-0.5974965765655277,0.5974965765655277
8.91,73.1,53.1,55.0,1,0.8373461308228011,0.16265386917719893,0.16265386917719893
8.12,60.2,62.1,54.8,1,0.7283650377712988,0.2716349622287012,0.2716349622287012
4.78,46.5,30.2,28.2,0,0.05622747664151084,-0.05622747664151084,0.05622747664151084
4.08,42.4,29.6,29.5,0,-0.011372902956644837,0.011372902956644837,0.011372902956644837
5.78,75.0,67.8,62.9,1,0.6004214877746207,0.3995785122253793,0.3995785122253793
4.21,67.0,59.1,50.6,0,0.2846984375941829,-0.2846984375941829,0.2846984375941829
5.23,40.1,30.0,29.7,0,0.10720581906843063,-0.10720581906843063,0.10720581906843063
6.45,76.2,36.6,54.6,0,0.5777503416186748,-0.5777503416186748,0.5777503416186748
6.05,77.7,43.4,52.7,0,0.5191908274196241,-0.5191908274196241,0.5191908274196241
7.14,65.2,55.5,49.0,1,0.571094726866565,0.42890527313343496,0.42890527313343496
9.18,82.2,66.9,79.4,1,1.1508511032026387,-0.15085110320263873,0.15085110320263873
6.97,81.8,88.9,72.8,1,0.8499135982284379,0.15008640177156207,0.15008640177156207
7.35,74.0,48.1,55.8,1,0.683003960734102,0.31699603926589803,0.31699603926589803
7.53,53.1,53.4,63.9,1,0.7497378407194702,0.25026215928052975,0.25026215928052975
6.32,49.7,23.4,27.6,0,0.21667427399591255,-0.21667427399591255,0.21667427399591255
7.24,69.8,45.3,60.8,1,0.7170062757116454,0.28299372428835456,0.28299372428835456
7.14,65.7,57.0,52.0,1,0.6049033183661648,0.39509668163383516,0.39509668163383516
7.62,75.7,81.4,68.2,1,0.8550254076741962,0.14497459232580379,0.14497459232580379
9.84,78.1,67.2,67.5,1,1.0830148194790792,-0.08301481947907918,0.08301481947907918
5.73,44.6,29.8,32.0,0,0.1935220803179173,-0.1935220803179173,0.1935220803179173
5.92,42.7,22.4,21.3,0,0.09232645658560723,-0.09232645658560723,0.09232645658560723
9.22,61.6,70.2,72.2,1,1.0370074850275866,-0.03700748502758655,0.03700748502758655
7.86,57.4,62.0,33.7,1,0.4664445676995713,0.5335554323004287,0.5335554323004287
9.86,81.0,75.4,70.2,1,1.1215229059386975,-0.12152290593869752,0.12152290593869752
9.96,76.8,59.9,73.2,1,1.1537129475841215,-0.15371294758412146,0.15371294758412146
5.49,52.8,28.8,28.3,0,0.1440561102068324,-0.1440561102068324,0.1440561102068324
7.18,77.5,61.5,55.0,1,0.6656104935761645,0.33438950642383547,0.33438950642383547
6.48,34.7,23.8,31.2,0,0.2431958361951686,-0.2431958361951686,0.2431958361951686
9.96,84.8,74.8,76.0,1,1.2023600795517622,-0.20236007955176216,0.20236007955176216
6.71,74.4,81.0,74.1,1,0.8208291119976404,0.17917088800235959,0.17917088800235959
7.22,64.9,46.1,48.2,0,0.5686233183233399,-0.5686233183233399,0.5686233183233399
4.37,51.4,24.9,29.3,0,0.033797794998497666,-0.033797794998497666,0.033797794998497666
5.22,40.0,23.6,32.4,0,0.13418040508847728,-0.13418040508847728,0.13418040508847728
4.45,36.7,2.0,53.4,1,0.2710938594894178,0.7289061405105822,0.7289061405105822
4.53,50.1,25.9,27.1,0,0.0243454626457813,-0.0243454626457813,0.0243454626457813
5.55,60.7,34.0,34.8,0,0.23732804782864403,-0.23732804782864403,0.23732804782864403
4.95,46.7,25.5,30.5,0,0.09865459487009498,-0.09865459487009498,0.09865459487009498
8.06,77.5,78.3,64.3,1,0.8619274436893415,0.1380725563106585,0.1380725563106585
6.97,62.5,60.6,52.9,1,0.5911416626086444,0.4088583373913556,0.4088583373913556
8.29,70.6,50.4,55.3,1,0.7700785687843016,0.2299214312156984,0.2299214312156984
7.05,74.1,48.4,57.2,1,0.6669241187318428,0.33307588126815724,0.33307588126815724
6.85,72.0,57.1,57.6,1,0.6476109562034039,0.3523890437965961,0.3523890437965961
5.66,52.7,26.1,35.5,0,0.23943500905737924,-0.23943500905737924,0.23943500905737924
6.17,67.6,57.7,51.4,1,0.5003005698546633,0.4996994301453367,0.4996994301453367
9.08,65.0,47.2,55.0,1,0.8383036018196969,0.16169639818030312,0.16169639818030312
8.86,79.6,65.2,81.0,1,1.1291991888047508,-0.1291991888047508,0.1291991888047508
8.98,83.2,67.9,80.1,1,1.1395666482039193,-0.13956664820391929,0.13956664820391929
6.55,72.8,54.5,47.7,0,0.509726043822942,-0.509726043822942,0.509726043822942
4.45,69.8,66.7,53.5,0,0.34819915959628245,-0.34819915959628245,0.34819915959628245
6.28,69.1,59.8,43.5,1,0.4293930693302149,0.5706069306697851,0.5706069306697851
9.94,78.1,84.7,92.1,1,1.3635930055577288,-0.3635930055577288,0.3635930055577288
5.72,65.2,56.0,54.0,0,0.4762365203653439,-0.4762365203653439,0.4762365203653439
5.66,44.7,30.7,30.0,0,0.16480158833864544,-0.16480158833864544,0.16480158833864544
9.83,99.8,97.2,86.2,1,1.3327089626968394,-0.33270896269683936,0.33270896269683936
7.76,84.5,66.9,73.2,1,0.9388240454394171,0.06117595456058289,0.06117595456058289
5.31,61.5,59.6,58.2,0,0.4720997471657832,-0.4720997471657832,0.4720997471657832
7.73,84.1,60.7,82.4,1,1.033712666511474,-0.033712666511473977,0.033712666511473977
4.05,34.0,6.0,26.4,0,-0.06869975251978,0.06869975251978,0.06869975251978
10.0,72.8,79.9,77.6,1,1.2012480744473573,-0.20124807444735726,0.20124807444735726
9.94,77.1,67.7,81.8,1,1.2469015277716209,-0.2469015277716209,0.2469015277716209
7.84,70.6,57.1,58.0,1,0.7532451161244255,0.24675488387557454,0.24675488387557454
7.21,77.8,85.7,55.4,1,0.6778246762787453,0.3221753237212547,0.3221753237212547
4.08,49.5,31.8,31.9,0,0.028997378461741774,-0.028997378461741774,0.028997378461741774
8.37,56.3,53.2,50.6,1,0.6998633248505156,0.3001366751494844,0.3001366751494844
7.86,59.7,55.7,54.1,1,0.6913678592757636,0.3086321407242364,0.3086321407242364
7.43,70.4,53.7,52.2,1,0.6462144125891608,0.3537855874108392,0.3537855874108392
10.0,79.4,62.6,67.7,1,1.1037677575243245,-0.10376775752432454,0.10376775752432454
7.96,57.7,45.9,55.3,0,0.7093067806935666,-0.7093067806935666,0.7093067806935666
6.12,77.2,82.3,64.1,1,0.6559739559258199,0.34402604407418014,0.34402604407418014
8.06,77.1,52.1,89.7,1,1.132439550584483,-0.1324395505844831,0.1324395505844831
9.92,84.8,74.7,64.9,1,1.0776264406990244,-0.07762644069902436,0.07762644069902436
9.93,91.4,79.6,82.0,1,1.2781250647269462,-0.2781250647269462,0.2781250647269462
9.55,72.5,80.1,86.8,1,1.2532871147306026,-0.2532871147306026,0.2532871147306026
5.54,42.3,24.3,31.4,0,0.161586953675258,-0.161586953675258,0.161586953675258
6.74,75.9,51.6,53.4,1,0.5971690052404025,0.4028309947595975,0.4028309947595975
8.32,58.1,61.6,61.4,1,0.8168316740789977,0.1831683259210023,0.1831683259210023
7.05,51.4,64.2,44.8,1,0.49043097639533617,0.5095690236046638,0.5095690236046638
7.58,75.2,62.3,46.7,1,0.6131548382135491,0.3868451617864509,0.3868451617864509
9.71,82.0,71.1,69.6,1,1.1004744071643384,-0.10047440716433842,0.10047440716433842
6.04,59.9,63.9,52.7,0,0.4866950943095275,-0.4866950943095275,0.4866950943095275
8.07,57.7,49.7,53.8,1,0.70522968171531,0.29477031828469,0.29477031828469
5.8,41.7,24.8,34.3,0,0.2193033395309537,-0.2193033395309537,0.2193033395309537
8.15,64.2,46.0,46.9,1,0.6508522080765365,0.34914779192346346,0.34914779192346346
8.6,65.4,94.6,75.3,1,1.017131716082297,-0.01713171608229702,0.01713171608229702
7.29,96.8,94.9,66.3,1,0.8434423150551634,0.15655768494483657,0.15655768494483657
4.79,48.8,26.6,28.1,0,0.06009346687845718,-0.06009346687845718,0.06009346687845718
9.98,83.7,77.7,78.5,1,1.2299399242426539,-0.22993992424265386,0.22993992424265386
5.86,69.9,55.0,52.0,0,0.4782910705132247,-0.4782910705132247,0.4782910705132247
8.59,71.6,45.4,47.5,1,0.7180308203837488,0.28196917961625123,0.28196917961625123
6.07,54.1,63.8,48.2,0,0.42958817583818576,-0.42958817583818576,0.42958817583818576
6.29,51.6,26.5,32.2,0,0.2677227610420291,-0.2677227610420291,0.2677227610420291
8.41,92.4,83.2,79.2,1,1.0905651358440096,-0.0905651358440096,0.0905651358440096
9.75,100.0,74.9,62.3,1,1.061406004649243,-0.06140600464924306,0.06140600464924306
6.35,43.6,26.1,32.6,0,0.2625979596680469,-0.2625979596680469,0.2625979596680469
6.29,63.1,48.5,50.1,1,0.4883933910845325,0.5116066089154675,0.5116066089154675
4.67,42.5,33.6,32.5,0,0.08408052457251247,-0.08408052457251247,0.08408052457251247
8.54,60.4,72.1,80.6,1,1.054713386877153,-0.05471338687715299,0.05471338687715299
7.03,47.0,26.5,27.0,0,0.28000303174090624,-0.28000303174090624,0.28000303174090624
9.09,92.1,75.4,59.7,1,0.9483948023906791,0.05160519760932092,0.05160519760932092
9.07,79.5,71.0,66.5,1,0.9946348462439062,0.00536515375609381,0.00536515375609381
7.09,94.2,93.3,81.7,1,0.9842452478967093,0.015754752103290692,0.015754752103290692
4.56,48.6,28.5,30.7,0,0.06408250380399272,-0.06408250380399272,0.06408250380399272
5.84,68.5,42.6,47.3,0,0.420296857016636,-0.420296857016636,0.420296857016636
9.38,75.1,54.4,57.5,1,0.9180293078614427,0.08197069213855734,0.08197069213855734
6.23,59.4,64.8,53.5,0,0.5145199610077068,-0.5145199610077068,0.5145199610077068
7.77,53.8,95.5,72.8,1,0.8801456113885665,0.1198543886114335,0.1198543886114335
5.69,72.5,66.8,51.5,1,0.46211488191639927,0.5378851180836007,0.5378851180836007
7.51,61.2,45.8,42.8,0,0.5331570105083997,-0.5331570105083997,0.5331570105083997
5.5,50.4,29.8,27.2,0,0.1286235053841912,-0.1286235053841912,0.1286235053841912
9.76,91.1,60.7,54.9,1,0.962220141442297,0.03777985855770305,0.03777985855770305
7.24,73.4,45.1,52.9,1,0.638268821499184,0.36173117850081604,0.36173117850081604
8.86,75.7,82.8,65.1,1,0.9519198847033713,0.0480801152966287,0.0480801152966287
7.7,71.8,57.5,46.4,1,0.6150149494059841,0.3849850505940159,0.3849850505940159
4.07,41.5,27.2,30.4,0,-0.004828836701614936,0.004828836701614936,0.004828836701614936
6.21,84.3,69.2,78.4,1,0.8323900162472563,0.16760998375274372,0.16760998375274372
8.0,63.5,55.2,59.6,1,0.7731686148915514,0.22683138510844858,0.22683138510844858
4.99,55.0,30.6,34.5,0,0.16345033859723823,-0.16345033859723823,0.16345033859723823
4.9,71.1,58.0,42.2,0,0.273872946534529,-0.273872946534529,0.273872946534529
6.53,68.3,55.2,53.7,0,0.564051879826252,-0.564051879826252,0.564051879826252
7.75,59.9,59.0,42.6,1,0.5559078989451446,0.4440921010548554,0.4440921010548554
9.93,99.8,96.5,51.3,0,0.9641884809223052,-0.9641884809223052,0.9641884809223052
5.25,41.9,31.9,31.6,0,0.1337937853559601,-0.1337937853559601,0.1337937853559601
9.88,90.8,90.1,76.4,1,1.2126851733041888,-0.2126851733041888,0.2126851733041888
4.86,55.0,24.5,27.8,0,0.07600554627947753,-0.07600554627947753,0.07600554627947753
9.45,85.8,84.2,87.4,1,1.2761011401035307,-0.2761011401035307,0.2761011401035307
8.81,87.4,70.2,72.8,1,1.0510824900422922,-0.05108249004229215,0.05108249004229215
7.14,74.4,75.0,85.8,1,0.9920213321064356,0.007978667893564384,0.007978667893564384
9.92,63.2,89.0,78.0,1,1.17989080621025,-0.17989080621025,0.17989080621025
7.74,83.8,80.7,78.8,1,0.9985023588729668,0.0014976411270332113,0.0014976411270332113
4.95,49.3,31.4,33.9,0,0.1416793610777728,-0.1416793610777728,0.1416793610777728
5.76,79.9,59.4,61.4,0,0.5902198648404618,-0.5902198648404618,0.5902198648404618
6.3,79.2,58.9,53.5,0,0.5597388141261145,-0.5597388141261145,0.5597388141261145
6.28,65.2,51.3,55.0,1,0.5451422214759912,0.45485777852400877,0.45485777852400877
7.03,60.1,53.9,58.0,0,0.6469631233497989,-0.6469631233497989,0.6469631233497989
5.87,49.4,27.7,24.6,0,0.13695730379101112,-0.13695730379101112,0.13695730379101112
8.73,66.3,48.0,48.0,1,0.7282112836803037,0.27178871631969626,0.27178871631969626
6.27,100.0,82.4,78.2,1,0.8695972681748346,0.13040273182516537,0.13040273182516537
6.82,65.6,59.7,54.7,0,0.6008527337534205,-0.6008527337534205,0.6008527337534205
7.65,89.5,70.4,70.7,1,0.910534289522079,0.08946571047792096,0.08946571047792096
6.07,85.1,62.6,47.6,1,0.48372522868129997,0.5162747713187,0.5162747713187
6.29,41.5,23.8,33.9,0,0.2658916522825484,-0.2658916522825484,0.2658916522825484
9.0,88.0,87.5,86.1,1,1.2195782040103103,-0.21957820401031025,0.21957820401031025
7.73,79.7,52.3,49.1,1,0.6621027251348207,0.3378972748651793,0.3378972748651793
9.61,72.4,57.2,77.2,1,1.1512609427018168,-0.15126094270181678,0.15126094270181678
9.2,79.1,72.1,60.7,1,0.9447283683705602,0.05527163162943982,0.05527163162943982
6.45,69.2,49.8,46.8,0,0.4815764560562591,-0.4815764560562591,0.4815764560562591
5.06,49.8,33.7,30.4,0,0.11661379139455352,-0.11661379139455352,0.11661379139455352
6.73,76.7,92.8,81.5,1,0.9098016848544587,0.09019831514554133,0.09019831514554133
9.81,81.7,72.8,89.4,1,1.3256536879809189,-0.32565368798091887,0.32565368798091887
9.07,71.9,58.5,49.3,1,0.7908413887805529,0.20915861121944712,0.20915861121944712
6.07,65.5,55.9,56.0,0,0.5353041379687605,-0.5353041379687605,0.5353041379687605
6.41,54.8,28.4,32.7,0,0.2923682927983292,-0.2923682927983292,0.2923682927983292
8.54,65.8,61.1,62.4,1,0.8658391590897622,0.13416084091023783,0.13416084091023783
6.36,77.8,71.4,81.8,1,0.8726827729702141,0.12731722702978587,0.12731722702978587
6.69,49.0,28.1,24.1,0,0.21698610058665324,-0.21698610058665324,0.21698610058665324
5.16,48.0,32.6,33.7,0,0.1592297334776559,-0.1592297334776559,0.1592297334776559
7.54,77.0,65.5,76.8,1,0.9398272490070104,0.060172750992989577,0.060172750992989577
4.57,52.4,30.6,27.0,0,0.032780564473298246,-0.032780564473298246,0.032780564473298246
6.3,61.7,39.4,58.3,0,0.574170630572839,-0.574170630572839,0.574170630572839
9.45,88.3,75.5,65.6,1,1.0428411408960025,-0.04284114089600255,0.04284114089600255
9.68,73.6,79.3,82.4,1,1.2212008810804789,-0.22120088108047886,0.22120088108047886
8.01,81.9,72.9,78.1,1,1.0142159480613455,-0.014215948061345518,0.014215948061345518
9.94,76.9,62.6,73.4,1,1.1544396046241485,-0.15443960462414852,0.15443960462414852
8.25,76.3,53.1,43.6,0,0.6504981960985431,-0.6504981960985431,0.6504981960985431
7.09,79.6,53.4,52.3,1,0.6295786218116787,0.3704213781883213,0.3704213781883213
8.07,66.4,45.3,48.8,1,0.6672726646164852,0.33272733538351484,0.33272733538351484
5.41,81.0,56.5,44.3,0,0.36944759504188973,-0.36944759504188973,0.36944759504188973
4.07,51.6,36.0,23.2,0,-0.06167038777387246,0.06167038777387246,0.06167038777387246
8.08,63.0,70.8,47.3,0,0.6497150738511782,-0.6497150738511782,0.6497150738511782
7.75,57.2,65.4,64.6,1,0.7905541883502237,0.20944581164977627,0.20944581164977627
6.03,77.4,38.8,64.5,0,0.6438279626026852,-0.6438279626026852,0.6438279626026852
5.03,61.2,64.8,57.9,0,0.4397157237109145,-0.4397157237109145,0.4397157237109145
6.73,80.2,66.8,73.8,1,0.828636559182741,0.17136344081725896,0.17136344081725896
8.38,77.3,78.2,69.3,1,0.9494318619202265,0.05056813807977345,0.05056813807977345
5.27,58.6,51.3,43.4,0,0.30010281121117377,-0.30010281121117377,0.30010281121117377
8.02,67.4,86.7,92.9,1,1.149840830567748,-0.1498408305677481,0.1498408305677481
7.46,70.8,55.2,48.1,0,0.6058945521270492,-0.6058945521270492,0.6058945521270492
6.21,89.5,64.6,65.1,1,0.6974147382497572,0.3025852617502428,0.3025852617502428
7.87,95.6,78.6,80.2,1,1.050170162519561,-0.05017016251956097,0.05017016251956097
9.19,76.4,70.8,72.9,1,1.070610927182837,-0.07061092718283701,0.07061092718283701
6.54,72.2,44.1,39.1,1,0.4123521267126812,0.5876478732873188,0.5876478732873188
5.81,45.9,23.5,34.9,0,0.23489162689666954,-0.23489162689666954,0.23489162689666954
7.63,68.0,60.1,58.3,1,0.7298410921197355,0.27015890788026453,0.27015890788026453
4.67,46.9,24.7,29.7,0,0.060799710179747835,-0.060799710179747835,0.060799710179747835
7.69,85.0,70.8,94.0,1,1.1589408560167955,-0.15894085601679553,0.15894085601679553
6.69,44.1,27.6,32.8,0,0.3017376901853185,-0.3017376901853185,0.3017376901853185
5.12,68.4,55.3,58.1,0,0.4638584156370874,-0.4638584156370874,0.4638584156370874
4.45,74.1,61.2,47.6,0,0.29164547502313154,-0.29164547502313154,0.29164547502313154
4.88,47.1,25.6,28.2,0,0.06712940573051329,-0.06712940573051329,0.06712940573051329
6.8,68.6,57.9,61.5,1,0.6781608001349259,0.32183919986507414,0.32183919986507414
9.89,92.4,86.2,80.4,1,1.2596395921771597,-0.2596395921771597,0.2596395921771597
5.16,54.1,33.9,29.1,0,0.12148417405187295,-0.12148417405187295,0.12148417405187295
9.36,61.3,62.0,46.5,1,0.7707064309556221,0.22929356904437792,0.22929356904437792
5.2,50.2,62.7,55.6,0,0.4106575273531107,-0.4106575273531107,0.4106575273531107
7.27,71.0,64.0,46.5,1,0.5704504414735122,0.4295495585264878,0.4295495585264878
6.64,66.5,53.5,48.1,0,0.5109888374201123,-0.5109888374201123,0.5109888374201123
6.49,49.7,25.4,25.6,0,0.21316692968702478,-0.21316692968702478,0.21316692968702478
9.14,69.6,66.0,68.3,1,1.001245906344053,-0.0012459063440530826,0.0012459063440530826
10.0,82.2,60.7,70.3,1,1.1371684565275046,-0.13716845652750465,0.13716845652750465
4.83,52.3,33.1,37.9,0,0.17867597940728353,-0.17867597940728353,0.17867597940728353
8.38,68.8,58.0,43.4,1,0.6481015161545288,0.3518984838454712,0.3518984838454712
8.89,71.1,67.4,68.7,1,0.9824996239371059,0.01750037606289412,0.01750037606289412
7.25,62.5,50.5,41.9,1,0.49941621772067857,0.5005837822793214,0.5005837822793214
5.35,70.9,42.2,52.9,0,0.43424496781486355,-0.43424496781486355,0.43424496781486355
5.06,44.5,34.4,29.9,0,0.10090031422559587,-0.10090031422559587,0.10090031422559587
6.61,58.4,26.2,29.6,0,0.28642136591703904,-0.28642136591703904,0.28642136591703904
9.0,73.6,80.6,80.2,1,1.1260756721111043,-0.12607567211110426,0.12607567211110426
9.84,96.3,97.4,49.9,1,0.9328132368228436,0.06718676317715644,0.06718676317715644
7.29,78.7,51.3,44.3,1,0.5616154073272751,0.4383845926727249,0.4383845926727249
8.12,75.7,79.1,81.6,1,1.052662312141051,-0.05266231214105099,0.05266231214105099
7.29,62.6,41.0,49.2,0,0.5814512422197881,-0.5814512422197881,0.5814512422197881
6.17,69.3,54.8,63.7,0,0.636684329464987,-0.636684329464987,0.636684329464987
8.22,61.6,51.9,53.0,1,0.720339165754229,0.27966083424577104,0.27966083424577104
6.8,73.2,50.1,60.5,1,0.6750029607855975,0.3249970392144025,0.3249970392144025
7.95,99.2,73.9,80.0,1,1.0626711050207405,-0.06267110502074047,0.06267110502074047
5.83,47.9,30.9,30.8,0,0.19766865182968696,-0.19766865182968696,0.19766865182968696
5.17,80.5,82.4,58.7,1,0.5040052588146916,0.4959947411853084,0.4959947411853084
6.65,61.9,52.2,48.1,1,0.5027876465447868,0.4972123534552132,0.4972123534552132
4.47,35.8,6.2,74.1,1,0.49688597869734574,0.5031140213026543,0.5031140213026543
7.02,62.6,39.5,55.8,1,0.6244771556528371,0.3755228443471629,0.3755228443471629
9.88,80.7,69.8,61.4,1,1.0265383509158257,-0.02653835091582568,0.02653835091582568
4.89,77.1,66.3,43.7,0,0.3023025577278592,-0.3023025577278592,0.3023025577278592
5.53,50.6,30.6,23.0,0,0.08670586812097858,-0.08670586812097858,0.08670586812097858
8.5,75.5,52.9,49.9,1,0.7435654780663735,0.2564345219336265,0.2564345219336265
7.33,83.0,77.6,75.3,1,0.9153161431550633,0.08468385684493673,0.08468385684493673
4.9,67.7,47.8,53.3,0,0.38597073405439775,-0.38597073405439775,0.38597073405439775
7.23,56.0,54.6,51.6,0,0.5905670500509085,-0.5905670500509085,0.5905670500509085
8.38,79.9,81.2,60.2,1,0.8562489619281041,0.14375103807189593,0.14375103807189593
9.87,99.0,96.6,84.8,1,1.3200398864093974,-0.3200398864093974,0.3200398864093974
8.03,56.6,62.2,53.2,1,0.6944855594590239,0.3055144405409761,0.3055144405409761
4.84,56.0,30.5,35.4,0,0.1594041029903991,-0.1594041029903991,0.1594041029903991
7.7,79.9,67.6,73.7,1,0.9290363239205682,0.07096367607943177,0.07096367607943177
8.99,93.6,78.3,80.4,1,1.1660656412958983,-0.1660656412958983,0.1660656412958983
7.43,64.0,51.6,40.5,0,0.5062650554050242,-0.5062650554050242,0.5062650554050242
7.86,77.4,78.6,73.1,1,0.9363060082037454,0.06369399179625457,0.06369399179625457
5.9,47.3,33.4,32.9,0,0.22707350642124846,-0.22707350642124846,0.22707350642124846
6.77,60.4,55.1,56.8,1,0.6074048510627109,0.3925951489372891,0.3925951489372891
7.74,97.8,65.5,83.1,1,1.070077053724762,-0.07007705372476192,0.07007705372476192
9.73,98.8,99.5,30.6,0,0.7169788469393704,-0.7169788469393704,0.7169788469393704
4.33,52.1,27.5,29.7,0,0.0357548386295411,-0.0357548386295411,0.0357548386295411
6.15,78.2,86.0,61.5,1,0.6334929178888914,0.3665070821111086,0.3665070821111086
7.57,68.1,53.7,52.8,1,0.6629261833196806,0.33707381668031944,0.33707381668031944
7.91,73.7,85.3,75.9,1,0.9658400914316198,0.03415990856838025,0.03415990856838025
7.77,72.1,49.6,50.7,1,0.6682972835590039,0.33170271644099614,0.33170271644099614
4.54,58.2,49.9,50.1,0,0.2951045791424173,-0.2951045791424173,0.2951045791424173
7.61,75.1,63.6,34.5,1,0.4838774161507061,0.5161225838492939,0.5161225838492939
7.5,80.4,83.8,77.0,1,0.9475924560950141,0.05240754390498592,0.05240754390498592
9.26,83.2,74.0,66.9,1,1.0267202813240601,-0.026720281324060124,0.026720281324060124
9.71,64.0,70.0,66.7,1,1.033465558239103,-0.03346555823910302,0.03346555823910302
5.72,42.8,28.1,28.5,0,0.1506479138955571,-0.1506479138955571,0.1506479138955571
8.82,82.4,68.2,65.5,1,0.9627203404920167,0.03727965950798329,0.03727965950798329
7.76,69.9,90.9,84.2,1,1.0336856550320892,-0.0336856550320892,0.0336856550320892
7.47,68.5,64.7,58.5,1,0.7169645399618528,0.28303546003814717,0.28303546003814717
8.3,74.1,76.9,74.1,1,0.9866345632637606,0.013365436736239356,0.013365436736239356
6.41,71.9,50.6,53.9,0,0.559894577440253,-0.559894577440253,0.559894577440253
8.01,72.0,64.9,52.6,1,0.7165620019126787,0.2834379980873213,0.2834379980873213
7.18,61.3,58.9,45.0,1,0.5247943867824955,0.47520561321750454,0.47520561321750454
7.42,63.9,61.0,41.9,0,0.5218217797706705,-0.5218217797706705,0.5218217797706705
5.97,64.4,46.0,51.9,0,0.4764324445418485,-0.4764324445418485,0.4764324445418485
6.64,56.3,44.1,45.4,0,0.4600471657018065,-0.4600471657018065,0.4600471657018065
9.98,80.1,76.7,71.4,1,1.1456172606741508,-0.14561726067415082,0.14561726067415082
6.45,72.4,52.5,60.3,1,0.6348889292612815,0.3651110707387185,0.3651110707387185
8.7,72.5,64.0,43.4,1,0.6900178690483695,0.3099821309516305,0.3099821309516305
6.53,66.3,57.6,39.1,0,0.4020227139909568,-0.4020227139909568,0.4020227139909568
7.14,74.3,56.1,46.1,1,0.5575759456395352,0.44242405436046484,0.44242405436046484
8.94,75.9,45.9,49.8,1,0.7883103277123219,0.2116896722876781,0.2116896722876781
5.64,44.4,26.3,33.4,0,0.19827386423387072,-0.19827386423387072,0.19827386423387072
6.21,80.8,74.8,84.7,1,0.8948740534288709,0.10512594657112906,0.10512594657112906
4.12,43.7,25.2,37.1,0,0.07714526045517611,-0.07714526045517611,0.07714526045517611
9.82,97.3,98.9,22.5,0,0.6354480806325876,-0.6354480806325876,0.6354480806325876
7.33,67.3,54.3,57.9,1,0.6916071668639349,0.30839283313606514,0.30839283313606514
5.28,65.1,44.8,46.1,1,0.34211859267659983,0.6578814073234002,0.6578814073234002
5.78,62.0,45.8,46.7,0,0.3952631486384114,-0.3952631486384114,0.3952631486384114
4.02,49.6,28.6,24.4,0,-0.05908549587860279,0.05908549587860279,0.05908549587860279
5.98,70.3,44.2,45.8,0,0.42253062307536704,-0.42253062307536704,0.42253062307536704
8.03,79.4,97.7,79.1,1,1.026499153109317,-0.026499153109317053,0.026499153109317053
4.99,38.9,24.3,21.6,0,-0.009286228155367615,0.009286228155367615,0.009286228155367615
9.97,93.5,79.8,77.5,1,1.2376287234400123,-0.2376287234400123,0.2376287234400123
9.81,87.0,61.7,72.9,1,1.1550230236842953,-0.15502302368429532,0.15502302368429532
8.91,77.9,42.2,44.8,1,0.7341672893077092,0.26583271069229075,0.26583271069229075
9.1,77.5,87.4,79.1,1,1.133458508981294,-0.13345850898129408,0.13345850898129408
9.08,100.0,75.5,66.1,1,1.0323543819130676,-0.03235438191306761,0.03235438191306761
7.47,75.3,54.8,57.8,1,0.7210242588666572,0.2789757411333428,0.2789757411333428
6.04,69.0,46.3,41.7,1,0.38212860330745146,0.6178713966925485,0.6178713966925485
9.79,96.5,98.4,72.5,1,1.173490685798745,-0.17349068579874505,0.17349068579874505
7.64,71.5,47.6,62.0,1,0.7758007022219685,0.2241992977780315,0.2241992977780315
6.6,64.0,51.6,49.7,1,0.5189244693168401,0.4810755306831599,0.4810755306831599
9.06,75.3,86.5,72.7,1,1.0552975399619267,-0.055297539961926656,0.055297539961926656
5.94,52.2,26.3,28.6,0,0.1929995008719233,-0.1929995008719233,0.1929995008719233
7.58,74.9,41.0,45.2,0,0.5926455331258814,-0.5926455331258814,0.5926455331258814
7.31,63.2,60.3,49.5,1,0.5912815619375439,0.4087184380624561,0.4087184380624561
6.81,65.2,50.3,43.1,1,0.47147101855418627,0.5285289814458137,0.5285289814458137
6.36,52.6,31.0,28.5,0,0.2376391418785052,-0.2376391418785052,0.2376391418785052
7.24,68.3,77.3,51.8,1,0.6218092207505838,0.37819077924941624,0.37819077924941624
5.37,46.0,19.1,32.0,0,0.15661185049660065,-0.15661185049660065,0.15661185049660065
7.31,82.1,51.8,59.0,1,0.7300753094396099,0.26992469056039015,0.26992469056039015
5.82,72.5,59.7,47.9,0,0.4354797641433118,-0.4354797641433118,0.4354797641433118
9.82,69.0,90.8,63.4,1,1.0225623574811835,-0.022562357481183515,0.022562357481183515
6.75,64.2,38.0,56.0,0,0.6011590821116811,-0.6011590821116811,0.6011590821116811
9.83,99.3,98.1,57.6,1,1.0213701540520788,-0.02137015405207876,0.02137015405207876
9.62,91.6,81.2,68.7,1,1.1018142402109743,-0.1018142402109743,0.1018142402109743
5.31,55.1,59.0,44.7,0,0.3128637242019049,-0.3128637242019049,0.3128637242019049
8.46,72.9,76.8,64.3,1,0.894677454668711,0.10532254533128904,0.10532254533128904
9.6,68.2,42.1,58.3,1,0.9341904854785118,0.0658095145214882,0.0658095145214882
8.27,91.8,78.1,78.4,1,1.0651186614051609,-0.06511866140516087,0.06511866140516087
6.02,69.0,70.4,40.9,0,0.3754538347878499,-0.3754538347878499,0.3754538347878499
7.36,99.8,69.3,62.7,1,0.813234034177074,0.18676596582292604,0.18676596582292604
10.0,89.6,77.8,75.2,1,1.207812906522029,-0.2078129065220291,0.2078129065220291
7.49,68.8,57.3,43.0,1,0.5501086232110027,0.44989137678899727,0.44989137678899727
6.9,71.4,44.5,56.7,1,0.6397661185741376,0.36023388142586243,0.36023388142586243
6.87,71.9,54.8,56.9,0,0.6415240478381655,-0.6415240478381655,0.6415240478381655
6.06,59.4,60.4,56.9,0,0.5328175772187415,-0.5328175772187415,0.5328175772187415
9.8,99.2,95.9,48.1,1,0.9145039826805647,0.08549601731943535,0.08549601731943535
5.62,58.4,51.8,50.7,1,0.4158334890055594,0.5841665109944406,0.5841665109944406
8.21,77.8,64.6,68.1,1,0.9171987449987836,0.08280125500121638,0.08280125500121638
9.86,98.8,97.0,48.1,1,0.920211893875723,0.079788106124277,0.079788106124277
9.97,96.2,85.4,67.9,1,1.1396573116198394,-0.1396573116198394,0.1396573116198394
9.23,69.7,72.9,80.2,1,1.1412764217512437,-0.14127642175124366,0.14127642175124366
7.53,80.9,79.6,68.6,1,0.8598110044302835,0.14018899556971653,0.14018899556971653
9.09,59.6,58.5,57.1,1,0.8534818677620978,0.14651813223790222,0.14651813223790222
5.85,45.2,32.1,31.7,0,0.20444619850356605,-0.20444619850356605,0.20444619850356605
8.17,83.1,49.8,49.8,1,0.722190411923704,0.27780958807629597,0.27780958807629597
4.37,43.5,30.1,28.2,0,0.007233973151460016,-0.007233973151460016,0.007233973151460016
9.21,78.0,74.1,77.5,1,1.126359144440967,-0.12635914444096707,0.12635914444096707
10.0,77.4,76.9,89.0,1,1.3335364337604223,-0.3335364337604223,0.3335364337604223
6.58,74.0,50.6,53.4,0,0.5764539735809834,-0.5764539735809834,0.5764539735809834
5.3,45.4,24.6,30.6,0,0.13381639256260225,-0.13381639256260225,0.13381639256260225
6.79,63.9,62.3,39.9,1,0.43412250502856053,0.5658774949714395,0.5658774949714395
8.4,79.3,52.1,72.9,1,0.9900911903529669,0.009908809647033112,0.009908809647033112
5.9,44.0,23.7,25.2,0,0.1353409051154676,-0.1353409051154676,0.1353409051154676
7.79,45.7,50.5,48.6,1,0.5959271388304327,0.4040728611695673,0.4040728611695673
6.82,59.4,43.5,43.6,1,0.46540404685057235,0.5345959531494276,0.5345959531494276
5.75,71.1,61.0,58.0,0,0.5352528573297858,-0.5352528573297858,0.5352528573297858
6.0,51.7,27.2,25.3,0,0.16264879791929843,-0.16264879791929843,0.16264879791929843
8.93,67.8,67.3,48.8,1,0.7641532100969967,0.23584678990300334,0.23584678990300334
5.09,48.9,23.8,29.0,0,0.10111045572824795,-0.10111045572824795,0.10111045572824795
7.88,71.0,69.2,57.7,1,0.7570417356369096,0.24295826436309043,0.24295826436309043
5.74,57.6,65.8,54.3,1,0.4683482607405255,0.5316517392594745,0.5316517392594745
7.11,77.3,71.6,87.5,1,1.012438328050179,-0.01243832805017897,0.01243832805017897
7.76,79.7,57.6,71.6,1,0.9104428941151635,0.08955710588483645,0.08955710588483645
7.83,76.8,100.0,75.6,1,0.9627698945369364,0.0372301054630636,0.0372301054630636
6.51,59.5,60.3,59.0,1,0.6030873368646891,0.39691266313531093,0.39691266313531093
9.44,71.2,74.0,70.5,1,1.0611646902634275,-0.061164690263427524,0.061164690263427524
4.66,41.6,24.4,29.2,0,0.04386467721621645,-0.04386467721621645,0.04386467721621645
9.17,82.3,85.8,87.1,1,1.2368208627428166,-0.23682086274281655,0.23682086274281655
8.09,61.7,57.6,52.8,1,0.7056749979465492,0.2943250020534508,0.2943250020534508
8.46,68.6,87.1,87.6,1,1.1409624505577702,-0.14096245055777024,0.14096245055777024
9.83,80.0,65.5,84.2,1,1.2667159717534768,-0.26671597175347683,0.26671597175347683
4.86,45.7,29.4,33.1,0,0.11612713610432734,-0.11612713610432734,0.11612713610432734
5.69,61.4,57.6,51.8,1,0.4420116193227318,0.5579883806772682,0.5579883806772682
8.94,83.5,87.3,80.7,1,1.1457767745213925,-0.14577677452139248,0.14577677452139248
9.46,66.8,86.7,81.9,1,1.1805661797400142,-0.1805661797400142,0.1805661797400142
6.43,69.9,44.3,45.2,1,0.4625390027265194,0.5374609972734806,0.5374609972734806
8.67,69.0,67.4,69.7,1,0.9661142093406035,0.03388579065939645,0.03388579065939645
4.22,33.4,2.5,55.7,1,0.26550127524705813,0.7344987247529419,0.7344987247529419
9.77,96.2,99.6,27.8,0,0.6856958171291073,-0.6856958171291073,0.6856958171291073
8.73,88.7,61.1,74.6,1,1.0632169971486984,-0.06321699714869844,0.06321699714869844
7.59,94.6,91.7,77.3,1,0.9895318455178673,0.010468154482132674,0.010468154482132674
7.38,45.3,32.6,30.4,0,0.351402313431603,-0.351402313431603,0.351402313431603
6.59,73.7,66.4,42.5,1,0.4612706720968781,0.5387293279031219,0.5387293279031219
8.08,86.2,66.8,80.3,1,1.052858097686253,-0.052858097686252936,0.052858097686252936
4.14,81.7,74.8,72.1,1,0.5423048275250345,0.4576951724749655,0.4576951724749655
8.15,63.0,41.7,53.5,1,0.7194190445059555,0.2805809554940445,0.2805809554940445
5.51,72.9,58.0,47.1,0,0.39471119640776353,-0.39471119640776353,0.39471119640776353
6.73,70.1,86.4,62.9,1,0.6938124581991837,0.3061875418008163,0.3061875418008163
9.28,78.6,83.7,76.9,1,1.1300173700538285,-0.13001737005382852,0.13001737005382852
9.85,80.5,73.2,80.7,1,1.2331137577641198,-0.2331137577641198,0.2331137577641198
6.89,82.2,69.9,81.0,1,0.9280768275753487,0.0719231724246513,0.0719231724246513
7.02,73.0,72.6,84.2,1,0.958881327516269,0.04111867248373102,0.04111867248373102
7.24,82.5,69.1,68.6,1,0.830683865841397,0.16931613415860303,0.16931613415860303
5.92,80.3,50.1,44.1,1,0.4184060658642227,0.5815939341357773,0.5815939341357773
5.87,49.1,26.1,27.5,0,0.16758069989031166,-0.16758069989031166,0.16758069989031166
6.62,67.3,42.0,45.1,0,0.47592396327168773,-0.47592396327168773,0.47592396327168773
5.44,48.4,31.1,27.8,0,0.12512793151485024,-0.12512793151485024,0.12512793151485024
6.4,81.8,55.0,52.1,0,0.5594865630952451,-0.5594865630952451,0.5594865630952451
6.72,72.6,47.5,55.4,1,0.609603349755946,0.390396650244054,0.390396650244054
9.6,68.2,73.0,86.3,1,1.2434601967139804,-0.24346019671398045,0.24346019671398045
9.89,72.2,87.3,64.5,1,1.0475460638428973,-0.04754606384289728,0.04754606384289728
9.07,68.7,52.8,49.7,1,0.7879295792012561,0.21207042079874394,0.21207042079874394
4.91,41.0,27.1,26.0,0,0.03467774936116663,-0.03467774936116663,0.03467774936116663
6.43,53.6,61.4,38.5,0,0.36071656250965145,-0.36071656250965145,0.36071656250965145
6.44,50.6,28.2,33.7,0,0.2980988904831138,-0.2980988904831138,0.2980988904831138
7.25,67.1,40.4,54.5,1,0.643521390133109,0.35647860986689095,0.35647860986689095
6.32,72.3,58.1,56.2,0,0.5774726889460383,-0.5774726889460383,0.5774726889460383
10.0,73.6,84.4,85.4,1,1.288271253124559,-0.28827125312455903,0.28827125312455903
8.99,59.1,42.8,48.1,1,0.741598853761077,0.25840114623892296,0.25840114623892296
9.13,72.3,57.2,54.6,1,0.8552524383587475,0.14474756164125246,0.14474756164125246
6.73,52.4,59.7,57.0,1,0.5904528349920858,0.4095471650079142,0.4095471650079142
6.97,80.0,66.8,75.1,1,0.8675798114812615,0.1324201885187385,0.1324201885187385
7.98,69.9,56.1,59.2,1,0.7794414077453126,0.22055859225468744,0.22055859225468744
8.04,72.5,60.6,59.7,1,0.797047334488811,0.20295266551118896,0.20295266551118896
9.98,87.2,82.1,71.7,1,1.1637338742991776,-0.16373387429917763,0.16373387429917763
7.65,66.5,56.6,52.9,0,0.669773060470266,-0.669773060470266,0.669773060470266
8.11,78.3,80.0,88.7,1,1.1339539065163602,-0.1339539065163602,0.1339539065163602
8.46,67.8,76.7,87.7,1,1.1387029157560642,-0.1387029157560642,0.1387029157560642
5.93,49.6,21.3,31.6,0,0.21856235778183442,-0.21856235778183442,0.21856235778183442
5.65,48.5,24.5,32.7,0,0.19946638755810475,-0.19946638755810475,0.19946638755810475
6.36,74.5,45.2,52.3,1,0.5414513579643486,0.4585486420356514,0.4585486420356514
4.63,48.6,27.2,37.8,0,0.14830186057610384,-0.14830186057610384,0.14830186057610384
8.04,77.0,52.2,50.6,1,0.7056489129041851,0.2943510870958149,0.2943510870958149
6.32,88.4,73.7,88.8,1,0.9656796431617402,0.03432035683825985,0.03432035683825985
8.52,70.1,90.9,78.7,1,1.0542335025270884,-0.05423350252708836,0.05423350252708836
4.81,92.8,88.4,78.9,1,0.7106545076912859,0.2893454923087141,0.2893454923087141
8.98,72.8,47.6,39.5,1,0.6748911195503772,0.32510888044962283,0.32510888044962283
6.91,57.4,48.6,49.8,0,0.5391198577478656,-0.5391198577478656,0.5391198577478656
6.95,53.9,57.2,52.6,1,0.5683198893999651,0.43168011060003486,0.43168011060003486
8.19,74.7,77.0,72.2,1,0.9556411790123484,0.04435882098765165,0.04435882098765165
6.67,75.5,82.6,63.8,1,0.7072306040053858,0.29276939599461416,0.29276939599461416
8.11,59.8,52.5,45.3,1,0.6217489399164714,0.3782510600835286,0.3782510600835286
7.36,65.8,49.8,48.2,1,0.5857341944263178,0.4142658055736822,0.4142658055736822
4.33,37.5,5.5,26.3,0,-0.03357456933596337,0.03357456933596337,0.03357456933596337
4.0,51.3,25.8,30.9,0,0.012242786150228335,-0.012242786150228335,0.012242786150228335
5.88,39.0,22.2,32.3,0,0.20025248709981625,-0.20025248709981625,0.20025248709981625
8.85,89.0,89.7,78.0,1,1.1182112602829464,-0.11821126028294637,0.11821126028294637
4.73,52.6,32.0,32.7,0,0.11211161744917686,-0.11211161744917686,0.11211161744917686
7.28,57.7,57.2,51.9,1,0.6028596431908381,0.39714035680916193,0.39714035680916193
9.9,83.2,92.2,64.2,1,1.0677701281978953,-0.0677701281978953,0.0677701281978953
7.18,83.2,69.5,75.9,1,0.9050771233750744,0.0949228766249256,0.0949228766249256
9.57,82.1,71.5,58.1,1,0.9611705346086398,0.03882946539136023,0.03882946539136023
9.14,81.4,76.9,79.9,1,1.1522120105834341,-0.15221201058343414,0.15221201058343414
6.35,65.7,51.4,47.3,1,0.4698981037161526,0.5301018962838474,0.5301018962838474
5.14,45.4,26.9,32.1,0,0.13367992590686384,-0.13367992590686384,0.13367992590686384
7.96,81.2,80.8,69.0,1,0.9101364783438269,0.08986352165617306,0.08986352165617306
8.66,80.6,74.9,82.5,1,1.12808500552863,-0.12808500552863,0.12808500552863
8.07,77.6,59.7,70.1,1,0.9229713029215466,0.07702869707845339,0.07702869707845339
9.91,80.9,64.7,64.4,1,1.061784441756616,-0.061784441756616015,0.061784441756616015
9.83,80.2,89.2,66.8,1,1.0822408008253013,-0.08224080082530127,0.08224080082530127
9.83,80.5,77.4,55.7,1,0.9603031119795596,0.03969688802044036,0.03969688802044036
9.53,88.4,75.9,70.3,1,1.1025409641106383,-0.10254096411063829,0.10254096411063829
9.95,76.3,72.3,60.7,1,1.0180837690184692,-0.018083769018469198,0.018083769018469198
5.78,45.0,23.2,24.1,0,0.11266508233975714,-0.11266508233975714,0.11266508233975714
4.12,64.1,49.4,44.2,0,0.198407051385867,-0.198407051385867,0.198407051385867
5.36,40.4,28.7,24.1,0,0.0604353548451414,-0.0604353548451414,0.0604353548451414
5.87,68.4,47.2,47.3,0,0.42403825433452214,-0.42403825433452214,0.42403825433452214
10.0,91.5,63.2,78.8,1,1.2481365865189398,-0.24813658651893977,0.24813658651893977
5.65,47.5,27.6,34.5,0,0.21757494438551805,-0.21757494438551805,0.21757494438551805
6.76,62.1,63.7,58.6,1,0.6307014414354409,0.36929855856455907,0.36929855856455907
7.73,95.9,85.3,66.5,1,0.8884485541063013,0.1115514458936987,0.1115514458936987
7.24,82.3,61.5,87.9,1,1.0385348421685272,-0.038534842168527206,0.038534842168527206
8.41,63.3,48.7,39.6,1,0.5976134643106487,0.40238653568935134,0.40238653568935134
7.94,53.3,65.2,49.5,1,0.6388901478774646,0.36110985212253544,0.36110985212253544
9.1,72.1,72.6,78.6,1,1.1149036493055338,-0.11490364930553376,0.11490364930553376
4.27,48.2,32.2,34.3,0,0.07253767767272423,-0.07253767767272423,0.07253767767272423
7.35,74.3,51.5,44.4,1,0.5604030428544539,0.43959695714554614,0.43959695714554614
9.01,86.8,87.9,69.6,1,1.039200780221353,-0.03920078022135298,0.03920078022135298
8.09,68.9,56.1,55.5,1,0.748867291504249,0.251132708495751,0.251132708495751
8.58,65.7,43.6,53.8,1,0.7734897068951144,0.22651029310488557,0.22651029310488557
4.85,54.7,27.4,30.1,0,0.09983174724270161,-0.09983174724270161,0.09983174724270161
7.09,71.5,50.2,59.6,1,0.6923877108268287,0.3076122891731713,0.3076122891731713
5.71,46.4,22.6,27.7,0,0.1470399695000132,-0.1470399695000132,0.1470399695000132
7.09,59.9,53.6,45.4,0,0.516026260520397,-0.516026260520397,0.516026260520397
7.61,82.5,90.1,89.9,1,1.1044056125390154,-0.10440561253901537,0.10440561253901537
8.65,67.8,60.0,50.4,1,0.7508533358002817,0.24914666419971832,0.24914666419971832
4.56,52.8,34.2,31.5,0,0.08198583868406717,-0.08198583868406717,0.08198583868406717
5.18,72.6,55.7,47.5,0,0.3633926851256456,-0.3633926851256456,0.3633926851256456
8.3,70.3,75.1,87.2,1,1.1210946152823937,-0.12109461528239374,0.12109461528239374
4.23,58.3,28.8,27.3,0,0.011581979155451116,-0.011581979155451116,0.011581979155451116
6.36,64.7,58.9,50.4,1,0.5039225551192402,0.4960774448807598,0.4960774448807598
9.97,83.3,92.9,77.6,1,1.220926336440527,-0.22092633644052695,0.22092633644052695
5.71,98.8,81.6,79.9,1,0.8267112358034453,0.1732887641965547,0.1732887641965547
4.48,74.2,48.5,46.7,1,0.28305592930513435,0.7169440706948657,0.7169440706948657
7.73,74.5,43.6,62.3,1,0.7937226578696083,0.20627734213039173,0.20627734213039173
7.05,71.2,49.2,48.0,0,0.561483046364245,-0.561483046364245,0.561483046364245
7.3,71.7,94.6,68.2,1,0.8157966024278754,0.18420339757212456,0.18420339757212456
8.32,77.1,73.7,68.8,1,0.9365373710101693,0.06346262898983068,0.06346262898983068
8.24,65.6,45.6,48.9,1,0.6847044842653333,0.31529551573466674,0.31529551573466674
7.39,66.7,45.2,58.2,0,0.698438936691958,-0.698438936691958,0.698438936691958
6.87,43.7,26.9,24.9,0,0.2339788249879916,-0.2339788249879916,0.2339788249879916
8.57,58.3,47.7,55.0,1,0.7716399652210525,0.2283600347789475,0.2283600347789475
7.59,85.7,82.1,76.8,1,0.9649935211401531,0.03500647885984687,0.03500647885984687
9.24,72.9,70.3,87.6,1,1.2285075192563522,-0.22850751925635215,0.22850751925635215
7.5,100.0,74.3,65.3,1,0.8574208448805797,0.14257915511942032,0.14257915511942032
8.67,77.8,79.2,83.2,1,1.1319729464618318,-0.13197294646183177,0.13197294646183177
7.6,88.4,79.0,87.5,1,1.0869859189394404,-0.08698591893944041,0.08698591893944041
6.65,60.4,41.0,34.5,0,0.35027621440741574,-0.35027621440741574,0.35027621440741574
7.29,63.6,62.1,56.4,1,0.6651856145471472,0.3348143854528528,0.3348143854528528
5.58,52.3,30.4,28.1,0,0.15063434982730584,-0.15063434982730584,0.15063434982730584
7.44,55.0,58.2,46.2,1,0.5526593944111534,0.4473406055888466,0.4473406055888466
6.35,46.2,31.3,23.9,0,0.17413329835897307,-0.17413329835897307,0.17413329835897307
5.21,69.9,54.2,57.1,0,0.46521647916492415,-0.46521647916492415,0.46521647916492415
10.0,86.9,72.9,55.0,1,0.9823645018224952,0.01763549817750476,0.01763549817750476
7.25,70.4,46.7,52.7,1,0.6315320679060245,0.36846793209397555,0.36846793209397555
5.88,59.6,52.2,49.2,0,0.42929548761620795,-0.42929548761620795,0.42929548761620795
7.84,66.4,78.1,78.6,1,0.972238414405714,0.027761585594285987,0.027761585594285987
7.88,68.3,85.7,72.5,1,0.9152410263094511,0.08475897369054886,0.08475897369054886
9.92,55.8,67.9,78.5,1,1.1671916784801262,-0.16719167848012617,0.16719167848012617
7.05,89.6,87.9,87.8,1,1.036317700351118,-0.03631770035111792,0.03631770035111792
8.08,75.5,78.3,71.5,1,0.9382736212709851,0.061726378729014875,0.061726378729014875
8.19,98.8,72.5,84.3,1,1.1335538954680948,-0.13355389546809482,0.13355389546809482
5.47,78.1,58.5,54.6,0,0.48222867750876885,-0.48222867750876885,0.48222867750876885
8.51,66.5,85.3,71.1,1,0.9626464324374037,0.037353567562596335,0.037353567562596335
8.63,92.1,94.4,73.1,1,1.048779578024393,-0.04877957802439292,0.04877957802439292
8.16,75.3,57.2,51.0,1,0.7201185754502201,0.27988142454977993,0.27988142454977993
9.96,100.0,96.5,75.2,1,1.2272166568915694,-0.22721665689156945,0.22721665689156945
6.18,71.8,44.0,40.3,0,0.38674563546682605,-0.38674563546682605,0.38674563546682605
6.44,68.7,60.7,49.9,1,0.5150608541940508,0.4849391458059492,0.4849391458059492
6.35,50.4,34.1,24.2,0,0.18611323740768404,-0.18611323740768404,0.18611323740768404
7.88,67.2,48.3,41.6,1,0.5712173176173475,0.4287826823826525,0.4287826823826525
7.94,80.9,94.0,79.5,1,1.023697051573186,-0.023697051573186023,0.023697051573186023
5.65,53.2,25.3,32.2,0,0.20340095801352243,-0.20340095801352243,0.20340095801352243
8.07,87.8,76.8,83.6,1,1.0924828218191323,-0.09248282181913225,0.09248282181913225
9.15,78.8,88.3,76.3,1,1.111018988224877,-0.1110189882248771,0.1110189882248771
7.92,76.9,56.0,55.6,1,0.7477753138319364,0.2522246861680636,0.2522246861680636
7.89,41.7,36.5,34.1,0,0.4387678806168639,-0.4387678806168639,0.4387678806168639
9.69,99.3,74.8,80.2,1,1.2480500385136906,-0.24805003851369056,0.24805003851369056
7.4,66.2,61.1,49.0,1,0.6013370188422963,0.3986629811577037,0.3986629811577037
10.0,81.5,79.3,72.0,1,1.1574253132614372,-0.15742531326143716,0.15742531326143716
9.84,95.9,83.7,57.5,1,1.0122034658008325,-0.012203465800832536,0.012203465800832536
6.77,79.7,61.2,60.9,0,0.6908474040196492,-0.6908474040196492,0.6908474040196492
6.65,74.3,54.7,46.6,1,0.5112711558473867,0.4887288441526133,0.4887288441526133
5.81,45.3,33.3,28.0,0,0.16047268100987788,-0.16047268100987788,0.16047268100987788
9.9,91.6,67.5,73.8,1,1.184272518606071,-0.18427251860607097,0.18427251860607097
8.98,79.4,58.1,83.1,1,1.1630055738596594,-0.16300557385965941,0.16300557385965941
6.21,68.5,58.2,48.0,0,0.46944243038988687,-0.46944243038988687,0.46944243038988687
7.2,66.2,51.7,54.6,0,0.6395141175364586,-0.6395141175364586,0.6395141175364586
5.58,42.5,33.2,28.9,0,0.14055942444629188,-0.14055942444629188,0.14055942444629188
4.87,64.5,59.1,50.7,0,0.3502361865062499,-0.3502361865062499,0.3502361865062499
9.22,86.3,76.1,76.9,1,1.1375308521581204,-0.13753085215812044,0.13753085215812044
5.62,50.1,30.2,25.4,0,0.12117106662058175,-0.12117106662058175,0.12117106662058175
9.28,69.6,79.9,71.7,1,1.0552444990874403,-0.055244499087440335,0.055244499087440335
9.78,82.2,84.0,92.0,1,1.3536220561839483,-0.35362205618394826,0.35362205618394826
7.94,67.9,48.0,47.3,1,0.6407307555373524,0.35926924446264763,0.35926924446264763
7.46,72.0,51.1,55.0,1,0.6824640611191904,0.31753593888080955,0.31753593888080955
8.48,76.2,76.8,71.9,1,0.9857708620614859,0.014229137938514103,0.014229137938514103
7.02,69.9,51.3,40.5,0,0.4747089964939165,-0.4747089964939165,0.4747089964939165
8.49,75.8,51.4,55.9,1,0.8079896620100239,0.19201033798997613,0.19201033798997613
7.73,71.8,58.2,50.7,1,0.6649723190159259,0.3350276809840741,0.3350276809840741
6.53,63.7,57.9,37.7,0,0.38177002191684883,-0.38177002191684883,0.38177002191684883
8.07,78.6,66.0,72.8,1,0.9553234560755776,0.04467654392442244,0.04467654392442244
9.21,74.2,73.6,66.2,1,0.9961296915158987,0.0038703084841013036,0.0038703084841013036
4.69,62.3,52.5,58.1,0,0.4062167410444496,-0.4062167410444496,0.4062167410444496
4.41,40.1,23.1,29.7,0,0.0198540476745952,-0.0198540476745952,0.0198540476745952
6.05,62.6,55.5,59.1,0,0.5610978510199424,-0.5610978510199424,0.5610978510199424
8.29,85.7,79.4,79.4,1,1.0663244412197694,-0.06632444121976944,0.06632444121976944
9.83,75.2,88.8,73.4,1,1.144013398268132,-0.14401339826813198,0.14401339826813198
6.55,42.8,24.8,27.6,0,0.22753864248242517,-0.22753864248242517,0.22753864248242517
7.43,69.2,46.5,48.1,1,0.5981162233740448,0.4018837766259552,0.4018837766259552
10.0,72.1,89.2,85.9,1,1.2915742362756846,-0.2915742362756846,0.2915742362756846
7.2,64.5,49.7,56.7,1,0.6586352981015492,0.3413647018984508,0.3413647018984508
5.26,45.3,25.2,24.3,0,0.061119606926090086,-0.061119606926090086,0.061119606926090086
5.94,69.3,50.3,51.1,0,0.47494708453438916,-0.47494708453438916,0.47494708453438916
5.9,50.6,31.0,33.8,0,0.24291349132902618,-0.24291349132902618,0.24291349132902618
6.61,73.4,59.6,57.6,1,0.6255641757373908,0.37443582426260924,0.37443582426260924
9.54,72.5,86.8,72.5,1,1.098124140594662,-0.09812414059466201,0.09812414059466201
6.88,76.7,56.6,53.1,1,0.6110483095632299,0.38895169043677014,0.38895169043677014
7.42,68.5,57.0,48.6,1,0.602911483339082,0.39708851666091804,0.39708851666091804
8.82,65.3,43.3,47.3,1,0.7273043688462596,0.2726956311537404,0.2726956311537404
9.99,74.5,71.8,75.5,1,1.1793524244495175,-0.1793524244495175,0.1793524244495175
8.36,89.6,90.9,86.3,1,1.158212794799549,-0.15821279479954908,0.15821279479954908
7.63,63.2,62.8,74.5,1,0.8967627400461841,0.10323725995381594,0.10323725995381594
9.21,82.8,94.8,71.9,1,1.0785151418381367,-0.07851514183813668,0.07851514183813668
9.87,89.5,61.0,85.9,1,1.3072580430133742,-0.3072580430133742,0.3072580430133742
7.93,73.2,86.4,95.3,1,1.1777743061191255,-0.17777430611912548,0.17777430611912548
7.74,69.1,53.4,59.2,1,0.7521884318768298,0.24781156812317018,0.24781156812317018
6.12,68.0,62.1,49.4,1,0.47486809371924277,0.5251319062807572,0.5251319062807572
7.58,64.1,47.7,57.1,1,0.7017859939880983,0.29821400601190173,0.29821400601190173
4.91,52.1,29.9,27.9,0,0.07757430248014707,-0.07757430248014707,0.07757430248014707
4.0,49.3,25.6,35.2,0,0.05496765653431368,-0.05496765653431368,0.05496765653431368
9.9,99.3,98.7,50.5,1,0.9517440256038695,0.0482559743961305,0.0482559743961305
8.39,79.8,85.8,86.1,1,1.13908543090275,-0.13908543090275005,0.13908543090275005
6.55,72.7,59.5,41.3,0,0.4408980390517937,-0.4408980390517937,0.4408980390517937
8.14,68.7,77.5,99.2,1,1.231832992961778,-0.23183299296177795,0.23183299296177795
6.62,46.1,33.7,32.0,0,0.2906628911661798,-0.2906628911661798,0.2906628911661798
6.88,87.3,61.1,74.2,1,0.8617082508853354,0.13829174911466457,0.13829174911466457
7.78,77.8,50.0,52.0,1,0.694720238837706,0.30527976116229405,0.30527976116229405
8.97,76.0,96.1,81.0,1,1.1389650808168437,-0.13896508081684367,0.13896508081684367
7.06,70.4,52.2,47.5,1,0.5560469119830179,0.4439530880169821,0.4439530880169821
4.97,50.8,30.6,28.2,0,0.0847042720568365,-0.0847042720568365,0.0847042720568365
9.46,87.6,84.7,73.4,1,1.1287726324181682,-0.12877263241816816,0.12877263241816816
9.18,72.7,65.6,52.5,1,0.8399259188138993,0.16007408118610067,0.16007408118610067
8.21,81.1,95.3,79.8,1,1.055943083284705,-0.055943083284704986,0.055943083284704986
6.95,63.3,49.9,49.4,1,0.5507847970751475,0.4492152029248525,0.4492152029248525
8.98,87.0,87.1,82.5,1,1.1763597528072562,-0.17635975280725624,0.17635975280725624
6.72,70.0,63.1,49.0,1,0.5376764877386621,0.46232351226133794,0.46232351226133794
9.74,72.3,87.0,90.3,1,1.3120387708429542,-0.31203877084295417,0.31203877084295417
5.48,73.5,51.6,57.4,1,0.5034715105574578,0.49652848944254224,0.49652848944254224
5.51,66.3,60.9,57.6,0,0.4962483690041931,-0.4962483690041931,0.4962483690041931
6.56,45.9,66.6,65.0,0,0.6478609594377268,-0.6478609594377268,0.6478609594377268
4.46,46.8,22.8,36.1,0,0.10769508500547176,-0.10769508500547176,0.10769508500547176
5.82,44.3,23.8,32.5,0,0.20679591650001716,-0.20679591650001716,0.20679591650001716
7.92,97.4,74.4,73.9,1,0.9898422978008711,0.010157702199128926,0.010157702199128926
6.53,54.0,52.4,56.6,1,0.5669871204100573,0.4330128795899427,0.4330128795899427
7.3,54.5,56.7,55.8,0,0.6409366035792662,-0.6409366035792662,0.6409366035792662
7.37,70.9,41.8,49.0,1,0.6041173207383769,0.3958826792616231,0.3958826792616231
7.76,77.3,96.4,73.6,1,0.9340667175366676,0.06593328246333241,0.06593328246333241
7.8,79.2,57.2,68.7,1,0.8821113434809168,0.1178886565190832,0.1178886565190832
7.76,77.1,79.2,64.9,1,0.8362828244407622,0.16371717555923782,0.16371717555923782
7.18,78.8,81.1,84.9,1,0.9961322320541403,0.003867767945859746,0.003867767945859746
6.68,61.7,28.4,28.4,0,0.2876029344315184,-0.2876029344315184,0.2876029344315184
9.12,77.9,74.7,86.7,1,1.2166916783092283,-0.2166916783092283,0.2166916783092283
6.52,76.2,51.3,52.4,0,0.5637297864608309,-0.5637297864608309,0.5637297864608309
7.08,65.6,44.9,55.0,1,0.6289077772773096,0.3710922227226904,0.3710922227226904
5.6,78.3,59.5,49.7,1,0.44325431388638104,0.556745686113619,0.556745686113619
5.09,52.6,26.2,27.8,0,0.09575505190879785,-0.09575505190879785,0.09575505190879785
6.58,77.8,84.8,73.5,1,0.807976124732999,0.19202387526700104,0.19202387526700104
9.8,86.0,71.8,81.6,1,1.2481886789817778,-0.24818867898177777,0.24818867898177777
10.0,72.8,94.6,68.5,1,1.1049577222180895,-0.10495772221808952,0.10495772221808952
7.5,100.0,80.0,65.0,1,0.8551364422683579,0.14486355773164206,0.14486355773164206
6.37,53.2,22.4,26.6,0,0.21777197525975345,-0.21777197525975345,0.21777197525975345
10.0,85.6,72.4,74.1,1,1.187096279490635,-0.187096279490635,0.187096279490635
8.25,65.6,57.4,47.4,0,0.6714835246476213,-0.6714835246476213,0.6714835246476213
6.32,66.7,73.9,96.2,1,1.0034565075316442,-0.0034565075316441707,0.0034565075316441707
8.1,88.8,79.6,69.4,1,0.9439067375607343,0.05609326243926571,0.05609326243926571
4.14,33.7,3.7,64.2,0,0.35017242850383556,-0.35017242850383556,0.35017242850383556
8.67,91.7,52.5,69.0,1,1.0005339413902141,-0.000533941390214121,0.000533941390214121
4.19,39.5,28.9,35.2,0,0.05625965099418173,-0.05625965099418173,0.05625965099418173
6.55,77.5,41.7,56.2,1,0.6090529790899409,0.39094702091005906,0.39094702091005906
9.02,84.0,76.7,81.2,1,1.1587851940588099,-0.15878519405880986,0.15878519405880986
7.21,71.8,45.0,57.4,1,0.6808146828473444,0.31918531715265563,0.31918531715265563
6.95,54.7,59.6,58.8,0,0.6376134673423085,-0.6376134673423085,0.6376134673423085
8.42,68.5,52.8,61.9,1,0.8516837480484395,0.1483162519515605,0.1483162519515605
7.1,68.6,60.6,51.2,1,0.5983214009913681,0.4016785990086319,0.4016785990086319
9.68,83.7,78.3,74.0,1,1.1496585344379575,-0.1496585344379575,0.1496585344379575
7.27,68.6,52.3,53.3,1,0.6375701555997685,0.3624298444002315,0.3624298444002315
4.0,49.0,30.2,30.0,0,-0.0012928007929172702,0.0012928007929172702,0.0012928007929172702
4.2,37.4,33.2,34.4,0,0.04523622691608298,-0.04523622691608298,0.04523622691608298
5.45,55.4,21.6,31.9,0,0.1828131441041806,-0.1828131441041806,0.1828131441041806
5.45,79.0,46.7,54.9,0,0.4831370925829531,-0.4831370925829531,0.4831370925829531
8.73,66.1,78.3,79.2,1,1.0717284574510262,-0.07172845745102618,0.07172845745102618
9.58,59.2,71.6,73.3,1,1.0823102977604964,-0.08231029776049636,0.08231029776049636
9.65,88.7,86.0,69.6,1,1.1098644126375472,-0.1098644126375472,0.1098644126375472
7.82,70.7,89.3,60.0,1,0.7785485843050123,0.22145141569498772,0.22145141569498772
7.49,66.9,54.2,47.7,1,0.5968777278677507,0.40312227213224927,0.40312227213224927
9.64,100.0,80.5,75.9,1,1.1984571848422871,-0.19845718484228714,0.19845718484228714
9.48,70.1,84.9,83.0,1,1.2007817709525912,-0.2007817709525912,0.2007817709525912
6.49,55.5,43.3,58.5,0,0.5848035731992195,-0.5848035731992195,0.5848035731992195
9.74,98.4,59.5,77.7,1,1.2217842807601769,-0.22178428076017687,0.22178428076017687
5.5,51.5,23.7,26.2,0,0.11888492685668683,-0.11888492685668683,0.11888492685668683
8.47,100.0,100.0,78.5,1,1.1070571200296269,-0.10705712002962686,0.10705712002962686
6.94,67.0,54.1,44.9,1,0.5088574826907807,0.4911425173092193,0.4911425173092193
7.95,79.6,82.6,93.7,1,1.1744202414163016,-0.17442024141630164,0.17442024141630164
8.06,78.6,61.8,48.4,1,0.6886444710107323,0.31135552898926766,0.31135552898926766
6.67,67.4,55.1,62.0,1,0.667093996627658,0.332906003372342,0.332906003372342
5.63,50.1,28.0,22.7,0,0.09253258206114046,-0.09253258206114046,0.09253258206114046
9.29,82.8,66.0,90.1,1,1.2796054837606796,-0.2796054837606796,0.2796054837606796
6.73,80.7,49.6,53.2,1,0.6030282667562227,0.3969717332437773,0.3969717332437773
7.81,79.1,75.6,75.9,1,0.9642764590662313,0.03572354093376873,0.03572354093376873
8.94,75.0,47.3,44.4,1,0.7281545273994733,0.2718454726005267,0.2718454726005267
6.55,64.8,51.7,56.1,0,0.5847424273883982,-0.5847424273883982,0.5847424273883982
6.16,53.5,33.7,31.3,0,0.24924822911346223,-0.24924822911346223,0.24924822911346223
6.2,63.1,42.2,63.0,0,0.617915734175381,-0.617915734175381,0.617915734175381
6.4,68.4,55.1,50.0,0,0.5103983640290878,-0.5103983640290878,0.5103983640290878
9.36,88.8,88.6,70.7,1,1.0919708644761044,-0.09197086447610436,0.09197086447610436
7.03,72.4,42.6,51.9,1,0.6029530512499551,0.39704694875004487,0.39704694875004487
8.38,66.3,58.9,56.7,1,0.7877457550183588,0.21225424498164125,0.21225424498164125
5.08,47.4,33.4,31.1,0,0.12155288826594879,-0.12155288826594879,0.12155288826594879
8.88,88.3,66.0,82.6,1,1.1658877115188302,-0.1658877115188302,0.1658877115188302
7.56,67.8,88.0,66.3,1,0.8137094419277363,0.1862905580722637,0.1862905580722637
4.41,40.7,27.9,28.2,0,0.005565492118576043,-0.005565492118576043,0.005565492118576043
8.51,77.3,74.8,96.6,1,1.258910144792155,-0.2589101447921549,0.2589101447921549
6.8,69.1,65.6,47.8,1,0.531715144443948,0.46828485555605204,0.46828485555605204
7.33,62.2,55.5,47.8,1,0.5721442179781892,0.42785578202181085,0.42785578202181085
7.69,69.7,57.3,57.6,1,0.7314060594813024,0.26859394051869756,0.26859394051869756
7.61,100.0,73.2,73.4,1,0.9567349779303628,0.04326502206963723,0.04326502206963723
5.92,80.4,49.6,45.2,0,0.4304597755492151,-0.4304597755492151,0.4304597755492151
7.95,86.3,76.8,73.3,1,0.9650999710262932,0.03490002897370681,0.03490002897370681
8.48,63.8,59.2,49.2,1,0.7119705947756026,0.28802940522439735,0.28802940522439735
8.59,92.3,80.4,89.0,1,1.2152061342335743,-0.21520613423357426,0.21520613423357426
7.93,79.9,78.1,65.4,1,0.8648856970615656,0.1351143029384344,0.1351143029384344
6.37,64.7,56.9,53.1,1,0.5339461221956651,0.46605387780433494,0.46605387780433494
7.3,74.5,45.7,49.7,1,0.6120935830668194,0.3879064169331806,0.3879064169331806
6.78,73.0,54.6,48.0,1,0.5375636719371432,0.46243632806285684,0.46243632806285684
9.99,98.6,95.8,63.8,1,1.103731525409477,-0.10373152540947705,0.10373152540947705
7.63,71.1,51.2,46.0,0,0.6008665359421773,-0.6008665359421773,0.6008665359421773
9.84,82.7,89.9,77.9,1,1.2088318574154093,-0.20883185741540933,0.20883185741540933
5.69,72.6,63.4,78.3,1,0.7526991860744482,0.2473008139255518,0.2473008139255518
7.12,64.9,57.9,43.2,0,0.505842814461695,-0.505842814461695,0.505842814461695
6.68,44.2,28.5,34.7,0,0.3216650217411371,-0.3216650217411371,0.3216650217411371
6.62,66.8,52.6,48.6,1,0.5147508814108804,0.48524911858911957,0.48524911858911957
6.03,62.3,52.7,54.7,0,0.5101583909362423,-0.5101583909362423,0.5101583909362423
5.73,60.6,62.0,47.7,0,0.4008818314541366,-0.4008818314541366,0.4008818314541366
7.97,37.1,23.3,28.0,0,0.36966446069466985,-0.36966446069466985,0.36966446069466985
5.47,70.6,55.7,57.5,0,0.4985129862873253,-0.4985129862873253,0.4985129862873253
7.35,76.8,74.7,62.1,1,0.7614391638358292,0.2385608361641708,0.2385608361641708
6.08,45.8,25.0,29.4,0,0.2036121284210003,-0.2036121284210003,0.2036121284210003
6.2,68.0,57.7,53.3,1,0.524866869801247,0.47513313019875303,0.47513313019875303
8.54,48.7,34.7,28.8,0,0.46296906569565477,-0.46296906569565477,0.46296906569565477
10.0,77.7,77.9,66.7,1,1.092184410655273,-0.09218441065527294,0.09218441065527294
8.41,71.4,80.9,74.6,1,0.9990052740043583,0.0009947259956416543,0.0009947259956416543
6.29,39.9,22.1,26.0,0,0.17669011232210663,-0.17669011232210663,0.17669011232210663
5.97,88.4,56.9,47.5,1,0.47763598710997546,0.5223640128900245,0.5223640128900245
6.57,81.8,73.0,64.4,1,0.7139650385809947,0.2860349614190053,0.2860349614190053
10.0,90.3,64.1,89.0,1,1.3566760832807043,-0.3566760832807043,0.3566760832807043
6.27,84.7,57.5,59.6,0,0.6333720643918778,-0.6333720643918778,0.6333720643918778
7.54,65.3,55.9,46.7,1,0.58842438258147,0.41157561741853,0.41157561741853
7.34,60.3,45.7,52.9,1,0.6231636835941049,0.3768363164058951,0.3768363164058951
6.54,72.5,87.3,87.5,1,0.9457930202129651,0.054206979787034926,0.054206979787034926
7.66,60.7,49.4,52.5,1,0.6538665085488798,0.34613349145112016,0.34613349145112016
6.22,64.1,44.9,46.6,1,0.44438622942017647,0.5556137705798235,0.5556137705798235
9.77,89.5,79.2,88.3,1,1.3259116649211653,-0.3259116649211653,0.3259116649211653
6.89,75.4,62.1,79.8,1,0.9003682635110316,0.09963173648896839,0.09963173648896839
8.2,70.8,50.7,51.8,1,0.7230646510367099,0.2769353489632901,0.2769353489632901
7.3,73.6,73.5,78.6,1,0.9288388116062986,0.07116118839370145,0.07116118839370145
5.76,45.5,24.8,29.8,0,0.17370288776884035,-0.17370288776884035,0.17370288776884035
5.67,79.3,43.6,60.0,0,0.5616877532055812,-0.5616877532055812,0.5616877532055812
8.12,87.3,70.9,69.4,1,0.9415792483552466,0.058420751644753355,0.058420751644753355
8.35,83.6,89.5,51.7,1,0.769491409918906,0.23050859008109403,0.23050859008109403
9.33,59.6,85.9,77.9,1,1.1092054849616764,-0.10920548496167637,0.10920548496167637
7.95,79.2,91.5,68.0,1,0.8961283067397653,0.10387169326023471,0.10387169326023471
4.0,65.6,54.9,56.9,0,0.3275635877679196,-0.3275635877679196,0.3275635877679196
8.1,73.3,54.6,57.5,1,0.7800139000956662,0.21998609990433382,0.21998609990433382
8.24,98.5,78.1,73.0,1,1.0164907802750482,-0.016490780275048245,0.016490780275048245
7.34,65.6,53.0,60.5,1,0.7173272195338459,0.28267278046615407,0.28267278046615407
6.5,71.8,62.7,49.1,1,0.5191075761537302,0.48089242384626985,0.48089242384626985
6.61,50.6,29.6,29.4,0,0.26951800444339946,-0.26951800444339946,0.26951800444339946
10.0,82.7,67.5,97.1,1,1.430278628464687,-0.4302786284646869,0.4302786284646869
4.57,58.0,28.0,30.5,0,0.08132980399788226,-0.08132980399788226,0.08132980399788226
8.55,75.6,67.7,52.7,1,0.7819415984850241,0.2180584015149759,0.2180584015149759
6.42,86.3,60.3,55.9,0,0.6125834469949188,-0.6125834469949188,0.6125834469949188
8.08,70.8,57.1,55.3,1,0.7495455176057074,0.2504544823942926,0.2504544823942926
5.82,53.1,27.0,28.5,0,0.1811891706209411,-0.1811891706209411,0.1811891706209411
8.18,73.6,74.6,69.9,1,0.9270501535163417,0.07294984648365832,0.07294984648365832
7.71,48.2,28.2,33.0,0,0.41925259379472013,-0.41925259379472013,0.41925259379472013
6.74,77.2,53.1,54.8,0,0.6151768393020246,-0.6151768393020246,0.6151768393020246
6.68,78.8,54.5,43.6,0,0.49065261830558493,-0.49065261830558493,0.49065261830558493
9.22,83.8,80.3,61.6,1,0.9672273911499941,0.03277260885000588,0.03277260885000588
6.93,63.5,55.7,47.4,1,0.5283513289101026,0.4716486710898974,0.4716486710898974
4.48,54.5,31.4,34.9,0,0.11335191520237065,-0.11335191520237065,0.11335191520237065
8.9,57.6,53.8,58.5,1,0.8439862355403039,0.15601376445969606,0.15601376445969606
9.48,90.0,98.3,78.1,1,1.1889347239991097,-0.1889347239991097,0.1889347239991097
6.67,69.4,53.2,44.3,0,0.4785266596464187,-0.4785266596464187,0.4785266596464187
6.63,55.0,59.5,58.0,0,0.5958707235967006,-0.5958707235967006,0.5958707235967006
6.64,77.8,88.0,72.9,1,0.8083134264010422,0.1916865735989578,0.1916865735989578
5.53,76.1,76.4,63.6,0,0.5853757517438233,-0.5853757517438233,0.5853757517438233
4.47,49.5,23.8,35.7,0,0.10987419710038604,-0.10987419710038604,0.10987419710038604
4.3,53.7,25.0,24.3,0,-0.02331146827250763,0.02331146827250763,0.02331146827250763
7.3,66.0,59.5,53.8,1,0.6422760081340783,0.35772399186592174,0.35772399186592174
6.27,76.6,55.2,57.4,1,0.5931930242306628,0.4068069757693372,0.4068069757693372
8.81,91.5,71.7,68.7,1,1.0148733753240626,-0.014873375324062632,0.014873375324062632
6.71,79.6,71.6,92.4,1,1.028116626688683,-0.028116626688682977,0.028116626688682977
7.5,89.0,86.2,85.8,1,1.0604264590758707,-0.06042645907587074,0.06042645907587074
9.07,71.6,76.3,65.9,1,0.9735166006472552,0.026483399352744796,0.026483399352744796
9.38,86.2,81.5,61.1,1,0.9835295906460985,0.01647040935390154,0.01647040935390154
6.6,61.0,54.3,52.6,1,0.5449812944600191,0.4550187055399809,0.4550187055399809
5.72,47.7,22.0,31.6,0,0.19288290114688478,-0.19288290114688478,0.19288290114688478
4.81,46.0,22.9,26.8,0,0.041953069891686234,-0.041953069891686234,0.041953069891686234
6.78,58.0,56.4,53.1,0,0.5637951826153466,-0.5637951826153466,0.5637951826153466
4.63,46.1,19.3,29.7,0,0.05410409859981724,-0.05410409859981724,0.05410409859981724
6.06,47.2,21.6,30.2,0,0.2123640626354345,-0.2123640626354345,0.2123640626354345
6.94,72.7,67.7,75.8,1,0.8578499769586753,0.14215002304132474,0.14215002304132474
6.31,60.7,32.3,32.6,0,0.2930213452765834,-0.2930213452765834,0.2930213452765834
5.47,71.1,72.2,74.4,1,0.6857939387189321,0.31420606128106787,0.31420606128106787
6.64,62.6,60.6,52.7,1,0.5544866717694813,0.4455133282305187,0.4455133282305187
6.98,70.3,66.7,47.5,0,0.5499177774328868,-0.5499177774328868,0.5499177774328868
6.19,61.3,50.5,45.1,0,0.42040694181438665,-0.42040694181438665,0.42040694181438665
6.06,44.3,26.2,29.9,0,0.20419896022242023,-0.20419896022242023,0.20419896022242023
7.67,69.6,53.8,55.6,1,0.7067966182288322,0.2932033817711678,0.2932033817711678
7.68,82.5,87.5,62.9,1,0.8181786562086982,0.18182134379130177,0.18182134379130177
9.6,79.3,86.7,58.3,1,0.9635918595337435,0.03640814046625651,0.03640814046625651
7.0,62.1,32.8,32.1,0,0.36293900665741996,-0.36293900665741996,0.36293900665741996
7.04,60.2,51.3,45.1,1,0.50771105886344,0.49228894113655997,0.49228894113655997
7.0,62.9,42.8,52.5,0,0.5876992433983993,-0.5876992433983993,0.5876992433983993
6.87,48.5,26.0,29.4,0,0.2921047131777247,-0.2921047131777247,0.2921047131777247
5.95,51.9,29.5,29.2,0,0.20052177037650643,-0.20052177037650643,0.20052177037650643
5.81,65.1,69.4,53.2,0,0.4790994540070864,-0.4790994540070864,0.4790994540070864
8.42,68.6,53.1,55.5,1,0.782446308633438,0.217553691366562,0.217553691366562
7.53,64.7,70.3,62.4,0,0.759108229255948,-0.759108229255948,0.759108229255948
7.24,69.5,46.2,54.9,1,0.6525144981666312,0.3474855018333688,0.3474855018333688
8.54,60.6,89.3,87.0,1,1.1275261281524416,-0.12752612815244158,0.12752612815244158
7.06,73.7,48.8,48.0,1,0.5673734380281653,0.4326265619718347,0.4326265619718347
8.36,80.1,78.5,84.6,1,1.1189903648456534,-0.1189903648456534,0.1189903648456534
8.28,84.8,73.1,72.6,1,0.9886038995720247,0.011396100427975342,0.011396100427975342
9.87,88.0,59.9,67.3,1,1.1021850617110123,-0.10218506171101227,0.10218506171101227
5.61,65.1,56.3,50.4,0,0.42544615899705207,-0.42544615899705207,0.42544615899705207
5.66,55.6,53.2,49.8,1,0.4050080271562987,0.5949919728437013,0.5949919728437013
7.88,80.1,86.3,81.8,1,1.0394782852696203,-0.03947828526962027,0.03947828526962027
6.61,63.4,63.0,54.0,1,0.5674281214787059,0.4325718785212941,0.4325718785212941
7.15,87.9,67.3,90.5,1,1.0692880666603872,-0.06928806666038723,0.06928806666038723
4.0,51.5,23.1,30.3,0,0.00566043768865121,-0.00566043768865121,0.00566043768865121
6.34,46.3,26.5,32.6,0,0.2669156789765835,-0.2669156789765835,0.2669156789765835
8.33,70.9,59.3,52.5,1,0.7459902426225181,0.2540097573774819,0.2540097573774819
7.14,73.6,52.8,53.9,1,0.6403234080881136,0.3596765919118864,0.3596765919118864
6.19,60.4,49.7,62.7,0,0.6095872300369408,-0.6095872300369408,0.6095872300369408
7.41,100.0,64.9,89.5,1,1.1090985280322907,-0.1090985280322907,0.1090985280322907
6.64,79.3,78.1,64.4,1,0.7172839487675123,0.28271605123248766,0.28271605123248766
5.96,61.9,26.6,21.0,0,0.13168118964229414,-0.13168118964229414,0.13168118964229414
5.58,61.2,59.5,42.5,0,0.3294129594635976,-0.3294129594635976,0.3294129594635976
7.27,46.4,27.7,29.7,0,0.3335656560972563,-0.3335656560972563,0.3335656560972563
8.83,63.7,45.1,42.2,1,0.6701506723922327,0.3298493276077673,0.3298493276077673
7.89,78.2,46.6,60.5,1,0.7987699255495412,0.20123007445045882,0.20123007445045882
4.85,69.8,46.2,54.6,1,0.3986798002168911,0.6013201997831089,0.6013201997831089
9.5,79.1,86.9,78.4,1,1.170950463275911,-0.1709504632759109,0.1709504632759109
6.43,66.7,41.5,47.8,1,0.4840075272807812,0.5159924727192188,0.5159924727192188
4.86,60.3,55.0,71.9,0,0.5704094811179764,-0.5704094811179764,0.5704094811179764
6.91,64.1,42.6,51.8,1,0.5729627620755356,0.42703723792446435,0.42703723792446435
9.18,81.6,80.7,71.3,1,1.064086329680399,-0.06408632968039907,0.06408632968039907
6.51,63.8,46.6,58.3,1,0.6015908406783322,0.39840915932166776,0.39840915932166776
7.76,90.5,80.9,54.5,1,0.7499654116037596,0.2500345883962404,0.2500345883962404
9.94,78.4,79.0,61.8,1,1.0342414482096172,-0.034241448209617165,0.034241448209617165
8.5,67.7,83.2,86.2,1,1.127533919937783,-0.12753391993778296,0.12753391993778296
8.27,67.8,52.0,49.9,1,0.7041251998515988,0.2958748001484012,0.2958748001484012
4.03,56.7,26.9,27.1,0,-0.015072736173141421,0.015072736173141421,0.015072736173141421
8.77,74.6,56.4,60.2,1,0.8825977566653634,0.11740224333463656,0.11740224333463656
9.97,96.8,97.0,31.6,0,0.7487047909777264,-0.7487047909777264,0.7487047909777264
4.39,50.9,29.5,32.1,0,0.06610271015255387,-0.06610271015255387,0.06610271015255387
4.44,34.8,8.7,59.7,1,0.33585566278448586,0.6641443372155141,0.6641443372155141
7.88,63.3,70.8,96.0,1,1.1580228816911031,-0.15802288169110312,0.15802288169110312
7.33,63.3,84.3,76.4,1,0.8897291861366746,0.11027081386332538,0.11027081386332538
8.12,85.5,87.7,75.3,1,1.004969021897176,-0.0049690218971760736,0.0049690218971760736
8.31,71.3,72.4,70.2,1,0.9390784818726582,0.06092151812734181,0.06092151812734181
7.7,81.5,100.0,72.5,1,0.9246779092573253,0.07532209074267471,0.07532209074267471
8.62,74.9,86.3,68.4,1,0.9615531122583721,0.038446887741627855,0.038446887741627855
6.12,83.5,73.0,67.3,1,0.7014969034786086,0.2985030965213914,0.2985030965213914
9.03,53.8,61.2,52.7,1,0.7884803176267808,0.21151968237321916,0.21151968237321916
8.13,53.8,57.6,52.7,1,0.6932844431852992,0.30671555681470075,0.30671555681470075
4.58,51.5,28.6,26.2,0,0.023037764254722037,-0.023037764254722037,0.023037764254722037
7.44,73.2,55.3,48.4,1,0.6117783478162874,0.38822165218371263,0.38822165218371263
8.42,67.6,53.5,43.2,1,0.6470100931819959,0.35298990681800413,0.35298990681800413
4.26,30.9,2.8,77.1,1,0.4971886304762724,0.5028113695237276,0.5028113695237276
7.87,83.4,90.9,84.2,1,1.0717474469816706,-0.07174744698167057,0.07174744698167057
8.6,68.5,60.8,51.7,1,0.7612236240341049,0.23877637596589507,0.23877637596589507
8.17,95.6,79.5,80.1,1,1.0807652234585468,-0.08076522345854675,0.08076522345854675
7.33,83.3,83.2,82.7,1,0.9972026785234004,0.0027973214765996124,0.0027973214765996124
8.45,77.7,90.2,82.7,1,1.1051053429509818,-0.10510534295098184,0.10510534295098184
6.69,50.3,27.4,26.8,0,0.24873263426742132,-0.24873263426742132,0.24873263426742132
5.86,46.7,23.6,23.7,0,0.12013504787010099,-0.12013504787010099,0.12013504787010099
5.02,50.6,27.7,35.9,0,0.17267037104557492,-0.17267037104557492,0.17267037104557492
8.16,98.4,55.4,75.8,1,1.0344131343779037,-0.03441313437790372,0.03441313437790372
5.57,61.6,65.9,54.4,0,0.4594380199825464,-0.4594380199825464,0.4594380199825464
6.15,47.5,22.6,33.3,0,0.2562385653081659,-0.2562385653081659,0.2562385653081659
5.16,75.6,56.2,58.0,0,0.4812642295265551,-0.4812642295265551,0.4812642295265551
8.27,76.8,59.1,82.0,1,1.0715151214000511,-0.07151512140005112,0.07151512140005112
7.71,86.2,76.3,87.5,1,1.0937663135493154,-0.09376631354931542,0.09376631354931542
9.06,91.7,93.6,62.0,1,0.9725338243493996,0.02746617565060039,0.02746617565060039
5.41,44.1,32.1,26.8,0,0.10284751846690565,-0.10284751846690565,0.10284751846690565
9.86,99.7,97.1,40.9,0,0.8438251850772364,-0.8438251850772364,0.8438251850772364
6.61,70.3,57.5,54.1,1,0.5811206275760016,0.4188793724239984,0.4188793724239984
7.86,74.5,64.2,73.2,1,0.9292413676463821,0.0707586323536179,0.0707586323536179
7.28,64.7,70.4,80.6,1,0.9304504556941607,0.06954954430583926,0.06954954430583926
6.77,90.2,75.6,71.4,1,0.8279160302083638,0.1720839697916362,0.1720839697916362
7.25,57.1,54.0,58.8,1,0.6728964423405378,0.3271035576594622,0.3271035576594622
7.02,76.5,58.7,56.3,1,0.6604692099135719,0.33953079008642806,0.33953079008642806
7.78,75.0,58.4,56.0,1,0.7340851125644344,0.2659148874355656,0.2659148874355656
7.67,62.0,60.8,53.3,1,0.6681004685547592,0.33189953144524076,0.33189953144524076
9.17,81.3,98.4,76.4,1,1.120837811514757,-0.12083781151475703,0.12083781151475703
5.97,47.7,30.5,33.9,0,0.24557722530108628,-0.24557722530108628,0.24557722530108628
9.76,80.4,84.1,75.1,1,1.1645200516365706,-0.16452005163657057,0.16452005163657057
4.75,55.1,26.9,33.7,0,0.12910788329138467,-0.12910788329138467,0.12910788329138467
9.44,70.1,92.8,73.0,1,1.0893560556864186,-0.08935605568641858,0.08935605568641858
7.63,98.9,87.8,78.2,1,1.0112825776909542,-0.011282577690954199,0.011282577690954199
7.19,69.2,59.4,44.6,1,0.5370962849246924,0.4629037150753076,0.4629037150753076
6.48,40.1,29.4,24.4,0,0.1809244527735857,-0.1809244527735857,0.1809244527735857
7.44,92.2,76.0,86.6,1,1.0673479274061144,-0.0673479274061144,0.0673479274061144
5.38,50.3,24.0,23.6,0,0.07574127398454589,-0.07574127398454589,0.07574127398454589
6.29,70.0,48.4,47.2,1,0.4704363387816036,0.5295636612183964,0.5295636612183964
8.67,67.7,50.6,50.5,1,0.7522404315221275,0.2477595684778725,0.2477595684778725
8.42,75.4,83.2,75.7,1,1.0202437924438952,-0.02024379244389518,0.02024379244389518
10.0,90.6,80.2,83.5,1,1.3002988514316356,-0.3002988514316356,0.3002988514316356
10.0,100.0,86.4,71.3,1,1.1873543293102018,-0.1873543293102018,0.1873543293102018
8.86,84.4,55.4,72.7,1,1.0468364049333787,-0.046836404933378706,0.046836404933378706
7.95,92.9,82.2,85.0,1,1.1060050923693678,-0.10600509236936784,0.10600509236936784
8.32,86.0,70.9,65.2,1,0.9144458448676743,0.08555415513232567,0.08555415513232567
8.78,67.2,55.8,53.0,1,0.7908487833252048,0.2091512166747952,0.2091512166747952
8.67,84.0,83.9,67.0,1,0.9690624449974735,0.030937555002526484,0.030937555002526484
8.65,75.3,80.8,65.4,1,0.9319814276275916,0.06801857237240838,0.06801857237240838
8.06,62.4,56.4,53.6,1,0.7123772871027728,0.2876227128972272,0.2876227128972272
9.08,74.3,80.2,79.9,1,1.1325317217503055,-0.13253172175030548,0.13253172175030548
6.81,52.6,48.7,48.7,0,0.5072622668399963,-0.5072622668399963,0.5072622668399963
7.21,59.5,46.4,67.8,1,0.7698205183107562,0.23017948168924385,0.23017948168924385
4.08,36.5,27.9,25.8,0,-0.06341627082305024,0.06341627082305024,0.06341627082305024
9.21,90.8,82.0,69.8,1,1.0692358625506655,-0.0692358625506655,0.0692358625506655
6.32,64.8,57.4,54.1,0,0.5398302497568125,-0.5398302497568125,0.5398302497568125
6.75,62.0,57.8,57.9,0,0.6208474757762718,-0.6208474757762718,0.6208474757762718
4.77,68.3,45.3,45.1,0,0.2840326063601989,-0.2840326063601989,0.2840326063601989
4.82,68.8,62.0,53.3,0,0.38214612246588253,-0.38214612246588253,0.38214612246588253
5.41,53.4,28.4,32.8,0,0.18561506305941944,-0.18561506305941944,0.18561506305941944
9.86,100.0,84.1,80.1,1,1.2677909497054398,-0.2677909497054398,0.2677909497054398
8.94,84.3,69.3,65.2,1,0.9759917066003608,0.02400829339963917,0.02400829339963917
6.06,43.0,28.5,28.2,0,0.18358248883291328,-0.18358248883291328,0.18358248883291328
7.62,54.0,29.2,31.1,0,0.40072271726952813,-0.40072271726952813,0.40072271726952813
8.44,69.3,48.8,51.3,1,0.7395890003211877,0.2604109996788123,0.2604109996788123
4.33,36.7,25.7,25.5,0,-0.04038353899462388,0.04038353899462388,0.04038353899462388
7.01,99.5,81.7,62.7,1,0.7779794547943556,0.2220205452056444,0.2220205452056444
8.65,98.9,99.0,55.0,1,0.8685033396134737,0.1314966603865263,0.1314966603865263
6.75,91.0,49.8,63.5,1,0.7372114527995041,0.26278854720049594,0.26278854720049594
6.99,80.4,59.2,75.8,1,0.8767698395841247,0.12323016041587531,0.12323016041587531
6.38,70.5,54.7,54.2,0,0.5579502931837129,-0.5579502931837129,0.5579502931837129
6.29,77.8,55.1,53.0,1,0.5498625899157047,0.4501374100842953,0.4501374100842953
9.92,59.6,51.3,97.2,1,1.3748449856914298,-0.37484498569142977,0.37484498569142977
9.3,90.7,61.1,74.2,1,1.122702023485095,-0.12270202348509507,0.12270202348509507
5.4,77.3,51.9,56.7,1,0.4949753155902218,0.5050246844097782,0.5050246844097782
4.8,70.0,51.2,43.0,1,0.2687296780441436,0.7312703219558564,0.7312703219558564
7.99,83.4,55.3,57.3,1,0.7862292775640315,0.2137707224359685,0.2137707224359685
6.13,81.8,89.5,71.3,1,0.7454543550277158,0.25454564497228416,0.25454564497228416
8.2,61.3,53.2,41.7,1,0.5951859145951081,0.40481408540489194,0.40481408540489194
9.99,97.7,96.9,58.4,1,1.0435245301415237,-0.04352453014152369,0.04352453014152369
8.91,67.9,84.0,74.9,1,1.048465848587118,-0.04846584858711811,0.04846584858711811
4.23,33.6,3.2,81.8,1,0.550432543790664,0.449567456209336,0.449567456209336
8.03,67.6,63.1,54.3,1,0.7281759500113855,0.27182404998861454,0.27182404998861454
9.89,98.7,98.1,55.6,0,1.0047836856976606,-1.0047836856976606,1.0047836856976606
8.31,86.3,100.0,69.3,1,0.9634635714236671,0.03653642857633288,0.03653642857633288
9.95,97.6,96.2,42.3,1,0.8642070788986677,0.13579292110133234,0.13579292110133234
6.66,58.7,57.5,55.5,1,0.5788030489784749,0.4211969510215251,0.4211969510215251
9.62,90.0,80.9,70.0,1,1.112736217323489,-0.11273621732348893,0.11273621732348893
5.36,77.2,62.3,64.6,1,0.578120618423113,0.421879381576887,0.421879381576887
10.0,86.5,78.6,67.5,1,1.1182647482976993,-0.11826474829769928,0.11826474829769928
5.41,59.9,60.7,45.7,0,0.3439427825873317,-0.3439427825873317,0.3439427825873317
4.24,54.9,58.9,49.6,0,0.2532065139324825,-0.2532065139324825,0.2532065139324825
7.73,58.9,51.6,57.9,0,0.7166926246199358,-0.7166926246199358,0.7166926246199358
7.46,66.4,54.1,46.8,0,0.5829550756404417,-0.5829550756404417,0.5829550756404417
8.03,87.5,90.8,80.4,1,1.055336894369689,-0.05533689436968903,0.05533689436968903
4.35,48.8,29.1,30.6,0,0.04142278628519935,-0.04142278628519935,0.04142278628519935
8.17,91.2,79.4,79.7,1,1.0677677170999207,-0.06776771709992069,0.06776771709992069
4.95,41.4,25.7,32.4,0,0.1089126468496503,-0.1089126468496503,0.1089126468496503
5.7,42.8,28.2,33.3,0,0.20067687513951749,-0.20067687513951749,0.20067687513951749
7.13,55.7,70.0,61.9,1,0.6939244008910964,0.3060755991089036,0.3060755991089036
9.33,82.3,47.6,79.8,1,1.1678602690929494,-0.16786026909294938,0.16786026909294938
6.6,60.9,36.1,53.2,1,0.5481933708756964,0.4518066291243036,0.4518066291243036
5.97,47.9,30.9,36.5,0,0.2742663634738406,-0.2742663634738406,0.2742663634738406
5.8,66.1,64.9,57.5,1,0.5259289188822486,0.4740710811177514,0.4740710811177514
6.87,67.5,58.6,50.5,1,0.5640499407116822,0.43595005928831776,0.43595005928831776
7.96,99.5,84.7,88.6,1,1.1595243525919607,-0.15952435259196074,0.15952435259196074
8.65,76.9,49.6,52.0,0,0.7843140076075771,-0.7843140076075771,0.7843140076075771
9.34,71.9,61.8,86.6,1,1.224745934175996,-0.2247459341759961,0.2247459341759961
9.58,68.2,70.2,72.1,1,1.0867108453085708,-0.08671084530857076,0.08671084530857076
7.68,62.4,54.7,52.4,1,0.6591243294397963,0.34087567056020374,0.34087567056020374
7.34,58.7,56.8,57.9,1,0.6762020523641993,0.3237979476358007,0.3237979476358007
7.87,63.4,56.7,57.7,1,0.7389381597574242,0.26106184024257584,0.26106184024257584
8.89,83.3,78.7,64.9,1,0.9671210804493727,0.03287891955062727,0.03287891955062727
5.18,73.6,49.2,48.8,0,0.3783606886522254,-0.3783606886522254,0.3783606886522254
5.42,62.1,61.7,60.6,1,0.511252790270036,0.488747209729964,0.488747209729964
9.92,76.9,91.0,76.6,1,1.1919267205838597,-0.19192672058385973,0.19192672058385973
4.26,41.4,25.6,33.6,0,0.049411498749952876,-0.049411498749952876,0.049411498749952876
7.88,81.2,69.0,63.3,1,0.8378305341309039,0.16216946586909609,0.16216946586909609
7.16,65.8,59.6,46.7,1,0.5501029102791887,0.4498970897208113,0.4498970897208113
4.85,49.3,25.9,25.1,0,0.03468992918841918,-0.03468992918841918,0.03468992918841918
7.86,53.1,47.4,46.1,1,0.5901388367302781,0.4098611632697219,0.4098611632697219
5.97,72.7,59.6,52.1,0,0.49721840260338757,-0.49721840260338757,0.49721840260338757
6.83,80.0,60.9,50.2,0,0.5815204331305502,-0.5815204331305502,0.5815204331305502
4.6,51.4,30.1,26.2,0,0.025199241092301428,-0.025199241092301428,0.025199241092301428
7.97,72.2,88.5,67.7,1,0.8807193744704188,0.11928062552958119,0.11928062552958119
9.73,71.3,61.0,84.8,1,1.2448742466068552,-0.2448742466068552,0.2448742466068552
6.08,65.9,69.8,45.6,1,0.4265992818190977,0.5734007181809023,0.5734007181809023
8.77,68.4,55.7,53.0,1,0.7921365303126661,0.20786346968733393,0.20786346968733393
8.72,72.9,78.5,68.7,1,0.9700620130992404,0.02993798690075955,0.02993798690075955
9.99,86.2,56.7,67.7,1,1.1150590856577924,-0.11505908565779244,0.11505908565779244
4.97,40.1,27.0,31.8,0,0.1021700622820172,-0.1021700622820172,0.1021700622820172
6.37,53.5,46.7,56.6,0,0.5482183720235053,-0.5482183720235053,0.5482183720235053
9.45,90.9,85.1,78.1,1,1.1852962165793692,-0.18529621657936923,0.18529621657936923
8.56,71.4,42.4,61.1,1,0.8616290397648027,0.13837096023519735,0.13837096023519735
8.74,69.4,56.7,51.4,1,0.77374632454515,0.22625367545484998,0.22625367545484998
8.58,83.0,80.3,74.1,1,1.0341117137422522,-0.03411171374225219,0.03411171374225219
5.95,77.3,74.4,70.5,1,0.7064416750791357,0.2935583249208643,0.2935583249208643
5.47,48.6,23.8,31.2,0,0.16434140169715417,-0.16434140169715417,0.16434140169715417
6.07,73.8,63.5,44.9,1,0.4323818423312612,0.5676181576687388,0.5676181576687388
4.97,46.9,29.6,30.1,0,0.0975058817854807,-0.0975058817854807,0.0975058817854807
9.46,74.9,76.7,71.9,1,1.08619055186736,-0.08619055186736002,0.08619055186736002
8.94,68.3,82.6,68.8,1,0.9859370584975887,0.014062941502411275,0.014062941502411275
9.85,86.2,81.8,70.6,1,1.1361150790214443,-0.13611507902144426,0.13611507902144426
9.6,62.8,49.9,47.0,1,0.8022364690890454,0.19776353091095455,0.19776353091095455
7.03,72.0,59.3,47.9,1,0.561589574322397,0.438410425677603,0.438410425677603
4.37,48.9,33.1,29.3,0,0.030289378111524212,-0.030289378111524212,0.030289378111524212
8.46,79.0,89.7,69.5,1,0.9653102543078661,0.0346897456921339,0.0346897456921339
8.41,59.0,74.3,42.4,1,0.6239404410306345,0.3760595589693655,0.3760595589693655
7.55,38.4,31.1,29.5,0,0.34569504140912233,-0.34569504140912233,0.34569504140912233
4.21,37.7,2.4,72.0,1,0.44984409410317483,0.5501559058968252,0.5501559058968252
8.48,65.5,56.5,60.2,1,0.8342743550660817,0.16572564493391828,0.16572564493391828
7.3,76.2,81.1,79.4,1,0.9439254239797418,0.05607457602025823,0.05607457602025823
5.45,44.4,26.1,23.5,0,0.07078799826957083,-0.07078799826957083,0.07078799826957083
6.78,74.4,84.3,71.6,1,0.8016060417866072,0.19839395821339278,0.19839395821339278
7.0,56.4,69.9,47.8,0,0.5285357097329807,-0.5285357097329807,0.5285357097329807
4.4,38.0,3.6,54.3,1,0.2784357175495994,0.7215642824504006,0.7215642824504006
6.3,76.7,81.0,81.6,1,0.8636847632717478,0.1363152367282522,0.1363152367282522
5.14,42.6,32.4,30.6,0,0.1128362911487133,-0.1128362911487133,0.1128362911487133
7.25,61.1,59.1,52.4,1,0.6121342054365543,0.3878657945634457,0.3878657945634457
7.71,57.1,48.3,55.2,0,0.6811801305173552,-0.6811801305173552,0.6811801305173552
8.4,70.1,49.8,48.9,1,0.7110696509320978,0.28893034906790216,0.28893034906790216
8.04,60.0,63.0,48.8,1,0.65457662024581,0.34542337975419,0.34542337975419
5.71,36.9,30.6,25.5,0,0.105870285227885,-0.105870285227885,0.105870285227885
7.51,72.1,98.0,64.4,1,0.7979743904366831,0.20202560956331694,0.20202560956331694
7.17,68.2,57.0,54.0,1,0.63467782692008,0.36532217307992,0.36532217307992
6.26,66.1,46.2,52.5,0,0.5167943274615451,-0.5167943274615451,0.5167943274615451
6.7,46.5,25.7,31.9,0,0.2974044769696892,-0.2974044769696892,0.2974044769696892
6.07,41.1,23.5,28.1,0,0.1789645565708483,-0.1789645565708483,0.1789645565708483
6.32,71.7,64.4,61.5,1,0.6349121434576027,0.3650878565423973,0.3650878565423973
4.19,61.9,65.3,54.0,0,0.3105567302362239,-0.3105567302362239,0.3105567302362239
7.68,64.0,52.2,53.1,1,0.6694385778077102,0.3305614221922898,0.3305614221922898
6.94,59.8,51.5,49.3,1,0.5420503847146417,0.45794961528535827,0.45794961528535827
8.76,73.9,43.5,54.4,1,0.8150005681888054,0.1849994318111946,0.1849994318111946
7.12,52.5,60.2,49.5,0,0.550292132588145,-0.550292132588145,0.550292132588145
4.25,50.7,29.5,31.1,0,0.04014038474991788,-0.04014038474991788,0.04014038474991788
6.48,50.2,27.6,29.3,0,0.2536439859091363,-0.2536439859091363,0.2536439859091363
9.89,68.0,88.3,77.1,1,1.1762701848715822,-0.1762701848715822,0.1762701848715822
4.23,41.1,26.8,31.1,0,0.018732074931759657,-0.018732074931759657,0.018732074931759657
5.51,47.9,26.3,33.8,0,0.19582573989499974,-0.19582573989499974,0.19582573989499974
6.45,47.6,27.3,24.5,0,0.1932223094877542,-0.1932223094877542,0.1932223094877542
4.44,37.0,4.5,78.5,1,0.5435697731708925,0.4564302268291075,0.4564302268291075
8.47,61.3,74.2,76.0,1,0.9995398947496194,0.0004601052503806491,0.0004601052503806491
4.93,64.7,55.4,44.0,1,0.28356078642238336,0.7164392135776166,0.7164392135776166
5.19,64.5,60.8,42.6,0,0.29621339896833965,-0.29621339896833965,0.29621339896833965
5.22,68.9,46.9,54.3,0,0.4326588798516987,-0.4326588798516987,0.4326588798516987
8.5,82.9,81.1,80.2,1,1.091872513679629,-0.09187251367962901,0.09187251367962901
7.97,61.5,42.9,53.3,1,0.6955914654282874,0.3044085345717126,0.3044085345717126
5.65,57.3,29.8,32.5,0,0.2154746919814331,-0.2154746919814331,0.2154746919814331
9.73,75.9,84.7,71.8,1,1.1168076071750828,-0.11680760717508276,0.11680760717508276
9.47,83.2,81.1,73.7,1,1.123828673299038,-0.1238286732990379,0.1238286732990379
7.83,74.8,67.4,74.3,1,0.9391663835977778,0.06083361640222218,0.06083361640222218
8.72,74.8,70.8,67.5,1,0.9594494689161842,0.04055053108381579,0.04055053108381579
9.29,72.9,82.7,81.0,1,1.164221758419163,-0.16422175841916298,0.16422175841916298
8.09,82.9,48.5,42.8,1,0.6371695421967444,0.3628304578032556,0.3628304578032556
8.9,88.2,79.9,76.8,1,1.1071945158226595,-0.10719451582265949,0.10719451582265949
7.83,65.6,63.8,45.0,1,0.602380779958729,0.39761922004127104,0.39761922004127104
6.27,66.8,48.0,51.8,1,0.5119266561496595,0.4880733438503405,0.4880733438503405
9.91,90.2,65.2,61.4,1,1.0475555129442675,-0.04755551294426752,0.04755551294426752
9.95,62.3,81.9,76.5,1,1.163779587871851,-0.1637795878718511,0.1637795878718511
9.18,98.1,84.8,87.5,1,1.273060880419131,-0.273060880419131,0.273060880419131
4.83,47.7,34.0,26.4,0,0.04494355315541587,-0.04494355315541587,0.04494355315541587
4.87,51.6,28.8,28.9,0,0.08305843726660045,-0.08305843726660045,0.08305843726660045
6.25,46.0,24.2,33.4,0,0.2651617193681405,-0.2651617193681405,0.2651617193681405
9.02,77.1,90.6,81.4,1,1.149783253463656,-0.14978325346365606,0.14978325346365606
5.74,71.0,62.0,51.0,1,0.4581771336945951,0.5418228663054049,0.5418228663054049
8.07,63.4,52.7,41.3,1,0.5812185097369925,0.4187814902630075,0.4187814902630075
6.9,71.1,64.6,52.3,1,0.5948363519518779,0.4051636480481221,0.4051636480481221
6.92,39.5,31.4,30.0,0,0.2871270812337484,-0.2871270812337484,0.2871270812337484
5.5,52.4,25.7,31.7,0,0.18070663891379224,-0.18070663891379224,0.18070663891379224
7.9,76.7,67.4,92.4,1,1.1467647197145512,-0.14676471971455118,0.14676471971455118
4.16,35.3,2.9,24.5,0,-0.07574511673461137,0.07574511673461137,0.07574511673461137
7.71,68.5,55.9,42.8,1,0.5702293102081372,0.42977068979186284,0.42977068979186284
9.91,79.9,87.2,83.5,1,1.271030095461962,-0.271030095461962,0.271030095461962
6.56,46.2,20.9,33.6,0,0.29974068329188286,-0.29974068329188286,0.29974068329188286
8.5,78.8,75.4,65.0,1,0.9178243641838241,0.08217563581617593,0.08217563581617593
7.28,91.9,74.2,80.7,1,0.9855809001575625,0.0144190998424375,0.0144190998424375
4.6,44.5,30.1,28.1,0,0.03228220587949249,-0.03228220587949249,0.03228220587949249
5.47,50.0,21.0,29.7,0,0.1503263858896301,-0.1503263858896301,0.1503263858896301
7.66,74.4,41.0,58.9,0,0.7488124402183441,-0.7488124402183441,0.7488124402183441
6.66,49.5,25.0,25.7,0,0.23165715339898896,-0.23165715339898896,0.23165715339898896
6.96,70.5,66.3,49.4,1,0.5687686680654204,0.43123133193457963,0.43123133193457963
8.05,82.3,61.6,80.0,1,1.0379048106432105,-0.037904810643210496,0.037904810643210496
7.75,63.2,60.8,84.9,1,1.0219453459954946,-0.02194534599549458,0.02194534599549458
6.89,65.4,56.4,54.8,1,0.6083390134571255,0.3916609865428745,0.3916609865428745
6.17,53.5,30.1,26.4,0,0.19648538519598546,-0.19648538519598546,0.19648538519598546
4.31,34.8,10.0,81.0,1,0.5536703102189932,0.44632968978100684,0.44632968978100684
6.71,58.8,58.3,55.8,0,0.587647515165482,-0.587647515165482,0.587647515165482
5.89,75.8,40.8,44.9,0,0.4135179802601626,-0.4135179802601626,0.4135179802601626
7.7,68.9,44.3,51.6,1,0.663525903575625,0.336474096424375,0.336474096424375
6.84,58.5,60.6,50.2,1,0.5403135314450888,0.45968646855491124,0.45968646855491124
4.33,54.4,28.7,25.7,0,-0.0029533456658040746,0.0029533456658040746,0.0029533456658040746
6.6,80.1,86.4,91.1,1,1.0059496989294288,-0.0059496989294287594,0.0059496989294287594
7.28,86.2,66.3,78.3,1,0.9469862521616942,0.053013747838305814,0.053013747838305814
7.31,89.9,80.5,82.5,1,1.0054251560748328,-0.005425156074832849,0.005425156074832849
4.93,73.5,60.7,55.3,0,0.4244248499487969,-0.4244248499487969,0.4244248499487969
6.06,71.8,60.0,48.7,0,0.4680641509996185,-0.4680641509996185,0.4680641509996185
9.86,78.1,82.6,77.5,1,1.1963148643699335,-0.1963148643699335,0.1963148643699335
8.09,80.1,81.0,76.7,1,1.0052720509849045,-0.005272050984904464,0.005272050984904464
7.58,93.9,71.4,90.1,1,1.122612467219804,-0.1226124672198039,0.1226124672198039
9.08,54.9,59.9,38.6,1,0.6425883929498649,0.3574116070501351,0.3574116070501351
4.78,48.6,28.0,33.7,0,0.11968817724387149,-0.11968817724387149,0.11968817724387149
5.36,51.7,47.6,46.2,1,0.3257838453277292,0.6742161546722708,0.6742161546722708
8.28,90.7,77.4,62.6,1,0.8923497483787056,0.10765025162129438,0.10765025162129438
6.94,80.1,60.4,47.6,0,0.5649631248384132,-0.5649631248384132,0.5649631248384132
7.74,74.3,65.0,80.4,1,0.9945449587642395,0.0054550412357604605,0.0054550412357604605
6.88,52.6,32.7,35.9,0,0.37291832245098677,-0.37291832245098677,0.37291832245098677
4.93,43.2,23.4,28.9,0,0.07195233832301862,-0.07195233832301862,0.07195233832301862
9.14,77.1,69.4,54.0,1,0.8612939306256912,0.13870606937430885,0.13870606937430885
9.98,86.2,67.2,78.2,1,1.2297987397146142,-0.22979873971461418,0.22979873971461418
6.47,80.2,48.1,43.6,0,0.4702397720041397,-0.4702397720041397,0.4702397720041397
8.47,92.2,90.2,75.1,1,1.053158708433131,-0.053158708433131086,0.053158708433131086
6.66,77.6,57.7,57.3,1,0.635482376692163,0.364517623307837,0.364517623307837
9.21,71.4,66.5,56.7,1,0.8862796883977265,0.11372031160227347,0.11372031160227347
9.22,82.7,75.9,68.3,1,1.0370591746738413,-0.037059174673841344,0.037059174673841344
4.48,42.0,29.5,34.3,0,0.08197473866911043,-0.08197473866911043,0.08197473866911043
5.25,47.3,29.1,24.0,0,0.061403325166883405,-0.061403325166883405,0.061403325166883405
5.25,68.4,49.3,47.8,0,0.36466896174367325,-0.36466896174367325,0.36466896174367325
4.74,47.7,27.9,31.2,0,0.08655814371763937,-0.08655814371763937,0.08655814371763937
5.13,49.7,60.1,44.1,0,0.2770201878975779,-0.2770201878975779,0.2770201878975779
6.03,50.3,33.4,34.0,0,0.2585673032717454,-0.2585673032717454,0.2585673032717454
7.16,57.5,48.4,52.9,1,0.5992114560549867,0.4007885439450133,0.4007885439450133
7.09,72.2,55.7,39.3,1,0.4743028964152295,0.5256971035847705,0.5256971035847705
8.6,90.3,83.3,65.4,1,0.9565999964913506,0.043400003508649365,0.043400003508649365
6.82,68.3,61.9,59.0,1,0.6532137256188334,0.3467862743811666,0.3467862743811666
6.27,67.0,61.7,43.0,0,0.41911538048204033,-0.41911538048204033,0.41911538048204033
4.02,46.0,27.7,29.2,0,-0.014192526346704759,0.014192526346704759,0.014192526346704759
8.38,81.8,78.1,61.8,1,0.8768210701426217,0.12317892985737833,0.12317892985737833
4.68,50.5,27.5,30.3,0,0.07590980297353389,-0.07590980297353389,0.07590980297353389
7.83,55.9,45.2,51.7,1,0.6529066905377886,0.3470933094622114,0.3470933094622114
8.04,64.7,52.8,50.9,1,0.6848623009272169,0.3151376990727831,0.3151376990727831
9.93,79.5,71.4,87.4,1,1.3119927882790665,-0.3119927882790665,0.3119927882790665
8.79,60.1,55.0,54.7,1,0.7962821100174141,0.2037178899825859,0.2037178899825859
4.33,50.4,30.1,33.0,0,0.06868943554308071,-0.06868943554308071,0.06868943554308071
8.09,75.8,79.9,80.9,1,1.042242508243557,-0.04224250824355691,0.04224250824355691
7.32,58.2,51.6,63.4,1,0.7319449360408351,0.2680550639591649,0.2680550639591649
10.0,68.1,81.7,82.6,1,1.2466137949910112,-0.24661379499101121,0.24661379499101121
4.38,32.7,0.1,46.0,0,0.17521892338124279,-0.17521892338124279,0.17521892338124279
6.73,59.6,51.8,51.1,0,0.5391825757435059,-0.5391825757435059,0.5391825757435059
8.31,84.0,71.7,46.7,1,0.708750345457854,0.291249654542146,0.291249654542146
8.02,85.9,69.0,63.1,1,0.8595983746843993,0.14040162531560074,0.14040162531560074
4.08,41.5,27.5,22.8,0,-0.08624010703562879,0.08624010703562879,0.08624010703562879
5.96,76.6,47.9,52.7,0,0.5083411901578444,-0.5083411901578444,0.5083411901578444
7.72,70.9,52.3,46.0,1,0.6101197846227971,0.38988021537720285,0.38988021537720285
5.15,69.9,59.0,54.4,0,0.4304162019483525,-0.4304162019483525,0.4304162019483525
8.63,100.0,86.6,83.4,1,1.1747843175429913,-0.17478431754299129,0.17478431754299129
7.59,68.1,45.5,51.5,1,0.6495145371453545,0.35048546285464555,0.35048546285464555
8.36,74.0,50.0,48.6,1,0.7112991335954005,0.28870086640459947,0.28870086640459947
5.93,70.6,55.9,42.7,1,0.38620485623732714,0.6137951437626729,0.6137951437626729
8.42,96.8,85.8,82.5,1,1.1365255381117714,-0.13652553811177137,0.13652553811177137
5.17,52.1,23.0,32.2,0,0.1504055699446053,-0.1504055699446053,0.1504055699446053
7.62,97.4,90.8,60.5,1,0.8156296751084314,0.18437032489156857,0.18437032489156857
7.07,81.6,62.3,87.5,1,1.0150889831999508,-0.015088983199950778,0.015088983199950778
5.59,62.8,52.2,56.6,0,0.48544309640548244,-0.48544309640548244,0.48544309640548244
5.74,65.8,65.5,58.7,0,0.5321653706847732,-0.5321653706847732,0.5321653706847732
8.96,90.8,96.4,74.7,1,1.0986199821905176,-0.0986199821905176,0.0986199821905176
5.59,65.7,65.2,54.6,0,0.47164048436402173,-0.47164048436402173,0.47164048436402173
6.67,81.6,74.4,75.6,1,0.8459190405048177,0.1540809594951823,0.1540809594951823
7.07,93.9,76.8,78.5,1,0.9439963119000719,0.05600368809992806,0.05600368809992806
9.79,100.0,72.7,69.7,1,1.1455761654825771,-0.14557616548257712,0.14557616548257712
4.81,44.6,33.0,31.2,0,0.08869919494579659,-0.08869919494579659,0.08869919494579659
6.92,67.5,49.2,45.2,1,0.5101581424267992,0.48984185757320076,0.48984185757320076
4.22,57.0,31.6,31.5,0,0.05405635967804212,-0.05405635967804212,0.05405635967804212
7.8,86.0,96.4,69.5,1,0.9108355038339101,0.0891644961660899,0.0891644961660899
7.74,65.9,53.1,55.2,1,0.702427232354324,0.297572767645676,0.297572767645676
4.88,47.0,27.5,28.0,0,0.06508592611364228,-0.06508592611364228,0.06508592611364228
8.06,65.1,55.3,52.2,1,0.7022901060370265,0.29770989396297354,0.29770989396297354
4.07,55.1,44.7,48.2,0,0.21811067311550925,-0.21811067311550925,0.21811067311550925
6.9,44.6,31.5,27.2,0,0.2646544723904286,-0.2646544723904286,0.2646544723904286
4.81,65.4,69.0,49.9,0,0.33870135477233465,-0.33870135477233465,0.33870135477233465
7.81,71.4,84.5,66.8,1,0.8518804810726471,0.14811951892735287,0.14811951892735287
8.14,87.8,81.4,81.9,1,1.0821672144381158,-0.08216721443811581,0.08216721443811581
6.63,67.8,58.8,49.1,0,0.5242514259565546,-0.5242514259565546,0.5242514259565546
5.86,48.2,28.1,27.5,0,0.16510430520924413,-0.16510430520924413,0.16510430520924413
4.91,61.6,63.3,54.7,0,0.3928916448120182,-0.3928916448120182,0.3928916448120182
8.76,73.3,71.1,65.7,1,0.9412169996970213,0.05878300030297867,0.05878300030297867
8.24,89.2,79.7,79.4,1,1.0679919503775195,-0.06799195037751948,0.06799195037751948
9.97,70.6,85.5,81.7,1,1.2392459719718651,-0.23924597197186515,0.23924597197186515
8.78,64.4,58.5,57.4,1,0.8335837619172254,0.16641623808277461,0.16641623808277461
9.96,76.9,83.7,75.3,1,1.1807704711632971,-0.18077047116329714,0.18077047116329714
8.11,67.2,49.0,45.9,1,0.6421928061117838,0.35780719388821625,0.35780719388821625
8.7,86.6,89.3,78.6,1,1.1041821888644159,-0.10418218886441588,0.10418218886441588
6.54,42.2,32.0,29.2,0,0.24390979255147738,-0.24390979255147738,0.24390979255147738
6.48,51.9,25.0,28.8,0,0.2511090520815652,-0.2511090520815652,0.2511090520815652
7.53,56.8,56.4,55.6,1,0.6673999668422378,0.3326000331577622,0.3326000331577622
6.05,60.7,47.5,44.7,0,0.39966164107355173,-0.39966164107355173,0.39966164107355173
7.35,80.3,87.9,92.6,1,1.1017017729706482,-0.1017017729706482,0.1017017729706482
6.78,81.9,91.1,75.6,1,0.8609177878712978,0.1390822121287022,0.1390822121287022
8.19,76.5,53.6,47.3,1,0.6848416883747573,0.31515831162524266,0.31515831162524266
5.27,37.6,30.2,28.7,0,0.09567880462486111,-0.09567880462486111,0.09567880462486111
5.23,52.1,30.2,29.6,0,0.1297114259526384,-0.1297114259526384,0.1297114259526384
7.53,68.2,54.7,52.4,1,0.6547467102072427,0.34525328979275727,0.34525328979275727
8.28,84.1,81.4,72.0,1,0.9821319110267456,0.017868088973254426,0.017868088973254426
9.77,66.4,73.9,93.5,1,1.3361161679770963,-0.3361161679770963,0.3361161679770963
8.51,80.4,75.7,80.4,1,1.089265569278275,-0.08926556927827489,0.08926556927827489
7.11,73.5,78.1,68.1,1,0.7954615415788585,0.2045384584211415,0.2045384584211415
7.38,56.7,83.4,69.7,1,0.8091316314948088,0.19086836850519118,0.19086836850519118
5.51,40.9,28.5,30.5,0,0.1466313073669091,-0.1466313073669091,0.1466313073669091
8.74,85.4,81.3,58.4,1,0.8853530408016007,0.11464695919839929,0.11464695919839929
6.53,64.8,55.3,52.7,1,0.5463410783568147,0.45365892164318533,0.45365892164318533
5.8,55.8,46.9,50.6,0,0.42772385399559554,-0.42772385399559554,0.42772385399559554
6.71,69.3,57.5,41.0,1,0.4474395936021046,0.5525604063978954,0.5525604063978954
6.07,81.1,76.5,71.2,1,0.7344706002700067,0.26552939972999334,0.26552939972999334
8.57,80.7,58.1,51.0,1,0.7739600346539915,0.22603996534600845,0.22603996534600845
8.33,58.1,35.2,56.2,1,0.7569209068143538,0.24307909318564624,0.24307909318564624
8.9,66.9,67.8,74.9,1,1.0426873168033062,-0.042687316803306175,0.042687316803306175
4.84,47.0,27.6,29.3,0,0.07501349661169221,-0.07501349661169221,0.07501349661169221
9.87,73.2,61.3,49.0,1,0.8746866048834115,0.12531339511658846,0.12531339511658846
6.51,72.8,41.5,62.5,1,0.6639879054459118,0.3360120945540882,0.3360120945540882
9.28,82.3,82.1,67.8,1,1.038208888840428,-0.038208888840427946,0.038208888840427946
8.08,64.8,68.3,79.2,1,0.999161044829815,0.0008389551701849518,0.0008389551701849518
4.95,40.3,28.2,28.5,0,0.06483747551545327,-0.06483747551545327,0.06483747551545327
7.66,66.5,56.4,61.7,1,0.766331634714608,0.23366836528539203,0.23366836528539203
7.07,57.4,46.0,61.2,1,0.6792607200945687,0.3207392799054313,0.3207392799054313
9.0,85.1,88.3,74.8,1,1.0913373843282361,-0.09133738432823613,0.09133738432823613
7.56,78.2,55.1,58.6,1,0.7449122103097555,0.2550877896902445,0.2550877896902445
5.39,46.3,25.2,30.5,0,0.1440580221553045,-0.1440580221553045,0.1440580221553045
6.64,65.3,57.5,55.0,1,0.5842291743666382,0.41577082563336176,0.41577082563336176
7.33,64.5,54.7,58.8,1,0.6959500719426918,0.30404992805730824,0.30404992805730824
4.06,44.8,27.5,22.2,0,-0.08837790817151792,0.08837790817151792,0.08837790817151792
8.57,73.7,77.2,69.4,1,0.9632469735130552,0.036753026486944784,0.036753026486944784
7.59,85.9,89.9,70.1,1,0.8939751586699513,0.10602484133004875,0.10602484133004875
7.05,46.5,28.0,30.1,0,0.31503603911809164,-0.31503603911809164,0.31503603911809164
8.24,74.7,64.9,48.4,1,0.7004337093135163,0.29956629068648366,0.29956629068648366
8.56,70.8,77.3,74.9,1,1.0162337715073235,-0.016233771507323524,0.016233771507323524
8.21,61.3,86.3,88.1,1,1.1056511760105057,-0.10565117601050567,0.10565117601050567
6.4,44.3,27.6,26.8,0,0.20651190227137006,-0.20651190227137006,0.20651190227137006
9.34,84.4,89.8,84.5,1,1.2312631109704664,-0.23126311097046637,0.23126311097046637
7.3,69.1,65.9,58.0,1,0.69505326642346,0.30494673357654,0.30494673357654
4.62,46.0,26.1,39.9,0,0.1647589316247432,-0.1647589316247432,0.1647589316247432
8.98,89.8,70.1,83.9,1,1.1941552120333232,-0.1941552120333232,0.1941552120333232
9.04,68.3,59.3,69.3,1,0.9978984876920564,0.0021015123079436426,0.0021015123079436426
7.86,59.1,48.4,54.9,1,0.6976298744344182,0.30237012556558185,0.30237012556558185
7.46,64.8,50.3,42.9,1,0.5368232611170792,0.46317673888292077,0.46317673888292077
8.02,64.0,59.6,54.1,1,0.7172892113346362,0.2827107886653638,0.2827107886653638
7.05,51.5,24.2,39.0,0,0.4208305615296929,-0.4208305615296929,0.4208305615296929
6.9,76.0,51.0,47.7,1,0.5521923918391748,0.4478076081608252,0.4478076081608252
8.39,71.6,75.3,73.4,1,0.9833120155698979,0.01668798443010211,0.01668798443010211
10.0,78.0,71.7,82.8,1,1.266513373806609,-0.266513373806609,0.266513373806609
6.93,61.6,60.0,55.7,1,0.6154685235699641,0.38453147643003593,0.38453147643003593
8.7,70.3,42.6,56.4,1,0.8231884389693865,0.17681156103061346,0.17681156103061346
6.74,51.7,21.1,29.2,0,0.28171726157454147,-0.28171726157454147,0.28171726157454147
7.23,65.3,57.8,56.5,1,0.6625693538270566,0.3374306461729434,0.3374306461729434
9.89,82.7,88.3,74.5,1,1.1768994707715845,-0.17689947077158452,0.17689947077158452
9.93,76.2,67.8,70.4,1,1.1203308415248756,-0.12033084152487561,0.12033084152487561
6.07,77.7,57.9,51.6,1,0.5118243373543604,0.4881756626456396,0.4881756626456396
6.66,53.6,56.2,56.6,0,0.5805121278107311,-0.5805121278107311,0.5805121278107311
7.96,95.3,80.5,81.4,1,1.0723920482909102,-0.07239204829091017,0.07239204829091017
9.86,68.7,81.5,71.1,1,1.1081890816570703,-0.10818908165707031,0.10818908165707031
7.48,72.1,84.9,65.8,1,0.8077859911074216,0.19221400889257845,0.19221400889257845
8.19,64.5,60.4,52.8,1,0.7221585521087889,0.2778414478912111,0.2778414478912111
9.29,78.0,80.4,75.9,1,1.1184702500028383,-0.11847025000283828,0.11847025000283828
8.39,85.5,69.0,72.9,1,1.0040954761160306,-0.004095476116030561,0.004095476116030561
6.2,52.3,63.8,56.9,1,0.5341724722551425,0.4658275277448575,0.4658275277448575
5.32,51.3,24.0,30.4,0,0.14522668979191244,-0.14522668979191244,0.14522668979191244
7.02,64.3,50.3,50.8,1,0.5753723284317785,0.42462767156822145,0.42462767156822145
9.5,83.2,53.7,53.8,1,0.9062508368711591,0.09374916312884085,0.09374916312884085
9.85,96.3,100.0,76.0,1,1.2176761204293256,-0.2176761204293256,0.2176761204293256
8.52,58.0,62.1,60.1,1,0.8236246787723595,0.17637532122764055,0.17637532122764055
9.62,77.2,83.9,70.3,1,1.0913776158553912,-0.09137761585539117,0.09137761585539117
6.55,87.6,69.6,70.4,1,0.7878111223163945,0.2121888776836055,0.2121888776836055
5.25,76.3,75.5,72.9,1,0.6571597296285422,0.3428402703714578,0.3428402703714578
4.19,46.5,26.5,30.6,0,0.019649475559648244,-0.019649475559648244,0.019649475559648244
4.74,50.8,27.3,36.1,0,0.14574076882607045,-0.14574076882607045,0.14574076882607045
8.32,94.2,78.3,50.4,1,0.7711221260701101,0.2288778739298899,0.2288778739298899
5.78,70.9,45.8,57.4,1,0.5289048642659472,0.4710951357340528,0.4710951357340528
8.12,66.7,48.5,43.4,1,0.6150342816721089,0.38496571832789106,0.38496571832789106
7.29,65.2,52.7,48.6,0,0.5820376874366776,-0.5820376874366776,0.5820376874366776
9.35,81.9,90.8,79.0,1,1.1678632971863379,-0.16786329718633786,0.16786329718633786
9.74,85.2,91.4,91.6,1,1.3522277270791525,-0.3522277270791525,0.3522277270791525
9.96,98.8,98.5,72.4,1,1.1948025755895784,-0.19480257558957836,0.19480257558957836
7.62,62.7,57.4,57.3,1,0.7070679882500152,0.29293201174998484,0.29293201174998484
9.1,90.8,74.1,74.8,1,1.1106128759999518,-0.11061287599995184,0.11061287599995184
7.57,74.6,45.9,60.2,1,0.7546972199297323,0.24530278007026773,0.24530278007026773
7.44,81.4,56.1,46.7,1,0.6095553351586304,0.39044466484136964,0.39044466484136964
7.31,88.3,82.7,84.7,1,1.0265450780908525,-0.026545078090852492,0.026545078090852492
8.35,81.0,66.7,97.6,1,1.2588338720039913,-0.2588338720039913,0.2588338720039913
5.44,64.1,51.5,57.4,1,0.4807976981145442,0.5192023018854558,0.5192023018854558
8.5,81.6,86.1,94.8,1,1.248686264136524,-0.24868626413652395,0.24868626413652395
4.65,39.1,23.3,33.4,0,0.08331780540572564,-0.08331780540572564,0.08331780540572564
8.46,88.8,79.4,71.7,1,1.006676373403372,-0.006676373403371905,0.006676373403371905
6.86,41.2,24.2,29.2,0,0.2742446156700128,-0.2742446156700128,0.2742446156700128
6.02,51.4,22.6,32.1,0,0.23720444422574338,-0.23720444422574338,0.23720444422574338
8.8,79.3,94.5,64.2,1,0.9449068857596356,0.05509311424036445,0.05509311424036445
6.66,100.0,91.6,64.7,1,0.7655827744583182,0.23441722554168176,0.23441722554168176
8.58,76.8,74.8,81.5,1,1.1013438970561449,-0.10134389705614488,0.10134389705614488
6.79,73.2,72.7,64.8,1,0.7244939383412824,0.2755060616587176,0.2755060616587176
10.0,100.0,66.2,75.0,1,1.224078185696754,-0.22407818569675397,0.22407818569675397
5.12,48.0,32.4,36.1,0,0.18104883380437442,-0.18104883380437442,0.18104883380437442
6.94,69.9,64.0,53.6,1,0.6106959971917608,0.3893040028082392,0.3893040028082392
7.31,74.0,57.3,41.6,1,0.5262005956444301,0.4737994043555699,0.4737994043555699
6.19,67.0,43.0,60.3,0,0.5953434705078798,-0.5953434705078798,0.5953434705078798
6.74,76.3,61.5,56.5,0,0.6333004479096106,-0.6333004479096106,0.6333004479096106
7.36,73.6,56.7,54.8,1,0.6738801935550512,0.32611980644494876,0.32611980644494876
9.93,79.5,71.8,88.6,1,1.3250894752560494,-0.32508947525604937,0.32508947525604937
4.0,51.8,25.2,26.2,0,-0.037906060522318374,0.037906060522318374,0.037906060522318374
8.19,74.5,58.2,55.6,1,0.77181376816333,0.22818623183666997,0.22818623183666997
5.61,47.6,25.9,30.4,0,0.1687637333135369,-0.1687637333135369,0.1687637333135369
8.27,70.0,51.9,49.4,1,0.7029984397818673,0.29700156021813273,0.29700156021813273
7.83,64.4,53.5,44.7,1,0.5950102618242027,0.4049897381757973,0.4049897381757973
6.04,96.1,64.6,83.6,1,0.8933607025579081,0.10663929744209188,0.10663929744209188
4.98,56.7,25.5,28.2,0,0.09646714352149222,-0.09646714352149222,0.09646714352149222
5.27,47.4,32.3,24.9,0,0.07401884668047576,-0.07401884668047576,0.07401884668047576
5.44,56.0,46.3,50.8,0,0.39235287425222365,-0.39235287425222365,0.39235287425222365
9.54,81.4,63.8,72.6,1,1.1127564708387188,-0.11275647083871876,0.11275647083871876
5.63,80.2,100.0,73.1,1,0.7111025645781147,0.2888974354218853,0.2888974354218853
5.89,71.2,56.7,57.5,0,0.5439995447534732,-0.5439995447534732,0.5439995447534732
6.77,71.6,77.6,77.3,1,0.8558001351310368,0.1441998648689632,0.1441998648689632
7.13,70.8,46.1,39.0,0,0.47086283730005996,-0.47086283730005996,0.47086283730005996
7.79,58.2,86.7,69.3,1,0.851383758097794,0.14861624190220601,0.14861624190220601
5.57,58.7,27.2,34.1,0,0.2267433284353605,-0.2267433284353605,0.2267433284353605
7.67,64.4,47.4,49.7,1,0.6314399152829938,0.3685600847170062,0.3685600847170062
7.91,90.0,88.0,62.3,1,0.8506438413121248,0.14935615868787522,0.14935615868787522
6.22,80.2,61.3,51.9,1,0.5363329884279634,0.4636670115720366,0.4636670115720366
7.85,69.2,54.7,46.8,1,0.6295394725144307,0.37046052748556935,0.37046052748556935
8.58,57.7,56.9,57.7,1,0.8023969516630255,0.1976030483369745,0.1976030483369745
8.96,64.5,56.2,41.8,0,0.6829343326048934,-0.6829343326048934,0.6829343326048934
7.91,68.5,47.2,47.7,1,0.6429621857950408,0.35703781420495917,0.35703781420495917
5.18,74.6,50.3,43.9,0,0.3273120913510984,-0.3273120913510984,0.3273120913510984
6.29,70.6,67.1,63.8,1,0.6550319239511605,0.3449680760488395,0.3449680760488395
7.59,68.9,65.4,56.7,1,0.7109374649381018,0.28906253506189816,0.28906253506189816
8.19,69.0,89.0,72.8,1,0.9530135306305337,0.046986469369466266,0.046986469369466266
5.87,68.0,52.3,37.5,0,0.31772450846483824,-0.31772450846483824,0.31772450846483824
7.1,77.3,100.0,68.8,1,0.8132075565317175,0.1867924434682825,0.1867924434682825
8.02,65.6,62.5,42.3,1,0.5928121872606466,0.40718781273935345,0.40718781273935345
10.0,83.8,58.3,61.9,1,1.0487008648510563,-0.04870086485105629,0.04870086485105629
7.29,76.9,51.7,67.7,1,0.8122044176107851,0.1877955823892149,0.1877955823892149
7.3,85.6,70.5,76.7,1,0.9312556984141241,0.06874430158587586,0.06874430158587586
8.35,61.4,56.8,51.1,1,0.7138161648347375,0.28618383516526247,0.28618383516526247
9.15,82.2,78.2,80.6,1,1.1626551557157514,-0.1626551557157514,0.1626551557157514
6.06,65.0,59.5,53.5,0,0.5067434660270674,-0.5067434660270674,0.5067434660270674
4.18,56.3,24.0,23.8,0,-0.036417445232676315,0.036417445232676315,0.036417445232676315
9.11,70.4,83.8,99.3,1,1.3392689329105325,-0.3392689329105325,0.3392689329105325
9.95,75.2,82.3,88.8,1,1.3227131925443874,-0.32271319254438735,0.32271319254438735
6.82,68.4,43.7,55.2,0,0.609047522552204,-0.609047522552204,0.609047522552204
6.43,54.7,45.7,48.5,0,0.46876699325653093,-0.46876699325653093,0.46876699325653093
8.04,86.8,63.3,75.3,1,0.9949499457379779,0.005050054262022097,0.005050054262022097
6.39,65.1,55.9,52.0,0,0.524719798755566,-0.524719798755566,0.524719798755566
9.35,92.6,86.0,75.6,1,1.1511354527243665,-0.15113545272436646,0.15113545272436646
4.29,44.1,37.4,34.6,0,0.07073527266006985,-0.07073527266006985,0.07073527266006985
6.35,83.5,91.7,90.4,1,0.9796561128565439,0.02034388714345614,0.02034388714345614
8.22,70.9,46.7,51.1,1,0.7170802575786649,0.2829197424213351,0.2829197424213351
9.64,89.5,84.2,78.8,1,1.2099614228563098,-0.2099614228563098,0.2099614228563098
9.76,93.9,88.6,75.2,1,1.192875504779321,-0.19287550477932092,0.19287550477932092
9.16,65.0,55.9,52.5,1,0.821052946744773,0.17894705325522697,0.17894705325522697
6.93,49.5,30.3,22.0,0,0.2207650747363049,-0.2207650747363049,0.2207650747363049
6.76,82.5,53.5,51.6,0,0.5930088598312141,-0.5930088598312141,0.5930088598312141
7.14,69.7,50.5,51.3,1,0.6040465716231403,0.39595342837685965,0.39595342837685965
7.43,95.0,79.0,76.8,1,0.9659068253510618,0.03409317464893824,0.03409317464893824
7.65,66.5,53.2,56.2,1,0.7050210253303996,0.29497897466960044,0.29497897466960044
7.42,71.8,53.4,54.3,1,0.6706603965738153,0.32933960342618473,0.32933960342618473
9.27,81.7,63.3,65.7,1,1.0099721594368063,-0.009972159436806294,0.009972159436806294
9.48,87.2,67.7,73.2,1,1.1250167530389708,-0.12501675303897075,0.12501675303897075
4.85,46.7,25.4,24.4,0,0.021900633005523917,-0.021900633005523917,0.021900633005523917
10.0,100.0,72.6,83.8,1,1.3207121430091746,-0.3207121430091746,0.3207121430091746
8.05,57.0,50.0,52.5,0,0.6876907667072977,-0.6876907667072977,0.6876907667072977
8.26,66.1,84.4,59.2,1,0.8062363915455314,0.1937636084544686,0.1937636084544686
6.17,68.7,56.6,44.3,0,0.4251874031416151,-0.4251874031416151,0.4251874031416151
7.09,79.0,74.7,69.6,1,0.819862094446914,0.18013790555308595,0.18013790555308595
7.98,56.2,70.7,63.2,1,0.7984665394673237,0.2015334605326763,0.2015334605326763
8.87,85.8,82.2,73.5,1,1.0638946824610258,-0.06389468246102581,0.06389468246102581
6.44,57.5,63.3,71.5,1,0.728029529912083,0.27197047008791697,0.27197047008791697
8.04,66.2,55.2,59.3,1,0.7794154972218611,0.2205845027781389,0.2205845027781389
6.13,50.6,59.1,60.7,0,0.5639334949169131,-0.5639334949169131,0.5639334949169131
7.7,64.6,48.6,48.8,1,0.6254187123112406,0.3745812876887594,0.3745812876887594
9.82,98.6,98.3,44.9,0,0.881095023153241,-0.881095023153241,0.881095023153241
4.0,48.0,27.7,28.2,0,-0.02322516423798915,0.02322516423798915,0.02322516423798915
9.81,87.1,89.0,58.3,1,1.001365545476951,-0.0013655454769510023,0.0013655454769510023
5.54,64.4,58.8,44.9,0,0.3574286493097306,-0.3574286493097306,0.3574286493097306
6.4,66.2,53.9,54.9,0,0.5590741784284591,-0.5590741784284591,0.5590741784284591
6.81,54.5,58.1,50.9,0,0.5364817117022981,-0.5364817117022981,0.5364817117022981
6.36,69.8,57.2,64.4,1,0.6656425669495535,0.3343574330504465,0.3343574330504465
7.48,55.7,36.5,51.8,1,0.6153334113921708,0.3846665886078292,0.3846665886078292
9.9,98.3,97.9,59.4,0,1.0462719079829137,-1.0462719079829137,1.0462719079829137
8.15,77.7,59.2,67.4,1,0.9021755745436654,0.09782442545633463,0.09782442545633463
6.49,51.0,25.4,31.7,0,0.2819467948674276,-0.2819467948674276,0.2819467948674276
6.08,41.0,34.5,37.0,0,0.2783238015657755,-0.2783238015657755,0.2783238015657755
7.38,66.7,59.3,53.4,1,0.647680485490279,0.352319514509721,0.352319514509721
5.14,46.6,25.2,31.7,0,0.13140273006571024,-0.13140273006571024,0.13140273006571024
5.53,57.1,29.5,23.7,0,0.10687820777265788,-0.10687820777265788,0.10687820777265788
5.43,54.2,26.7,32.0,0,0.18031163078886026,-0.18031163078886026,0.18031163078886026
8.05,76.5,88.9,59.0,1,0.8031801084821558,0.19681989151784418,0.19681989151784418
6.34,58.6,24.5,35.1,0,0.3178630442490319,-0.3178630442490319,0.3178630442490319
8.61,63.9,34.7,69.2,1,0.9387882111574287,0.06121178884257128,0.06121178884257128
7.17,63.2,49.8,47.8,1,0.5563201169875384,0.44367988301246164,0.44367988301246164
4.36,38.0,25.4,23.8,0,-0.05318692667613545,0.05318692667613545,0.05318692667613545
8.11,90.3,87.6,78.9,1,1.0524092037453308,-0.05240920374533076,0.05240920374533076
10.0,88.5,76.3,82.8,1,1.2879108948895213,-0.28791089488952126,0.28791089488952126
8.89,71.0,40.6,53.1,1,0.8083603466423924,0.19163965335760758,0.19163965335760758
7.67,59.8,54.8,58.5,1,0.7192142704316665,0.2807857295683335,0.2807857295683335
6.23,43.4,30.0,35.2,0,0.27848826168075236,-0.27848826168075236,0.27848826168075236
7.5,61.9,53.6,51.0,0,0.623838926933416,-0.623838926933416,0.623838926933416
7.02,71.0,53.6,44.0,1,0.5152604780975073,0.4847395219024927,0.4847395219024927
6.55,71.3,52.2,57.6,1,0.6138734248251986,0.3861265751748014,0.3861265751748014
7.09,61.5,54.3,45.3,1,0.5182009703848655,0.48179902961513454,0.48179902961513454
6.84,80.3,72.3,76.3,1,0.8684739648992833,0.1315260351007167,0.1315260351007167
5.7,48.3,27.5,32.5,0,0.20266884267134777,-0.20266884267134777,0.20266884267134777
7.5,88.7,70.0,72.7,1,0.9148460068688274,0.08515399313117256,0.08515399313117256
9.14,70.1,76.7,62.6,1,0.9421683804497466,0.0578316195502534,0.0578316195502534
8.01,87.2,63.3,67.8,1,0.9111547982306042,0.08884520176939581,0.08884520176939581
9.06,79.1,83.1,79.1,1,1.131662048070189,-0.1316620480701891,0.1316620480701891
7.45,61.9,60.0,47.6,1,0.5827626796501352,0.4172373203498648,0.4172373203498648
7.42,78.3,73.8,72.9,1,0.8888424113075825,0.11115758869241754,0.11115758869241754
5.13,51.8,25.8,29.0,0,0.11134836417125349,-0.11134836417125349,0.11134836417125349
6.0,52.1,23.5,29.1,0,0.2040593183952525,-0.2040593183952525,0.2040593183952525
5.13,59.5,29.3,26.1,0,0.09557612994072795,-0.09557612994072795,0.09557612994072795
9.74,74.3,68.0,76.3,1,1.160724304784349,-0.16072430478434896,0.16072430478434896
7.98,56.7,54.9,55.3,1,0.7109813429712225,0.2890186570287775,0.2890186570287775
8.84,97.5,68.8,66.6,1,1.0065100508598523,-0.0065100508598523454,0.0065100508598523454
6.45,37.7,25.7,21.5,0,0.14094352932213983,-0.14094352932213983,0.14094352932213983
6.66,83.9,59.8,60.6,1,0.6840364347920006,0.3159635652079994,0.3159635652079994
7.08,64.7,68.7,77.8,1,0.8787425689781042,0.12125743102189579,0.12125743102189579
4.7,58.2,26.7,30.8,0,0.09841946287934766,-0.09841946287934766,0.09841946287934766
7.39,76.3,87.4,75.5,1,0.912312593491614,0.08768740650838602,0.08768740650838602
6.66,57.9,47.1,46.8,1,0.4810017159065817,0.5189982840934183,0.5189982840934183
4.79,50.4,33.6,30.8,0,0.09374293388609267,-0.09374293388609267,0.09374293388609267
9.97,96.9,96.0,79.2,1,1.2655247234152367,-0.2655247234152367,0.2655247234152367
7.68,53.7,57.2,57.4,1,0.696757111822958,0.30324288817704204,0.30324288817704204
8.61,71.5,48.2,34.9,1,0.5836156581399233,0.41638434186007667,0.41638434186007667
8.01,72.7,82.2,90.7,1,1.1345409715282564,-0.1345409715282564,0.1345409715282564
6.36,58.3,62.2,58.4,1,0.5787780509818387,0.42122194901816135,0.42122194901816135
8.67,84.4,51.8,57.8,1,0.864485216824377,0.13551478317562304,0.13551478317562304
7.94,95.0,91.7,70.4,1,0.9521853374094552,0.04781466259054479,0.04781466259054479
6.22,40.3,22.2,35.3,0,0.2711063845386804,-0.2711063845386804,0.2711063845386804
8.16,64.9,52.1,35.7,1,0.5327195945487696,0.4672804054512304,0.4672804054512304
8.3,56.4,50.9,47.4,1,0.6575683263132835,0.34243167368671645,0.34243167368671645
4.0,55.8,28.9,30.3,0,0.015091529355591438,-0.015091529355591438,0.015091529355591438
8.03,85.5,68.3,97.6,1,1.2343118637370618,-0.2343118637370618,0.2343118637370618
7.2,72.5,84.3,82.2,1,0.9570986435680239,0.04290135643197612,0.04290135643197612
7.75,71.2,61.0,63.8,1,0.808601086679202,0.19139891332079795,0.19139891332079795
6.37,66.1,75.1,75.4,1,0.7819118894762024,0.21808811052379762,0.21808811052379762
9.83,85.0,73.7,67.5,1,1.0966185155832675,-0.0966185155832675,0.0966185155832675
9.98,97.1,58.2,93.0,1,1.4103445955927594,-0.4103445955927594,0.4103445955927594
8.11,83.9,97.3,68.2,1,0.9253305373260156,0.07466946267398444,0.07466946267398444
6.92,57.2,54.2,58.9,0,0.6395326882306557,-0.6395326882306557,0.6395326882306557
7.64,64.8,51.4,47.5,0,0.6058695865897422,-0.6058695865897422,0.6058695865897422
5.59,70.8,50.1,45.8,0,0.3835336744996286,-0.3835336744996286,0.3835336744996286
6.29,68.5,48.8,51.5,0,0.5142451482078653,-0.5142451482078653,0.5142451482078653
10.0,81.3,84.3,76.5,1,1.2067425442485589,-0.20674254424855887,0.20674254424855887
7.53,81.4,77.1,73.3,1,0.9113939348306827,0.08860606516931735,0.08860606516931735
8.13,58.9,77.4,63.7,1,0.826102359206006,0.17389764079399395,0.17389764079399395
5.01,44.6,27.8,22.5,0,0.014373838591359767,-0.014373838591359767,0.014373838591359767
5.53,52.8,23.1,40.1,0,0.27539989569903833,-0.27539989569903833,0.27539989569903833
7.59,61.2,49.9,51.7,1,0.6388914229718857,0.3611085770281143,0.3611085770281143
9.03,91.7,78.1,61.1,1,0.9569647135586835,0.04303528644131649,0.04303528644131649
7.77,62.3,45.2,36.9,1,0.4984811503072125,0.5015188496927875,0.5015188496927875
6.14,74.8,50.3,44.1,0,0.43076308615559944,-0.43076308615559944,0.43076308615559944
5.88,54.8,24.1,31.1,0,0.21856524734879323,-0.21856524734879323,0.21856524734879323
4.31,71.1,52.9,49.4,0,0.28916974380955207,-0.28916974380955207,0.28916974380955207
5.48,73.3,71.3,57.6,0,0.5086120974626863,-0.5086120974626863,0.5086120974626863
7.69,73.2,59.1,56.8,1,0.7298984551111373,0.27010154488886273,0.27010154488886273
4.35,35.8,0.6,43.9,0,0.15543738777746208,-0.15543738777746208,0.15543738777746208
7.16,65.2,54.5,53.5,0,0.6218824902928294,-0.6218824902928294,0.6218824902928294
8.39,97.4,66.6,64.1,1,0.9315049875458211,0.06849501245417888,0.06849501245417888
7.48,91.2,87.7,68.9,1,0.879415757374718,0.120584242625282,0.120584242625282
5.34,60.8,33.7,23.2,0,0.08946267651505813,-0.08946267651505813,0.08946267651505813
8.98,84.8,62.6,85.1,1,1.1960882738728795,-0.19608827387287953,0.19608827387287953
9.22,87.2,90.7,56.8,1,0.9235629755436242,0.07643702445637579,0.07643702445637579
4.66,45.9,27.1,29.5,0,0.05602386110628588,-0.05602386110628588,0.05602386110628588
8.64,98.0,74.7,63.2,1,0.9505664386199936,0.04943356138000643,0.04943356138000643
6.58,90.5,82.7,80.6,1,0.9096339679672197,0.09036603203278026,0.09036603203278026
7.24,56.0,39.7,50.3,0,0.5749611439350196,-0.5749611439350196,0.5749611439350196
6.44,40.3,28.0,28.4,0,0.2203026289817972,-0.2203026289817972,0.2203026289817972
4.26,34.6,0.2,39.6,1,0.09687005954055616,0.9031299404594438,0.9031299404594438
8.05,95.1,71.2,70.1,1,0.9571861839309558,0.04281381606904422,0.04281381606904422
7.02,68.8,53.1,40.5,1,0.47285675813421724,0.5271432418657828,0.5271432418657828
7.78,64.7,50.3,53.2,1,0.6820832735721188,0.31791672642788116,0.31791672642788116
6.03,57.0,52.0,54.4,1,0.49637740848293654,0.5036225915170635,0.5036225915170635
9.54,75.4,78.4,71.2,1,1.0882695375272253,-0.08826953752722533,0.08826953752722533
6.07,43.3,28.3,20.6,0,0.10267482305290532,-0.10267482305290532,0.10267482305290532
5.95,59.4,66.3,50.5,0,0.4527795017528288,-0.4527795017528288,0.4527795017528288
9.31,79.9,69.0,100.0,1,1.384010783288728,-0.38401078328872806,0.38401078328872806
4.53,55.5,51.7,45.5,0,0.2391181739749647,-0.2391181739749647,0.2391181739749647
6.28,50.5,25.7,32.9,0,0.2719758428986899,-0.2719758428986899,0.2719758428986899
9.67,79.4,83.6,60.6,1,0.9955866482542454,0.0044133517457546345,0.0044133517457546345
6.66,69.3,54.2,56.3,1,0.6077343640945864,0.39226563590541363,0.39226563590541363
8.13,67.5,45.0,49.6,1,0.6843719314416187,0.3156280685583813,0.3156280685583813
9.02,64.0,55.2,46.9,1,0.7434583841945114,0.2565416158054886,0.2565416158054886
6.91,50.3,56.8,46.9,1,0.4950958235077566,0.5049041764922434,0.5049041764922434
8.41,71.4,71.5,57.0,1,0.8063175688707042,0.19368243112929584,0.19368243112929584
6.31,73.4,62.9,47.6,1,0.4860299166097698,0.5139700833902302,0.5139700833902302
7.53,68.6,69.7,66.1,1,0.8068329059386826,0.19316709406131738,0.19316709406131738
8.19,74.3,54.5,44.5,1,0.6502767939734481,0.34972320602655194,0.34972320602655194
7.91,74.4,58.7,42.6,1,0.601136123924679,0.39886387607532103,0.39886387607532103
9.94,70.7,92.3,69.4,1,1.10390860582031,-0.10390860582031003,0.10390860582031003
9.25,84.2,76.2,68.1,1,1.0410363303513805,-0.041036330351380546,0.041036330351380546
7.71,87.6,51.1,60.4,1,0.797988964307976,0.20201103569202405,0.20201103569202405
4.11,31.8,24.2,29.1,0,-0.03429334492583691,0.03429334492583691,0.03429334492583691
6.62,67.1,65.4,46.4,0,0.4936386794069808,-0.4936386794069808,0.4936386794069808
4.89,66.0,71.1,51.1,0,0.3616732530070693,-0.3616732530070693,0.3616732530070693
4.12,46.0,23.0,29.8,0,0.0020286923173242766,-0.0020286923173242766,0.0020286923173242766
9.23,83.4,91.4,70.5,1,1.0660147716507757,-0.06601477165077574,0.06601477165077574
8.33,93.9,98.4,68.4,1,0.9704405700798241,0.029559429920175906,0.029559429920175906
7.82,57.5,47.9,43.4,1,0.5653442094069648,0.43465579059303516,0.43465579059303516
8.65,84.9,75.2,61.3,1,0.9053577394235212,0.09464226057647884,0.09464226057647884
7.27,72.6,59.5,52.3,0,0.6357942050473141,-0.6357942050473141,0.6357942050473141
4.85,48.6,23.0,29.8,0,0.0838488817319577,-0.0838488817319577,0.0838488817319577
8.22,65.5,61.8,53.5,1,0.7351131937673779,0.26488680623262206,0.26488680623262206
6.8,75.4,91.5,70.5,1,0.7949569060777301,0.20504309392226994,0.20504309392226994
6.42,75.7,50.4,45.6,1,0.4782578398125218,0.5217421601874782,0.5217421601874782
6.88,57.3,25.6,20.5,0,0.21373512338117184,-0.21373512338117184,0.21373512338117184
8.79,77.8,82.3,88.7,1,1.2048264562474773,-0.2048264562474773,0.2048264562474773
4.37,30.3,7.4,85.1,1,0.5952119064616136,0.4047880935383864,0.4047880935383864
8.97,77.2,64.4,58.4,1,0.8905424892836128,0.10945751071638721,0.10945751071638721
8.3,72.2,58.6,44.0,1,0.6529854061267378,0.34701459387326217,0.34701459387326217
8.23,69.8,65.5,51.1,1,0.7191799726191227,0.2808200273808773,0.2808200273808773
9.38,68.0,74.7,68.3,1,1.0248113454811882,-0.02481134548118824,0.02481134548118824
9.95,76.9,78.9,68.4,1,1.1039869904755464,-0.10398699047554638,0.10398699047554638
6.34,80.2,46.1,46.6,0,0.48880776262062964,-0.48880776262062964,0.48880776262062964
7.61,69.3,82.2,61.4,1,0.767719439512292,0.23228056048770795,0.23228056048770795
8.33,87.4,72.7,78.1,1,1.058607848758104,-0.0586078487581041,0.0586078487581041
5.63,53.3,28.8,26.8,0,0.14346480876189116,-0.14346480876189116,0.14346480876189116
7.71,79.0,93.5,69.4,1,0.8860550756692672,0.11394492433073278,0.11394492433073278
5.72,70.3,52.1,41.8,0,0.3531271122204688,-0.3531271122204688,0.3531271122204688
10.0,78.2,80.0,72.5,1,1.1564950551510509,-0.1564950551510509,0.1564950551510509
4.93,46.2,24.8,25.1,0,0.036823857288637574,-0.036823857288637574,0.036823857288637574
6.98,84.8,67.1,57.1,1,0.6826783784948193,0.31732162150518073,0.31732162150518073
5.17,48.7,30.0,34.3,0,0.16772533211414886,-0.16772533211414886,0.16772533211414886
7.47,84.8,57.5,52.6,1,0.6836779298103167,0.3163220701896833,0.3163220701896833
6.7,49.4,32.3,34.5,0,0.3324520095272291,-0.3324520095272291,0.3324520095272291
7.88,86.9,71.5,61.1,1,0.8255613692936535,0.17443863070634646,0.17443863070634646
7.39,82.6,80.1,63.3,1,0.7909786937722735,0.20902130622772652,0.20902130622772652
8.38,63.0,72.7,62.4,1,0.8455075271071996,0.15449247289280044,0.15449247289280044
8.73,58.5,58.1,61.5,1,0.8611924848746341,0.13880751512536593,0.13880751512536593
7.76,89.3,70.2,82.7,1,1.051951775654131,-0.051951775654131005,0.051951775654131005
7.63,75.9,48.4,42.9,0,0.5761548181829043,-0.5761548181829043,0.5761548181829043
9.71,75.6,68.5,64.4,1,1.0310103715045975,-0.03101037150459751,0.03101037150459751
9.85,97.0,95.7,30.0,0,0.7188934584452379,-0.7188934584452379,0.7188934584452379
9.76,100.0,74.0,74.4,1,1.193673298349661,-0.19367329834966096,0.19367329834966096
6.54,71.6,48.5,43.5,1,0.45969602623094963,0.5403039737690504,0.5403039737690504
6.27,73.1,54.6,52.2,0,0.5297632732370282,-0.5297632732370282,0.5297632732370282
5.37,79.7,56.3,57.6,0,0.5070562132101574,-0.5070562132101574,0.5070562132101574
9.61,79.6,49.6,49.4,1,0.8622730849859442,0.13772691501405576,0.13772691501405576
7.34,64.9,50.3,48.9,1,0.5895508347969943,0.4104491652030057,0.4104491652030057
4.29,48.8,28.1,30.4,0,0.03277529626336151,-0.03277529626336151,0.03277529626336151
8.61,62.6,52.3,43.8,1,0.6634712485005986,0.3365287514994014,0.3365287514994014
6.59,58.5,28.9,33.4,0,0.32623330406759676,-0.32623330406759676,0.32623330406759676
6.6,65.6,45.4,48.4,1,0.5068932681770569,0.49310673182294307,0.49310673182294307
7.75,67.4,53.8,56.1,1,0.7163135608673264,0.28368643913267355,0.28368643913267355
8.04,76.0,44.6,51.9,1,0.7165030050675129,0.28349699493248715,0.28349699493248715
5.7,62.4,29.4,32.2,0,0.22741565614926984,-0.22741565614926984,0.22741565614926984
8.19,64.9,44.2,52.5,0,0.7169221570794982,-0.7169221570794982,0.7169221570794982
8.65,58.7,43.9,53.5,1,0.7638984488530433,0.23610155114695675,0.23610155114695675
5.98,49.7,31.6,37.5,0,0.2898273237190939,-0.2898273237190939,0.2898273237190939
5.06,63.7,68.6,58.3,0,0.45276746564703096,-0.45276746564703096,0.45276746564703096
7.62,83.9,64.4,53.4,1,0.7075378325281175,0.2924621674718825,0.2924621674718825
10.0,79.6,61.3,79.5,1,1.232051398233954,-0.23205139823395404,0.23205139823395404
8.04,78.1,74.7,85.2,1,1.0873009221896903,-0.08730092218969032,0.08730092218969032
5.39,59.2,26.3,25.2,0,0.1120274851827111,-0.1120274851827111,0.1120274851827111
5.43,83.8,72.5,53.2,1,0.4764039801981951,0.5235960198018049,0.5235960198018049
5.75,51.9,30.9,34.6,0,0.23837048294829677,-0.23837048294829677,0.23837048294829677
5.23,43.8,31.8,28.5,0,0.10174802533877092,-0.10174802533877092,0.10174802533877092
6.77,74.1,58.7,56.9,1,0.6359993389929338,0.3640006610070662,0.3640006610070662
5.65,56.3,31.5,29.3,0,0.17905922636484262,-0.17905922636484262,0.17905922636484262
5.21,41.2,32.9,31.3,0,0.1251295358854455,-0.1251295358854455,0.1251295358854455
4.14,55.4,22.7,31.2,0,0.03773226447463307,-0.03773226447463307,0.03773226447463307
5.05,47.0,26.5,32.5,0,0.13163727870327746,-0.13163727870327746,0.13163727870327746
6.82,72.6,38.7,53.5,0,0.5979823477067866,-0.5979823477067866,0.5979823477067866
7.95,70.4,77.5,76.5,1,0.9687486356232363,0.03125136437676368,0.03125136437676368
8.08,84.9,78.4,74.5,1,0.9893148775291091,0.010685122470890929,0.010685122470890929
6.93,67.8,62.8,44.0,1,0.5010903887781063,0.4989096112218937,0.4989096112218937
6.84,90.0,78.1,55.9,1,0.6670225275651248,0.3329774724348752,0.3329774724348752
6.62,70.0,47.7,57.0,1,0.6113956008466651,0.3886043991533349,0.3886043991533349
7.81,92.0,71.9,75.5,1,0.9846262132124078,0.015373786787592159,0.015373786787592159
5.0,51.7,28.8,29.3,0,0.10125933338019666,-0.10125933338019666,0.10125933338019666
7.89,69.3,91.6,81.1,1,1.0126322583987148,-0.012632258398714846,0.012632258398714846
5.87,38.2,24.4,28.8,0,0.1600069533577514,-0.1600069533577514,0.1600069533577514
7.04,77.3,100.0,91.9,1,1.05769934132561,-0.05769934132560994,0.05769934132560994
8.89,86.2,81.6,81.4,1,1.152449821737394,-0.15244982173739396,0.15244982173739396
6.8,91.7,86.1,69.5,1,0.8151768760572674,0.1848231239427326,0.1848231239427326
7.01,68.8,75.0,77.1,1,0.872910108536367,0.12708989146363303,0.12708989146363303
7.5,69.6,58.5,51.7,1,0.6473908836039101,0.35260911639608994,0.35260911639608994
8.42,84.1,78.1,63.9,1,0.9083395672410451,0.09166043275895486,0.09166043275895486
4.77,51.0,30.5,25.0,0,0.02931923574184403,-0.02931923574184403,0.02931923574184403
7.21,71.0,43.5,46.7,1,0.5628180883821509,0.43718191161784914,0.43718191161784914
6.36,69.1,54.6,44.7,1,0.4499413646990419,0.5500586353009581,0.5500586353009581
4.87,46.8,36.9,31.8,0,0.10650319472658265,-0.10650319472658265,0.10650319472658265
7.5,80.4,79.0,77.8,1,0.9554589548379014,0.04454104516209856,0.04454104516209856
5.48,78.0,52.8,50.4,1,0.4365110748506581,0.5634889251493419,0.5634889251493419
8.43,88.5,80.1,84.0,1,1.1365955581144092,-0.13659555811440915,0.13659555811440915
9.05,96.5,74.7,82.2,1,1.1969923630206645,-0.19699236302066447,0.19699236302066447
6.72,67.3,78.7,53.6,1,0.5849805637327182,0.41501943626728177,0.41501943626728177
7.57,77.0,62.1,58.9,1,0.7480590540489133,0.25194094595108674,0.25194094595108674
9.07,71.2,69.4,61.8,1,0.927040084998391,0.07295991500160903,0.07295991500160903
4.0,45.7,28.0,27.8,0,-0.03203190430221392,0.03203190430221392,0.03203190430221392
9.8,98.2,99.3,71.3,1,1.165004016620128,-0.1650040166201281,0.1650040166201281
8.95,70.1,88.6,83.1,1,1.1468008626080421,-0.14680086260804215,0.14680086260804215
9.86,85.3,65.0,81.2,1,1.247616717867718,-0.247616717867718,0.247616717867718
5.31,47.8,25.9,38.0,0,0.22014254587292503,-0.22014254587292503,0.22014254587292503
8.93,77.3,77.7,66.2,1,0.9734895940822325,0.026510405917767543,0.026510405917767543
6.65,70.2,60.6,45.9,1,0.49662937131082396,0.503370628689176,0.503370628689176
8.55,62.8,50.5,52.7,1,0.7538787632806662,0.24612123671933384,0.24612123671933384
8.3,74.8,61.5,57.2,1,0.8018970435842588,0.19810295641574116,0.19810295641574116
8.13,81.1,57.9,94.9,1,1.2050945715414718,-0.20509457154147182,0.20509457154147182
7.32,48.1,23.0,29.2,0,0.33592688730507614,-0.33592688730507614,0.33592688730507614
6.06,69.9,62.5,45.7,1,0.4321898213319072,0.5678101786680928,0.5678101786680928
5.07,58.7,48.1,50.1,0,0.3514769735876667,-0.3514769735876667,0.3514769735876667
8.94,65.7,88.1,62.4,1,0.9122866329917799,0.08771336700822008,0.08771336700822008
7.04,48.9,31.4,30.0,0,0.31819107624542486,-0.31819107624542486,0.31819107624542486
5.25,67.2,59.2,50.9,0,0.3976594471905869,-0.3976594471905869,0.3976594471905869
8.89,79.4,71.9,67.1,1,0.9821900278052037,0.017809972194796297,0.017809972194796297
9.65,77.2,53.5,74.4,1,1.1338563706133393,-0.13385637061333933,0.13385637061333933
8.78,81.4,76.4,88.5,1,1.2076644654302156,-0.20766446543021555,0.20766446543021555
5.8,83.5,92.0,67.4,1,0.6721959626731181,0.3278040373268819,0.3278040373268819
5.8,79.1,57.1,60.4,1,0.5816034928197079,0.4183965071802921,0.4183965071802921
6.18,60.4,80.1,77.1,1,0.7700652039854486,0.22993479601455136,0.22993479601455136
5.47,55.4,28.3,26.5,0,0.1274303883241713,-0.1274303883241713,0.1274303883241713
5.7,52.6,27.1,30.2,0,0.1860707534455076,-0.1860707534455076,0.1860707534455076
5.71,41.6,29.6,31.5,0,0.1800683324022444,-0.1800683324022444,0.1800683324022444
7.78,59.0,53.9,58.1,1,0.724707363329396,0.275292636670604,0.275292636670604
7.49,79.4,84.5,73.8,1,0.9099554346838495,0.09004456531615046,0.09004456531615046
8.31,91.9,73.4,71.6,1,0.9948887875030322,0.005111212496967776,0.005111212496967776
10.0,78.6,67.0,87.7,1,1.320088588868774,-0.3200885888687739,0.3200885888687739
7.74,62.0,58.4,52.4,1,0.6652759302458621,0.33472406975413793,0.33472406975413793
4.22,49.4,28.6,35.5,0,0.08205295344390884,-0.08205295344390884,0.08205295344390884
4.17,68.3,53.3,60.7,0,0.3917129999884751,-0.3917129999884751,0.3917129999884751
4.91,48.1,26.0,32.1,0,0.11465586963700292,-0.11465586963700292,0.11465586963700292
7.51,63.9,59.2,61.9,0,0.7481132141521264,-0.7481132141521264,0.7481132141521264
6.25,59.5,57.1,56.4,0,0.5469894442139013,-0.5469894442139013,0.5469894442139013
4.51,59.3,63.0,53.2,0,0.3300035522848216,-0.3300035522848216,0.3300035522848216
6.85,86.9,78.0,74.1,1,0.8595685739649149,0.14043142603508507,0.14043142603508507
8.38,61.2,58.9,54.9,1,0.7581913133170294,0.24180868668297062,0.24180868668297062
7.51,67.1,59.3,73.8,1,0.8836107616971166,0.11638923830288339,0.11638923830288339
8.74,53.5,67.7,42.9,1,0.6521255189914618,0.34787448100853824,0.34787448100853824
5.93,79.9,50.4,47.2,0,0.4523796973031581,-0.4523796973031581,0.4523796973031581
7.27,67.1,51.8,53.6,0,0.637797290037904,-0.637797290037904,0.637797290037904
5.88,35.7,27.7,32.8,0,0.20014134827110486,-0.20014134827110486,0.20014134827110486
6.71,61.6,72.5,47.1,1,0.5011113221623359,0.4988886778376641,0.4988886778376641
6.44,54.3,24.1,34.6,0,0.3144340099508717,-0.3144340099508717,0.3144340099508717
7.57,81.2,79.9,77.1,1,0.9569394441524436,0.043060555847556414,0.043060555847556414
8.56,52.5,53.1,47.7,1,0.6808683340637626,0.31913166593623743,0.31913166593623743
6.93,72.8,87.9,92.3,1,1.0395833795744935,-0.03958337957449354,0.03958337957449354
9.45,85.5,78.5,69.1,1,1.075855994165495,-0.07585599416549504,0.07585599416549504
5.45,46.6,26.2,30.6,0,0.1522087394032524,-0.1522087394032524,0.1522087394032524
7.84,67.6,51.5,45.0,1,0.6052588892715295,0.3947411107284705,0.3947411107284705
6.5,77.9,51.7,49.4,0,0.5324624339690999,-0.5324624339690999,0.5324624339690999
7.35,51.0,30.0,31.0,0,0.36550977961086717,-0.36550977961086717,0.36550977961086717
9.96,82.7,64.9,54.0,1,0.9576936440035787,0.042306355996421297,0.042306355996421297
5.87,52.6,25.9,34.8,0,0.25367367831814314,-0.25367367831814314,0.25367367831814314
10.0,80.3,83.3,78.0,1,1.2208943299303305,-0.22089432993033054,0.22089432993033054
5.78,60.7,63.6,44.2,1,0.3686061319047512,0.6313938680952488,0.6313938680952488
5.58,62.6,54.0,47.4,0,0.384422133256631,-0.384422133256631,0.384422133256631
7.53,79.9,56.9,43.2,1,0.5782057822835701,0.4217942177164299,0.4217942177164299
7.95,100.0,89.5,63.7,1,0.8899342540468719,0.11006574595312812,0.11006574595312812
5.61,30.9,27.1,31.6,0,0.14921319916310105,-0.14921319916310105,0.14921319916310105
5.39,79.5,53.0,50.4,0,0.43003169871860625,-0.43003169871860625,0.43003169871860625
9.17,73.9,73.8,72.8,1,1.0630276169325295,-0.06302761693252945,0.06302761693252945
4.04,44.0,25.3,30.3,0,-0.004483745843187337,0.004483745843187337,0.004483745843187337
5.56,74.4,56.7,49.8,0,0.4320024895522324,-0.4320024895522324,0.4320024895522324
6.35,67.3,48.8,33.6,1,0.3238541626569079,0.6761458373430921,0.6761458373430921
4.71,51.0,29.1,32.3,0,0.10203115476013946,-0.10203115476013946,0.10203115476013946
8.37,81.0,61.1,55.8,1,0.8061565029470988,0.19384349705290116,0.19384349705290116
6.78,61.1,52.7,46.1,1,0.4932502250723295,0.5067497749276705,0.5067497749276705
4.17,36.3,2.2,67.9,1,0.39834421041081625,0.6016557895891838,0.6016557895891838
8.82,88.1,93.4,89.7,1,1.2409503220682487,-0.24095032206824873,0.24095032206824873
5.76,51.4,24.3,28.7,0,0.1732571178171033,-0.1732571178171033,0.1732571178171033
8.34,52.6,46.7,43.3,1,0.6090816549398849,0.39091834506011514,0.39091834506011514
8.17,82.4,79.9,91.1,1,1.1743478341524907,-0.17434783415249067,0.17434783415249067
6.92,59.8,52.5,43.8,1,0.4804055987576744,0.5195944012423256,0.5195944012423256
8.86,72.3,74.5,84.0,1,1.1490266826783868,-0.1490266826783868,0.1490266826783868
5.51,57.6,60.9,59.8,0,0.5030548636755136,-0.5030548636755136,0.5030548636755136
6.31,75.4,65.0,53.5,0,0.5543709107545188,-0.5543709107545188,0.5543709107545188
6.46,66.9,47.1,58.8,0,0.6079357517659302,-0.6079357517659302,0.6079357517659302
6.53,75.0,56.5,61.0,1,0.656682747474196,0.34331725252580403,0.34331725252580403
5.23,54.9,26.9,25.6,0,0.0912168664626899,-0.0912168664626899,0.0912168664626899
9.83,87.1,71.4,56.2,1,0.977664172684782,0.022335827315217993,0.022335827315217993
8.68,100.0,63.1,67.6,1,1.004487619795806,-0.004487619795805919,0.004487619795805919
6.27,56.8,55.7,62.6,1,0.6108655206895995,0.38913447931040046,0.38913447931040046
8.09,88.0,79.2,67.6,1,0.921674452509957,0.07832554749004295,0.07832554749004295
8.96,98.1,93.8,76.0,1,1.1266210391962428,-0.1266210391962428,0.1266210391962428
7.75,72.1,53.4,55.3,0,0.7167862447431143,-0.7167862447431143,0.7167862447431143
5.91,71.5,53.8,53.6,0,0.5038530136853488,-0.5038530136853488,0.5038530136853488
6.18,75.2,52.4,52.6,1,0.5283950054347809,0.4716049945652191,0.4716049945652191
6.81,72.5,40.4,48.3,0,0.540568719522106,-0.540568719522106,0.540568719522106
5.54,74.0,50.8,48.5,1,0.4139944749512364,0.5860055250487636,0.5860055250487636
5.26,52.3,27.1,30.7,0,0.1446704736857909,-0.1446704736857909,0.1446704736857909
8.52,94.7,78.8,71.0,1,1.016861783144229,-0.016861783144229037,0.016861783144229037
5.52,68.3,54.4,49.0,0,0.40674585368497096,-0.40674585368497096,0.40674585368497096
7.9,86.0,77.0,87.6,1,1.114546063985113,-0.11454606398511302,0.11454606398511302
9.11,91.0,70.2,55.4,1,0.9007646300849631,0.0992353699150369,0.0992353699150369
4.12,32.4,1.5,56.7,1,0.2637154902212312,0.7362845097787688,0.7362845097787688
6.2,59.1,28.9,32.1,0,0.27231170191127874,-0.27231170191127874,0.27231170191127874
7.63,88.2,64.4,46.5,1,0.6421166055454074,0.3578833944545926,0.3578833944545926
7.09,48.6,28.3,27.6,0,0.29627080787759896,-0.29627080787759896,0.29627080787759896
5.67,66.2,54.0,62.7,0,0.5670598852245728,-0.5670598852245728,0.5670598852245728
8.43,89.1,59.4,77.4,1,1.0625846164679058,-0.06258461646790581,0.06258461646790581
5.55,56.4,29.9,37.5,0,0.2575010217401953,-0.2575010217401953,0.2575010217401953
6.84,75.7,72.3,94.3,1,1.054870118437842,-0.05487011843784195,0.05487011843784195
9.1,61.4,67.6,56.9,1,0.8574478597134388,0.14255214028656116,0.14255214028656116
7.32,77.2,52.5,52.1,1,0.6467130333239509,0.3532869666760491,0.3532869666760491
5.66,66.1,46.5,38.4,0,0.3007071480802529,-0.3007071480802529,0.3007071480802529
10.0,91.7,72.6,65.1,1,1.1013921060943748,-0.10139210609437477,0.10139210609437477
5.21,43.6,24.4,31.3,0,0.1283904479909208,-0.1283904479909208,0.1283904479909208
7.72,70.0,59.2,50.3,1,0.6562156770346875,0.34378432296531247,0.34378432296531247
9.3,67.0,97.1,67.5,1,1.0095779382867107,-0.009577938286710719,0.009577938286710719
6.73,76.0,60.6,57.3,0,0.640192645645454,-0.640192645645454,0.640192645645454
4.39,55.7,28.1,32.0,0,0.07420096977587842,-0.07420096977587842,0.07420096977587842
7.65,73.5,58.1,56.4,1,0.7217703019507883,0.2782296980492117,0.2782296980492117
7.06,53.2,24.9,30.8,0,0.33631060466608476,-0.33631060466608476,0.33631060466608476
4.74,56.1,29.7,31.2,0,0.10335533886531334,-0.10335533886531334,0.10335533886531334
6.21,71.5,42.9,33.4,0,0.3142082535230851,-0.3142082535230851,0.3142082535230851
6.27,72.2,62.5,54.7,0,0.5564871749440022,-0.5564871749440022,0.5564871749440022
7.9,83.9,81.3,65.5,1,0.8712171540588144,0.1287828459411856,0.1287828459411856
4.54,47.9,33.9,33.9,0,0.09627050442092366,-0.09627050442092366,0.09627050442092366
6.74,74.9,53.0,46.8,0,0.5237884680643169,-0.5237884680643169,0.5237884680643169
5.47,57.5,26.4,32.4,0,0.19528509289391793,-0.19528509289391793,0.19528509289391793
7.38,64.9,51.6,59.5,1,0.7090607422047995,0.29093925779520047,0.29093925779520047
6.41,60.2,54.2,45.2,0,0.4430845711963648,-0.4430845711963648,0.4430845711963648
9.25,84.6,93.4,70.2,1,1.067556494397433,-0.06755649439743294,0.06755649439743294
7.39,53.8,64.6,47.5,1,0.5602554351054562,0.43974456489454383,0.43974456489454383
4.65,75.9,60.9,53.7,0,0.3823738132648914,-0.3823738132648914,0.3823738132648914
9.36,80.3,80.6,61.1,1,0.969691914135124,0.03030808586487599,0.03030808586487599
6.36,54.3,29.8,23.9,0,0.19082932546554032,-0.19082932546554032,0.19082932546554032
6.05,50.4,20.7,31.6,0,0.23264131781346886,-0.23264131781346886,0.23264131781346886
10.0,71.6,75.2,49.7,1,0.8951793736273813,0.10482062637261869,0.10482062637261869
10.0,92.2,86.6,79.9,1,1.265446686585633,-0.2654466865856331,0.2654466865856331
6.28,80.5,38.7,50.6,1,0.5252565376646913,0.47474346233530873,0.47474346233530873
5.18,46.5,24.4,30.8,0,0.12550220385830368,-0.12550220385830368,0.12550220385830368
4.45,69.2,61.2,49.5,0,0.3026546363381907,-0.3026546363381907,0.3026546363381907
9.79,83.7,71.0,67.2,1,1.0861450027081014,-0.08614500270810144,0.08614500270810144
9.66,97.1,88.4,79.1,1,1.2309566176813345,-0.23095661768133446,0.23095661768133446
4.55,54.4,29.8,28.5,0,0.05075396302849222,-0.05075396302849222,0.05075396302849222
9.18,95.5,56.5,74.1,1,1.1176433322566055,-0.1176433322566055,0.1176433322566055
9.23,67.7,57.5,57.7,1,0.8904392105871822,0.10956078941281777,0.10956078941281777
6.58,62.5,48.0,40.5,1,0.4133790632887654,0.5866209367112346,0.5866209367112346
4.53,51.5,21.8,24.3,0,-0.004005527257110453,0.004005527257110453,0.004005527257110453
7.34,54.9,53.1,56.0,1,0.647482531706623,0.35251746829337705,0.35251746829337705
6.9,68.9,38.4,53.8,0,0.6023320434881348,-0.6023320434881348,0.6023320434881348
4.36,46.0,30.3,29.5,0,0.02523907212705423,-0.02523907212705423,0.02523907212705423
7.02,65.4,61.3,63.5,1,0.7172930710158735,0.2827069289841265,0.2827069289841265
10.0,78.0,97.1,79.2,1,1.2317625988949414,-0.23176259889494144,0.23176259889494144
7.58,65.0,53.3,51.2,1,0.6404519886564451,0.35954801134355485,0.35954801134355485
7.44,73.2,62.9,67.4,1,0.8193587147622977,0.1806412852377023,0.1806412852377023
6.73,67.9,58.1,68.4,0,0.74437787517252,-0.74437787517252,0.74437787517252
7.08,80.4,53.7,58.6,0,0.6985486313771353,-0.6985486313771353,0.6985486313771353
8.06,80.5,76.1,65.5,1,0.8804697358472197,0.11953026415278034,0.11953026415278034
7.13,69.5,53.6,48.9,0,0.5770752064885231,-0.5770752064885231,0.5770752064885231
7.65,67.0,61.2,59.7,1,0.7453673521226191,0.25463264787738094,0.25463264787738094
9.3,72.6,86.3,66.3,1,1.0056998431441286,-0.005699843144128636,0.005699843144128636
4.02,33.2,4.4,20.0,0,-0.14318093292065937,0.14318093292065937,0.14318093292065937
4.03,48.6,27.2,30.2,0,0.0027341326892770246,-0.0027341326892770246,0.0027341326892770246
5.77,61.1,57.9,43.4,0,0.35868214309454827,-0.35868214309454827,0.35868214309454827
9.97,96.7,98.6,76.9,1,1.24060464155274,-0.24060464155274008,0.24060464155274008
6.87,67.9,50.5,63.2,0,0.7013371023693581,-0.7013371023693581,0.7013371023693581
4.91,52.4,26.5,30.5,0,0.10581128104796889,-0.10581128104796889,0.10581128104796889
7.68,69.4,57.5,56.1,0,0.7135148202319127,-0.7135148202319127,0.7135148202319127
4.46,48.5,29.5,28.5,0,0.02966233481815428,-0.02966233481815428,0.02966233481815428
4.75,48.8,29.4,26.4,0,0.037910724380340155,-0.037910724380340155,0.037910724380340155
8.72,79.0,65.8,73.7,1,1.0341547720633213,-0.03415477206332129,0.03415477206332129
8.98,77.5,69.0,63.9,1,0.9526809379374895,0.047319062062510464,0.047319062062510464
4.8,46.5,25.6,32.8,0,0.107486602859589,-0.107486602859589,0.107486602859589
4.27,30.9,7.7,70.8,1,0.4306764787437777,0.5693235212562223,0.5693235212562223
8.19,68.8,61.9,40.0,1,0.5918859610262294,0.40811403897377063,0.40811403897377063
5.55,46.5,29.1,32.5,0,0.18364471639345392,-0.18364471639345392,0.18364471639345392
6.89,67.2,63.3,64.2,1,0.7151060860882233,0.28489391391177665,0.28489391391177665
4.86,45.6,27.9,30.9,0,0.09178940193486362,-0.09178940193486362,0.09178940193486362
9.22,74.9,65.4,65.4,1,0.9884698194474534,0.01153018055254662,0.01153018055254662
6.36,62.0,30.9,34.0,0,0.315788824493317,-0.315788824493317,0.315788824493317
9.72,79.4,81.7,89.1,1,1.3099420853847428,-0.30994208538474277,0.30994208538474277
5.61,42.0,33.7,35.5,0,0.2144722667748139,-0.2144722667748139,0.2144722667748139
5.19,39.0,27.3,30.6,0,0.11015335288289496,-0.11015335288289496,0.11015335288289496
6.46,67.7,62.6,53.6,0,0.5556947858978304,-0.5556947858978304,0.5556947858978304
6.93,81.7,55.8,61.3,1,0.7150093954755096,0.28499060452449043,0.28499060452449043
8.18,63.9,54.7,66.2,1,0.8644411849706358,0.13555881502936418,0.13555881502936418
7.68,46.7,56.9,53.7,1,0.6427932456567135,0.3572067543432865,0.3572067543432865
9.05,75.7,54.4,55.5,1,0.862813225598981,0.137186774401019,0.137186774401019
9.82,76.1,48.0,52.8,1,0.9141121027347264,0.08588789726527357,0.08588789726527357
8.42,84.7,77.2,63.3,1,0.9028496278156698,0.0971503721843302,0.0971503721843302
10.0,77.4,50.6,63.4,1,1.051108565910246,-0.05110856591024593,0.05110856591024593
4.87,51.1,32.2,29.4,0,0.08808560889117145,-0.08808560889117145,0.08808560889117145
7.53,73.0,89.1,60.0,1,0.7525533079594738,0.24744669204052616,0.24744669204052616
10.0,80.0,71.1,82.6,1,1.2681657759181268,-0.26816577591812685,0.26816577591812685
9.35,66.2,50.2,50.2,1,0.8174320216341574,0.1825679783658426,0.1825679783658426
7.22,95.3,77.1,86.7,1,1.05158701833982,-0.051587018339819934,0.051587018339819934
