Actual,Predicted,Placement_Probability
0,0,0.04108632690705758
1,1,0.9980804372552946
1,1,0.9074110491215264
0,0,0.11879466311017887
1,1,0.9971029733324385
1,1,0.9989357059470192
1,1,0.9957905856309636
1,1,0.8338318005279952
0,0,0.44734666124081224
1,1,0.9736569346393598
0,0,0.32092201447602753
1,1,0.8700939404289411
1,1,0.9814747158618381
1,1,0.9936630679643254
1,1,0.9670938129291945
1,1,0.9142649334338007
0,0,0.4365695055984554
1,1,0.9817118608166338
1,0,0.14622571059764566
0,0,0.10206166819295058
1,1,0.9865873599531256
1,1,0.9993989403443247
0,0,0.25253882717212567
1,1,0.9306963136166195
1,1,0.9323704816004177
1,1,0.9331934306372055
1,1,0.9958452467486418
1,1,0.892759254670205
0,0,0.03621553555262096
1,1,0.9995726480041436
1,0,0.4734265517962312
1,1,0.9882836980784147
1,1,0.996759303725597
0,0,0.37135544864508957
1,1,0.98752070000377
0,0,0.03922959336956026
1,1,0.8067884537668885
1,1,0.5454651658109889
1,1,0.9949457466820233
0,1,0.796352098771009
0,0,0.01232271500989408
1,1,0.8088262148715342
1,1,0.5356862788728504
1,1,0.9934384836395824
0,0,0.07619439135187367
1,1,0.9966733932865633
1,1,0.9974394720883081
1,1,0.5791533222788562
0,0,0.05409669623248067
0,0,0.19074399190587638
1,1,0.9995612861317424
1,1,0.6688651115111545
1,1,0.9918116344671676
0,0,0.024507978607316336
1,1,0.9929046719448194
1,1,0.9789311550130152
0,0,0.36524816705194363
1,1,0.9880639333464991
0,0,0.0031347163275026453
1,0,0.48980963008114564
1,1,0.9958759366999357
0,0,0.20411836904905487
0,0,0.24517873639168747
1,0,0.3993251300585087
0,0,0.11079496741936244
1,1,0.9903029473183849
1,1,0.896471247036142
1,1,0.9963544385283416
1,1,0.9588575083281586
0,0,0.2887706892136078
1,1,0.6870001989671741
0,0,0.004071884012683033
0,0,0.04575245550224914
1,1,0.8686031518199351
1,1,0.9117286857097703
1,1,0.9987543782768065
0,0,0.0780628309920144
0,0,0.10823505793254191
1,1,0.5584480521592967
1,1,0.9989357059470192
0,0,0.1474790181943653
1,1,0.9936433802501204
1,1,0.7984724355203553
0,0,0.17398682376716598
1,1,0.9613699173755036
1,1,0.9989357059470192
1,1,0.7198336535445196
1,1,0.9782248512792089
1,1,0.9702371790061035
0,0,0.11684009231060921
1,1,0.7984724355203553
1,0,0.2860824610014949
1,1,0.9989216597640695
0,1,0.5226062545913133
1,1,0.86353484643088
0,1,0.8609301814829147
0,0,0.034865971735815265
1,0,0.32860862155331805
0,0,0.2676918179728593
1,1,0.7145091574861984
1,1,0.9859534625487603
1,1,0.9802430035930007
1,0,0.08192600625706935
1,1,0.987098553863
0,0,0.11684009231060921
1,1,0.9917043480618868
1,1,0.9997663009673536
1,1,0.9806039391641407
0,0,0.04810007727198122
0,0,0.4333437007407553
0,1,0.5193306914963891
1,1,0.9442423746264371
1,1,0.9960050249955575
1,1,0.9315381388708269
1,1,0.9694697060533404
1,1,0.9989632523774195
0,0,0.007231489962039112
0,0,0.13784987247576172
0,0,0.14841752186699347
1,1,0.9988024153615671
0,0,0.008906334456310132
0,0,0.09996143770357159
1,1,0.9935234891988433
1,1,0.9294734564752064
1,1,0.9952030171827896
0,0,0.09533612558059945
1,1,0.989240898632412
1,1,0.8295522483481501
0,1,0.6521781702430804
1,1,0.8565324075204352
1,1,0.6639906230006536
1,0,0.3445286275593117
1,1,0.9872646413638971
1,0,0.49715139588550206
1,1,0.711824244513233
1,1,0.9951673438815715
1,1,0.9941981477076242
1,1,0.9586328311409217
1,1,0.9997663009673536
1,1,0.5454651658109889
0,0,0.096202404079502
0,0,0.46362184572478027
0,0,0.004763182461614549
0,0,0.006515364199114887
1,1,0.9961586823943323
0,0,0.006347627786079005
1,1,0.8148408881119477
1,1,0.9078871951429569
0,0,0.28075126659599003
1,1,0.9990664970850345
1,1,0.9741350146595307
1,1,0.999781142238036
1,1,0.9990664970850345
1,0,0.02276342377547507
1,0,0.3168375168427456
0,0,0.07092221198617574
0,0,0.04375121423883885
1,1,0.9988112876444936
1,1,0.5606174167291889
1,1,0.8907738779619359
0,1,0.681327953549727
1,1,0.9960050249955575
1,1,0.9966295906257848
1,1,0.9045409329847344
0,0,0.03647629277035466
1,0,0.13359744167846832
1,1,0.9818135670692989
1,1,0.9982021483148281
0,0,0.04108632690705758
0,0,0.07681628777997877
1,1,0.6482096824627269
1,1,0.9891613702464384
1,1,0.9907262047104974
1,1,0.999615229308014
1,1,0.9948793123366005
1,1,0.966388808868252
1,1,0.844458560745566
0,0,0.1694454785013155
1,1,0.9994221344391183
1,1,0.9775341970893136
0,0,0.2840437198077988
0,0,0.03457098242853174
1,0,0.30679101357208904
0,0,0.1076879994032952
1,1,0.9738022415218106
0,0,0.30587238217395174
1,1,0.9935234891988433
1,1,0.9858745752586013
1,1,0.9769504170907978
1,1,0.9254412075795887
1,1,0.945153927197127
1,1,0.9817118608166338
1,1,0.9929569294431212
0,0,0.0675397423546248
1,1,0.8801305796948279
1,1,0.5519654636702352
0,1,0.6452108596517709
1,1,0.964641087930725
1,1,0.947966951060856
1,1,0.992327767429788
0,0,0.08956944413517781
0,0,0.20108028096858271
1,1,0.9103143136692388
1,1,0.9962085818110393
1,1,0.9464989196244511
1,1,0.9657725812324998
0,0,0.25146807838566165
1,1,0.9010863523987735
1,1,0.7379835624778779
1,1,0.9824055600522487
1,1,0.8593512297801806
0,1,0.8128524043954115
1,1,0.796352098771009
1,1,0.9989074284072331
0,0,0.25812347442943545
0,0,0.10035105874483238
1,1,0.9813388648433959
1,1,0.9611584045559213
1,1,0.5389493341522549
1,1,0.9943476194465779
1,1,0.6882203699423938
1,1,0.9148467050673842
1,1,0.991310155554965
0,0,0.355177745069652
0,0,0.042434599930591614
1,1,0.8478754614666892
1,1,0.9539363397831332
1,1,0.9946351715235943
1,1,0.6231767715329963
1,1,0.9983597107567834
0,0,0.018396539950579483
1,1,0.661055982596689
1,1,0.967876861032422
1,1,0.7559337089568346
1,1,0.9947047564239382
1,1,0.8320052183350254
1,1,0.9618544242658131
1,1,0.7466020059288923
1,1,0.8314000966757383
0,0,0.003390692475061651
0,0,0.07385620215934799
0,0,0.006954216729733869
1,1,0.9966733932865633
1,0,0.4422667894333043
0,0,0.026206430417326013
0,0,0.07712342593667397
1,1,0.9603831270062702
1,1,0.9990786583943336
1,1,0.9958452467486418
1,1,0.9916428750008028
1,1,0.9741350146595307
0,0,0.20038668137621662
1,1,0.9995997824601953
1,1,0.8686031518199351
1,1,0.9641906581790691
1,1,0.9513111253653025
1,1,0.6000073923047794
1,0,0.4668873341414477
1,1,0.8730323608421326
1,1,0.9835966227660009
0,0,0.2385314261731755
0,1,0.5695272276838712
0,0,0.13409863283896734
1,1,0.9804956025452062
1,0,0.3604924526432478
1,1,0.9550761975070822
1,1,0.9734653036207243
1,1,0.9855043084466357
0,0,0.05584704737004486
1,1,0.7734809399678858
1,1,0.9635356503019726
1,1,0.9865873599531256
1,0,0.39304545765000864
1,1,0.9069326941289491
1,1,0.9997438177008775
0,0,0.22397992651321835
0,0,0.4441039914192738
0,0,0.22626954984441444
0,0,0.0589953447637914
1,1,0.9545096685716913
1,1,0.8047342155794974
0,0,0.096202404079502
0,1,0.9987744280240819
1,1,0.9839252302245596
0,1,0.7889474073092752
1,1,0.8431400772383582
1,1,0.9987866121925766
0,1,0.5240232759893065
0,1,0.5926477740168115
1,1,0.9536860863867005
1,1,0.9987212891562184
1,1,0.9950113234490152
1,1,0.9767821730007215
1,1,0.8427267590809824
1,1,0.9832904281990862
0,1,0.8207082758338308
1,1,0.7898917015669283
0,0,0.09917228984404529
1,1,0.8624942438511275
0,0,0.021744823279603743
0,0,0.32216121621332594
1,1,0.9979505035113935
1,1,0.5713515215575721
1,1,0.8624942438511275
1,1,0.9990786583943336
0,0,0.01068374190059452
1,1,0.9987379420177451
1,1,0.9987706007437336
0,0,0.11912185194136311
0,0,0.29301375436369714
0,1,0.7696160154928906
1,1,0.9901034045767347
1,1,0.9906212392369825
1,1,0.9813388648433959
0,0,0.16700402873517453
0,0,0.003217826321776106
1,1,0.9471596902565044
1,1,0.9971778211745951
0,1,0.5487173929679996
0,0,0.47015566222137095
1,1,0.9742777541456009
0,0,0.2199854952182874
1,0,0.30032753952408126
0,0,0.028569260031475974
1,1,0.9490960516146131
1,1,0.7815792032251203
1,1,0.8088262148715342
0,0,0.42979086531549754
0,0,0.40247756486052877
0,0,0.17317196816116662
1,1,0.9533561382575643
1,1,0.9623330924568285
1,1,0.9715110721297138
0,0,0.3501718310119715
1,1,0.9915333963340822
0,0,0.4505938160850047
0,0,0.22224597988926809
1,1,0.9843351906678881
0,0,0.4183560664835211
1,1,0.7379835624778779
1,1,0.9245304865662213
1,1,0.8975209173693733
0,0,0.43118352638737434
1,1,0.917864508305453
0,0,0.1394172163017898
0,0,0.020278598243885042
0,0,0.06318507129079579
0,0,0.3696190934330019
1,1,0.8061136675604765
1,1,0.9909643103596835
1,1,0.9323704816004177
1,1,0.8609301814829147
0,0,0.05707919682174812
1,1,0.9990786583943336
1,1,0.9281130487029019
0,0,0.24035316532682763
1,1,0.9935712185819082
1,1,0.999783995443899
1,1,0.9962085818110393
1,1,0.6797093286330601
1,1,0.8108475229279078
1,1,0.976046881051989
1,1,0.8881934672670668
1,1,0.9741350146595307
1,0,0.3366563579169116
1,1,0.9416508791802392
1,1,0.9475310583029909
1,1,0.8744801588616616
1,1,0.9610924768894966
1,1,0.6504874382474289
0,0,0.06223015333692584
0,0,0.16578310065109786
0,0,0.0987867429229565
0,0,0.12017555033568601
0,0,0.09457965524980724
1,1,0.7787929065349528
1,1,0.9905518165085212
0,0,0.018396539950579483
1,1,0.885559927506729
1,1,0.9945646772033089
1,1,0.85452428777577
1,1,0.964641087930725
0,0,0.013074055629508394
1,1,0.9924270528154672
0,0,0.017928445534284566
1,1,0.7379835624778779
1,1,0.9990786583943336
1,1,0.9913740547335305
1,0,0.3196853313056725
0,0,0.36221056877972047
0,0,0.03296024004924573
1,1,0.9997868114610065
1,1,0.6916958775179558
1,1,0.957275752733905
1,1,0.9336560798465607
0,0,0.020391761764344193
0,0,0.37341265729980305
0,0,0.4088064340514669
1,1,0.9975701175261105
0,0,0.0516837002141041
1,0,0.36221056877972047
1,1,0.7719350007722352
1,1,0.9154248941671645
0,0,0.2894122776269759
1,1,0.9924270528154672
0,0,0.2668451948825264
0,1,0.9024055810355139
1,1,0.7254486333189079
0,0,0.06396646721641448
0,1,0.640175488079973
1,1,0.666912657445583
0,0,0.004290433860026607
1,1,0.7832821323332041
1,0,0.36293206252429105
0,0,0.48653013295047287
1,1,0.6169927291670874
1,1,0.7898917015669283
1,1,0.939449375431604
0,1,0.998508142844234
0,0,0.07120760133493563
0,0,0.20411836904905487
1,1,0.9144031421239097
1,1,0.9990664970850345
1,1,0.9979505035113935
1,1,0.9971193357976731
0,0,0.11505160961520378
0,1,0.6676057769669632
1,1,0.9466567843208407
1,1,0.8839608175992112
0,0,0.015670050776678525
1,1,0.9989074284072331
1,1,0.8226315028640138
1,1,0.9272323975288678
1,1,0.9997868114610065
1,1,0.9974394720883081
0,1,0.5616820320104408
1,1,0.9420585953703117
0,0,0.14350936220450544
1,1,0.7601756530104972
1,1,0.9989495693603937
1,1,0.5630800363188776
1,1,0.8868833838387832
0,0,0.01816101257390788
0,0,0.3114740240339539
1,1,0.8609301814829147
1,1,0.9427708907997088
0,0,0.21402974834668329
0,0,0.15081013440706798
1,1,0.9986524541824932
1,1,0.9948120093151644
1,1,0.9356067979434932
1,1,0.8512305241850368
1,1,0.6452108596517709
1,1,0.9873579091167141
0,1,0.8730323608421326
1,1,0.6841709319594022
0,0,0.10823505793254191
1,1,0.999808057640241
1,1,0.9692485773192405
1,1,0.9891002998408384
1,1,0.7855018969824369
0,1,0.5094951521680846
1,1,0.9982486476531268
0,0,0.17971862263668953
0,1,0.5422090548737456
1,1,0.9277331312701291
1,1,0.9833835041207732
1,1,0.9990786583943336
1,1,0.8933018888948682
1,1,0.9732723168606268
1,1,0.994273368421145
1,1,0.9674662609234931
1,1,0.8148408881119477
1,1,0.8523417741470466
1,1,0.9979234819975661
1,1,0.6926170306320419
1,1,0.9772441354663337
0,0,0.04736161354773629
0,0,0.08770117183372204
1,1,0.9845362951814395
0,0,0.30243378725426623
1,1,0.8655780088401656
0,1,0.7504738762095163
0,0,0.1694454785013155
1,1,0.9882836980784147
1,1,0.9207846222951895
1,1,0.5791533222788562
0,0,0.32092201447602753
1,1,0.9241331832365864
1,1,0.9990032423247183
1,1,0.5422090548737456
1,1,0.9935599380858797
0,0,0.48325179520979483
1,1,0.9956791059244319
1,1,0.9286081890298462
1,0,0.07997312210895723
1,1,0.7302986177767875
0,0,0.08136778138665202
0,0,0.34324695668887456
1,1,0.9548318434842868
1,1,0.8609301814829147
0,0,0.005718525656588154
0,0,0.002974861536338529
1,1,0.9245304865662213
0,0,0.01068374190059452
1,1,0.9732723168606268
1,1,0.9821772470885349
1,1,0.9990786583943336
1,1,0.9545096685716913
0,0,0.03442698452536464
1,0,0.39514729610041527
1,1,0.7277056080299028
0,0,0.2876054292738324
0,0,0.32092201447602753
0,0,0.07034439738062657
1,1,0.6000073923047794
1,1,0.6988347902196176
1,1,0.994273368421145
1,1,0.7765234655761507
1,1,0.7855018969824369
1,1,0.9968430025340256
1,1,0.9058189029430663
1,1,0.8953739391808597
1,1,0.9069326941289491
0,0,0.009504693776528786
0,0,0.2840437198077988
1,1,0.9949457466820233
1,1,0.546873166580156
0,0,0.11684009231060921
1,1,0.9613699173755036
0,0,0.36829652922204437
1,1,0.9925250630399498
1,1,0.9870033978880907
1,0,0.3836924529311956
1,1,0.9949081699485981
1,1,0.9668125407602992
1,0,0.4183560664835211
1,1,0.9164355643616751
1,1,0.9990786583943336
1,1,0.9782248512792089
1,1,0.8239121856275397
0,0,0.40247756486052877
1,1,0.9606654186840452
1,1,0.7898917015669283
1,1,0.9984837434173711
1,1,0.6521781702430804
0,0,0.01732158327475339
0,1,0.711824244513233
0,0,0.10697469188773356
0,0,0.4520004514035849
1,1,0.9821772470885349
0,0,0.16475603233975855
0,0,0.04958337168808197
0,0,0.03231084602736771
1,1,0.9951399479455683
0,0,0.009882645676221458
0,0,0.38991869097210824
1,0,0.4945098954047871
1,1,0.8059014384957787
1,1,0.9998105600217538
1,1,0.9835047205864631
1,1,0.9356067979434932
0,0,0.3257193749725085
1,1,0.9291895379393266
0,0,0.08770117183372204
0,1,0.6491948685882408
1,1,0.7649286592468306
1,1,0.9915333963340822
0,0,0.1237841549881381
1,1,0.987975810895327
1,0,0.43194936086864094
1,1,0.7877050876325821
1,1,0.998634674850593
0,0,0.23615559552715765
1,1,0.9947438263796282
1,1,0.9365787383352694
0,0,0.10727328877578071
1,1,0.9941401590385772
1,1,0.9986524541824932
0,1,0.5454651658109889
0,0,0.09570963558377113
0,0,0.18758892371518646
0,0,0.05041212240189599
0,0,0.47157094898844076
0,1,0.5233850582083046
1,1,0.8067884537668885
1,1,0.9860561971341337
0,0,0.3961810153740033
1,1,0.5638479170757675
1,1,0.987908142098858
1,1,0.9991322201892251
0,0,0.014963998834290379
1,1,0.9966295906257848
1,1,0.7302986177767875
1,1,0.929844916622636
0,0,0.01596277881732321
1,1,0.5422090548737456
0,0,0.04561635262333276
0,0,0.20411836904905487
0,0,0.09064555824711308
1,1,0.9074110491215264
0,0,0.34126542369862595
1,1,0.7942152027524896
1,1,0.9148467050673842
1,1,0.999781142238036
1,1,0.9950394408223829
0,0,0.233237399399847
1,1,0.8730323608421326
0,0,0.01001190695594634
1,1,0.9782248512792089
1,1,0.8561483568377279
1,1,0.951573560035399
1,1,0.7024942966221354
0,0,0.020278598243885042
0,0,0.4119823815637154
1,1,0.9668125407602992
0,0,0.1713006848410477
0,0,0.19689624585886112
1,1,0.9772441354663337
0,0,0.04978749548244111
1,1,0.9807450353844948
1,1,0.9921695613079969
1,0,0.41654556560423395
1,1,0.9985275674527515
1,1,0.9998202475920218
1,1,0.9989216597640695
0,0,0.01542140785111218
1,1,0.9926218142316994
1,1,0.9696373892115591
1,1,0.9194020197661642
0,0,0.4945098954047871
0,0,0.15025732263294506
1,1,0.603900285736443
1,1,0.6323775590645133
1,1,0.7466020059288923
1,1,0.6993730158084331
1,1,0.998886710373502
1,1,0.966388808868252
1,1,0.987098553863
1,1,0.9940447470057971
1,1,0.9492466639228243
0,0,0.01468931317304961
0,1,0.5598482882440098
1,1,0.995564687003552
1,1,0.9236095595267627
0,0,0.4668873341414477
1,0,0.4376331829680695
0,0,0.033564947661214234
1,1,0.9875905097788608
1,0,0.4930900045985327
1,1,0.9690788153508466
1,1,0.6844641489033104
1,0,0.24819797667611512
1,1,0.666912657445583
0,0,0.01596277881732321
1,1,0.9017479396081661
1,1,0.9539363397831332
1,1,0.5958125627485998
1,1,0.9952030171827896
1,1,0.9254412075795887
1,1,0.7277056080299028
1,1,0.9990664970850345
0,0,0.48653013295047287
1,1,0.9907262047104974
1,1,0.769856589318936
1,1,0.5702924245892061
0,0,0.29967195817544895
0,0,0.4333437007407553
0,0,0.0024445193731806843
1,1,0.9531028877207907
1,1,0.7224730375730323
1,1,0.9437771307735142
1,1,0.8945464740396186
1,1,0.9945646772033089
1,1,0.9527689905514983
0,0,0.11879466311017887
1,1,0.8356424458179035
1,1,0.8894902683193137
1,1,0.9657725812324998
1,1,0.9997977132380382
1,1,0.9946047751011912
1,1,0.9997693476113244
1,1,0.939449375431604
0,0,0.04504832831161997
1,1,0.9989975698821162
0,1,0.6581089088892191
1,1,0.994273368421145
1,1,0.9990786583943336
1,1,0.9874989363240039
1,1,0.9127793170637408
1,1,0.9989495693603937
0,0,0.018396539950579483
1,1,0.7145091574861984
1,1,0.9937912881145734
1,1,0.976046881051989
0,0,0.24517873639168747
1,1,0.8815084230469539
0,0,0.09137373823195998
0,1,0.604512157253398
1,1,0.7553572798213338
1,1,0.9310618107335189
1,1,0.8274946780837837
1,0,0.4376331829680695
1,1,0.9985034852405636
0,0,0.07722008891633551
1,1,0.7480079080498604
0,0,0.4056380802449211
1,1,0.995564687003552
1,1,0.5606174167291889
0,0,0.2385314261731755
1,1,0.9229007608903662
1,1,0.9936074005830622
0,0,0.0066875032247406705
0,0,0.1895974302835891
1,1,0.9935234891988433
0,0,0.06555633216694655
1,1,0.9988024153615671
0,0,0.34422217143686745
1,1,0.9958759366999357
1,1,0.9207846222951895
1,1,0.8338318005279952
0,0,0.040572313392265934
1,1,0.7984724355203553
0,0,0.04430364174797638
0,1,0.8301626473181775
1,1,0.9997438177008775
1,1,0.9504965467997238
0,0,0.010823366677337581
1,1,0.9817118608166338
0,0,0.4056380802449211
1,1,0.96399401143302
1,1,0.9837163102862061
1,0,0.29094574817205504
0,1,0.8161652520363296
1,1,0.9976329248404251
1,1,0.9272323975288678
1,1,0.7877050876325821
1,1,0.915863649570633
1,1,0.8640434936788731
1,1,0.9915956678696458
1,1,0.9702371790061035
1,1,0.9891002998408384
1,1,0.9806039391641407
0,0,0.028449524323280326
0,1,0.5378749321881398
0,0,0.45384518499957155
0,1,0.5258798744683457
1,1,0.8920443875695185
1,1,0.9901760894396247
1,1,0.9236095595267627
1,1,0.915863649570633
1,1,0.9756355396904284
1,1,0.9997895907738721
0,0,0.08335163665768908
0,0,0.05020557300765637
1,1,0.9628059863673162
0,0,0.02419613632552218
1,1,0.9998202475920218
0,0,0.2651266692045012
0,0,0.3961810153740033
1,1,0.9928520295025299
1,1,0.7757723564070399
1,1,0.7553572798213338
1,1,0.9286081890298462
0,0,0.04716694193231449
0,0,0.010545899123498063
1,0,0.39514729610041527
1,1,0.9341992361071039
1,1,0.9509651275553892
0,1,0.8392161424231321
1,1,0.992066927056246
0,0,0.24575693871107102
0,0,0.09457965524980724
0,0,0.043932438162771134
1,1,0.9894392249066382
1,1,0.6138863088258515
1,1,0.9961586823943323
0,0,0.16295776743320237
1,1,0.918525667908925
0,0,0.48325179520979483
0,0,0.04338442911899797
1,1,0.661055982596689
0,0,0.07527563516096505
1,1,0.8226315028640138
0,0,0.060893992713919244
1,1,0.917864508305453
0,0,0.08136778138665202
0,0,0.19277826366648793
1,1,0.7639057066044692
1,1,0.9776586079454826
1,1,0.5823490683358178
1,0,0.3868009466050505
1,1,0.9941652896903262
1,1,0.9596613872803775
1,1,0.9268481927492128
0,0,0.016663924764731365
0,0,0.05499651873428972
0,1,0.7224730375730323
1,1,0.5695272276838712
1,1,0.9494545369281364
1,1,0.910666637394176
0,0,0.3836924529311956
1,1,0.9903029473183849
1,1,0.9998105600217538
0,1,0.8067884537668885
0,0,0.20108028096858271
1,1,0.8801305796948279
0,0,0.37883991606256134
1,1,0.6727182360710374
0,0,0.13666527735641593
0,1,0.5454651658109889
1,1,0.5616820320104408
1,1,0.5926477740168115
1,1,0.8889306595652061
1,1,0.9986166612656021
0,0,0.022598396262413147
1,1,0.9985422022326536
1,1,0.9873358651733425
1,1,0.997042941447177
1,1,0.875913794275445
1,1,0.9989495693603937
1,1,0.9810969763270047
1,1,0.9583365848724277
1,1,0.8528850338178778
1,1,0.9850149874400572
0,0,0.14420898515311023
0,0,0.4930900045985327
1,1,0.8301626473181775
1,1,0.9117286857097703
1,1,0.9095930779827923
0,0,0.0038644236405567588
0,0,0.16475603233975855
1,1,0.9852074958879128
0,1,0.5713515215575721
1,1,0.8026634787460883
0,0,0.26402140092139914
0,0,0.0743670655622787
1,1,0.5160534658338373
0,1,0.999813029785442
1,1,0.7855018969824369
1,1,0.9559505649742126
1,1,0.990481884842009
0,0,0.013668364573919425
1,1,0.9938873153337907
0,0,0.01945126657435107
1,1,0.9995436746916828
1,1,0.8512305241850368
1,1,0.9814747158618381
1,1,0.9219616255315808
0,0,0.17971862263668953
1,1,0.807946327792622
1,1,0.8686031518199351
1,1,0.9907262047104974
0,0,0.23379616314077825
1,1,0.9706138702794237
1,1,0.9990290424540451
0,1,0.5258798744683457
1,1,0.9925800954865008
0,1,0.6062906813564993
0,0,0.4879493171998911
1,1,0.5160534658338373
1,1,0.995564687003552
1,1,0.999808057640241
1,0,0.22322940836332553
0,0,0.013668364573919425
0,0,0.096202404079502
1,0,0.20108028096858271
0,0,0.3612124622895339
1,1,0.8894902683193137
1,1,0.9965852131752794
1,1,0.9910307296377243
1,1,0.8700939404289411
1,1,0.9952300593038914
0,0,0.11912185194136311
1,1,0.855229016584247
0,0,0.018635063871535802
1,1,0.9997923338607022
1,1,0.9835047205864631
0,1,0.5324201654002289
1,1,0.9546450287542104
1,1,0.9887309781841435
1,0,0.3466113515089566
0,1,0.9997370054657294
1,1,0.9715110721297138
1,1,0.9531028877207907
0,1,0.6371465157037026
1,1,0.945153927197127
0,0,0.009141062821907228
1,1,0.6916958775179558
0,0,0.45525355972600057
1,1,0.9808520135924808
0,0,0.09996143770357159
0,0,0.09697046347346365
0,0,0.07034439738062657
1,1,0.9935234891988433
0,1,0.9984884623705159
1,1,0.8128524043954115
1,1,0.9930872354899577
1,1,0.9363930525050932
0,0,0.01732158327475339
1,1,0.9497264498325336
1,1,0.7942152027524896
1,1,0.9950113234490152
1,1,0.9713534310234333
1,1,0.8957782354253908
0,1,0.7250970524662422
1,1,0.6269843572281323
0,0,0.007519734706915088
1,1,0.8495606894272888
0,0,0.019261383819620958
1,1,0.9900475886709849
0,0,0.1325818695132009
0,0,0.020806752865935006
0,0,0.18606914952909667
0,0,0.1394172163017898
1,1,0.9478127499420888
1,1,0.9591502084745178
1,1,0.9949081699485981
1,1,0.9763518343898988
1,1,0.9764826353972449
1,1,0.7891733245355302
1,1,0.9968014260136875
1,1,0.7216053931325281
1,1,0.9734653036207243
0,1,0.601369911930054
0,0,0.1808187731211166
1,1,0.9911466500738311
1,1,0.994773443510944
1,1,0.9080346508480965
0,1,0.5389493341522549
0,0,0.08640991662049056
1,1,0.8399811418080001
1,1,0.9550761975070822
0,0,0.1419035997910601
1,1,0.9975380931990162
1,1,0.9990786583943336
1,1,0.9938527078433493
1,1,0.7430277094045847
1,1,0.9242282913089184
1,1,0.7659485376176128
1,1,0.9936074005830622
1,0,0.2539467440365562
0,0,0.1840895294384598
1,1,0.5454651658109889
1,1,0.9666297937537686
1,1,0.796352098771009
0,0,0.12474202826182929
1,1,0.994462065721587
1,1,0.9024055810355139
1,1,0.9956222686194779
0,0,0.19829184489759713
0,0,0.2096469706405587
0,0,0.14913690616163003
1,0,0.3196853313056725
1,1,0.9989632523774195
1,1,0.9990541754036983
1,1,0.9593721947259476
1,1,0.9821772470885349
0,1,0.585537913622711
0,0,0.002898008590173935
0,0,0.2575261110402088
0,0,0.27286910731966113
1,1,0.9990786583943336
1,1,0.9578093559868898
0,0,0.03163222428638721
0,0,0.015074135070283455
1,1,0.856846536153472
0,0,0.07847262785217636
0,0,0.008565397595380652
1,1,0.9844225392314909
1,1,0.9947826095770468
0,0,0.1382213117498895
1,1,0.8609301814829147
0,1,0.661055982596689
1,1,0.9517172149152903
0,0,0.027496503792135783
1,1,0.9957905856309636
1,1,0.9650860570877904
1,1,0.9971567917687517
1,1,0.885559927506729
0,1,0.6623275808391198
1,1,0.9423678801869569
1,1,0.7765234655761507
1,1,0.8609301814829147
1,1,0.6630254205569872
0,0,0.40247756486052877
1,1,0.982276411903807
1,1,0.6698219169182512
0,1,0.752923683666133
0,0,0.00396680320731322
1,0,0.11079496741936244
1,1,0.7742374910813979
1,1,0.9254412075795887
1,1,0.7877050876325821
0,1,0.618750524563693
1,1,0.9576343097866956
1,1,0.9741350146595307
0,0,0.3152282496386687
1,1,0.8226315028640138
1,1,0.9490960516146131
1,1,0.9974249233336536
0,0,0.13475959596459938
1,1,0.9830733998228703
0,0,0.07659519459249897
1,1,0.8283040374222126
1,1,0.9770779849904112
1,1,0.9849309100990954
1,0,0.023888164792444204
1,1,0.7224730375730323
1,1,0.9840148276457918
1,1,0.8920443875695185
1,1,0.9864125612851161
1,1,0.9992585854801024
1,1,0.7672805592492131
1,1,0.5305663159212716
1,1,0.8026634787460883
1,0,0.4237011682034554
0,0,0.3080003985459094
0,1,0.9997504535256516
0,1,0.9986914083978533
1,1,0.9987379420177451
1,1,0.9095930779827923
1,1,0.6584142415477142
1,1,0.9930872354899577
0,1,0.7302986177767875
1,1,0.9980294806572038
0,1,0.8059014384957787
1,1,0.6882203699423938
1,1,0.8417374988890979
1,1,0.9692485773192405
0,0,0.23379616314077825
1,1,0.945153927197127
1,1,0.9550761975070822
1,1,0.9029047137193412
0,0,0.4408660760531917
0,0,0.052985562190689256
1,1,0.6031532903252911
1,1,0.8207082758338308
1,1,0.9990786583943336
1,1,0.8283040374222126
1,1,0.6756014532431688
1,1,0.9990416912395266
0,0,0.34422217143686745
1,1,0.9785026870286089
0,0,0.053428984636642536
1,1,0.9830733998228703
1,1,0.9889578842278863
1,1,0.9758722047289811
1,1,0.9983161552290777
1,1,0.9924828013739099
1,1,0.9882836980784147
1,1,0.963273169854001
1,1,0.9965402534448866
1,1,0.5777681824588703
1,1,0.9769504170907978
0,0,0.16840030104878406
1,1,0.7354376723016418
1,1,0.9858745752586013
0,1,0.6156494798601748
1,1,0.9217367196530778
1,1,0.9293577011532296
1,0,0.4119823815637154
1,1,0.9564999670242352
0,0,0.026017106743684425
0,1,0.7277056080299028
1,1,0.7009359908554017
1,1,0.9943893096068215
1,1,0.9720749147341785
1,1,0.9989495693603937
1,1,0.9983597107567834
1,1,0.9506995664696751
0,0,0.01001190695594634
0,0,0.0223102960124812
1,1,0.9207846222951895
1,1,0.9471596902565044
1,1,0.9541853059163352
0,1,0.612539006557025
1,1,0.9985843390411311
1,1,0.9722286990519944
1,1,0.5727421449606106
1,1,0.9806039391641407
1,1,0.9430766032052263
1,1,0.9990786583943336
1,1,0.7855018969824369
0,1,0.7825473779336412
1,1,0.8448681654863033
1,1,0.9727787366042296
1,1,0.8715703158750236
0,1,0.5094951521680846
1,0,0.2651266692045012
1,1,0.7823163189961075
1,1,0.9513111253653025
1,1,0.8148408881119477
1,1,0.9940886577764247
0,0,0.01001190695594634
0,0,0.050561776080897305
1,1,0.9937257481037981
0,0,0.16295776743320237
0,0,0.06949087458671095
1,1,0.7877050876325821
1,1,0.9420585953703117
1,1,0.9975701175261105
0,0,0.002476736126489243
0,1,0.8047342155794974
1,1,0.9985467395127878
0,0,0.07752870602164647
0,0,0.0816014333179963
0,0,0.017546418773145406
1,1,0.9174352463771781
1,1,0.9953612246956137
1,1,0.9603831270062702
0,0,0.4560278712134067
0,0,0.34749873341744053
1,1,0.9976329248404251
1,0,0.4056380802449211
1,1,0.9207846222951895
0,1,0.5501236282825666
0,0,0.05211682729341098
1,1,0.9949457466820233
1,1,0.998634674850593
1,1,0.9950760535963331
1,1,0.727974477263289
1,1,0.8969972657655099
1,1,0.9981300786113295
1,1,0.9706138702794237
1,1,0.9340070744192851
1,1,0.8577573130692546
1,1,0.8655780088401656
1,1,0.566306437448075
0,0,0.2957401332040899
0,0,0.003619844716650455
1,1,0.9980034983315873
1,1,0.8264293405037619
1,1,0.856846536153472
1,1,0.9826310000035984
0,0,0.17505937506568578
1,1,0.9117286857097703
1,1,0.9980034983315873
1,1,0.9944932617098389
1,1,0.9980946480957439
0,1,0.6439094584230406
1,1,0.8787389184869494
0,0,0.026690648676242813
1,0,0.15081013440706798
1,1,0.9947047564239382
1,1,0.8988823625786003
0,0,0.005151449482609685
1,1,0.7064096145052107
0,1,0.9998154673563113
0,0,0.355177745069652
1,0,0.37957482046704744
1,1,0.979200170437572
1,1,0.9986524541824932
1,1,0.8356424458179035
1,1,0.9995670043173549
1,1,0.9829490687236798
1,1,0.7975568220352479
0,0,0.28672048452090615
0,0,0.08850486191382868
1,1,0.9490960516146131
1,1,0.9155299212616336
0,0,0.11607404869010303
1,1,0.9977537219958323
1,1,0.5018528125453432
1,1,0.8338318005279952
1,1,0.967644580471096
1,1,0.7277056080299028
0,0,0.003176000348166408
0,0,0.02328365209978329
1,1,0.9458303585966025
1,1,0.8828725364006905
1,1,0.9885837927066815
1,1,0.9965206132106997
1,1,0.7984724355203553
1,0,0.37750411642461407
1,1,0.9981054202042215
1,1,0.944469544927989
1,1,0.9912610855446503
1,1,0.5411357816716856
0,1,0.5745629918530178
1,1,0.8486066928667397
1,1,0.9578093559868898
0,0,0.1124057832267802
0,0,0.37135544864508957
0,0,0.05041212240189599
1,1,0.9954472520801023
0,0,0.11684009231060921
0,0,0.35616847394298573
1,0,0.23693631652605293
1,1,0.9448587189401246
1,1,0.8842230082129107
1,1,0.9968430025340256
0,0,0.03203675719060109
1,1,0.6600866657336276
1,1,0.612539006557025
1,1,0.9916428750008028
0,0,0.2822570748256234
1,1,0.9913253423930521
1,1,0.975425424335236
1,0,0.096851672125004
0,1,0.6981773500132227
1,1,0.9953873790842094
1,1,0.9063023912515851
1,1,0.9990786583943336
1,1,0.8868833838387832
1,1,0.9863124158586893
0,0,0.4734265517962312
0,0,0.03254443824900957
1,1,0.8609301814829147
1,1,0.9997600864493149
1,1,0.7855018969824369
0,1,0.7625603459284831
0,0,0.014963998834290379
1,1,0.9966295906257848
1,1,0.9950394408223829
1,1,0.9779435056633495
0,0,0.08850486191382868
0,1,0.546873166580156
1,1,0.9024055810355139
0,0,0.02269408150984424
1,1,0.9921695613079969
0,1,0.5193306914963891
1,1,0.9839252302245596
1,1,0.9931381576895761
1,1,0.9401917105704751
0,0,0.018396539950579483
1,1,0.9982714451492708
1,1,0.9990786583943336
1,1,0.9975701175261105
1,1,0.85452428777577
0,0,0.009504693776528786
0,0,0.2322230621862225
1,1,0.9686295090644441
1,1,0.9189800839930028
1,1,0.8715703158750236
0,0,0.013492539057379727
1,1,0.9742777541456009
1,1,0.9971937620874645
1,1,0.9581091872286636
1,1,0.990481884842009
1,1,0.8088262148715342
0,0,0.20038668137621662
1,1,0.9029047137193412
1,1,0.9907943579892672
1,1,0.9797281529580855
0,0,0.2575261110402088
0,1,0.6857774330050482
1,1,0.9606654186840452
1,1,0.9921695613079969
1,1,0.9998055222102912
0,0,0.40247756486052877
1,1,0.9987706007437336
1,1,0.950349449559096
0,0,0.08640991662049056
1,1,0.9993910040407965
1,1,0.9951038079303758
1,1,0.9925250630399498
1,1,0.9758722047289811
1,1,0.9752463310205981
0,1,0.7009359908554017
0,0,0.037297949739648374
0,0,0.0869994571180329
1,1,0.8969972657655099
1,1,0.9650860570877904
1,1,0.9371703514327613
1,1,0.984219979040385
0,0,0.0024445193731806843
1,1,0.9356067979434932
1,1,0.5887196066947826
1,1,0.9972662707340999
0,0,0.11340772262732078
1,1,0.7302986177767875
1,1,0.5280740297146838
1,1,0.9933897753450568
0,0,0.2465591555690279
1,1,0.9947438263796282
1,1,0.8842230082129107
0,1,0.5695272276838712
0,0,0.16295776743320237
0,0,0.12728927531203815
1,1,0.9952919646920568
1,1,0.7765234655761507
0,0,0.36829652922204437
0,0,0.26257728729778373
0,1,0.6593858666274318
0,0,0.002609894114335962
1,1,0.9915595635762061
1,1,0.9254412075795887
1,1,0.9127793170637408
1,1,0.8933018888948682
1,1,0.994011025457438
1,1,0.7379835624778779
1,1,0.9939323798336761
1,1,0.8787389184869494
1,1,0.8005762242206644
1,1,0.9979234819975661
1,1,0.9952919646920568
1,1,0.7216053931325281
1,1,0.5584480521592967
0,1,0.681327953549727
1,1,0.9448587189401246
1,1,0.7198336535445196
1,1,0.9987866121925766
0,0,0.014581946936932181
1,1,0.9973566115887953
1,1,0.9883695906595353
0,0,0.03457098242853174
1,1,0.9601664350436762
1,1,0.9935234891988433
1,1,0.5584480521592967
1,1,0.9990786583943336
1,1,0.9844225392314909
1,1,0.9694697060533404
1,1,0.5936910276503775
1,0,0.3612124622895339
1,1,0.9348115009810354
1,1,0.9890197437219272
1,1,0.996759303725597
0,0,0.14841752186699347
0,0,0.0025093764020217364
1,1,0.9360538793342865
1,1,0.9455385814285742
1,1,0.9849309100990954
1,1,0.9827276845606023
1,1,0.9127793170637408
0,0,0.005793640517248169
0,0,0.007519734706915088
0,0,0.004953532211804571
1,1,0.9660623579315918
1,1,0.8461747736406366
0,0,0.08359046696291912
1,1,0.612539006557025
1,1,0.7102946546087837
0,0,0.023888164792444204
0,0,0.06864694328464917
1,1,0.9564999670242352
1,1,0.994462065721587
1,1,0.7394205923725344
1,1,0.9975056478667068
1,1,0.9966733932865633
0,1,0.904049317676326
0,0,0.05431833848028497
1,1,0.9990786583943336
1,1,0.9982486476531268
0,0,0.25670036877668273
1,1,0.8264293405037619
1,1,0.975425424335236
0,0,0.17255384265737617
1,1,0.8556151077672155
0,0,0.21721029406639888
1,1,0.9254412075795887
1,0,0.4879493171998911
1,1,0.5533698159537471
1,1,0.9937257481037981
1,1,0.5291512711446453
1,1,0.9995436746916828
1,1,0.9997504535256516
0,1,0.5193306914963891
1,1,0.9903573450497177
1,1,0.9628059863673162
1,1,0.9967166285527443
1,1,0.9926633001451873
1,0,0.44952381778764494
1,1,0.9641906581790691
0,1,0.5160534658338373
1,1,0.9987543782768065
1,1,0.910666637394176
1,1,0.8239121856275397
0,0,0.48653013295047287
0,1,0.9997693476113244
1,1,0.9984434762641826
1,0,0.29301375436369714
0,0,0.05020557300765637
0,0,0.05276905478759639
1,1,0.601369911930054
0,0,0.1941517307841908
0,0,0.25502445117000533
1,1,0.9941652896903262
1,1,0.7328759989094763
1,1,0.9517172149152903
0,0,0.023185540014121393
1,1,0.7455258332576098
1,1,0.987908142098858
0,0,0.007921868735634828
0,0,0.20677048397852063
1,1,0.6600866657336276
0,0,0.0487046191867619
1,1,0.9848200123041569
1,1,0.9942409339386405
1,1,0.9637347062126157
1,1,0.8894902683193137
0,1,0.5727421449606106
1,0,0.2984811699153153
1,1,0.9286081890298462
0,0,0.007618327804005534
1,1,0.5487173929679996
0,0,0.21110918960759237
1,1,0.812193866467237
1,1,0.9972662707340999
1,1,0.8005762242206644
1,1,0.9936433802501204
1,1,0.5378749321881398
0,0,0.01555562936336378
0,0,0.27696951093145666
1,1,0.9017479396081661
0,0,0.01110805257626274
1,1,0.9989495693603937
0,0,0.0816014333179963
1,1,0.9462105387710636
1,1,0.9987543782768065
0,0,0.1356300350613796
0,0,0.3193016978018097
1,1,0.929844916622636
1,1,0.8609301814829147
0,0,0.05923580062142744
1,1,0.8809138065064669
1,1,0.9852074958879128
1,1,0.8920443875695185
1,1,0.9914374880997404
1,1,0.9983161552290777
1,1,0.9925250630399498
0,0,0.03956270496235014
1,1,0.915863649570633
0,0,0.3266695610797949
1,1,0.9817118608166338
0,1,0.566306437448075
1,1,0.9063023912515851
1,1,0.8148408881119477
1,1,0.7672805592492131
1,1,0.9828536017782014
0,1,0.5324201654002289
0,0,0.39304545765000864
1,1,0.8256130045425448
1,1,0.8301626473181775
0,0,0.08435997006929812
0,0,0.09697046347346365
0,0,0.32503411505378993
0,0,0.06164891989846565
0,0,0.1621844236436127
0,1,0.5258798744683457
1,1,0.9603831270062702
0,1,0.9997632140903676
0,1,0.9379387810533621
1,1,0.9785026870286089
0,0,0.11209469382025039
1,1,0.976046881051989
1,1,0.8561483568377279
1,0,0.32216121621332594
1,1,0.9944209131415381
1,1,0.9891002998408384
1,1,0.9925670888904403
1,1,0.9987866121925766
0,0,0.38991869097210824
0,1,0.7612097152965169
1,1,0.9583365848724277
1,1,0.9942409339386405
0,0,0.005718525656588154
0,1,0.5649107797104265
1,1,0.7920617389436476
0,0,0.0678125141760635
1,1,0.9985339099100691
1,1,0.9943893096068215
0,1,0.5649107797104265
1,1,0.9998055222102912
1,1,0.9934956123369649
1,1,0.9953873790842094
1,1,0.752923683666133
0,0,0.4668873341414477
1,1,0.9808520135924808
1,1,0.5094951521680846
0,1,0.9986209671179458
1,1,0.9925670888904403
1,1,0.9826310000035984
1,1,0.9853156051203472
1,1,0.9550761975070822
1,1,0.7000289705696394
0,0,0.03984656590369504
1,1,0.9142649334338007
1,1,0.8842230082129107
1,1,0.612539006557025
0,0,0.1524987706998134
1,1,0.9344644846838244
1,1,0.9236095595267627
1,1,0.999781142238036
1,1,0.8495606894272888
0,0,0.09137373823195998
0,0,0.17696295016363314
0,0,0.0743670655622787
0,0,0.16779575119721804
1,1,0.8602486702982526
1,1,0.8148408881119477
1,1,0.9069326941289491
1,1,0.5649107797104265
1,0,0.4398006861393068
1,1,0.9846225398842892
0,1,0.5094951521680846
1,1,0.9909133053240968
0,0,0.4151656755795613
1,0,0.21945028483410675
0,0,0.37883991606256134
1,1,0.5193306914963891
1,1,0.9935234891988433
1,1,0.9977703461600823
1,1,0.994273368421145
1,1,0.7945034387512112
1,1,0.9895167361425952
1,1,0.9894576467105307
1,1,0.9895167361425952
1,1,0.9964485567015097
1,1,0.7810457993192715
0,0,0.11209469382025039
0,0,0.016170267156638985
1,1,0.9990786583943336
1,1,0.5370988647441064
1,1,0.9637347062126157
1,1,0.9934384836395824
1,1,0.9017479396081661
1,1,0.9074110491215264
1,1,0.8907738779619359
0,0,0.4625469564121748
0,1,0.9997335317343093
1,1,0.9993324390388413
0,0,0.4109354921047344
1,1,0.9717164063650301
0,0,0.06121964530160765
0,0,0.03163222428638721
1,1,0.5207485194753634
1,1,0.9990786583943336
0,1,0.9998029532956114
1,1,0.9987379420177451
1,1,0.9990664970850345
1,1,0.9895167361425952
0,1,0.6756014532431688
1,1,0.9890535939981566
0,0,0.20038668137621662
1,1,0.892759254670205
0,0,0.4650347266846179
1,1,0.9947438263796282
1,1,0.5681340305229378
1,1,0.9813388648433959
0,0,0.28492370306584336
1,1,0.8692501138755164
1,0,0.42336977520935365
1,1,0.8309620461430929
1,1,0.9553945476079684
1,0,0.44270207795764965
1,1,0.8828725364006905
0,1,0.6639906230006536
1,1,0.5695272276838712
1,1,0.9684564407767535
0,0,0.3696190934330019
1,1,0.9188486095872463
0,0,0.011253159551931832
0,1,0.6698219169182512
1,1,0.96399401143302
1,1,0.9966295906257848
0,0,0.024507978607316336
1,1,0.9085079132944119
0,0,0.09064555824711308
1,1,0.9866623203571583
0,1,0.6461998601364054
0,0,0.029023639849479393
0,0,0.0028603277448089825
1,0,0.25502445117000533
1,1,0.7810457993192715
1,1,0.9951399479455683
1,0,0.4441039914192738
0,0,0.004071884012683033
1,1,0.848833245027416
1,1,0.9835047205864631
1,1,0.9990786583943336
1,1,0.8616089038665206
1,0,0.2708888004160976
1,1,0.9965852131752794
1,1,0.9893011897919557
1,1,0.9254412075795887
0,1,0.6062906813564993
0,1,0.5695272276838712
1,1,0.5370988647441064
0,1,0.5713515215575721
1,1,0.9531028877207907
1,1,0.9747882605821732
1,1,0.9471596902565044
0,0,0.33081943008154735
0,0,0.17210856804099306
0,1,0.7504738762095163
0,0,0.1702464097065038
0,0,0.008677580766056587
1,1,0.9813388648433959
1,1,0.9913370067263156
1,1,0.9886675105116426
1,1,0.9875905097788608
0,1,0.66595162588802
0,0,0.014394540895369777
0,0,0.03825206527140459
1,0,0.45525355972600057
0,0,0.04736161354773629
1,1,0.7855018969824369
1,1,0.9893011897919557
0,0,0.004889255836124256
0,0,0.3993251300585087
1,1,0.9989216597640695
1,1,0.681327953549727
1,1,0.9608795068041617
1,1,0.9928116030451495
0,0,0.05211682729341098
1,1,0.9727787366042296
1,1,0.9885195057037858
1,1,0.9722286990519944
0,0,0.38991869097210824
1,1,0.892759254670205
0,0,0.37341265729980305
1,1,0.8392161424231321
0,0,0.33959375896018523
1,1,0.9416508791802392
0,1,0.6138863088258515
1,1,0.975425424335236
1,1,0.9910810814848633
1,1,0.9722286990519944
0,0,0.2207282061892748
1,1,0.9379387810533621
1,1,0.9932651335179687
0,1,0.5076344647296782
1,1,0.929844916622636
0,0,0.3324696470520044
1,1,0.814187747802911
1,1,0.9983380754365883
1,1,0.9912610855446503
1,1,0.8495606894272888
1,1,0.9967166285527443
1,1,0.9961081288096565
0,0,0.1141584421358578
1,1,0.9763518343898988
1,1,0.9567357056102372
1,1,0.875913794275445
1,1,0.9987706007437336
0,0,0.2734889511703718
0,0,0.04125698872368668
0,0,0.07054882604786479
0,1,0.9997693476113244
1,1,0.9168695527814663
1,1,0.9981300786113295
1,1,0.9911086341345624
0,1,0.7787929065349528
0,1,0.6593858666274318
0,0,0.4963709741972644
0,0,0.027580105859112566
1,1,0.9997191720151785
1,1,0.9886036895062341
1,1,0.9989900865622885
1,1,0.8874520015513904
1,1,0.9952919646920568
0,0,0.41018001196242193
1,1,0.9824055600522487
1,1,0.9965852131752794
1,1,0.9207846222951895
0,0,0.004071884012683033
0,0,0.060469636080462366
1,1,0.9990786583943336
1,1,0.9254412075795887
1,1,0.9993324390388413
0,0,0.05997148332645084
1,1,0.9914855760974721
1,1,0.9722286990519944
1,1,0.9148467050673842
1,1,0.7171789942976542
0,1,0.7009359908554017
0,0,0.043932438162771134
1,1,0.9371703514327613
0,1,0.7302986177767875
0,0,0.35316437397378353
1,1,0.5527373622273625
1,1,0.587343518476709
1,1,0.9475310583029909
1,1,0.8528850338178778
0,0,0.31998060159149994
1,1,0.6898156115938646
0,0,0.18693097213227844
1,1,0.950349449559096
1,1,0.995506351417736
1,0,0.43118352638737434
0,1,0.6954043206532363
0,0,0.05707919682174812
1,1,0.8505097334249899
0,0,0.06071571320750379
0,0,0.4183560664835211
1,1,0.8945464740396186
0,0,0.21721029406639888
1,0,0.4571004956016648
1,1,0.999813029785442
1,1,0.9903029473183849
0,0,0.4344055782954356
1,0,0.3266695610797949
1,1,0.7672805592492131
1,1,0.5905210438215077
1,1,0.9788418059354659
1,1,0.9990032423247183
0,0,0.4394663033726803
1,1,0.9893797032678032
1,1,0.796352098771009
1,1,0.7036801191122989
1,1,0.7405135975921036
1,1,0.9623330924568285
0,0,0.21058974431144412
0,0,0.3257193749725085
1,1,0.9934868353739631
0,1,0.6323775590645133
0,0,0.07869867841563932
0,1,0.7036801191122989
1,1,0.6474974731249433
1,1,0.9662038101416521
0,0,0.05364804632959482
1,1,0.995506351417736
0,0,0.4625469564121748
1,1,0.8471413344002877
1,1,0.9426756145346106
1,1,0.9509651275553892
0,0,0.023057237418867164
1,1,0.9955974402059209
0,1,0.6354235618958961
1,1,0.9961586823943323
1,0,0.4734265517962312
1,1,0.8320052183350254
0,0,0.1325818695132009
0,0,0.47015566222137095
1,1,0.9371703514327613
1,1,0.9914855760974721
0,0,0.3257193749725085
1,1,0.9311749804746111
1,0,0.10519138399324426
1,1,0.9268481927492128
0,0,0.4650347266846179
0,0,0.1362973582430248
1,1,0.8264293405037619
0,1,0.796352098771009
1,1,0.7810457993192715
0,1,0.7198336535445196
0,0,0.2840437198077988
1,1,0.6249234388913726
1,1,0.8478754614666892
1,1,0.8108475229279078
1,1,0.793285254551075
1,1,0.9662038101416521
1,1,0.8933018888948682
1,1,0.848833245027416
1,1,0.9269401663141474
0,0,0.17398682376716598
1,1,0.9932651335179687
0,0,0.0377721132766279
1,1,0.848833245027416
1,1,0.9998202475920218
0,0,0.27960564516061476
0,0,0.013846449168602401
1,1,0.9276147419995202
1,1,0.9835047205864631
1,1,0.7354376723016418
1,1,0.8374372079450199
1,1,0.9983930537078082
0,0,0.012413656172565435
1,1,0.964641087930725
1,1,0.9960691546459938
1,1,0.9939323798336761
1,1,0.9990786583943336
1,1,0.9990487925398794
0,1,0.612539006557025
1,1,0.5272959680260666
1,1,0.9820464536854656
0,0,0.19689624585886112
0,1,0.6551495781507028
0,0,0.08392222842189989
1,1,0.996056912549015
0,0,0.4441039914192738
1,0,0.3975406977394954
1,1,0.9990786583943336
0,0,0.34847961836062297
1,1,0.9934754077841796
0,0,0.09968092091241856
0,0,0.026690648676242813
0,0,0.3961810153740033
1,1,0.9968014260136875
1,1,0.8894902683193137
1,1,0.9918718763479246
1,1,0.9997471573763771
0,0,0.07911152677781598
1,1,0.9853156051203472
1,1,0.995506351417736
0,0,0.44120068556323844
0,0,0.36221056877972047
1,1,0.9217367196530778
1,1,0.9946351715235943
1,1,0.9976637184926244
0,0,0.22322940836332553
0,0,0.016593232838556998
1,1,0.7649286592468306
1,1,0.9837163102862061
0,0,0.04430364174797638
1,1,0.8907738779619359
1,1,0.9441708705830785
1,1,0.9207846222951895
1,1,0.9996797964861299
0,0,0.15176606243032406
1,1,0.8276883450709788
1,0,0.4723489489109185
1,1,0.9998202475920218
1,1,0.9711455398956033
1,1,0.9700214371323972
0,0,0.4734265517962312
0,0,0.19277826366648793
0,0,0.09734968749886157
1,1,0.9773701154365211
1,1,0.9760055934325382
0,0,0.05997148332645084
1,1,0.9891002998408384
1,1,0.9702371790061035
1,1,0.9933897753450568
1,1,0.9746046446726361
1,1,0.9918116344671676
1,1,0.5982192939530042
0,0,0.12297892338587786
0,0,0.0332805863116715
1,1,0.9686830815975341
1,1,0.9987379420177451
1,1,0.8889306595652061
1,1,0.9984434762641826
1,1,0.9990786583943336
1,1,0.8744801588616616
1,1,0.7942152027524896
0,0,0.009022942324410957
0,1,0.8495606894272888
1,1,0.604512157253398
1,1,0.9990416912395266
1,1,0.9891002998408384
1,1,0.9895490704651997
1,1,0.9998055222102912
1,1,0.910666637394176
1,1,0.9900475886709849
1,1,0.9618544242658131
0,1,0.7455258332576098
1,1,0.9990786583943336
1,0,0.3108049195852562
1,1,0.8502852506473352
1,1,0.5135547722113549
0,0,0.024507978607316336
1,1,0.9294734564752064
0,0,0.05707919682174812
1,1,0.9391254400975767
0,0,0.004404049750510938
0,0,0.15290268139526883
1,1,0.9561891445473928
1,1,0.8181264118750659
0,0,0.25312856598570294
0,0,0.484670443105154
1,1,0.9809913401825957
1,0,0.016289134808920126
0,1,0.604512157253398
1,1,0.9990487925398794
0,0,0.20748044640690436
1,1,0.9984346232436726
1,0,0.29455839727970523
1,1,0.5817266329624269
1,1,0.612539006557025
1,1,0.9958452467486418
1,1,0.9417477533651172
1,0,0.4560278712134067
1,1,0.9641906581790691
0,0,0.09064555824711308
1,1,0.9263418141419787
0,1,0.6279948715392227
1,0,0.4683014781412426
0,0,0.2600437448983258
1,1,0.9787770546969996
0,0,0.0743670655622787
1,1,0.9744636716418852
1,1,0.9977537219958323
0,0,0.13208548249159638
0,1,0.7665077255756358
0,1,0.9997977132380382
1,1,0.9998202475920218
1,1,0.8715703158750236
1,1,0.9989495693603937
1,1,0.9787770546969996
0,1,0.8700939404289411
1,1,0.9863124158586893
1,1,0.9990664970850345
0,0,0.047957341740222446
1,0,0.24761591668111063
1,1,0.9905112708296482
0,0,0.005357231919178618
1,1,0.6521781702430804
1,1,0.9990786583943336
1,1,0.8392161424231321
0,0,0.025794983752906148
1,1,0.7145091574861984
0,0,0.04896848379996736
1,1,0.9550761975070822
0,0,0.006775259218535295
0,1,0.5443931118912385
0,0,0.4879493171998911
1,1,0.8957782354253908
1,1,0.9921695613079969
1,1,0.9987543782768065
1,1,0.7742374910813979
1,1,0.7706216556336375
0,0,0.3591839377459087
1,1,0.994462065721587
1,1,0.9933897753450568
0,0,0.34422217143686745
1,0,0.4879493171998911
0,0,0.07659519459249897
1,1,0.9831676639451401
1,1,0.9363930525050932
0,0,0.4408660760531917
0,0,0.007819378295978093
1,1,0.8907738779619359
0,0,0.06146857485706143
1,1,0.9979234819975661
0,0,0.09968092091241856
1,1,0.9718721078709522
1,1,0.9263418141419787
1,1,0.9736116388813519
1,1,0.9843351906678881
1,1,0.9987903896875628
1,1,0.711824244513233
0,0,0.017248150357355583
0,0,0.02276342377547507
1,1,0.9990235166937365
1,1,0.904049317676326
0,1,0.7898917015669283
1,1,0.9981054202042215
1,1,0.5982192939530042
0,1,0.7696160154928906
1,1,0.9694697060533404
1,1,0.7649286592468306
1,0,0.20319710930077298
1,1,0.6698219169182512
0,1,0.9997438177008775
1,1,0.995564687003552
1,1,0.7706216556336375
1,1,0.7719350007722352
1,1,0.752923683666133
1,1,0.9399481527293941
0,1,0.5968532247140765
0,0,0.05850858097625009
0,0,0.27960564516061476
1,1,0.9990786583943336
0,0,0.01680877600366585
1,1,0.9927173223215874
0,0,0.2921189922348559
1,0,0.2702726573230236
1,1,0.5606174167291889
1,1,0.964894148389403
1,1,0.8561483568377279
0,0,0.03682951067971143
1,1,0.844458560745566
1,1,0.9630088725356293
1,1,0.8192315639307828
1,1,0.9578093559868898
1,0,0.34126542369862595
1,1,0.8933018888948682
0,0,0.05568266770435736
0,1,0.7504738762095163
1,1,0.9958992009904442
0,0,0.05380676187092556
1,1,0.9986447881497479
1,1,0.7163012980611416
1,1,0.9882177413218692
0,0,0.0846014229290175
1,1,0.987098553863
1,1,0.9981194464402513
1,1,0.7480079080498604
1,1,0.546873166580156
1,1,0.7920617389436476
0,1,0.7145091574861984
0,0,0.04023105714068475
0,0,0.3237891413096457
1,1,0.7942152027524896
1,1,0.9603831270062702
1,1,0.9904281828946487
1,1,0.9315381388708269
1,1,0.9982714451492708
0,0,0.36829652922204437
0,1,0.8686031518199351
1,0,0.27810850111587637
0,0,0.2717434975679177
0,0,0.025794983752906148
1,1,0.6310560017412639
1,1,0.9938527078433493
0,1,0.6551495781507028
1,1,0.9984021414494438
0,0,0.007045447816398029
1,1,0.9969645273089213
1,0,0.48325179520979483
1,1,0.9797281529580855
1,1,0.8207082758338308
0,0,0.20841604647639705
1,1,0.5062146279372254
1,1,0.6926170306320419
0,1,0.7553572798213338
0,0,0.15940870093136703
0,0,0.15592253133518236
1,1,0.6841709319594022
1,1,0.6431933353324216
1,1,0.9668125407602992
0,1,0.8283040374222126
1,1,0.9930872354899577
0,1,0.597179778364001
1,1,0.8773333521992764
0,0,0.08804768071004787
1,1,0.9603831270062702
1,1,0.5950605422685904
1,1,0.9964283977903351
0,0,0.1621844236436127
0,0,0.05923580062142744
1,1,0.9641906581790691
1,1,0.8561483568377279
1,1,0.6981773500132227
0,0,0.021467365970436626
0,1,0.5584480521592967
0,0,0.44952381778764494
0,0,0.037615301267414004
1,1,0.9926218142316994
0,1,0.5958125627485998
1,1,0.5649107797104265
0,0,0.09235548670691966
1,0,0.11549250043314928
1,1,0.8868833838387832
0,0,0.03809333960957368
1,1,0.8128524043954115
0,0,0.3993251300585087
1,1,0.702125390858993
0,0,0.3961810153740033
1,0,0.11283782775316556
1,1,0.7810457993192715
1,1,0.9990786583943336
1,1,0.9254412075795887
1,1,0.9977537219958323
1,1,0.8512305241850368
1,1,0.7480079080498604
0,0,0.09199373476336799
1,1,0.9983503820914046
0,0,0.1957216470942879
0,1,0.5713515215575721
0,0,0.18806515078427116
1,1,0.9826310000035984
0,0,0.0747590344422885
1,1,0.957275752733905
1,1,0.9858745752586013
1,1,0.9967166285527443
0,0,0.023888164792444204
0,0,0.40247756486052877
1,1,0.9950760535963331
1,1,0.8863122613623284
1,1,0.9947047564239382
1,1,0.9935234891988433
1,1,0.6710769919700404
1,1,0.9462105387710636
1,1,0.8744801588616616
0,1,0.7810457993192715
0,0,0.027849667575438847
1,0,0.4930900045985327
0,1,0.9984884623705159
1,1,0.6358322295712211
0,0,0.28340928605143256
0,0,0.11023656962775952
0,0,0.06274581540237942
1,1,0.994974231794854
0,0,0.2754810843520864
0,0,0.30123674502148834
0,0,0.042666019284283596
1,0,0.35616847394298573
1,1,0.8686031518199351
1,0,0.3854544952108485
0,0,0.01068374190059452
0,1,0.6000073923047794
1,1,0.8842230082129107
1,1,0.9700214371323972
1,1,0.9272323975288678
1,1,0.999781142238036
1,1,0.7504738762095163
1,1,0.7224730375730323
1,1,0.9829061326811215
0,0,0.018635063871535802
1,1,0.6832360437045513
0,0,0.006024920886060096
0,0,0.11879466311017887
1,1,0.9630088725356293
0,0,0.12157027473439487
1,1,0.7706216556336375
1,0,0.3639322135250891
1,1,0.9930872354899577
1,1,0.8933018888948682
1,1,0.6954043206532363
0,0,0.009381918943121556
1,1,0.9706138702794237
1,1,0.9993989403443247
1,1,0.9990786583943336
1,0,0.1948290076205151
0,0,0.19711096397919264
1,1,0.990481884842009
0,0,0.2787356843121294
1,1,0.9998105600217538
1,0,0.2539467440365562
0,0,0.0675397423546248
0,0,0.09850916181878888
1,1,0.8751023450044527
0,0,0.008130864152433076
1,1,0.5777681824588703
1,1,0.9877503426510629
1,1,0.6756014532431688
1,0,0.44734666124081224
1,1,0.9997950411934786
1,0,0.41018001196242193
0,0,0.1302340289707744
0,0,0.05248584117141427
0,0,0.0747590344422885
1,1,0.9941981477076242
1,1,0.9690788153508466
0,0,0.015158704761098634
1,0,0.25312856598570294
0,0,0.03399332979991635
1,1,0.9990290424540451
1,1,0.9513111253653025
0,1,0.8993975054547775
0,0,0.3324696470520044
1,1,0.9944209131415381
1,0,0.2120567745572861
1,1,0.6156494798601748
1,1,0.66595162588802
1,1,0.9986447881497479
1,1,0.9990416912395266
1,1,0.9830733998228703
1,1,0.8478754614666892
1,1,0.9940447470057971
1,1,0.9989074284072331
0,0,0.14099946627124166
1,1,0.8187687892567624
1,1,0.8159615135794547
1,1,0.7091243605420232
1,1,0.786981250584505
1,1,0.9437771307735142
1,1,0.9918116344671676
0,1,0.5149737255836153
1,1,0.9876599339148053
1,1,0.9937719962606464
1,1,0.9877503426510629
1,1,0.9990786583943336
0,0,0.1957216470942879
0,0,0.24333213799976564
0,0,0.0846014229290175
0,0,0.015825100695546882
1,1,0.7466020059288923
1,1,0.8461747736406366
1,1,0.6310560017412639
0,0,0.09850916181878888
1,1,0.9971567917687517
1,1,0.524801869902732
1,1,0.8752950743828615
1,1,0.9873358651733425
1,1,0.9988635987754916
1,1,0.8945464740396186
0,0,0.1957216470942879
1,1,0.9462105387710636
1,1,0.9409255171499881
1,1,0.9940447470057971
1,1,0.9024055810355139
0,1,0.6521781702430804
1,1,0.7659485376176128
1,1,0.9937719962606464
0,1,0.6461998601364054
1,1,0.8609301814829147
0,0,0.04320536360826826
0,0,0.24333213799976564
1,1,0.7765234655761507
0,0,0.25146807838566165
1,1,0.9360538793342865
0,1,0.5193306914963891
1,1,0.5422090548737456
1,1,0.7942152027524896
1,1,0.666912657445583
0,0,0.1611753425850567
0,0,0.4560278712134067
1,1,0.9405103313220708
1,1,0.966388808868252
1,0,0.49779103496301347
0,0,0.4505938160850047
1,1,0.9929046719448194
1,1,0.6870001989671741
0,0,0.10981325220683548
1,1,0.9936074005830622
0,1,0.5411357816716856
1,1,0.975425424335236
1,1,0.991917544662049
1,1,0.7832821323332041
1,1,0.7262278931580891
0,0,0.41654556560423395
0,0,0.15982746191200162
1,1,0.9241331832365864
0,0,0.19988693445154107
0,0,0.4344055782954356
1,1,0.9988930094407088
1,1,0.9947047564239382
0,0,0.337050518073449
1,1,0.9727787366042296
1,1,0.9972662707340999
0,0,0.005718525656588154
1,1,0.8128524043954115
1,1,0.9891947886820509
1,1,0.9886675105116426
1,0,0.4197389499373543
0,0,0.1948290076205151
1,1,0.814187747802911
0,0,0.4930900045985327
1,1,0.9951038079303758
1,1,0.946874671169969
0,0,0.02054101371833071
1,1,0.9306963136166195
0,0,0.1957216470942879
1,1,0.9929965443721405
0,1,0.6371465157037026
1,1,0.9989216597640695
1,1,0.9059346331864355
1,1,0.9926218142316994
0,1,0.5905210438215077
1,1,0.9958992009904442
1,1,0.8392161424231321
0,0,0.3086661694196498
0,0,0.04108632690705758
0,1,0.5010723647875492
1,1,0.9927173223215874
1,1,0.9985984103497291
0,0,0.012646333920452679
1,1,0.9613699173755036
1,1,0.9442423746264371
1,1,0.9988784003967983
0,0,0.03682951067971143
1,1,0.9725808970910168
1,1,0.7294462768942128
1,1,0.8245385103777623
1,1,0.9964018042223074
1,1,0.9890197437219272
1,0,0.366566136709265
0,0,0.037297949739648374
1,0,0.11023656962775952
1,1,0.9198219498933219
0,0,0.22170683307114705
1,1,0.9818135670692989
1,1,0.996759303725597
1,1,0.9981054202042215
1,1,0.9953873790842094
1,0,0.02054101371833071
1,1,0.7009359908554017
1,1,0.999783995443899
0,0,0.14787195327258265
1,0,0.44734666124081224
0,0,0.01853146467847998
1,1,0.7189609673305134
0,0,0.04978749548244111
1,1,0.8207082758338308
1,1,0.9952919646920568
1,1,0.8128524043954115
1,1,0.8283040374222126
0,0,0.12910507926175957
0,0,0.05041212240189599
0,0,0.06921185290728962
1,0,0.3792552278598652
1,1,0.9672311118572204
1,1,0.7171789942976542
0,1,0.5141939351216448
1,1,0.9846225398842892
1,1,0.9749274878276297
1,1,0.8427267590809824
1,1,0.9556359989121207
1,1,0.9943156031025563
1,1,0.9711455398956033
1,1,0.987908142098858
1,1,0.9993497237691943
0,0,0.1524987706998134
0,0,0.03286088058725658
1,1,0.9893797032678032
0,0,0.1542028813840378
0,1,0.7625603459284831
0,0,0.04978749548244111
1,1,0.950349449559096
0,0,0.1611753425850567
1,1,0.9982714451492708
0,0,0.004701364369039327
1,1,0.9990786583943336
1,1,0.9711455398956033
1,1,0.9997335317343093
1,1,0.9987706007437336
1,1,0.9371703514327613
0,0,0.11505160961520378
1,1,0.9957110178240254
1,1,0.8301626473181775
1,1,0.994273368421145
1,1,0.9894392249066382
0,0,0.0026442845932676752
0,1,0.8409793064938236
1,1,0.9837163102862061
1,1,0.9898428451388604
1,1,0.612539006557025
0,0,0.25670036877668273
1,1,0.8452032178905385
1,1,0.9844225392314909
1,1,0.9289838583011274
1,1,0.5649107797104265
1,1,0.6857774330050482
1,1,0.998901211297482
1,1,0.9964018042223074
1,1,0.9988784003967983
1,1,0.8787389184869494
1,1,0.9953267223975811
1,1,0.9877503426510629
1,0,0.39304545765000864
1,1,0.6361464575696653
1,1,0.618750524563693
1,1,0.9998105600217538
1,1,0.9948120093151644
1,1,0.9168695527814663
1,1,0.9241331832365864
1,1,0.7379835624778779
1,1,0.6504874382474289
1,1,0.8392161424231321
1,1,0.9990290424540451
1,1,0.5841586993356984
0,0,0.26657973521195777
1,1,0.5389493341522549
1,1,0.8374372079450199
0,1,0.6926170306320419
1,1,0.8787389184869494
0,0,0.12017555033568601
0,1,0.6898156115938646
0,0,0.25065520316339945
0,0,0.3055842803102536
0,1,0.999781142238036
1,1,0.9320114161519748
1,1,0.9729287528945918
1,1,0.768848601083733
1,1,0.7956500958910762
1,1,0.8730323608421326
1,0,0.14297880633579807
0,0,0.0027144272925748603
1,1,0.9921253056593492
1,1,0.8593512297801806
0,0,0.1403128612042031
0,0,0.24196398383537224
1,1,0.9866623203571583
1,1,0.9430766032052263
1,1,0.5487173929679996
0,0,0.030931370465557655
1,1,0.9998178731538345
0,0,0.10327084332989266
1,1,0.7729335049334769
1,1,0.9911466500738311
0,1,0.5681340305229378
1,1,0.996056912549015
1,1,0.9961870659526237
1,0,0.3193016978018097
1,1,0.9950394408223829
0,0,0.21721029406639888
1,1,0.8338318005279952
1,1,0.7800728179680969
1,1,0.9939323798336761
0,0,0.03442698452536464
1,1,0.9929445787163662
1,1,0.9988784003967983
1,1,0.9939323798336761
1,1,0.9977111767793291
1,1,0.9989843393277488
1,1,0.9928116030451495
1,1,0.9990786583943336
1,1,0.9272323975288678
1,1,0.9736917262110183
1,0,0.34422217143686745
0,0,0.11742752533743911
1,1,0.9989216597640695
1,1,0.9670938129291945
0,0,0.4963709741972644
0,1,0.5735059066426188
1,1,0.9764826353972449
1,1,0.6681733127662992
1,1,0.9992777810715847
0,0,0.37883991606256134
1,1,0.9773701154365211
1,1,0.9936433802501204
0,1,0.6727182360710374
1,1,0.9961368844606102
1,1,0.9649400963377939
0,0,0.19689624585886112
0,0,0.016380407588815555
1,1,0.9949081699485981
0,0,0.19689624585886112
1,1,0.752923683666133
0,0,0.24171511564839607
1,1,0.510275301546901
0,0,0.04518281664420135
1,0,0.020806752865935006
1,1,0.9670938129291945
1,1,0.7810457993192715
1,1,0.9744636716418852
0,0,0.37750411642461407
1,1,0.9877503426510629
1,1,0.9924270528154672
1,1,0.9554523549821093
0,1,0.6491948685882408
1,1,0.9839252302245596
0,0,0.06864694328464917
1,1,0.9893797032678032
1,1,0.6156494798601748
1,1,0.6710769919700404
0,0,0.48545020076968426
0,0,0.460359474167805
0,0,0.23089830941187534
1,1,0.9987044168451429
1,0,0.01468931317304961
1,0,0.4088064340514669
0,0,0.02703374981534761
0,0,0.09457965524980724
1,1,0.9614856880000132
1,1,0.6630254205569872
1,1,0.9989216597640695
0,0,0.025794983752906148
0,1,0.7742374910813979
1,1,0.9939771141181649
1,1,0.9013642510647579
1,0,0.38267066799405275
1,1,0.9379387810533621
0,0,0.12875447773522508
1,1,0.9647474146545549
1,1,0.5440564375892412
1,1,0.9497264498325336
1,1,0.7898917015669283
1,1,0.9757380929297094
1,1,0.8715703158750236
1,1,0.9952919646920568
1,1,0.9998154673563113
1,1,0.9117286857097703
1,1,0.9910307296377243
0,1,0.999808057640241
1,1,0.878132325351081
1,1,0.8561483568377279
0,1,0.6444959088023636
1,1,0.9915333963340822
1,1,0.8982036580372735
1,1,0.9352637220522517
1,1,0.9965402534448866
0,0,0.12096495798363988
1,0,0.12236756981195651
0,1,0.5598482882440098
0,0,0.003572811954667626
0,1,0.6639906230006536
1,1,0.9952919646920568
0,0,0.4151656755795613
1,1,0.9843351906678881
1,1,0.9802430035930007
1,1,0.9363930525050932
0,1,0.5422090548737456
1,1,0.9814747158618381
1,1,0.9741350146595307
0,0,0.4879493171998911
1,1,0.5346108390520797
1,1,0.9872646413638971
0,0,0.4945098954047871
1,1,0.9983380754365883
1,1,0.9864884852228581
1,1,0.9982486476531268
0,1,0.6358322295712211
1,1,0.9828536017782014
1,1,0.9989495693603937
1,0,0.22681655870449915
0,0,0.4151656755795613
1,1,0.8907738779619359
0,0,0.4571004956016648
1,1,0.9937367399957079
1,1,0.9998178731538345
0,0,0.3279202392680931
1,1,0.9241331832365864
0,0,0.4505938160850047
0,0,0.14420898515311023
0,0,0.09469595209198882
0,1,0.6249234388913726
0,0,0.04658055173722723
1,1,0.9985229704033362
1,1,0.6461998601364054
1,1,0.7977758856803245
1,1,0.7787929065349528
0,0,0.02092280077917413
1,1,0.9303290237082726
0,0,0.46907887224132155
1,1,0.9981054202042215
0,0,0.2876054292738324
0,1,0.5519654636702352
1,1,0.9819460258845545
1,1,0.6371465157037026
0,0,0.03286088058725658
0,0,0.05850858097625009
1,1,0.7617767038032434
0,0,0.027849667575438847
0,1,0.6898156115938646
0,0,0.4734265517962312
1,1,0.542983844900451
1,1,0.9379387810533621
0,0,0.0816014333179963
0,0,0.12110935896752877
1,1,0.7810457993192715
1,1,0.9659598573222625
1,1,0.9336560798465607
1,1,0.9662038101416521
0,0,0.47811693377854925
1,1,0.9984139744451314
1,1,0.9933523698297861
1,1,0.9985611840126101
0,0,0.18166170500797296
1,1,0.944469544927989
1,0,0.3324696470520044
1,1,0.9950760535963331
1,1,0.9063023912515851
0,0,0.04504832831161997
0,0,0.48139288818637366
1,1,0.7612097152965169
1,1,0.9711455398956033
1,1,0.7405135975921036
0,0,0.01871428904453654
1,1,0.8088262148715342
0,0,0.21110918960759237
1,1,0.7625603459284831
1,1,0.9804956025452062
0,0,0.09394403390150013
0,1,0.6954043206532363
1,1,0.9807450353844948
1,1,0.9245304865662213
1,1,0.9988635987754916
1,1,0.85452428777577
1,1,0.985770521837321
1,1,0.999813029785442
1,1,0.9949171009456788
1,1,0.6461998601364054
1,1,0.7394205923725344
1,1,0.9950113234490152
0,0,0.002542445739075958
1,1,0.844458560745566
1,1,0.939449375431604
1,1,0.910666637394176
1,1,0.9987379420177451
1,1,0.997042941447177
1,1,0.9919770136635053
0,0,0.1458364013545899
0,0,0.006600876329233286
1,1,0.9990786583943336
0,1,0.6000073923047794
1,1,0.9901339474353879
1,1,0.9981194464402513
0,0,0.11775145190154504
0,0,0.16236894118010897
1,1,0.9990416912395266
0,0,0.27696951093145666
1,1,0.9839252302245596
1,1,0.8640434936788731
0,0,0.17971862263668953
0,1,0.6981773500132227
1,1,0.8264293405037619
0,0,0.02918415085815134
1,1,0.9990664970850345
1,1,0.9930481299623102
0,0,0.22527661240716845
1,1,0.9961081288096565
1,1,0.997336910877993
1,0,0.23145316095382193
0,0,0.0055711886123089895
1,1,0.8773333521992764
1,1,0.9752463310205981
0,0,0.1713006848410477
1,1,0.8067884537668885
1,1,0.9998202475920218
0,0,0.130588055479491
0,1,0.6593858666274318
0,0,0.11372198928524285
0,0,0.016170267156638985
1,1,0.585537913622711
1,1,0.9413379860769193
1,1,0.8613035339556511
0,0,0.03163222428638721
1,1,0.9808520135924808
1,1,0.9966733932865633
1,1,0.9986524541824932
1,1,0.9925900852339262
1,1,0.9475310583029909
1,1,0.9979234819975661
1,0,0.1237841549881381
1,1,0.9588575083281586
0,0,0.4520004514035849
1,1,0.6094193307230218
1,1,0.9123260171539563
1,1,0.9896520193856263
1,1,0.9985422022326536
0,0,0.07407002338737032
0,0,0.1621844236436127
1,0,0.45384518499957155
1,1,0.6600866657336276
1,1,0.9980551255096889
1,1,0.9925250630399498
1,1,0.9286081890298462
0,0,0.01542140785111218
0,0,0.01688037044309901
1,1,0.9478127499420888
1,1,0.9133702144268322
1,1,0.8264293405037619
1,1,0.9957905856309636
1,1,0.9952030171827896
1,1,0.963273169854001
1,1,0.8801305796948279
1,1,0.9943476194465779
1,1,0.9623330924568285
1,1,0.8081568532087452
0,0,0.4006884424576212
0,0,0.40384440395311194
1,0,0.2322230621862225
1,1,0.9983810648800903
1,1,0.9864884852228581
1,1,0.9138186255229801
1,1,0.9360538793342865
1,1,0.9948120093151644
1,1,0.9989216597640695
1,1,0.9942409339386405
1,1,0.9623330924568285
1,1,0.8686031518199351
1,0,0.3225466573927242
1,1,0.9776971161895526
1,1,0.6504874382474289
0,0,0.04716694193231449
0,0,0.2149868700216172
1,1,0.9865300326625809
1,1,0.9851244823542966
1,1,0.9888136288558578
1,1,0.973124151850445
1,1,0.5552091066547445
1,1,0.9933523698297861
1,1,0.9987866121925766
1,1,0.9245304865662213
1,1,0.5731738783102264
0,1,0.7891733245355302
1,1,0.9909133053240968
1,1,0.9776586079454826
0,0,0.10154225924965116
1,1,0.9974057304140368
0,0,0.24900553111913665
1,1,0.9022500713749803
1,1,0.9966733932865633
0,0,0.27960564516061476
1,0,0.15708451449451197
0,0,0.03457098242853174
1,1,0.7250970524662422
1,1,0.9940886577764247
1,1,0.702125390858993
0,0,0.2592127483149801
0,0,0.09533612558059945
1,1,0.9608795068041617
0,0,0.08665668149787253
1,1,0.9963813808956915
1,1,0.9831676639451401
1,1,0.8933018888948682
1,1,0.9952919646920568
1,1,0.9360538793342865
1,1,0.9588575083281586
1,1,0.9990416912395266
1,1,0.9713534310234333
0,0,0.05997148332645084
1,1,0.9970039901365138
1,1,0.9930872354899577
1,1,0.7504738762095163
0,1,0.8035616844202126
1,1,0.9981544166768347
0,0,0.16760630058950307
1,1,0.7379835624778779
0,0,0.04917020719750725
1,1,0.9772441354663337
0,0,0.2556180094701487
1,1,0.7908328909832878
0,0,0.1182013069071473
0,0,0.1362973582430248
1,1,0.9943476194465779
0,1,0.5291512711446453
1,1,0.9890197437219272
1,1,0.7898917015669283
1,1,0.9379387810533621
1,1,0.8495606894272888
1,1,0.8822838511447808
1,1,0.9990786583943336
0,1,0.5258798744683457
1,1,0.9830013122058973
1,1,0.6784714104799116
0,0,0.346211849489914
0,0,0.3324696470520044
0,0,0.07681628777997877
1,1,0.8801305796948279
1,1,0.9952030171827896
0,0,0.06300053417094197
0,0,0.10206166819295058
0,0,0.38577606525418845
1,1,0.5519654636702352
1,1,0.9478127499420888
1,1,0.9984229440608903
0,1,0.7984724355203553
1,1,0.9198219498933219
1,1,0.8239121856275397
0,0,0.037297949739648374
0,0,0.07208057647710556
1,1,0.944469544927989
0,0,0.3868009466050505
1,1,0.9830733998228703
1,1,0.8940094183902627
0,0,0.03636673267729617
0,0,0.2575261110402088
1,1,0.9888136288558578
1,1,0.9983161552290777
0,0,0.02489942139132886
0,0,0.04284294956384354
1,1,0.9915333963340822
1,1,0.998508142844234
1,0,0.19366376726282877
1,1,0.9782248512792089
1,1,0.9561891445473928
1,1,0.8264293405037619
0,0,0.13784987247576172
1,1,0.9819460258845545
1,1,0.9455385814285742
1,1,0.9198219498933219
1,1,0.8679534748321744
1,1,0.9944209131415381
1,1,0.9775341970893136
0,0,0.0678125141760635
0,0,0.0448627172718309
1,1,0.9998105600217538
0,0,0.23693631652605293
0,0,0.11340772262732078
0,0,0.11473414426726578
1,1,0.9972662707340999
1,1,0.987908142098858
0,0,0.35616847394298573
0,1,0.5258798744683457
1,1,0.939449375431604
0,0,0.2948405176803708
0,1,0.8809138065064669
0,0,0.015621971023386421
1,1,0.9946351715235943
1,1,0.9344644846838244
0,0,0.14513022201273046
0,1,0.5291512711446453
1,1,0.8256130045425448
0,1,0.5552091066547445
0,0,0.0027144272925748603
0,0,0.06555633216694655
1,1,0.9637347062126157
1,1,0.8245385103777623
1,1,0.9998029532956114
0,0,0.4056380802449211
1,1,0.9984434762641826
1,1,0.9331934306372055
1,0,0.355177745069652
1,1,0.9952300593038914
0,0,0.4585104914323653
1,1,0.994974231794854
1,1,0.8356424458179035
0,1,0.7064096145052107
1,1,0.9848200123041569
1,1,0.7601756530104972
0,1,0.5211888692182509
0,1,0.9340070744192851
1,1,0.885559927506729
1,1,0.9943893096068215
0,0,0.07296341318190101
1,1,0.7277056080299028
0,0,0.08235427159070392
0,0,0.3295631166195162
0,0,0.130588055479491
1,1,0.7504738762095163
0,1,0.9987903896875628
1,0,0.08910730131974196
1,1,0.9941652896903262
0,0,0.1195762328024123
1,1,0.8035616844202126
1,1,0.8026634787460883
0,1,0.757774617518357
1,1,0.7480079080498604
0,0,0.42475712887213984
1,1,0.9989074284072331
1,1,0.9848200123041569
1,1,0.7920617389436476
0,1,0.6293209530646029
1,1,0.9980551255096889
0,1,0.5954856515139244
0,0,0.020806752865935006
1,1,0.9951038079303758
1,1,0.9987706007437336
1,1,0.9232078107398001
1,1,0.9977111767793291
1,1,0.999783995443899
0,0,0.26257728729778373
1,1,0.7129880725384286
1,1,0.9863544972166449
1,1,0.9934102433149009
1,1,0.9880639333464991
0,0,0.4408660760531917
1,0,0.49779103496301347
0,0,0.316455711139191
0,1,0.7224730375730323
1,1,0.9911963569456695
1,1,0.9988635987754916
1,1,0.9416508791802392
1,1,0.9982486476531268
0,0,0.3888907877888893
1,1,0.711824244513233
0,0,0.29692461460997227
1,1,0.9386984272454916
0,1,0.612539006557025
1,1,0.9593721947259476
0,0,0.29301375436369714
1,1,0.9340070744192851
1,1,0.9988061437172464
1,1,0.6094193307230218
0,1,0.9997370054657294
0,0,0.12536355020077042
1,1,0.9994067732850547
0,0,0.12728927531203815
0,0,0.0448627172718309
0,0,0.07497525786425854
1,1,0.9148467050673842
1,1,0.6341066189092586
1,1,0.9906738682555242
0,0,0.01542140785111218
0,1,0.8993975054547775
0,0,0.4088064340514669
0,1,0.7145091574861984
0,0,0.07567200137351796
1,0,0.47376493447858103
1,1,0.9386984272454916
1,1,0.7521185754321154
1,1,0.9029047137193412
1,1,0.9950760535963331
0,0,0.29967195817544895
0,1,0.8700939404289411
1,1,0.9988930094407088
1,1,0.8920443875695185
0,0,0.3353889878093686
0,0,0.09506721757308191
1,1,0.885559927506729
1,1,0.9722286990519944
1,1,0.9843351906678881
1,1,0.6461998601364054
0,1,0.7734809399678858
1,1,0.9323704816004177
0,1,0.9997471573763771
0,0,0.31998060159149994
1,1,0.9245304865662213
0,0,0.3975406977394954
1,1,0.9887309781841435
1,1,0.9896520193856263
0,1,0.6491948685882408
0,0,0.17398682376716598
1,1,0.9828536017782014
0,0,0.053142427859966285
1,1,0.9739467683463449
1,1,0.9928520295025299
0,0,0.3402942388642614
1,1,0.9434749551192201
1,1,0.9929046719448194
0,0,0.15194087655933863
1,1,0.9998202475920218
1,1,0.9990786583943336
0,0,0.00396680320731322
0,0,0.3805934353908648
0,0,0.11742752533743911
1,0,0.08094419356691451
1,1,0.9696373892115591
0,0,0.47015566222137095
0,0,0.04338442911899797
1,1,0.996759303725597
1,1,0.9864884852228581
1,0,0.3730951330233639
1,1,0.7659485376176128
1,1,0.9757380929297094
1,1,0.996494703848228
1,0,0.36729131007559
0,0,0.02703374981534761
1,1,0.885559927506729
1,1,0.9975241034122079
1,1,0.8795299937710519
1,1,0.9986166612656021
1,1,0.8301626473181775
0,0,0.002476736126489243
0,0,0.37750411642461407
0,0,0.03788574082544614
1,1,0.9940886577764247
1,1,0.9837163102862061
1,1,0.9734653036207243
1,1,0.9180995530539006
1,1,0.9907943579892672
0,0,0.005946825398830191
1,1,0.9584610533137692
1,1,0.6698219169182512
1,1,0.9985145688479767
0,0,0.0377721132766279
1,1,0.6981773500132227
1,1,0.6581089088892191
0,0,0.4133591694002143
0,0,0.04993539240022668
0,1,0.7328759989094763
1,1,0.9024055810355139
0,0,0.30679101357208904
0,0,0.38503660564086223
0,0,0.23693631652605293
0,1,0.5436187029211519
1,1,0.996759303725597
1,0,0.44627811032896164
1,1,0.9989074284072331
1,1,0.8790711764457388
1,0,0.38267066799405275
1,1,0.8026634787460883
1,1,0.9005789014422876
0,1,0.8696045133093202
1,1,0.8437109837892653
1,1,0.9331934306372055
0,0,0.10206166819295058
0,0,0.2894122776269759
0,0,0.005869736213472597
1,1,0.9865873599531256
1,1,0.9984021414494438
1,1,0.9525127109161827
1,1,0.9658174201832651
1,1,0.7328759989094763
0,0,0.003435336068209816
1,1,0.9664900626403844
1,1,0.9865873599531256
1,0,0.3854544952108485
1,1,0.9744636716418852
0,0,0.15592253133518236
0,0,0.035909552872973524
1,1,0.8815084230469539
0,0,0.016663924764731365
1,1,0.6504874382474289
0,0,0.15081013440706798
1,1,0.991310155554965
1,1,0.9545096685716913
1,1,0.8730323608421326
1,1,0.9920220960091088
1,1,0.9990786583943336
0,0,0.23796486016062593
0,0,0.19277826366648793
0,0,0.11639473404865454
1,0,0.4487514394392657
0,0,0.0722896583360423
0,0,0.019261383819620958
1,0,0.1991964248251195
0,0,0.4237011682034554
0,0,0.0667178075847882
1,1,0.885559927506729
1,1,0.9893011897919557
1,1,0.7649286592468306
0,0,0.3086661694196498
1,1,0.9773701154365211
0,0,0.03621553555262096
1,1,0.9941219447927596
0,1,0.5713515215575721
0,1,0.5968532247140765
1,1,0.9311749804746111
1,1,0.9976941124712991
0,0,0.10114853326301987
1,1,0.9725808970910168
0,0,0.3836924529311956
1,1,0.9948793123366005
1,0,0.4505938160850047
0,1,0.8283040374222126
1,1,0.9203692976432408
0,1,0.626253953084202
1,1,0.9987706007437336
1,1,0.9998202475920218
1,1,0.9272323975288678
0,1,0.9997868114610065
1,1,0.7102946546087837
1,1,0.8539860451334653
1,1,0.7729335049334769
1,1,0.9868339488296043
0,1,0.910666637394176
1,1,0.7490771169077036
0,0,0.13666527735641593
0,0,0.020216668698376062
1,1,0.8320052183350254
1,1,0.9416508791802392
0,0,0.00396680320731322
0,0,0.03545790896615156
1,1,0.9950113234490152
1,1,0.9570428246355068
1,1,0.991917544662049
0,0,0.035909552872973524
1,1,0.998943591793622
0,1,0.752923683666133
0,0,0.3383209706534374
1,1,0.9983161552290777
1,1,0.9907943579892672
0,1,0.5062146279372254
1,1,0.9746482803142751
1,1,0.7129880725384286
1,1,0.9943893096068215
1,1,0.9091248673085193
1,1,0.9144031421239097
0,0,0.023888164792444204
1,1,0.917864508305453
1,1,0.7920617389436476
1,1,0.5487173929679996
0,1,0.8730323608421326
1,1,0.9919629584653378
1,1,0.9320114161519748
1,0,0.24196398383537224
1,1,0.910666637394176
1,1,0.9363930525050932
0,0,0.08235427159070392
0,0,0.06274581540237942
1,1,0.9988784003967983
1,0,0.4183560664835211
1,0,0.4560278712134067
1,0,0.2984811699153153
1,0,0.4006884424576212
1,1,0.9952919646920568
0,0,0.05380676187092556
1,1,0.9864884852228581
0,0,0.18559682146830667
1,1,0.9950113234490152
1,1,0.9965852131752794
0,0,0.13475959596459938
0,0,0.15940870093136703
1,1,0.5827781657313438
0,0,0.2876054292738324
1,1,0.994273368421145
1,1,0.7455258332576098
1,1,0.9888762873990151
0,0,0.02119337223380447
0,0,0.11473414426726578
0,0,0.3514655214452973
0,0,0.2957401332040899
1,1,0.8767207143072235
1,1,0.7133490176501573
1,1,0.8842230082129107
0,0,0.3703467752664185
1,1,0.9727787366042296
1,1,0.9742777541456009
1,1,0.9659598573222625
0,0,0.3136234037966963
1,1,0.999781142238036
0,0,0.06617180726128516
1,1,0.9853975678939676
0,0,0.27696951093145666
0,0,0.06274581540237942
0,0,0.2355929267036112
0,0,0.08335163665768908
1,1,0.957275752733905
1,1,0.8226315028640138
1,1,0.6698219169182512
1,1,0.9988216928076604
0,0,0.16578310065109786
0,0,0.01680877600366585
0,0,0.38577606525418845
1,1,0.9782248512792089
0,0,0.17696295016363314
1,1,0.6156494798601748
1,0,0.42049948423132694
1,1,0.8940094183902627
0,0,0.03531035188170765
0,0,0.26573535299686407
0,0,0.3944014078149633
1,1,0.9989900865622885
1,1,0.875913794275445
1,1,0.9543984414531714
1,1,0.9184240337301158
1,1,0.9331934306372055
1,0,0.1688379382971016
1,1,0.917864508305453
0,0,0.05041212240189599
1,1,0.9497264498325336
1,1,0.9561891445473928
0,0,0.0034805654089244214
1,1,0.9955974402059209
0,0,0.3726825169642238
1,0,0.3225466573927242
0,0,0.11607404869010303
1,1,0.9992288319997038
1,1,0.9985034852405636
1,1,0.9907943579892672
1,1,0.9644468235084441
0,0,0.36524816705194363
1,1,0.9920220960091088
1,1,0.844458560745566
1,1,0.9628059863673162
0,0,0.12521479951783
1,1,0.7706216556336375
0,1,0.9988216928076604
1,1,0.9878188836406713
0,1,0.618750524563693
1,1,0.9506995664696751
1,1,0.8482776847725846
0,0,0.12190405071104947
1,1,0.9934384836395824
1,1,0.9957905856309636
0,0,0.016593232838556998
0,0,0.12665958867623103
1,1,0.8957782354253908
1,1,0.9964018042223074
0,1,0.7765234655761507
1,1,0.9998003504541535
1,1,0.9953267223975811
0,0,0.026351784097423184
0,1,0.7672805592492131
1,1,0.96399401143302
0,0,0.020131213823208247
0,1,0.791124618533447
1,1,0.752923683666133
0,0,0.053142427859966285
0,0,0.01555562936336378
1,1,0.984219979040385
1,1,0.9769504170907978
1,1,0.9997753222899541
1,1,0.9618544242658131
1,1,0.8993975054547775
1,1,0.8108475229279078
0,0,0.019763579605345447
1,1,0.9588575083281586
0,0,0.24517873639168747
1,1,0.814187747802911
1,1,0.9989767573406357
1,1,0.9914374880997404
1,1,0.997042941447177
1,1,0.601369911930054
1,1,0.9985904373018059
0,0,0.1458364013545899
1,1,0.5425459463166514
1,1,0.9990786583943336
0,0,0.012646333920452679
0,0,0.0223102960124812
1,1,0.773243038838757
0,0,0.13666527735641593
1,1,0.9542623805991228
1,1,0.9980294806572038
1,1,0.9207846222951895
1,1,0.8026634787460883
0,0,0.1458364013545899
1,0,0.3944014078149633
1,1,0.9978402656872045
1,1,0.7379835624778779
0,1,0.612539006557025
1,1,0.996494703848228
0,0,0.16295776743320237
0,1,0.5291512711446453
0,0,0.10396232872856452
1,1,0.9968014260136875
1,1,0.7628060167734478
0,0,0.4351727573412843
1,1,0.6898156115938646
1,1,0.9989357059470192
1,1,0.990481884842009
1,1,0.7765234655761507
1,1,0.9915956678696458
0,0,0.08062316876822409
0,0,0.19621353399226435
0,0,0.008791220199530705
1,1,0.8655780088401656
1,1,0.6972655766749081
1,1,0.6169927291670874
1,1,0.9990786583943336
1,1,0.8187687892567624
1,1,0.9897100306971478
0,0,0.017248150357355583
1,1,0.7742374910813979
0,0,0.29692461460997227
1,1,0.9525127109161827
1,1,0.8035616844202126
1,1,0.9882836980784147
1,1,0.9952919646920568
0,0,0.22299414085085262
1,1,0.9968840403131942
1,1,0.998714014213436
1,1,0.9603831270062702
0,0,0.05778974075767654
1,1,0.9989632523774195
1,1,0.9987706007437336
1,1,0.7920617389436476
1,1,0.972731973112192
1,0,0.24092361984903196
1,1,0.996494703848228
0,1,0.6870001989671741
0,0,0.008237403414791475
1,1,0.6062906813564993
1,1,0.9877503426510629
0,1,0.6052582688397565
1,1,0.9095930779827923
1,1,0.7706216556336375
0,0,0.19007756331000558
0,0,0.09199373476336799
0,0,0.10449267708877075
1,1,0.9837163102862061
0,0,0.0028603277448089825
1,1,0.9575792081210092
1,1,0.8945464740396186
1,1,0.9998178731538345
0,1,0.8128524043954115
1,1,0.8624942438511275
0,1,0.5324201654002289
1,1,0.8490073270754376
1,1,0.6710769919700404
0,0,0.01747204963806719
1,1,0.9946445787785185
1,1,0.9984434762641826
1,1,0.9603831270062702
0,0,0.041904455862837045
1,1,0.9961586823943323
0,0,0.20249805872007715
0,0,0.013846449168602401
0,0,0.3501718310119715
0,0,0.07385620215934799
1,1,0.5831081569655084
1,1,0.9915956678696458
0,0,0.08493682487781765
1,0,0.4879493171998911
1,1,0.9655256267148103
1,0,0.48325179520979483
1,1,0.8245385103777623
0,0,0.02358401842127311
1,1,0.9494545369281364
1,1,0.998634674850593
1,1,0.8670978682490142
0,0,0.1524987706998134
0,0,0.21402974834668329
1,1,0.9500807291409852
1,1,0.9939323798336761
1,1,0.7765234655761507
1,1,0.8577573130692546
1,1,0.7765234655761507
1,1,0.9984021414494438
1,1,0.9670938129291945
0,0,0.09533612558059945
1,0,0.3006984465982146
1,1,0.9807450353844948
1,1,0.9806039391641407
1,0,0.45384518499957155
1,1,0.9188486095872463
1,1,0.9977829476711769
1,1,0.9222721005147099
0,0,0.05020557300765637
1,1,0.6391790504664909
0,0,0.48980963008114564
1,1,0.9340070744192851
1,1,0.9982021483148281
1,1,0.8624942438511275
0,0,0.18872616778636905
0,0,0.10396232872856452
0,0,0.0856234631712221
1,1,0.964894148389403
1,0,0.4625469564121748
1,1,0.9650860570877904
1,1,0.9998202475920218
0,0,0.24171511564839607
1,1,0.8187687892567624
1,1,0.9556359989121207
1,1,0.9340070744192851
0,0,0.09582717481515358
1,1,0.8461747736406366
1,1,0.9952919646920568
0,0,0.2575261110402088
1,1,0.966248103912511
1,1,0.5094951521680846
0,1,0.6062906813564993
1,1,0.9987956014118017
1,1,0.9978402656872045
1,1,0.9739467683463449
0,1,0.5968532247140765
1,1,0.9813388648433959
1,1,0.661055982596689
0,0,0.15765778391584878
1,1,0.9921695613079969
1,1,0.907672999176955
0,0,0.17068785987648058
0,1,0.9997632140903676
1,1,0.9123260171539563
1,1,0.752923683666133
1,1,0.9909643103596835
1,1,0.9995726480041436
1,1,0.8828725364006905
0,0,0.22170683307114705
1,1,0.9990032423247183
1,1,0.9851244823542966
1,0,0.3696190934330019
1,1,0.9758722047289811
0,1,0.9998029532956114
0,0,0.10234812312842491
1,1,0.9635356503019726
1,1,0.9567357056102372
1,1,0.9793155507027861
0,0,0.355177745069652
0,0,0.16159785228863222
0,0,0.0030537463213182745
1,1,0.9989495693603937
1,0,0.48359075112825717
1,1,0.9306963136166195
1,1,0.9982939463957221
1,1,0.996056912549015
0,0,0.01542140785111218
1,1,0.9458303585966025
1,1,0.9983161552290777
1,1,0.9990786583943336
1,1,0.8655780088401656
1,1,0.9924270528154672
1,1,0.9899739626871615
1,1,0.9917043480618868
1,1,0.9980034983315873
1,1,0.915863649570633
1,1,0.9976017262843103
1,1,0.8047342155794974
1,1,0.9648343295853739
0,0,0.025794983752906148
0,0,0.13208548249159638
0,0,0.014026821023751662
1,1,0.9200518809963565
0,0,0.053428984636642536
1,1,0.9925670888904403
1,1,0.5809668365160404
0,0,0.06718287648435314
1,1,0.9988720182941646
1,1,0.999781142238036
0,0,0.04978749548244111
1,1,0.9259532826875961
1,1,0.9245304865662213
1,0,0.2575261110402088
1,1,0.7302986177767875
0,1,0.7171789942976542
1,1,0.994974231794854
1,1,0.9005789014422876
1,1,0.9789311550130152
0,0,0.2787356843121294
0,0,0.23089830941187534
1,1,0.8264293405037619
1,1,0.9979505035113935
1,1,0.9824055600522487
1,1,0.7405135975921036
0,0,0.4408660760531917
1,1,0.8897967618134797
1,1,0.9998029532956114
1,1,0.973124151850445
1,1,0.9948120093151644
1,1,0.8128524043954115
1,1,0.9302145671986041
1,1,0.9991435260177497
1,0,0.2957401332040899
0,0,0.26830424075567666
0,0,0.07497525786425854
0,1,0.7553572798213338
1,1,0.5573817718177938
0,0,0.014130158501902862
1,1,0.8512305241850368
0,0,0.4920094638555109
1,1,0.9542623805991228
1,1,0.8148408881119477
0,0,0.40384440395311194
1,0,0.2957401332040899
1,1,0.8179243620343406
1,1,0.8988823625786003
1,1,0.9277331312701291
1,1,0.9987379420177451
0,0,0.1394172163017898
1,1,0.9138186255229801
0,1,0.6916958775179558
1,1,0.8876281212690359
1,1,0.9889578842278863
0,0,0.10950845255247427
1,1,0.9848200123041569
1,1,0.910666637394176
1,1,0.9943156031025563
1,1,0.9766529981559756
1,1,0.9997723545464189
0,0,0.13784987247576172
1,1,0.9360538793342865
1,1,0.9989216597640695
1,1,0.8609301814829147
1,1,0.9344644846838244
1,1,0.8881934672670668
0,0,0.023888164792444204
1,1,0.9413379860769193
0,0,0.10327084332989266
0,0,0.0024445193731806843
1,1,0.8815084230469539
0,0,0.08982434469989346
0,0,0.42049948423132694
1,1,0.9852074958879128
1,1,0.994011025457438
1,1,0.782015678971262
0,0,0.12157027473439487
0,1,0.5062146279372254
1,1,0.994974231794854
1,1,0.9245304865662213
1,1,0.9973018213466319
0,0,0.010964795972618228
1,1,0.9987706007437336
0,0,0.31806833401933027
1,1,0.9772441354663337
1,1,0.711824244513233
1,1,0.8264293405037619
1,1,0.9289838583011274
1,1,0.9872646413638971
1,1,0.9776586079454826
1,0,0.46362184572478027
1,1,0.5403605107407689
0,0,0.002974861536338529
0,0,0.3193016978018097
1,1,0.9886675105116426
1,1,0.9880639333464991
1,1,0.975425424335236
1,1,0.9786587360971257
1,1,0.9969869744759713
1,1,0.9916428750008028
1,1,0.9962578354602515
0,0,0.03682951067971143
1,1,0.9005789014422876
1,0,0.20249805872007715
0,1,0.9997753222899541
1,0,0.14913690616163003
0,0,0.026462931508619184
1,1,0.7845432550131294
1,1,0.9905518165085212
0,0,0.2887706892136078
1,1,0.7000289705696394
1,1,0.9987706007437336
1,1,0.9095930779827923
1,1,0.5616820320104408
1,1,0.8128524043954115
1,1,0.7832821323332041
0,1,0.9985656622983206
1,0,0.32216121621332594
0,0,0.09968092091241856
0,0,0.40384440395311194
0,0,0.033564947661214234
0,0,0.1696365843263401
0,0,0.0025093764020217364
1,1,0.9795797603917146
0,0,0.09346163701316841
0,0,0.27960564516061476
0,0,0.28075126659599003
0,0,0.09394403390150013
1,1,0.9990541754036983
0,0,0.23693631652605293
1,1,0.9998154673563113
1,1,0.8374372079450199
1,1,0.9761793276426219
1,1,0.8868833838387832
0,0,0.13359744167846832
1,1,0.816813005247358
0,0,0.02298702118699982
1,1,0.9893797032678032
1,1,0.9952919646920568
1,1,0.8256130045425448
1,1,0.9835047205864631
1,1,0.9998154673563113
1,1,0.9998202475920218
0,0,0.011253159551931832
0,0,0.4261456689838535
1,1,0.9119796053373039
0,0,0.05431833848028497
1,1,0.9232078107398001
1,1,0.7615303001451763
0,0,0.018876620948374896
1,1,0.917864508305453
0,0,0.15940870093136703
0,1,0.6898156115938646
0,0,0.06352214748395206
1,1,0.9575074738962243
1,1,0.9981300786113295
0,0,0.312693542407312
0,0,0.003390692475061651
0,1,0.8894902683193137
1,1,0.6870001989671741
0,0,0.2500692973954354
1,1,0.875913794275445
1,1,0.989240898632412
1,0,0.22170683307114705
1,1,0.9348115009810354
1,1,0.9790479956231849
1,1,0.9871706944635917
1,1,0.7729335049334769
1,1,0.9029047137193412
0,0,0.45384518499957155
1,1,0.9989357059470192
1,1,0.9983161552290777
0,0,0.48980963008114564
1,1,0.9988635987754916
0,1,0.8026634787460883
1,1,0.9785026870286089
1,1,0.9941322466843108
1,1,0.9858745752586013
1,0,0.43118352638737434
1,1,0.702125390858993
0,0,0.17068785987648058
1,1,0.9984837434173711
1,1,0.844458560745566
1,1,0.8382090396168984
1,0,0.44734666124081224
1,1,0.9509651275553892
1,1,0.9168695527814663
1,1,0.9650860570877904
1,1,0.9608795068041617
0,0,0.02162431673368418
1,1,0.96399401143302
1,1,0.6000073923047794
1,1,0.8969972657655099
1,1,0.9858745752586013
1,1,0.9938070553027578
1,1,0.9734653036207243
1,1,0.9865873599531256
0,0,0.017027070558486075
1,1,0.940608979671354
1,1,0.9987866121925766
0,0,0.4585104914323653
0,0,0.005644379135219389
0,0,0.14513022201273046
0,0,0.45384518499957155
1,1,0.9689490096151214
0,0,0.006954216729733869
1,1,0.9853975678939676
1,1,0.9657725812324998
1,1,0.9865873599531256
1,1,0.8427267590809824
1,0,0.42016876966077743
0,0,0.2948405176803708
0,0,0.02680318601553659
1,1,0.9990786583943336
1,1,0.9250483099856535
1,1,0.987908142098858
1,1,0.9323704816004177
1,1,0.9982154597192229
1,1,0.9974727760224698
0,0,0.3124019072791818
0,0,0.02358401842127311
1,1,0.9947047564239382
0,0,0.17398682376716598
1,0,0.4430369768084994
1,1,0.9881514177142577
1,1,0.9277331312701291
1,1,0.9751088291021531
1,1,0.9878188836406713
1,1,0.9858745752586013
1,1,0.8519484445168718
1,1,0.7091243605420232
1,1,0.9997078967896668
1,1,0.7224730375730323
0,1,0.5338340408145417
1,1,0.9675089557478991
1,1,0.8338318005279952
1,1,0.9998178731538345
0,0,0.007422408015643302
1,1,0.870734654622335
1,1,0.9956222686194779
0,1,0.666912657445583
1,0,0.4799748984633946
1,0,0.4293584911946661
0,0,0.18559682146830667
1,1,0.8067884537668885
1,1,0.9956222686194779
1,1,0.9924270528154672
1,1,0.6775276029792986
1,1,0.9051818454887752
1,0,0.08302192643737494
1,1,0.9953873790842094
0,0,0.3080003985459094
1,1,0.9990032423247183
1,1,0.9776586079454826
1,1,0.9797281529580855
1,1,0.992327767429788
1,1,0.9949457466820233
1,1,0.6249234388913726
1,1,0.976046881051989
1,1,0.9272323975288678
1,1,0.9988635987754916
0,0,0.13666527735641593
1,1,0.8903525450790623
1,1,0.9376073010217579
1,1,0.9989296495738196
1,1,0.8868833838387832
0,0,0.36221056877972047
1,1,0.9315381388708269
1,1,0.994974231794854
0,0,0.0024445193731806843
0,0,0.01542140785111218
1,1,0.9929046719448194
0,1,0.6521781702430804
0,0,0.16475603233975855
1,1,0.6218419175864939
0,0,0.004825809457189529
1,1,0.9148467050673842
0,1,0.6461998601364054
0,0,0.011400140240040843
1,1,0.9832904281990862
0,0,0.009504693776528786
0,1,0.5226062545913133
0,0,0.0247193002836041
0,0,0.04177929871151767
0,0,0.06396646721641448
1,1,0.7430277094045847
1,1,0.7641504159764791
1,1,0.7920617389436476
1,1,0.9979299410032777
1,1,0.9281130487029019
0,0,0.46362184572478027
1,1,0.5174719788573986
1,1,0.8005762242206644
1,1,0.9184240337301158
1,1,0.9772441354663337
0,0,0.10206166819295058
1,1,0.9773701154365211
1,1,0.9533561382575643
1,1,0.9331934306372055
0,0,0.15940870093136703
0,0,0.018635063871535802
1,1,0.6803885810947827
1,1,0.8427267590809824
1,1,0.9993665612407245
1,1,0.7787929065349528
0,0,0.14137800052391314
0,0,0.1141584421358578
1,1,0.9974727760224698
1,1,0.9117286857097703
0,0,0.10449267708877075
1,1,0.7984724355203553
1,1,0.8088262148715342
1,1,0.9912610855446503
0,0,0.042133111259722876
1,1,0.9666297937537686
1,1,0.9416508791802392
1,1,0.6698219169182512
1,1,0.8427267590809824
0,0,0.06698749834357981
1,0,0.4920094638555109
1,1,0.99849497301787
0,1,0.852170867063758
0,1,0.6031532903252911
1,1,0.9995944969705087
1,1,0.9509651275553892
0,0,0.0964741807639211
0,0,0.26402140092139914
0,0,0.0024445193731806843
1,1,0.852170867063758
1,1,0.8461747736406366
0,0,0.03809333960957368
1,1,0.993176760274588
0,0,0.08815672774271807
1,1,0.995564687003552
1,1,0.5010723647875492
1,1,0.9192711699056265
0,0,0.02289012974419396
0,1,0.7262278931580891
0,1,0.6341066189092586
0,1,0.6870001989671741
1,1,0.9957352084558112
1,1,0.9758722047289811
1,1,0.9217367196530778
1,1,0.9824055600522487
1,1,0.9952919646920568
1,1,0.8748224236345808
0,0,0.028207235811369965
1,1,0.7198336535445196
0,1,0.8283040374222126
1,1,0.5272959680260666
1,1,0.9742777541456009
1,1,0.9956222686194779
1,1,0.9564999670242352
1,1,0.9813388648433959
0,0,0.017248150357355583
1,1,0.6156494798601748
1,1,0.7942152027524896
1,1,0.8309620461430929
1,1,0.999165698068879
1,1,0.9912610855446503
1,1,0.9986166612656021
1,1,0.8787389184869494
0,0,0.17696295016363314
1,1,0.793507743725758
0,0,0.11639473404865454
0,0,0.31118301133401177
0,0,0.30243378725426623
1,1,0.9924696255216874
1,1,0.5389493341522549
1,1,0.9969245462884686
0,0,0.15535440787520555
1,1,0.9570985918114987
0,0,0.49387032633135
1,1,0.9707754587185996
1,1,0.9985422022326536
0,0,0.20411836904905487
0,1,0.5606174167291889
0,0,0.08850486191382868
1,1,0.7719350007722352
1,1,0.9929569294431212
0,0,0.13784987247576172
1,1,0.9574032495184479
1,1,0.8900474063043846
1,1,0.9977829476711769
1,1,0.915863649570633
0,0,0.09457965524980724
1,1,0.5422090548737456
1,1,0.9768221560787304
0,0,0.0667178075847882
1,1,0.9949081699485981
1,1,0.9686830815975341
1,1,0.9990786583943336
1,1,0.9843351906678881
1,1,0.844458560745566
1,1,0.950349449559096
1,1,0.666912657445583
1,1,0.9833835041207732
0,0,0.024823737702529294
0,0,0.20748044640690436
0,0,0.07997312210895723
0,0,0.018060000307268082
0,0,0.16475603233975855
0,0,0.14622571059764566
1,1,0.8528850338178778
1,1,0.5501236282825666
1,1,0.9986970460363072
0,1,0.9997632140903676
1,1,0.9951673438815715
1,1,0.9994864860556609
0,1,0.7984724355203553
1,1,0.9825034771762856
0,0,0.05020557300765637
0,0,0.3819334595129904
1,1,0.7601756530104972
0,0,0.4088064340514669
1,0,0.2754810843520864
1,1,0.8988823625786003
1,1,0.9874286179585522
0,0,0.04351417635897397
0,0,0.1474790181943653
1,1,0.998886710373502
0,0,0.11079496741936244
0,0,0.22912661765212045
1,1,0.9623330924568285
0,0,0.003619844716650455
0,0,0.49779103496301347
1,1,0.9917509498148027
1,1,0.9990786583943336
1,1,0.9875905097788608
0,0,0.0510441648374044
1,1,0.9859534625487603
1,1,0.6768451581056629
0,0,0.024823737702529294
1,1,0.9939665415166078
1,1,0.9340070744192851
0,0,0.009141062821907228
1,1,0.8801305796948279
1,1,0.9942409339386405
1,1,0.9688549463779018
1,1,0.7339865796460656
0,0,0.47669972381994036
0,0,0.29967195817544895
1,1,0.9988334076365699
1,1,0.9311749804746111
1,1,0.9962085818110393
0,0,0.4183560664835211
1,1,0.811717215770432
0,0,0.003217826321776106
0,1,0.587343518476709
1,1,0.910666637394176
0,0,0.07296341318190101
1,1,0.8834586665754173
1,1,0.944469544927989
1,1,0.9289838583011274
0,0,0.024823737702529294
1,1,0.9458303585966025
1,1,0.9948951917894393
1,1,0.9462105387710636
1,1,0.9915333963340822
1,1,0.878132325351081
1,1,0.83120975070678
1,1,0.9029047137193412
1,1,0.7504738762095163
1,1,0.9907943579892672
1,1,0.9311749804746111
0,0,0.031232634659780465
0,0,0.23379616314077825
1,1,0.9331934306372055
1,1,0.9877503426510629
1,1,0.973124151850445
1,1,0.8631665461316286
1,1,0.9988784003967983
1,1,0.9861340843732987
1,1,0.6954043206532363
0,0,0.009381918943121556
1,0,0.37782313155828523
1,1,0.9904985053361381
1,1,0.8512305241850368
0,1,0.640175488079973
1,1,0.6581089088892191
1,1,0.9966733932865633
1,1,0.9841315129562445
0,0,0.07659519459249897
0,0,0.0024445193731806843
1,1,0.9752463310205981
0,0,0.37750411642461407
1,1,0.7198336535445196
1,1,0.9423678801869569
1,1,0.9989216597640695
1,1,0.9957352084558112
0,0,0.05637686651983012
0,0,0.004520660667669555
1,1,0.9915956678696458
1,1,0.9826310000035984
0,0,0.008345326922799334
0,0,0.02793431257995741
0,0,0.020278598243885042
0,1,0.7480079080498604
1,1,0.8963073679947914
1,1,0.9356067979434932
0,0,0.11036977169194821
0,0,0.007718203526768703
1,0,0.07924017138788275
1,1,0.9832904281990862
1,1,0.8215426088739782
1,1,0.9521748226633879
1,1,0.7989743123986415
0,0,0.035909552872973524
1,1,0.9858745752586013
1,1,0.9561891445473928
1,1,0.9957905856309636
1,1,0.9855043084466357
0,0,0.012575601649024888
1,1,0.9982939463957221
1,1,0.9989495693603937
1,0,0.4408660760531917
0,1,0.752923683666133
1,1,0.997042941447177
0,1,0.6898156115938646
1,1,0.9631199197960435
1,1,0.9971193357976731
0,0,0.29301375436369714
1,0,0.48325179520979483
0,1,0.7288297311580693
0,0,0.07965561478714979
0,0,0.1182013069071473
0,0,0.2921189922348559
0,0,0.427967289732315
0,0,0.014394540895369777
1,1,0.9923708939962581
1,1,0.9990664970850345
1,1,0.9567357056102372
1,0,0.44734666124081224
1,1,0.601369911930054
1,1,0.6208247810221021
0,1,0.8198708973375198
1,1,0.9961081288096565
0,1,0.5029335684897758
1,1,0.9963544385283416
1,1,0.9783828726029067
0,0,0.03296024004924573
1,1,0.9982486476531268
0,0,0.27286910731966113
1,1,0.9994931786892606
1,1,0.9997923338607022
0,1,0.5508961181845772
1,1,0.9944209131415381
1,1,0.9872646413638971
1,1,0.9998003504541535
1,1,0.7430277094045847
1,1,0.7368836868731204
1,1,0.9969245462884686
1,1,0.9895936844650093
1,0,0.3070797500278376
1,1,0.9989632523774195
0,0,0.44734666124081224
1,1,0.9839252302245596
1,1,0.9904281828946487
0,0,0.47811693377854925
1,1,0.9601664350436762
0,0,0.019958312362075074
1,1,0.9888762873990151
1,1,0.9550761975070822
1,1,0.9749274878276297
1,0,0.22397992651321835
0,0,0.20411836904905487
1,1,0.976046881051989
0,0,0.08910730131974196
1,1,0.6371465157037026
1,1,0.875913794275445
0,0,0.022025785898109378
1,1,0.793507743725758
1,1,0.8047342155794974
1,1,0.9947438263796282
0,0,0.48325179520979483
1,1,0.9949457466820233
0,0,0.16760630058950307
1,1,0.5215275790287658
0,0,0.12110935896752877
1,1,0.6870001989671741
1,1,0.8881934672670668
1,1,0.9990786583943336
1,1,0.9315381388708269
1,1,0.9095930779827923
0,1,0.5735059066426188
1,0,0.3514655214452973
0,0,0.3324696470520044
0,0,0.002679127017022075
1,1,0.8730323608421326
0,0,0.2876054292738324
0,0,0.05707919682174812
1,1,0.9956791059244319
1,1,0.7036801191122989
1,1,0.9764826353972449
1,1,0.9471596902565044
1,1,0.5454651658109889
0,0,0.01816101257390788
1,1,0.9866623203571583
1,1,0.9839252302245596
1,1,0.939449375431604
0,0,0.01555562936336378
1,1,0.9613699173755036
0,0,0.04035177157788498
0,0,0.06698749834357981
0,1,0.640175488079973
1,1,0.9416508791802392
0,0,0.027849667575438847
1,1,0.9983380754365883
1,1,0.5598482882440098
0,1,0.999808057640241
0,0,0.12680980691172963
1,1,0.9690788153508466
1,1,0.9924270528154672
1,1,0.6482096824627269
0,0,0.28340928605143256
1,1,0.9993665612407245
1,1,0.9029047137193412
1,1,0.8047342155794974
0,0,0.020655610758818697
1,1,0.6249234388913726
1,1,0.7672805592492131
1,0,0.2903021490841276
0,0,0.29419187767309346
1,0,0.24517873639168747
0,0,0.4197389499373543
1,1,0.6491948685882408
1,1,0.9490960516146131
0,0,0.1941517307841908
1,1,0.9945646772033089
1,1,0.9987379420177451
0,0,0.007819378295978093
0,1,0.7855018969824369
1,1,0.9924270528154672
1,1,0.9672311118572204
1,1,0.915863649570633
0,0,0.004520660667669555
0,1,0.626253953084202
1,0,0.48139288818637366
1,1,0.6293209530646029
0,0,0.29967195817544895
0,0,0.08770117183372204
1,1,0.9914855760974721
1,0,0.35616847394298573
1,1,0.8993975054547775
1,1,0.9928116030451495
1,1,0.8874520015513904
0,0,0.38503660564086223
1,1,0.9941219447927596
1,1,0.9986873222002085
1,1,0.995564687003552
1,1,0.9226783346000802
1,0,0.2606448981342732
0,0,0.09346163701316841
1,1,0.8863122613623284
1,1,0.9974394720883081
1,1,0.9921253056593492
0,0,0.37750411642461407
1,0,0.10519138399324426
0,0,0.02240478935976028
1,0,0.3912708079708619
0,0,0.01709957861968825
0,0,0.07446055258137188
1,1,0.9985611840126101
0,1,0.6239095778995823
0,0,0.20841604647639705
1,1,0.9198219498933219
0,0,0.16159785228863222
0,0,0.30587238217395174
1,1,0.8957782354253908
0,0,0.09697046347346365
0,0,0.036017787125325856
0,0,0.03244629017606633
1,1,0.9283210558137103
1,1,0.9989357059470192
1,1,0.940608979671354
0,0,0.48653013295047287
1,1,0.8026634787460883
0,0,0.0743670655622787
1,1,0.8338318005279952
0,0,0.24171511564839607
1,1,0.9989074284072331
1,1,0.9989900865622885
0,0,0.30679101357208904
1,0,0.22757560379346797
1,1,0.752923683666133
0,0,0.09126111012985588
0,0,0.15633383749261667
1,1,0.9561891445473928
1,0,0.10274598482394635
1,1,0.9938070553027578
1,1,0.9941401590385772
1,1,0.97946582301658
1,0,0.41018001196242193
1,1,0.8809138065064669
1,1,0.9910307296377243
1,1,0.7780472448047571
0,0,0.1948290076205151
1,1,0.6249234388913726
0,0,0.41592386305658735
1,1,0.9997632140903676
1,1,0.8809138065064669
0,0,0.07537017134369335
1,1,0.9458303585966025
1,0,0.37750411642461407
0,0,0.017248150357355583
1,1,0.6639906230006536
1,1,0.8026634787460883
0,0,0.0024445193731806843
1,1,0.9783828726029067
0,0,0.01542140785111218
0,0,0.33959375896018523
0,1,0.5454651658109889
0,0,0.023185540014121393
0,0,0.017546418773145406
1,1,0.9909133053240968
1,0,0.48139288818637366
1,1,0.9696373892115591
1,1,0.9986700022993967
1,1,0.5487173929679996
0,1,0.9986566487738069
1,1,0.6269843572281323
1,1,0.9133702144268322
1,1,0.9824055600522487
0,0,0.4920094638555109
0,0,0.029682591656243353
1,1,0.994011025457438
1,1,0.9783828726029067
1,1,0.7898917015669283
1,1,0.9941401590385772
1,1,0.9988635987754916
1,1,0.9323704816004177
0,0,0.24196398383537224
1,1,0.9997504535256516
1,1,0.9969245462884686
1,1,0.9838070530193292
0,0,0.0028603277448089825
1,1,0.7405135975921036
1,1,0.9778206453046167
0,0,0.4151656755795613
1,1,0.5193306914963891
0,0,0.422939069455496
0,0,0.3696190934330019
1,1,0.7787929065349528
1,1,0.711824244513233
1,1,0.9684564407767535
0,1,0.6062906813564993
1,1,0.9401917105704751
1,1,0.9937257481037981
1,1,0.9232078107398001
0,0,0.01542140785111218
0,1,0.6841709319594022
1,1,0.9889578842278863
1,1,0.951573560035399
1,1,0.9635356503019726
0,0,0.23089830941187534
0,0,0.12297892338587786
0,0,0.040572313392265934
0,0,0.37750411642461407
1,1,0.7250970524662422
1,1,0.5936910276503775
0,0,0.08039207273824998
1,1,0.8649157005445176
1,1,0.9758722047289811
0,0,0.022598396262413147
0,0,0.1836210928840616
0,0,0.3491887357687818
1,1,0.9875905097788608
1,1,0.9776586079454826
1,1,0.995506351417736
1,1,0.9913740547335305
1,1,0.9935234891988433
0,0,0.2822570748256234
0,0,0.23693631652605293
1,1,0.8495606894272888
0,0,0.2743487652648323
1,1,0.7787929065349528
1,1,0.9997895907738721
0,0,0.09762435522384216
0,0,0.39304545765000864
0,0,0.16338403953966432
1,1,0.9920808018854227
1,1,0.811717215770432
0,0,0.1586490075551965
1,1,0.8108475229279078
1,1,0.9963064516362335
1,1,0.7803055895114765
1,1,0.8730323608421326
1,1,0.9533561382575643
1,1,0.6310560017412639
0,0,0.0461911928350008
1,1,0.9926218142316994
1,1,0.9281130487029019
0,0,0.007519734706915088
1,1,0.7430277094045847
1,1,0.9952919646920568
1,1,0.9702371790061035
1,1,0.9843351906678881
1,1,0.9821772470885349
1,0,0.3819334595129904
1,1,0.9423678801869569
1,0,0.3944014078149633
0,0,0.11153056712489545
0,0,0.0678125141760635
1,1,0.9545096685716913
1,1,0.9853975678939676
1,1,0.9990487925398794
1,1,0.9917509498148027
1,1,0.7379835624778779
1,1,0.9437771307735142
1,1,0.9943893096068215
1,1,0.8495606894272888
0,0,0.4237011682034554
0,0,0.2322230621862225
1,0,0.3639322135250891
0,0,0.007618327804005534
1,1,0.9817118608166338
1,1,0.8913253352385877
1,1,0.9990786583943336
1,1,0.9046931831087632
0,0,0.03956270496235014
0,0,0.0856234631712221
1,1,0.7504738762095163
0,0,0.02419613632552218
1,1,0.8868833838387832
0,0,0.009141062821907228
1,1,0.9938070553027578
1,1,0.9787770546969996
1,1,0.9557681629145064
1,1,0.9471596902565044
0,1,0.7405135975921036
1,1,0.9987543782768065
0,1,0.6083898232065341
1,1,0.5799140293152591
1,1,0.9766529981559756
1,1,0.9989709343300468
1,1,0.9989767573406357
1,1,0.9564264908309055
1,1,0.9998029532956114
1,1,0.9458303585966025
0,1,0.8088262148715342
0,0,0.08770117183372204
1,0,0.08291865340595989
1,1,0.8505097334249899
0,0,0.01816101257390788
1,1,0.9905518165085212
1,1,0.9882177413218692
1,1,0.8283040374222126
1,1,0.8894902683193137
1,1,0.9936902316937877
1,1,0.7765234655761507
0,1,0.7405135975921036
0,1,0.5324201654002289
0,0,0.06146857485706143
0,0,0.13425631748764394
0,1,0.5905210438215077
0,0,0.1382213117498895
1,0,0.1089557442063036
1,1,0.9148467050673842
1,1,0.990604831398769
0,0,0.1836210928840616
0,0,0.012905775083209196
1,1,0.8969972657655099
1,1,0.9952919646920568
1,1,0.9863124158586893
0,0,0.3544630895702799
0,0,0.05431833848028497
1,1,0.7625603459284831
1,1,0.996759303725597
1,1,0.9029047137193412
1,1,0.967876861032422
0,0,0.2606448981342732
1,1,0.9979771741098209
1,1,0.8744801588616616
1,1,0.9982714451492708
1,1,0.9975056478667068
0,0,0.38267066799405275
1,1,0.999016226880745
1,1,0.9944209131415381
1,1,0.885559927506729
1,1,0.9890197437219272
1,1,0.6944878359562164
1,1,0.5809668365160404
1,1,0.9576343097866956
1,1,0.9437771307735142
1,1,0.9978402656872045
1,1,0.9952919646920568
1,1,0.8207082758338308
0,0,0.07567200137351796
1,1,0.995952457422236
0,0,0.3193016978018097
1,1,0.9989296495738196
0,1,0.5226062545913133
1,1,0.9583365848724277
1,1,0.9952919646920568
1,1,0.8148408881119477
1,1,0.6266668603151152
0,0,0.11153056712489545
0,0,0.4088064340514669
0,0,0.01782870332582412
0,0,0.005869736213472597
0,0,0.19162236949017247
1,1,0.9843351906678881
1,1,0.987908142098858
1,1,0.9976329248404251
1,1,0.9848200123041569
0,0,0.34847961836062297
1,1,0.8528850338178778
0,0,0.005287745026715458
1,1,0.5029335684897758
1,1,0.8264293405037619
1,1,0.9850149874400572
1,0,0.3312101685193982
1,1,0.9717164063650301
1,1,0.9951123974669805
1,1,0.6775276029792986
1,1,0.8198708973375198
1,1,0.8982036580372735
1,1,0.9875905097788608
0,0,0.1325818695132009
1,1,0.9889578842278863
0,0,0.023656014089060838
0,0,0.3136234037966963
1,1,0.9464989196244511
0,0,0.3196853313056725
1,1,0.9938070553027578
1,1,0.9963064516362335
1,1,0.7365414313841196
1,1,0.9991765680918843
1,1,0.9781035229986776
1,1,0.9968014260136875
0,0,0.005946825398830191
1,1,0.9952919646920568
1,1,0.7855018969824369
1,1,0.9974057304140368
0,1,0.5831081569655084
1,0,0.47669972381994036
0,0,0.36524816705194363
0,0,0.25812347442943545
1,1,0.9985611840126101
1,1,0.9997504535256516
1,1,0.9561891445473928
1,1,0.6208247810221021
0,1,0.6218419175864939
0,1,0.7354376723016418
0,0,0.2840437198077988
1,1,0.7328759989094763
0,0,0.233237399399847
1,1,0.9432439605419529
1,1,0.6474974731249433
0,1,0.9997569175061419
1,1,0.9949081699485981
0,0,0.25895219965858374
1,1,0.9864125612851161
1,1,0.9941981477076242
0,1,0.9983861028768816
0,1,0.7277056080299028
1,1,0.9749274878276297
1,1,0.9970039901365138
1,1,0.985770521837321
1,1,0.9998202475920218
0,0,0.0035263881281164034
1,1,0.9484581775999802
0,0,0.3544630895702799
0,0,0.004825809457189529
1,1,0.9331934306372055
1,1,0.9996712823997174
1,1,0.8128524043954115
1,1,0.844458560745566
1,1,0.9289838583011274
1,1,0.9856906220381098
1,1,0.9971567917687517
1,1,0.8399811418080001
0,1,0.5018528125453432
1,1,0.8088262148715342
0,0,0.010275470830112949
1,1,0.987098553863
1,1,0.8715703158750236
1,1,0.9949614211627251
1,1,0.9988486020440475
1,1,0.9992388800846468
1,1,0.8081568532087452
1,1,0.9831676639451401
0,1,0.7504738762095163
1,0,0.10327084332989266
0,0,0.03413557797792466
0,0,0.01688037044309901
1,1,0.8528850338178778
1,1,0.9245304865662213
0,0,0.16159785228863222
0,0,0.01542140785111218
1,1,0.7823163189961075
0,0,0.28075126659599003
1,1,0.9941981477076242
0,0,0.14259669780487771
0,1,0.7696160154928906
1,1,0.7553572798213338
1,1,0.9989357059470192
0,0,0.27810850111587637
0,1,0.9997868114610065
1,1,0.976046881051989
1,1,0.9561891445473928
0,0,0.11079496741936244
1,1,0.9294734564752064
0,1,0.6156494798601748
1,1,0.9704007756285439
1,1,0.585537913622711
1,1,0.9363930525050932
0,1,0.5356862788728504
0,0,0.14350936220450544
0,0,0.09917228984404529
1,1,0.966388808868252
1,1,0.9813388648433959
0,0,0.21551420032248994
1,1,0.7877050876325821
0,1,0.6688651115111545
0,0,0.2199854952182874
0,0,0.14622571059764566
0,0,0.038577209631772025
1,1,0.9741350146595307
1,1,0.910666637394176
1,1,0.9891613702464384
1,1,0.9989900865622885
1,0,0.2592127483149801
1,1,0.9937719962606464
1,1,0.9927173223215874
1,1,0.9973018213466319
0,1,0.7455258332576098
1,1,0.9323704816004177
1,1,0.9138186255229801
1,1,0.9966295906257848
1,1,0.9862355163562156
1,1,0.9915333963340822
0,0,0.028207235811369965
1,1,0.7302986177767875
1,1,0.9838070530193292
1,1,0.7855018969824369
1,1,0.9953267223975811
1,1,0.9901034045767347
0,0,0.3868009466050505
0,0,0.027147693442162155
1,1,0.8640434936788731
0,1,0.9998105600217538
1,1,0.9331934306372055
0,0,0.07446055258137188
1,0,0.0851797752020354
1,1,0.9990786583943336
1,1,0.892759254670205
0,0,0.48545020076968426
0,1,0.5127748588254254
1,1,0.9790479956231849
1,1,0.9764826353972449
1,1,0.8730323608421326
1,1,0.9127793170637408
1,1,0.9979234819975661
1,1,0.9990786583943336
1,0,0.47669972381994036
0,1,0.7250970524662422
1,1,0.9945646772033089
1,1,0.7064096145052107
1,0,0.14099946627124166
0,1,0.8593512297801806
1,1,0.9940886577764247
1,1,0.9987744280240819
1,1,0.9419622062619392
1,1,0.9849309100990954
0,1,0.5454651658109889
1,1,0.9958216776538997
1,1,0.9933523698297861
0,0,0.2600437448983258
0,0,0.2096469706405587
1,1,0.9961586823943323
1,1,0.9998029532956114
1,1,0.9926218142316994
1,1,0.9968014260136875
0,0,0.38503660564086223
0,0,0.24035316532682763
1,1,0.9827805944737085
1,1,0.9926633001451873
1,1,0.9998003504541535
1,1,0.7877050876325821
0,0,0.24900553111913665
0,0,0.08136778138665202
1,0,0.38991869097210824
1,0,0.38503660564086223
0,0,0.05041212240189599
1,0,0.05147222329312884
0,0,0.09697046347346365
0,0,0.06636497555119096
1,1,0.999016226880745
1,1,0.9715110721297138
1,1,0.9990290424540451
1,1,0.5346108390520797
1,1,0.9989767573406357
1,1,0.9945646772033089
1,1,0.9226783346000802
1,1,0.9968430025340256
1,1,0.9997753222899541
1,0,0.13208548249159638
0,0,0.007519734706915088
0,0,0.01747204963806719
0,0,0.042971150175117746
0,0,0.05637686651983012
0,0,0.004404049750510938
1,1,0.9707754587185996
1,1,0.7886534512847732
1,1,0.9864884852228581
1,1,0.8516254289449524
1,1,0.9074110491215264
1,1,0.9945338835642359
1,1,0.8478754614666892
1,1,0.9984637415633683
1,1,0.9922947837349848
0,0,0.3152282496386687
1,1,0.7920617389436476
1,1,0.9950760535963331
0,0,0.421553302320661
1,1,0.9847348579575759
0,1,0.999781142238036
1,1,0.8314000966757383
1,1,0.9952919646920568
1,1,0.9870033978880907
1,1,0.9988024153615671
1,1,0.9947438263796282
1,1,0.9970261463484382
1,1,0.9742777541456009
0,0,0.0024445193731806843
1,0,0.36524816705194363
0,1,0.7898917015669283
0,0,0.07775226691447891
1,1,0.9109202810289216
1,0,0.48653013295047287
1,1,0.9117286857097703
1,1,0.5809668365160404
0,0,0.4821723065722396
0,0,0.020019466657603784
1,1,0.9853975678939676
0,0,0.1141584421358578
1,0,0.3548669448628351
0,0,0.1302340289707744
0,1,0.7672805592492131
1,0,0.21945028483410675
1,1,0.9916428750008028
0,0,0.14259669780487771
1,1,0.9885195057037858
1,1,0.9952919646920568
1,1,0.9915956678696458
1,0,0.4441039914192738
0,0,0.21945028483410675
1,1,0.8988823625786003
1,1,0.7236105579443446
1,1,0.7564054602781007
1,1,0.5051339864277214
1,1,0.9963544385283416
1,1,0.9977537219958323
1,1,0.9430766032052263
0,0,0.3266695610797949
1,1,0.9996921560533512
1,1,0.8245385103777623
0,0,0.1989799979649016
0,0,0.4269092711736499
1,1,0.7601756530104972
1,1,0.9988486020440475
0,0,0.4119823815637154
1,1,0.8762527030324752
0,1,0.6094193307230218
1,1,0.918525667908925
1,0,0.27286910731966113
1,1,0.9982939463957221
0,0,0.02240478935976028
1,1,0.9715110721297138
1,1,0.9961586823943323
1,1,0.8577573130692546
1,1,0.9013642510647579
1,1,0.9949457466820233
0,0,0.01542140785111218
0,0,0.052330806497616705
1,1,0.9398714924174733
1,1,0.9998029532956114
1,1,0.9778206453046167
1,1,0.9979234819975661
1,1,0.9990786583943336
1,1,0.9198219498933219
1,1,0.9725808970910168
0,0,0.01154901826070119
1,0,0.02190375716294248
1,1,0.9428440793463102
1,1,0.9782248512792089
1,1,0.9998178731538345
0,0,0.01555562936336378
0,0,0.014963998834290379
0,0,0.24333213799976564
0,1,0.5127748588254254
0,0,0.4088064340514669
1,1,0.6698219169182512
1,1,0.9858745752586013
0,0,0.098005858903206
1,1,0.9915956678696458
1,1,0.945153927197127
1,1,0.6746532610841562
0,0,0.09734968749886157
1,1,0.9383707380191224
1,1,0.9990416912395266
1,1,0.7183297539432548
0,0,0.01777411986778362
1,1,0.9832904281990862
0,0,0.11340772262732078
1,1,0.8670978682490142
0,1,0.6431933353324216
0,0,0.06949087458671095
1,1,0.7929957550730926
1,1,0.9874989363240039
0,0,0.3635238548539802
1,1,0.796352098771009
1,1,0.8409793064938236
1,1,0.9985145688479767
0,1,0.9988521867752316
0,0,0.03501173921371047
1,1,0.7447047925590083
0,0,0.21551420032248994
1,1,0.9975056478667068
0,0,0.24035316532682763
1,1,0.9812345545944748
1,1,0.8894902683193137
0,0,0.03922959336956026
1,1,0.8245385103777623
0,0,0.08850486191382868
0,0,0.012646333920452679
0,0,0.16840030104878406
1,0,0.47703832658130085
1,1,0.9989495693603937
1,1,0.9963544385283416
0,0,0.03636673267729617
0,0,0.027849667575438847
0,1,0.8709331297426273
1,1,0.8957782354253908
1,1,0.9717164063650301
0,0,0.346211849489914
0,1,0.6898156115938646
0,0,0.4668873341414477
0,0,0.04993539240022668
0,0,0.40143833911047705
0,0,0.03531035188170765
1,1,0.9739467683463449
1,0,0.427967289732315
0,0,0.14676625154848322
1,1,0.9851244823542966
1,1,0.9606654186840452
1,0,0.3269681818415081
0,1,0.7765234655761507
0,0,0.033705465781953936
0,1,0.524801869902732
1,1,0.9990786583943336
1,1,0.7942152027524896
1,1,0.9029047137193412
0,0,0.3805934353908648
1,1,0.7455258332576098
1,1,0.966388808868252
1,0,0.14206895638919803
1,1,0.9348115009810354
1,1,0.7064096145052107
0,0,0.005357231919178618
0,0,0.1688379382971016
1,1,0.9952919646920568
0,0,0.2120567745572861
1,1,0.9783828726029067
0,0,0.25670036877668273
0,0,0.04448704745304521
1,1,0.9054494451874872
1,1,0.9989357059470192
1,1,0.9911963569456695
1,1,0.8773333521992764
1,1,0.9545096685716913
0,1,0.7213326385004968
1,1,0.618750524563693
0,0,0.1362973582430248
1,1,0.9995670043173549
0,0,0.06617180726128516
0,0,0.09394403390150013
1,0,0.46362184572478027
0,0,0.10531921141062774
1,1,0.9970039901365138
0,0,0.12728927531203815
1,1,0.666912657445583
0,0,0.06475685851982087
0,1,0.5982192939530042
1,1,0.793507743725758
1,1,0.7091243605420232
1,1,0.9938527078433493
0,0,0.48139288818637366
0,1,0.7156664734948172
1,1,0.9564999670242352
1,1,0.8920443875695185
1,1,0.8495606894272888
0,0,0.0025093764020217364
0,0,0.033564947661214234
0,0,0.24900553111913665
1,0,0.46177097224712543
1,1,0.9926218142316994
0,0,0.01823825981869431
0,1,0.904049317676326
1,1,0.9982021483148281
0,0,0.14513022201273046
0,1,0.5127748588254254
1,1,0.8283040374222126
1,1,0.7447047925590083
0,1,0.6017928299950022
1,1,0.9455385814285742
1,1,0.7641504159764791
1,1,0.752923683666133
0,0,0.04542851250989944
0,0,0.009755036812796918
1,1,0.8928891350711963
0,1,0.6623275808391198
1,1,0.8593512297801806
0,0,0.4916702252541935
1,1,0.9986700022993967
1,1,0.967876861032422
0,0,0.11079496741936244
1,0,0.44734666124081224
1,1,0.9226783346000802
1,1,0.7189609673305134
1,1,0.9644468235084441
1,1,0.9567357056102372
1,1,0.8005762242206644
0,0,0.11209469382025039
1,1,0.9985422022326536
1,1,0.8902199670311762
1,1,0.9847348579575759
1,1,0.5670730075316548
0,0,0.0043468722386859285
1,1,0.9971567917687517
1,1,0.9997895907738721
1,1,0.915863649570633
1,0,0.3337315250174866
0,0,0.11023656962775952
1,1,0.7277056080299028
1,1,0.6714663576451397
0,0,0.19007756331000558
1,0,0.27286910731966113
1,1,0.9927709496143962
1,1,0.8773333521992764
1,1,0.7036801191122989
0,0,0.003915280116574566
0,0,0.21774156537404896
0,0,0.3152282496386687
0,0,0.029772636954255475
0,1,0.6938250638925753
1,1,0.9533561382575643
1,1,0.9133702144268322
1,1,0.7109366284229245
1,0,0.098005858903206
1,1,0.8226315028640138
0,0,0.3266695610797949
0,1,0.8945464740396186
1,1,0.9978683677731486
1,1,0.9990786583943336
1,1,0.9862355163562156
1,1,0.9975380931990162
1,1,0.8715703158750236
1,1,0.9924270528154672
1,1,0.9967166285527443
1,1,0.9954472520801023
0,0,0.4088064340514669
1,1,0.8609301814829147
1,1,0.5462390568829761
1,1,0.9989900865622885
0,0,0.0026442845932676752
1,1,0.9504965467997238
1,1,0.8914961348685894
1,1,0.915863649570633
1,1,0.9976941124712991
1,1,0.7564054602781007
0,0,0.07120760133493563
0,0,0.12474202826182929
1,1,0.9971193357976731
0,0,0.2651266692045012
0,0,0.13784987247576172
1,1,0.9827276845606023
1,1,0.9973018213466319
1,1,0.8925902038021026
0,0,0.025686567779070593
1,1,0.9987543782768065
1,1,0.9650860570877904
1,1,0.9363930525050932
0,0,0.37135544864508957
1,1,0.9990290424540451
1,0,0.4183560664835211
0,0,0.3744247154174613
1,1,0.9841315129562445
0,1,0.5936910276503775
1,1,0.856846536153472
0,0,0.0024445193731806843
1,1,0.997042941447177
0,0,0.2133034070504374
0,0,0.3124019072791818
0,1,0.9997504535256516
1,1,0.9900475886709849
0,0,0.026690648676242813
0,0,0.07208057647710556
0,1,0.5141939351216448
0,0,0.15517638497015157
1,1,0.8067884537668885
0,0,0.04810007727198122
1,1,0.9926218142316994
0,0,0.45525355972600057
1,1,0.9315381388708269
0,0,0.060893992713919244
1,1,0.9763110596562686
0,0,0.02074324452024846
0,0,0.25312856598570294
1,1,0.9952919646920568
1,1,0.8219998404217593
1,1,0.8920443875695185
1,1,0.9987866121925766
1,1,0.5681340305229378
1,1,0.8067884537668885
1,1,0.9952919646920568
0,0,0.25670036877668273
1,0,0.4056380802449211
1,1,0.9944209131415381
1,1,0.9598807118718568
1,1,0.951573560035399
0,0,0.018876620948374896
0,1,0.904049317676326
1,1,0.8787389184869494
1,1,0.9519154817303479
1,1,0.9894392249066382
1,1,0.8993975054547775
1,1,0.9875905097788608
0,0,0.1362973582430248
1,1,0.9519154817303479
0,0,0.04958337168808197
1,1,0.8744801588616616
0,0,0.19621353399226435
1,0,0.2385314261731755
1,1,0.9977537219958323
1,1,0.9832904281990862
1,1,0.7009359908554017
0,1,0.8283040374222126
0,0,0.09394403390150013
0,0,0.10697469188773356
0,0,0.050835164460530886
1,1,0.9930359380431061
1,1,0.8945464740396186
0,0,0.15708451449451197
1,1,0.6954043206532363
1,1,0.875913794275445
1,1,0.9659598573222625
1,1,0.9933030265934446
0,1,0.5936910276503775
1,1,0.994273368421145
0,0,0.40384440395311194
1,1,0.8384481892042679
1,1,0.951573560035399
1,1,0.9997950411934786
1,1,0.994462065721587
1,1,0.9423678801869569
0,0,0.2717434975679177
1,1,0.9063023912515851
1,0,0.46907887224132155
0,0,0.06456804726101888
0,0,0.13873707168195812
0,0,0.1524987706998134
1,1,0.5131139603790765
1,1,0.9929445787163662
1,1,0.7430277094045847
1,1,0.8218011564316198
1,1,0.8670978682490142
1,1,0.9974727760224698
0,0,0.003915280116574566
0,0,0.44952381778764494
0,0,0.4109354921047344
1,1,0.8993975054547775
1,1,0.9974584160164434
0,0,0.02074324452024846
1,1,0.9727787366042296
1,1,0.9954472520801023
1,1,0.936835043484674
1,1,0.9420585953703117
1,1,0.9939665415166078
0,0,0.2840437198077988
1,1,0.9849309100990954
1,1,0.9598807118718568
1,1,0.9979234819975661
1,1,0.9963544385283416
1,1,0.991917544662049
1,1,0.9974727760224698
1,1,0.702125390858993
1,1,0.9821772470885349
0,0,0.23145316095382193
0,0,0.3237891413096457
1,1,0.9966295906257848
0,0,0.023185540014121393
0,0,0.3501718310119715
0,0,0.024582723864300132
0,1,0.7379835624778779
1,1,0.8128524043954115
1,1,0.8320052183350254
1,1,0.9263418141419787
0,0,0.03110209395141599
1,1,0.9497264498325336
1,1,0.9951673438815715
1,1,0.9893011897919557
1,0,0.34126542369862595
1,1,0.9471596902565044
1,1,0.9814747158618381
1,1,0.5454651658109889
1,0,0.4056380802449211
1,1,0.9946047751011912
1,1,0.9398714924174733
0,0,0.0846014229290175
1,1,0.9412404729624723
1,1,0.9828536017782014
1,1,0.9807450353844948
1,1,0.9747882605821732
1,1,0.9832904281990862
1,1,0.7601756530104972
0,0,0.013492539057379727
1,1,0.6623275808391198
0,0,0.05364804632959482
1,1,0.9990032423247183
1,1,0.6431933353324216
1,1,0.9984278519382379
1,0,0.33735387393847915
1,1,0.9924270528154672
0,0,0.02358401842127311
0,0,0.13475959596459938
0,0,0.0680101231872042
1,1,0.9363930525050932
1,1,0.5809668365160404
0,0,0.36829652922204437
0,0,0.28075126659599003
1,1,0.9458303585966025
0,0,0.17068785987648058
0,0,0.35316437397378353
0,0,0.12157027473439487
1,1,0.9936433802501204
1,1,0.998818012953577
1,1,0.8686031518199351
1,1,0.8478754614666892
1,1,0.9659598573222625
1,1,0.9680530043693237
1,1,0.9821772470885349
0,0,0.036017787125325856
0,0,0.11079496741936244
0,0,0.006265375713847956
0,0,0.04338442911899797
1,1,0.8767207143072235
1,1,0.8226315028640138
1,1,0.9983161552290777
1,1,0.9527689905514983
1,1,0.9919770136635053
0,0,0.2876054292738324
0,1,0.7171789942976542
1,1,0.8283040374222126
1,1,0.9975701175261105
1,1,0.8993975054547775
0,0,0.0511955936437135
1,1,0.6208247810221021
0,0,0.01542140785111218
1,1,0.9937719962606464
0,0,0.002898008590173935
1,1,0.97946582301658
1,1,0.9641906581790691
1,1,0.9761793276426219
1,1,0.8795299937710519
1,1,0.9967166285527443
0,0,0.4408660760531917
1,1,0.7770647419199049
1,1,0.7696160154928906
1,1,0.9983380754365883
0,0,0.01154901826070119
1,1,0.9940886577764247
0,0,0.01936898305890437
0,1,0.7302986177767875
0,0,0.1808187731211166
1,1,0.9987044168451429
1,1,0.9741350146595307
1,1,0.9672311118572204
0,0,0.058270894274077945
1,1,0.8868833838387832
1,1,0.9827276845606023
1,1,0.9469429068753247
0,0,0.38503660564086223
1,1,0.757774617518357
1,1,0.9932651335179687
0,0,0.12875447773522508
0,1,0.5968532247140765
0,0,0.4585104914323653
0,0,0.0027144272925748603
1,1,0.9029047137193412
0,0,0.25253882717212567
0,0,0.11879466311017887
1,1,0.9929445787163662
1,1,0.5727421449606106
1,1,0.9921253056593492
0,0,0.010142841604927243
1,1,0.7701690704301655
1,1,0.855229016584247
1,1,0.7877050876325821
0,0,0.3744247154174613
1,1,0.9910307296377243
0,0,0.4070083415464004
1,1,0.8026634787460883
1,1,0.9626020306381841
0,0,0.06718287648435314
0,0,0.02240478935976028
1,1,0.9758722047289811
1,1,0.5226062545913133
0,0,0.03457098242853174
0,1,0.612539006557025
1,1,0.9984550036271881
1,1,0.8890646006371008
1,1,0.7036801191122989
1,1,0.9987543782768065
0,0,0.1957216470942879
1,1,0.5160534658338373
1,1,0.9741350146595307
1,1,0.915863649570633
1,1,0.9909133053240968
1,1,0.9989495693603937
0,0,0.0027144272925748603
1,1,0.9996961690021594
0,0,0.025143460157042143
1,1,0.8561483568377279
1,0,0.24275780444126607
0,0,0.027147693442162155
1,1,0.9990487925398794
0,0,0.02134836349579532
1,1,0.9952030171827896
1,1,0.9645537129334516
1,1,0.9245304865662213
1,1,0.9963813808956915
1,0,0.22781428773381288
1,1,0.9951038079303758
1,1,0.8933018888948682
0,0,0.016080146151894334
1,1,0.9226783346000802
1,1,0.9987044168451429
0,1,0.681327953549727
1,1,0.9912880870072907
1,0,0.12665958867623103
1,1,0.711824244513233
1,1,0.9650860570877904
1,1,0.998943591793622
1,1,0.7430277094045847
1,1,0.9598807118718568
0,0,0.30679101357208904
0,0,0.2787356843121294
1,1,0.7354376723016418
1,0,0.3471910347646233
0,1,0.7855018969824369
1,1,0.8715703158750236
0,0,0.04917020719750725
0,0,0.0031347163275026453
1,1,0.9575792081210092
1,1,0.9952919646920568
1,1,0.9981054202042215
1,1,0.7277056080299028
1,1,0.9984751190740592
0,0,0.2322230621862225
1,1,0.967876861032422
1,0,0.1948290076205151
1,1,0.9750659658824837
1,0,0.13107966496253184
1,1,0.5272959680260666
1,1,0.7810457993192715
1,1,0.964894148389403
1,1,0.9258322107308143
1,1,0.9905518165085212
1,1,0.9598807118718568
0,0,0.03032069659803253
0,0,0.3136234037966963
1,1,0.640175488079973
1,1,0.9951399479455683
1,1,0.9859534625487603
1,1,0.9799872000358819
1,0,0.4487514394392657
0,0,0.10206166819295058
0,1,0.7009359908554017
1,1,0.8828725364006905
1,1,0.7920617389436476
1,1,0.9990786583943336
0,0,0.12728927531203815
1,1,0.9997335317343093
0,0,0.09506721757308191
0,0,0.08640991662049056
1,1,0.9997663009673536
1,1,0.966388808868252
1,1,0.8528850338178778
1,1,0.9987379420177451
1,1,0.9891613702464384
1,1,0.989240898632412
0,0,0.07034439738062657
0,0,0.006104035648966073
0,0,0.11340772262732078
1,1,0.9841315129562445
1,1,0.7625603459284831
1,1,0.9985611840126101
1,1,0.7787929065349528
0,1,0.5062146279372254
1,1,0.5841586993356984
0,0,0.22452300640056058
0,0,0.06718287648435314
1,1,0.9946445787785185
1,1,0.999808057640241
1,1,0.9985904373018059
1,1,0.9637347062126157
1,1,0.9989216597640695
1,0,0.18606914952909667
1,1,0.9899739626871615
0,1,0.9245304865662213
1,1,0.9696373892115591
1,1,0.9899174241750905
1,0,0.07997312210895723
1,1,0.9306963136166195
1,1,0.9997753222899541
1,1,0.8700939404289411
1,1,0.989240898632412
0,1,0.5968532247140765
1,1,0.8512305241850368
0,0,0.09421009561514633
1,1,0.994974231794854
0,0,0.2600437448983258
1,1,0.9989495693603937
1,1,0.587343518476709
1,1,0.9935234891988433
1,1,0.9961706097413855
0,0,0.18473975223237604
1,1,0.904049317676326
0,1,0.6972655766749081
0,1,0.5193306914963891
0,0,0.39828861839176655
0,0,0.021283237926874636
1,1,0.9922708780726011
1,1,0.9966104558145166
1,1,0.9182917372258631
1,1,0.6870001989671741
0,0,0.04575245550224914
0,0,0.4088064340514669
1,1,0.9826310000035984
1,1,0.9478127499420888
0,1,0.6156494798601748
1,1,0.5425459463166514
1,1,0.9720749147341785
0,1,0.6341066189092586
1,1,0.9968840403131942
1,1,0.9767821730007215
1,1,0.6981773500132227
1,1,0.8577573130692546
0,0,0.007422408015643302
1,1,0.7075863270061837
1,0,0.11153056712489545
0,0,0.24761591668111063
1,1,0.9952919646920568
1,1,0.964641087930725
1,1,0.9990786583943336
1,1,0.984219979040385
1,1,0.9984637415633683
1,1,0.9930574939815293
0,0,0.20748044640690436
1,1,0.9919770136635053
1,1,0.9898428451388604
1,1,0.9845362951814395
1,1,0.7803055895114765
1,1,0.9855852333581331
1,1,0.9766529981559756
1,1,0.9835047205864631
1,1,0.9860561971341337
1,1,0.9990541754036983
0,0,0.01542140785111218
1,1,0.9952300593038914
0,0,0.29147386469284264
1,0,0.07619439135187367
0,0,0.12583833835376057
1,1,0.9938070553027578
1,1,0.9923708939962581
1,1,0.9029047137193412
0,0,0.42475712887213984
1,1,0.9899739626871615
0,0,0.096202404079502
1,0,0.4683014781412426
1,1,0.9380414127397824
1,1,0.9909133053240968
1,0,0.015873795539852208
0,0,0.016450207985464014
1,1,0.9074110491215264
0,0,0.21058974431144412
1,1,0.995506351417736
1,1,0.9898428451388604
0,1,0.7553572798213338
1,1,0.9837163102862061
1,1,0.9990786583943336
1,1,0.9987379420177451
0,0,0.3353889878093686
1,0,0.13323650695272485
1,1,0.9840148276457918
1,1,0.9851244823542966
0,0,0.01970319126261794
1,1,0.5454651658109889
1,0,0.42979086531549754
1,1,0.6784714104799116
1,1,0.7145091574861984
1,1,0.9772441354663337
1,1,0.9937719962606464
1,1,0.9379387810533621
1,1,0.9810969763270047
1,1,0.7539788949169224
1,1,0.8512305241850368
0,1,0.8535963431523756
1,1,0.7171789942976542
1,1,0.9398714924174733
1,1,0.9379387810533621
1,1,0.9706525597203668
0,0,0.03556483214515621
0,1,0.5389493341522549
1,0,0.42336977520935365
0,0,0.01555562936336378
1,1,0.9556359989121207
1,1,0.9978961049706292
1,1,0.844458560745566
1,1,0.8907738779619359
0,0,0.07589064875912103
1,1,0.8577573130692546
0,0,0.039347426078122555
1,1,0.9900475886709849
0,1,0.8067884537668885
1,1,0.9657725812324998
0,1,0.6310560017412639
1,1,0.9373539199269499
0,1,0.6341066189092586
0,1,0.5094951521680846
0,0,0.26915379354438856
1,1,0.9718721078709522
1,1,0.8640434936788731
0,1,0.6904831910473118
1,1,0.9988334076365699
0,0,0.10531921141062774
1,1,0.9888956801486735
1,1,0.7198336535445196
1,1,0.988130740774386
1,1,0.7198336535445196
1,1,0.9706138702794237
1,1,0.9924270528154672
1,1,0.9987379420177451
0,1,0.8099747533391315
0,0,0.3514655214452973
1,0,0.4269092711736499
0,0,0.42475712887213984
1,1,0.7855018969824369
0,0,0.49779103496301347
0,0,0.0377721132766279
1,1,0.9951038079303758
0,0,0.05850858097625009
1,1,0.8948406022644789
1,1,0.9990786583943336
1,1,0.9963544385283416
0,0,0.017600315502080348
1,1,0.9962085818110393
0,0,0.033141778761386985
1,1,0.9323704816004177
1,1,0.9995190886803329
1,1,0.6521781702430804
1,0,0.39796337605965615
1,1,0.9929965443721405
0,0,0.050561776080897305
0,0,0.4441039914192738
0,0,0.06071571320750379
1,1,0.9988571325453462
0,1,0.9267284682498048
1,1,0.9198219498933219
0,0,0.020216668698376062
1,0,0.17336639955102626
0,0,0.39304545765000864
1,1,0.6646867658143385
0,0,0.47015566222137095
1,1,0.9480930121017512
1,0,0.3544630895702799
1,0,0.3730951330233639
1,1,0.9588575083281586
1,1,0.9773701154365211
1,1,0.9484581775999802
1,1,0.9995436746916828
1,0,0.3086661694196498
0,0,0.34324695668887456
0,0,0.08136778138665202
0,0,0.130588055479491
1,1,0.6739676604361944
1,1,0.7734809399678858
1,0,0.07997312210895723
1,0,0.31836280970745956
0,0,0.153463468013719
1,1,0.9990786583943336
1,1,0.9942834064534066
1,1,0.9952919646920568
1,1,0.9990664970850345
1,1,0.9952919646920568
1,1,0.5010723647875492
1,1,0.9968430025340256
1,1,0.9983597107567834
0,0,0.16416198265186013
1,1,0.9895754978702758
1,1,0.6371465157037026
1,1,0.6371465157037026
0,0,0.48545020076968426
1,1,0.99945167439997
1,1,0.9988784003967983
1,1,0.7469356823596417
1,1,0.8881934672670668
1,1,0.9570428246355068
1,1,0.9899174241750905
1,1,0.9764826353972449
1,1,0.9901034045767347
0,0,0.015825100695546882
1,1,0.995952457422236
1,1,0.9952919646920568
1,1,0.8088262148715342
0,0,0.27960564516061476
0,0,0.08094419356691451
1,1,0.9226783346000802
1,0,0.3757561960036973
0,0,0.1351240134799152
0,0,0.26915379354438856
0,0,0.004953532211804571
0,0,0.149533483645137
1,1,0.9871706944635917
1,1,0.8392161424231321
1,1,0.9519154817303479
0,0,0.020478299523700137
1,1,0.8828725364006905
1,1,0.9934384836395824
0,1,0.6391790504664909
1,1,0.9715110721297138
0,0,0.006347627786079005
1,0,0.19162236949017247
0,0,0.1394172163017898
0,0,0.018635063871535802
0,0,0.13873707168195812
1,1,0.9521748226633879
0,1,0.7984724355203553
0,0,0.05276905478759639
1,1,0.9903029473183849
1,1,0.915863649570633
1,1,0.9482464303287564
0,0,0.18806515078427116
1,1,0.9814747158618381
0,0,0.28075126659599003
1,1,0.9254412075795887
1,1,0.9986166612656021
1,1,0.8226315028640138
1,1,0.999016226880745
0,0,0.2743487652648323
1,1,0.9977241119399108
1,1,0.9935234891988433
1,1,0.9948793123366005
1,1,0.9940886577764247
1,1,0.9997693476113244
1,1,0.9063023912515851
1,1,0.9990032423247183
1,0,0.42475712887213984
0,0,0.27960564516061476
1,1,0.9578093559868898
0,1,0.7009359908554017
0,0,0.008454652351977654
1,1,0.9796421135125616
1,1,0.9982939463957221
0,0,0.01777411986778362
1,1,0.7564054602781007
0,0,0.1419035997910601
1,1,0.9984751190740592
1,1,0.9952030171827896
0,1,0.5501236282825666
0,1,0.6371465157037026
0,0,0.04677292195418008
0,0,0.21110918960759237
1,1,0.9323704816004177
1,1,0.9901034045767347
0,0,0.14420898515311023
1,1,0.9835966227660009
1,1,0.929844916622636
1,1,0.9860561971341337
1,1,0.9890197437219272
1,1,0.9988930094407088
1,1,0.9289838583011274
0,0,0.01936898305890437
0,1,0.7379835624778779
1,1,0.8577573130692546
1,1,0.6768451581056629
1,1,0.7064096145052107
1,1,0.9927173223215874
0,0,0.4930900045985327
1,1,0.8945464740396186
0,0,0.31998060159149994
1,1,0.6491948685882408
1,1,0.9982714451492708
1,1,0.9684564407767535
1,1,0.9272323975288678
0,1,0.711824244513233
1,1,0.9331934306372055
1,1,0.9990290424540451
0,1,0.8478754614666892
1,1,0.9984837434173711
1,1,0.9986389247093332
1,1,0.6156494798601748
0,0,0.0743670655622787
1,1,0.9323704816004177
1,1,0.8700939404289411
0,0,0.2556180094701487
1,1,0.7048632008047626
0,1,0.9985656622983206
1,1,0.6310560017412639
1,1,0.8187687892567624
1,1,0.9976329248404251
1,1,0.6581089088892191
1,1,0.8969972657655099
1,1,0.9980551255096889
1,1,0.9797281529580855
0,0,0.2355929267036112
1,1,0.9997370054657294
0,0,0.012007276776899984
1,1,0.8624942438511275
1,1,0.7198336535445196
1,1,0.945153927197127
0,0,0.16475603233975855
1,1,0.9761793276426219
1,1,0.9915956678696458
1,0,0.07527563516096505
1,0,0.31429580885429964
1,1,0.9586328311409217
0,0,0.10327084332989266
0,0,0.20841604647639705
1,1,0.8907738779619359
0,0,0.037297949739648374
1,1,0.9797281529580855
0,0,0.26830424075567666
0,0,0.031500067748595796
1,1,0.9948412442463185
1,1,0.9941401590385772
0,0,0.1895974302835891
0,0,0.4920094638555109
1,1,0.9897855748618359
1,1,0.9795797603917146
1,1,0.7288297311580693
0,0,0.008791220199530705
1,1,0.9893797032678032
0,1,0.7832821323332041
1,1,0.6062906813564993
1,1,0.9864543389825852
1,1,0.8301626473181775
0,1,0.6374602562651939
0,0,0.05997148332645084
0,0,0.27810850111587637
1,1,0.994462065721587
1,1,0.8815084230469539
1,1,0.9245304865662213
1,1,0.8478754614666892
0,0,0.003217826321776106
0,1,0.5487173929679996
0,0,0.12665958867623103
0,1,0.7156664734948172
1,1,0.9325670647474458
1,1,0.9694174366818274
1,1,0.9550761975070822
0,0,0.04561635262333276
1,1,0.96399401143302
1,1,0.979200170437572
1,1,0.9931261225646032
1,1,0.992327767429788
0,0,0.3944014078149633
0,0,0.07120760133493563
1,1,0.8409793064938236
0,0,0.012811275476167918
0,0,0.006954216729733869
0,0,0.05850858097625009
1,1,0.9938527078433493
0,0,0.02893579228243552
1,0,0.17779180836474878
1,1,0.69419977214201
1,1,0.9952919646920568
0,1,0.5791533222788562
1,1,0.9968430025340256
1,1,0.9996300801879309
1,1,0.640175488079973
0,0,0.07942705252951343
1,1,0.9635356503019726
1,1,0.7553572798213338
1,1,0.9929445787163662
1,1,0.9684564407767535
0,0,0.17696295016363314
1,1,0.681327953549727
1,1,0.684552083559429
1,1,0.9848200123041569
1,1,0.9198219498933219
0,0,0.19007756331000558
0,0,0.36424647056279263
0,0,0.2322230621862225
0,0,0.07847262785217636
1,1,0.7040479110089477
1,1,0.816813005247358
1,1,0.9763110596562686
0,0,0.4799748984633946
0,0,0.013668364573919425
0,0,0.37957482046704744
0,0,0.28075126659599003
1,0,0.4996522563670139
1,1,0.9729287528945918
1,1,0.945153927197127
1,1,0.9904281828946487
0,0,0.08910730131974196
1,1,0.9908460245269309
0,1,0.6698219169182512
1,1,0.5258798744683457
0,0,0.06396646721641448
1,1,0.9363930525050932
1,0,0.23379616314077825
0,0,0.01542140785111218
0,0,0.22452300640056058
1,1,0.9987543782768065
1,1,0.9989767573406357
0,0,0.1124057832267802
0,0,0.3703467752664185
1,1,0.9974394720883081
0,0,0.3366563579169116
0,1,0.585537913622711
0,0,0.3868009466050505
0,0,0.04810007727198122
1,1,0.8264293405037619
1,1,0.8624942438511275
1,1,0.8076723828330186
1,0,0.16040883657072516
0,0,0.27810850111587637
1,1,0.7810457993192715
1,0,0.3266695610797949
1,1,0.915863649570633
1,1,0.9924270528154672
1,1,0.9123260171539563
1,1,0.9800983032435343
0,0,0.003176000348166408
1,1,0.9379387810533621
0,0,0.3696190934330019
1,1,0.939449375431604
0,1,0.5226062545913133
1,1,0.9990290424540451
1,1,0.9972302530153422
1,1,0.9423678801869569
1,1,0.9814747158618381
1,1,0.8677511134569345
1,1,0.9943893096068215
1,1,0.9982486476531268
1,1,0.9644468235084441
1,1,0.9986700022993967
1,1,0.7368836868731204
0,0,0.21402974834668329
0,0,0.04504832831161997
1,1,0.8655780088401656
1,1,0.9885837927066815
1,1,0.6521781702430804
1,1,0.9922271905545811
1,1,0.9882177413218692
1,1,0.9363930525050932
1,1,0.604512157253398
0,0,0.0987867429229565
1,1,0.7649286592468306
1,1,0.8076723828330186
1,1,0.9738022415218106
1,0,0.29147386469284264
1,1,0.987098553863
0,1,0.6310560017412639
1,1,0.6698219169182512
0,0,0.11283782775316556
1,1,0.8655780088401656
1,1,0.7504738762095163
1,1,0.9525127109161827
1,1,0.9550761975070822
0,1,0.8577573130692546
0,1,0.7553572798213338
1,1,0.9601664350436762
0,0,0.023484671091900014
1,1,0.9998202475920218
1,1,0.9918576384750956
1,1,0.9915333963340822
1,1,0.9698558090130334
0,0,0.11372198928524285
1,1,0.9851244823542966
1,1,0.9901206793795764
1,0,0.11684009231060921
0,0,0.03788574082544614
1,1,0.7480079080498604
1,1,0.9867599400677979
1,1,0.8941379642428263
1,1,0.9950394408223829
0,0,0.08804768071004787
1,1,0.9764826353972449
1,1,0.7106576123576807
1,1,0.8486066928667397
1,1,0.9497264498325336
1,1,0.9922271905545811
0,0,0.01920249989464713
1,1,0.9934384836395824
0,0,0.06071571320750379
0,0,0.14459468544561083
1,1,0.9897855748618359
1,1,0.9376073010217579
0,0,0.0066875032247406705
1,1,0.7719350007722352
0,0,0.21721029406639888
1,1,0.9938527078433493
1,1,0.9865873599531256
1,1,0.7236105579443446
1,1,0.9990786583943336
1,1,0.9812345545944748
0,1,0.5174719788573986
0,1,0.7742374910813979
1,1,0.7696160154928906
0,0,0.09734968749886157
1,0,0.1325818695132009
0,0,0.12017555033568601
1,1,0.9989216597640695
1,1,0.9887309781841435
1,1,0.7036801191122989
1,1,0.9942409339386405
0,0,0.2717434975679177
0,0,0.05850858097625009
1,1,0.8821004679377775
1,1,0.5702924245892061
1,0,0.460359474167805
1,1,0.9729287528945918
1,1,0.950349449559096
0,0,0.015355904633962855
1,1,0.6293209530646029
1,0,0.3366563579169116
0,0,0.4056380802449211
1,1,0.8969972657655099
1,1,0.9990786583943336
0,0,0.20249805872007715
0,0,0.022025785898109378
0,0,0.13359744167846832
1,1,0.5936910276503775
1,1,0.9812345545944748
1,1,0.9997600864493149
0,0,0.4006884424576212
1,1,0.9570428246355068
0,1,0.5370988647441064
0,0,0.36221056877972047
1,1,0.9983930537078082
1,1,0.9990786583943336
1,1,0.9588575083281586
0,1,0.681327953549727
0,1,0.8584489744692287
1,1,0.8108475229279078
0,0,0.10327084332989266
1,1,0.9941652896903262
1,1,0.8953739391808597
0,0,0.09394403390150013
0,0,0.3836924529311956
1,0,0.2393175407372872
0,0,0.29967195817544895
0,1,0.6310560017412639
0,0,0.0025093764020217364
0,0,0.028207235811369965
1,1,0.945153927197127
0,0,0.43118352638737434
1,1,0.9912610855446503
1,1,0.9997723545464189
1,1,0.9763518343898988
0,1,0.587343518476709
0,1,0.7328759989094763
1,1,0.8047342155794974
0,0,0.03621553555262096
0,0,0.43012353531369296
1,1,0.982276411903807
1,0,0.3052099769421593
0,1,0.6062906813564993
1,1,0.9416508791802392
1,1,0.9982255500207126
1,1,0.9950394408223829
1,1,0.7102946546087837
0,0,0.06636497555119096
1,1,0.9998202475920218
1,1,0.9874286179585522
1,1,0.9736116388813519
1,1,0.9682824489510734
1,1,0.9997977132380382
1,1,0.9990786583943336
0,1,0.542983844900451
1,1,0.9281130487029019
0,0,0.026462931508619184
1,1,0.9769504170907978
0,1,0.5809668365160404
1,1,0.6841709319594022
0,1,0.5777681824588703
1,1,0.9578093559868898
1,1,0.994011025457438
1,1,0.7515360974250896
1,1,0.9598807118718568
0,0,0.1351240134799152
1,1,0.9853156051203472
1,1,0.97946582301658
1,1,0.9949081699485981
1,1,0.9085079132944119
1,1,0.9912610855446503
1,1,0.8982036580372735
0,1,0.875913794275445
1,1,0.9965852131752794
1,1,0.9900475886709849
1,1,0.9265545408023387
0,0,0.027496503792135783
1,1,0.6371465157037026
1,0,0.25253882717212567
0,0,0.16578310065109786
1,1,0.7925754334598969
0,1,0.8374372079450199
1,1,0.8528850338178778
1,1,0.9630716776963741
1,0,0.21945028483410675
0,0,0.2717434975679177
1,1,0.9976941124712991
1,1,0.9978961049706292
1,1,0.9413379860769193
0,0,0.09064555824711308
1,1,0.7944369503797936
1,1,0.9910307296377243
1,1,0.9990786583943336
1,1,0.7898917015669283
0,0,0.15765778391584878
1,1,0.9986873222002085
1,1,0.7787929065349528
0,0,0.36829652922204437
0,1,0.9987903896875628
0,0,0.09570963558377113
1,1,0.9416508791802392
0,0,0.4088064340514669
1,1,0.904049317676326
1,1,0.9434749551192201
1,1,0.9988024153615671
1,1,0.6293209530646029
1,1,0.6768451581056629
0,1,0.9986209671179458
0,0,0.2975767395196287
1,1,0.987098553863
1,1,0.8438898797335367
1,1,0.9976941124712991
1,1,0.875913794275445
1,1,0.8987218689895683
1,1,0.9984229440608903
1,1,0.9939665415166078
0,0,0.4487514394392657
1,1,0.8528850338178778
1,1,0.618750524563693
1,1,0.9990541754036983
0,0,0.17398682376716598
1,1,0.8207082758338308
0,0,0.3836924529311956
1,1,0.999016226880745
0,0,0.0643074258080699
0,0,0.38991869097210824
1,1,0.9873358651733425
0,0,0.0026442845932676752
0,0,0.30587238217395174
0,0,0.33959375896018523
1,1,0.9702371790061035
1,1,0.6452108596517709
1,1,0.8609301814829147
1,1,0.7757723564070399
0,0,0.0032602013162516407
1,1,0.9718721078709522
0,0,0.19210641485901253
0,0,0.042434599930591614
1,0,0.4901488227674926
1,1,0.9997977132380382
1,1,0.9668125407602992
0,0,0.026543476810936995
1,1,0.9965852131752794
0,1,0.8356424458179035
1,1,0.8409793064938236
1,1,0.7787929065349528
1,1,0.9762203235980477
1,1,0.6870001989671741
1,1,0.9943156031025563
0,0,0.07385620215934799
1,1,0.9982021483148281
0,0,0.48980963008114564
1,1,0.7328759989094763
1,1,0.9998105600217538
1,1,0.8386319570383429
0,1,0.5735059066426188
1,1,0.9741350146595307
1,1,0.8804595432035082
0,0,0.02881456597829814
0,0,0.11209469382025039
0,0,0.37135544864508957
0,0,0.020216668698376062
0,0,0.2708888004160976
1,1,0.9983380754365883
1,1,0.9984637415633683
1,1,0.6756014532431688
1,1,0.9987379420177451
1,0,0.4723489489109185
0,0,0.1957216470942879
0,0,0.4408660760531917
0,0,0.3471910347646233
1,1,0.9966733932865633
1,1,0.8187687892567624
1,1,0.9289838583011274
1,1,0.9997632140903676
0,0,0.07120760133493563
1,1,0.7224730375730323
1,1,0.9897855748618359
0,0,0.06837106119893387
0,0,0.12680980691172963
0,0,0.03682951067971143
1,1,0.9409255171499881
1,1,0.9992777810715847
0,1,0.7009359908554017
0,0,0.07911152677781598
1,1,0.999016226880745
1,1,0.9880639333464991
1,1,0.8686031518199351
1,1,0.9812345545944748
1,1,0.9980294806572038
1,1,0.9724290077713692
1,1,0.7198336535445196
1,1,0.8920443875695185
1,1,0.9987212891562184
0,0,0.1419035997910601
1,1,0.8356424458179035
1,0,0.47669972381994036
1,1,0.7224730375730323
1,1,0.9941652896903262
0,1,0.8128524043954115
1,1,0.9692485773192405
0,1,0.5356862788728504
0,0,0.04125698872368668
1,1,0.9770779849904112
0,0,0.024404836391342444
1,1,0.940608979671354
1,1,0.9937257481037981
0,0,0.0028603277448089825
0,0,0.4183560664835211
1,0,0.39304545765000864
1,1,0.8256130045425448
1,1,0.9814747158618381
1,1,0.9337401057907599
1,0,0.2972931047587625
0,0,0.058270894274077945
1,0,0.3581894874983145
1,1,0.9650860570877904
1,1,0.9993829630121785
0,1,0.5552091066547445
1,1,0.5226062545913133
0,0,0.04632892757402503
1,1,0.8686031518199351
1,1,0.9841315129562445
0,0,0.24761591668111063
0,1,0.9988061437172464
1,1,0.6820053792741753
1,1,0.9757380929297094
1,1,0.9989900865622885
1,1,0.7752288498563152
1,1,0.9966295906257848
1,1,0.9916428750008028
0,0,0.016663924764731365
1,1,0.7183297539432548
1,1,0.9963064516362335
0,0,0.098005858903206
0,0,0.05778974075767654
1,1,0.9864125612851161
1,1,0.9693414893450514
1,1,0.9997569175061419
1,1,0.5727421449606106
0,0,0.025467193001172856
1,1,0.9972662707340999
1,1,0.896471247036142
1,1,0.8561483568377279
1,1,0.9986566487738069
1,1,0.8988823625786003
1,1,0.9591502084745178
1,1,0.8836402158875245
0,1,0.9117286857097703
1,1,0.8026634787460883
0,0,0.02881456597829814
0,0,0.29692461460997227
0,1,0.8026634787460883
1,1,0.9591502084745178
0,0,0.34847961836062297
1,1,0.6156494798601748
1,1,0.9995612861317424
1,1,0.7236105579443446
0,0,0.012811275476167918
1,1,0.9217367196530778
1,1,0.8773333521992764
1,1,0.9680530043693237
1,1,0.9894576467105307
1,1,0.9323704816004177
1,1,0.6993730158084331
0,0,0.02240478935976028
1,1,0.9997723545464189
1,1,0.9968840403131942
1,1,0.9063023912515851
0,0,0.10853674528521454
0,1,0.6371465157037026
0,0,0.02723026466005358
1,1,0.9997040386936489
1,1,0.7920617389436476
1,0,0.42336977520935365
1,1,0.9534947636302421
0,0,0.006515364199114887
0,0,0.06071571320750379
1,1,0.9914374880997404
0,0,0.09734968749886157
0,0,0.16338403953966432
0,0,0.2301314837480884
1,1,0.5745629918530178
1,1,0.9521748226633879
1,1,0.7294462768942128
1,1,0.9990786583943336
1,1,0.9981300786113295
1,1,0.9550761975070822
1,1,0.9833835041207732
1,1,0.9848200123041569
1,1,0.9263418141419787
0,0,0.014209508651162465
1,1,0.9844703393768368
0,0,0.17210856804099306
1,1,0.9729287528945918
1,0,0.3312101685193982
0,0,0.05850858097625009
0,1,0.6972655766749081
0,0,0.10356030063092289
1,1,0.7354376723016418
1,1,0.8137149968955969
0,1,0.5616820320104408
0,0,0.4398006861393068
1,1,0.999813029785442
1,1,0.9914374880997404
1,1,0.9704007756285439
1,1,0.7778127618173695
0,0,0.0643074258080699
1,1,0.6511968608195049
0,0,0.041606570092726405
0,0,0.3501718310119715
1,1,0.9585628015102298
0,0,0.01871428904453654
0,1,0.6857774330050482
1,1,0.9456084346670725
1,1,0.9799872000358819
1,1,0.9423678801869569
0,0,0.00396680320731322
1,1,0.9995127380243419
0,1,0.8456112201613455
0,0,0.149533483645137
1,1,0.9545096685716913
0,0,0.008237403414791475
1,1,0.8040539974519538
1,1,0.8226315028640138
1,1,0.9951673438815715
1,1,0.9940447470057971
1,1,0.9348115009810354
1,1,0.5065539015970676
0,0,0.127636471555674
0,0,0.15940870093136703
1,1,0.9973566115887953
0,0,0.2921189922348559
1,1,0.9946047751011912
0,0,0.2734889511703718
1,1,0.9998202475920218
1,1,0.7742374910813979
0,0,0.025360118863764873
1,1,0.9998105600217538
0,0,0.04856018121205859
1,1,0.9852074958879128
1,1,0.9984229440608903
1,1,0.9509651275553892
1,1,0.9885195057037858
1,1,0.9839252302245596
0,0,0.06617180726128516
0,0,0.0028231354508044867
1,1,0.9989767573406357
1,1,0.7625603459284831
1,1,0.6698219169182512
1,1,0.9229007608903662
1,1,0.9963544385283416
1,1,0.9315381388708269
0,0,0.03621553555262096
0,1,0.6371465157037026
0,0,0.11607404869010303
1,1,0.8976830974189031
0,1,0.6279948715392227
0,0,0.12017555033568601
0,0,0.07847262785217636
0,0,0.03825206527140459
1,1,0.9926218142316994
0,1,0.6841709319594022
0,0,0.03110209395141599
1,1,0.8655780088401656
1,1,0.9917043480618868
1,1,0.8539860451334653
1,1,0.9971406414471401
1,1,0.8512305241850368
0,1,0.5584480521592967
1,1,0.9962854891068322
1,1,0.9949457466820233
0,0,0.3152282496386687
1,1,0.917864508305453
1,0,0.41378711483861697
1,1,0.9891002998408384
1,1,0.9979771741098209
0,0,0.0028231354508044867
1,1,0.9833835041207732
1,1,0.963273169854001
0,0,0.11283782775316556
0,0,0.11209469382025039
0,0,0.12236756981195651
1,1,0.9749274878276297
1,1,0.892759254670205
1,1,0.6094193307230218
1,1,0.9684564407767535
0,0,0.08745171743675387
1,1,0.9786587360971257
1,1,0.997336910877993
1,1,0.9839252302245596
0,0,0.05499651873428972
1,1,0.9991435260177497
1,1,0.9550761975070822
1,1,0.9980804372552946
1,0,0.43580176406492754
1,1,0.9933897753450568
1,1,0.7379835624778779
0,1,0.5149737255836153
1,1,0.7328759989094763
1,1,0.9637347062126157
0,0,0.04351417635897397
0,1,0.6727182360710374
1,1,0.9968840403131942
1,0,0.36424647056279263
0,0,0.45384518499957155
1,1,0.618750524563693
1,1,0.9998154673563113
1,1,0.9990786583943336
1,1,0.904049317676326
1,1,0.9437771307735142
1,1,0.7832821323332041
1,1,0.9880639333464991
1,1,0.9988930094407088
0,0,0.05276905478759639
1,1,0.5258798744683457
1,0,0.47157094898844076
1,1,0.9997723545464189
1,1,0.9245304865662213
0,0,0.004071884012683033
1,1,0.6052582688397565
0,0,0.4996522563670139
1,1,0.8889306595652061
0,0,0.03636673267729617
1,1,0.9987379420177451
0,1,0.6143044645294743
0,0,0.28672048452090615
1,0,0.06969300877077363
1,1,0.9623330924568285
1,1,0.9963544385283416
1,1,0.5193306914963891
0,0,0.13323650695272485
1,1,0.9653360473807329
1,1,0.9942409339386405
1,1,0.85452428777577
0,0,0.013318944762881887
1,1,0.9997600864493149
0,0,0.12440158269437086
0,0,0.0237875674640217
1,1,0.9880639333464991
1,1,0.9416508791802392
1,1,0.9807450353844948
1,1,0.9918116344671676
1,1,0.81332684218337
1,1,0.9787770546969996
0,0,0.26257728729778373
1,1,0.9990786583943336
1,1,0.8409793064938236
0,0,0.14622571059764566
1,1,0.9860561971341337
1,0,0.41411639384483323
1,1,0.9889578842278863
1,1,0.9732723168606268
1,1,0.998818012953577
1,1,0.9550761975070822
1,1,0.7553572798213338
1,1,0.9984071139622794
1,1,0.9952030171827896
1,1,0.9888136288558578
0,0,0.4879493171998911
0,0,0.04338442911899797
1,1,0.9783828726029067
1,1,0.9961368844606102
1,1,0.976046881051989
0,0,0.421553302320661
0,0,0.043932438162771134
0,0,0.316455711139191
0,0,0.11834285295388186
0,0,0.4197389499373543
0,0,0.24819797667611512
1,1,0.7810457993192715
1,1,0.9831676639451401
0,0,0.1237841549881381
1,1,0.9855043084466357
0,0,0.01542140785111218
1,1,0.7055122204140925
0,0,0.04375121423883885
0,0,0.09017841306869392
1,1,0.9962578354602515
0,0,0.004179736732545211
0,0,0.12017555033568601
1,1,0.8640434936788731
1,1,0.995564687003552
0,1,0.8969972657655099
0,0,0.0377721132766279
0,0,0.22170683307114705
1,1,0.9998202475920218
1,1,0.9995127380243419
0,1,0.6218419175864939
1,1,0.9272323975288678
1,1,0.9753215828961852
1,1,0.6797093286330601
1,1,0.8894902683193137
0,0,0.22857568465699613
1,1,0.9965402534448866
1,1,0.999783995443899
1,1,0.952316783301329
0,0,0.06864694328464917
0,0,0.016030828612686548
1,1,0.999016226880745
0,0,0.01555562936336378
1,1,0.8902199670311762
1,1,0.7539788949169224
1,1,0.957275752733905
1,0,0.30400673525826255
1,1,0.8338318005279952
1,1,0.9497264498325336
0,0,0.15081013440706798
1,1,0.7787929065349528
1,1,0.9942409339386405
0,0,0.10449267708877075
1,1,0.8283040374222126
1,1,0.9989632523774195
1,1,0.7365414313841196
1,1,0.945153927197127
1,1,0.9941652896903262
0,0,0.02328365209978329
1,1,0.9085079132944119
0,0,0.2957401332040899
1,1,0.9948793123366005
0,0,0.25812347442943545
1,1,0.6218419175864939
1,1,0.8748224236345808
1,1,0.9847348579575759
1,1,0.8338318005279952
1,1,0.5630800363188776
1,1,0.9990786583943336
1,1,0.9957352084558112
1,1,0.9993581976828159
1,0,0.3757561960036973
1,1,0.6600866657336276
1,1,0.9690788153508466
1,1,0.989240898632412
1,1,0.7343309569614213
0,0,0.02119337223380447
1,1,0.9897855748618359
1,1,0.9963064516362335
1,1,0.9977537219958323
1,1,0.5193306914963891
1,1,0.892759254670205
0,0,0.22397992651321835
1,0,0.42475712887213984
1,0,0.45384518499957155
1,1,0.9715110721297138
1,1,0.9657725812324998
1,0,0.422939069455496
0,0,0.03621553555262096
1,1,0.8577573130692546
1,1,0.9975380931990162
0,0,0.23089830941187534
1,1,0.9751088291021531
1,1,0.6049339316716671
1,1,0.9975701175261105
1,1,0.9521748226633879
0,0,0.18473975223237604
1,1,0.9979234819975661
1,1,0.9578093559868898
1,1,0.9961586823943323
1,1,0.9764826353972449
1,1,0.8047342155794974
1,1,0.9550761975070822
1,1,0.9984434762641826
0,0,0.09137373823195998
0,0,0.11742752533743911
1,1,0.9856906220381098
1,1,0.9074110491215264
1,1,0.9910307296377243
1,0,0.25146807838566165
0,1,0.7649286592468306
0,0,0.09017841306869392
1,1,0.998818012953577
1,1,0.9800983032435343
1,1,0.6791520490026618
1,1,0.9931261225646032
1,1,0.8356424458179035
1,1,0.9340070744192851
1,1,0.9995997824601953
1,0,0.26915379354438856
1,1,0.5968532247140765
1,1,0.7787929065349528
0,0,0.057959958886643695
1,1,0.9686830815975341
1,1,0.9825034771762856
1,1,0.6739676604361944
1,1,0.9471596902565044
1,1,0.9613699173755036
1,1,0.9849309100990954
1,1,0.9885837927066815
1,1,0.9591502084745178
1,1,0.6841709319594022
1,1,0.9839252302245596
0,0,0.02298702118699982
1,1,0.7328759989094763
1,1,0.875913794275445
1,1,0.8914961348685894
1,1,0.9923842412728491
1,1,0.9553192914640279
1,1,0.9331934306372055
0,0,0.12910507926175957
1,1,0.6007563896507444
1,1,0.7091243605420232
1,1,0.9835047205864631
1,1,0.9596613872803775
1,0,0.24092361984903196
0,0,0.1394172163017898
1,1,0.9962578354602515
1,1,0.9188486095872463
0,0,0.2575261110402088
1,1,0.9165394508117898
0,0,0.08202815355427152
1,1,0.7635873237548602
1,1,0.9998202475920218
1,1,0.9767821730007215
1,1,0.9920220960091088
1,1,0.7480079080498604
1,0,0.12959193811212014
1,1,0.9911963569456695
0,1,0.6727182360710374
1,1,0.9983597107567834
0,0,0.12665958867623103
1,1,0.9952919646920568
1,1,0.9898605700983292
0,0,0.09090321548872816
1,1,0.9471596902565044
1,1,0.9988784003967983
0,1,0.5043536022439711
1,1,0.9931261225646032
1,1,0.7422013958093702
1,1,0.8916273593465923
1,1,0.9939665415166078
0,0,0.4505938160850047
0,0,0.009141062821907228
1,1,0.9958992009904442
1,1,0.6954043206532363
0,0,0.007231489962039112
0,0,0.21945028483410675
1,1,0.9824055600522487
1,1,0.6231767715329963
1,1,0.9561891445473928
0,0,0.18212625809964691
0,0,0.20625892311083707
0,0,0.07092221198617574
1,1,0.9989495693603937
0,0,0.06456804726101888
1,1,0.9739467683463449
1,1,0.9919878088126319
1,1,0.7055122204140925
0,0,0.09246932798079349
0,0,0.023185540014121393
1,1,0.8108475229279078
1,1,0.9990032423247183
0,0,0.29419187767309346
1,0,0.40247756486052877
1,1,0.9985339099100691
0,0,0.02918415085815134
1,1,0.9928116030451495
0,0,0.1394172163017898
1,1,0.9688549463779018
1,1,0.9281130487029019
1,1,0.994773443510944
1,1,0.950349449559096
1,1,0.9567357056102372
0,1,0.6926170306320419
0,0,0.14787195327258265
0,0,0.3993251300585087
0,1,0.6279948715392227
1,1,0.5094951521680846
0,0,0.07092221198617574
1,0,0.49715139588550206
0,0,0.0743670655622787
1,1,0.9606654186840452
1,1,0.9989767573406357
1,1,0.6841709319594022
1,1,0.9997335317343093
1,1,0.9952919646920568
1,1,0.8572290336947441
1,1,0.9915956678696458
1,1,0.9471596902565044
0,0,0.10154225924965116
1,1,0.7709334070469201
0,0,0.08335163665768908
1,1,0.9997438177008775
1,1,0.9971567917687517
1,1,0.9989900865622885
1,1,0.987098553863
1,1,0.9989632523774195
0,0,0.0516837002141041
1,1,0.7250970524662422
1,1,0.5598482882440098
1,1,0.9799872000358819
1,1,0.8957782354253908
0,1,0.9051818454887752
1,1,0.9956222686194779
0,1,0.5616820320104408
0,0,0.005427626964735514
0,0,0.0846014229290175
1,1,0.9934754077841796
1,1,0.9724290077713692
1,1,0.9797281529580855
0,1,0.7734809399678858
1,0,0.29692461460997227
1,1,0.9356067979434932
1,1,0.9989495693603937
1,1,0.9970813878318777
0,0,0.042434599930591614
1,1,0.9965402534448866
1,1,0.7553572798213338
1,1,0.9973566115887953
1,1,0.9990416912395266
1,1,0.9942409339386405
1,1,0.9985229704033362
1,1,0.9824055600522487
0,0,0.09126111012985588
0,1,0.556611458969354
0,0,0.24412900160167358
1,1,0.9331934306372055
1,1,0.9888136288558578
1,1,0.9998029532956114
0,0,0.034865971735815265
1,1,0.6926170306320419
0,0,0.03922959336956026
1,1,0.8014815806426164
1,1,0.7635873237548602
0,0,0.017546418773145406
0,1,0.875913794275445
1,0,0.22224597988926809
1,1,0.6756014532431688
0,0,0.0743670655622787
1,1,0.9484581775999802
1,1,0.6882203699423938
0,0,0.008677580766056587
1,1,0.9882177413218692
1,1,0.9973715452763695
0,0,0.02503771215094483
0,0,0.037410206347692876
1,1,0.9432439605419529
1,1,0.9961586823943323
1,1,0.9736116388813519
1,1,0.9875905097788608
1,1,0.7250970524662422
1,0,0.25895219965858374
1,1,0.9966837277692611
1,1,0.9994728346309025
0,1,0.8881934672670668
0,0,0.012905775083209196
1,1,0.9829786169438482
1,1,0.7787929065349528
0,0,0.3402942388642614
1,1,0.9997504535256516
0,0,0.29967195817544895
1,1,0.9500807291409852
1,1,0.9680530043693237
1,1,0.9996755673620571
1,1,0.9659598573222625
1,1,0.8561483568377279
1,1,0.9611584045559213
1,1,0.8773333521992764
1,1,0.7956500958910762
0,0,0.19277826366648793
1,1,0.9148467050673842
1,1,0.9997600864493149
0,0,0.0052191546965538295
0,0,0.0037157688625692508
1,1,0.5018528125453432
1,1,0.9990786583943336
1,1,0.5716839081620815
0,1,0.7036801191122989
1,1,0.9912610855446503
1,1,0.9993748158782697
1,1,0.9464989196244511
0,0,0.006600876329233286
1,1,0.8097030202477338
0,0,0.018876620948374896
1,1,0.9637347062126157
1,1,0.988130740774386
0,0,0.01596277881732321
0,0,0.14420898515311023
1,1,0.987908142098858
1,1,0.9951038079303758
1,1,0.9074110491215264
0,1,0.8570628347371824
0,0,0.09734968749886157
1,1,0.5411357816716856
1,1,0.9997600864493149
1,1,0.9975701175261105
1,1,0.9739467683463449
1,1,0.9488209128341282
0,1,0.8356424458179035
0,1,0.7160253918318734
0,0,0.01732158327475339
1,1,0.9860561971341337
0,0,0.07267153740208811
1,1,0.904049317676326
0,0,0.013074055629508394
0,0,0.48325179520979483
1,1,0.8824247475729603
0,1,0.6511968608195049
1,1,0.8264293405037619
1,1,0.7504738762095163
0,0,0.1351240134799152
1,1,0.967644580471096
0,0,0.4996522563670139
1,1,0.7855018969824369
0,1,0.5029335684897758
1,0,0.2133034070504374
0,0,0.12521479951783
1,1,0.9871706944635917
1,1,0.8923446546815563
0,0,0.41018001196242193
0,0,0.09469595209198882
1,1,0.9990786583943336
1,1,0.963273169854001
1,1,0.9690788153508466
1,1,0.9732723168606268
1,1,0.9861340843732987
1,1,0.9971406414471401
0,0,0.0747590344422885
1,1,0.6461998601364054
1,1,0.7288297311580693
1,1,0.6341066189092586
0,0,0.3726825169642238
0,1,0.5777681824588703
1,1,0.9855852333581331
0,0,0.02092280077917413
1,1,0.9948120093151644
0,0,0.20199437637194717
0,0,0.10206166819295058
1,0,0.460359474167805
1,1,0.9854229359398089
0,1,0.7639057066044692
1,1,0.8088262148715342
0,0,0.17398682376716598
1,1,0.9430766032052263
0,0,0.24412900160167358
0,0,0.1124057832267802
0,0,0.21721029406639888
1,1,0.9997537067157
0,0,0.4650347266846179
0,0,0.013492539057379727
1,1,0.995952457422236
1,1,0.5841586993356984
0,0,0.028207235811369965
1,1,0.6021180497966392
1,1,0.9985034852405636
0,0,0.08504237840123903
1,1,0.9952919646920568
0,0,0.19988693445154107
0,1,0.9984071139622794
1,1,0.8993975054547775
0,0,0.08392222842189989
1,0,0.26657973521195777
1,1,0.9860561971341337
1,1,0.9952919646920568
1,1,0.9478127499420888
1,1,0.9979505035113935
0,0,0.4930900045985327
1,0,0.3805934353908648
0,0,0.12157027473439487
0,0,0.09697046347346365
0,0,0.10449267708877075
0,0,0.06510173709430234
1,1,0.9188486095872463
1,0,0.19007756331000558
1,1,0.5936910276503775
0,0,0.025686567779070593
1,1,0.9923944926870455
1,1,0.681327953549727
1,1,0.979200170437572
1,1,0.9311749804746111
1,1,0.6452108596517709
1,1,0.9437771307735142
1,1,0.9929445787163662
1,0,0.4952902686447531
1,1,0.8192315639307828
1,1,0.9992388800846468
1,1,0.9272323975288678
1,1,0.9464989196244511
1,1,0.9718721078709522
0,0,0.2393175407372872
1,1,0.9935599380858797
0,0,0.14420898515311023
1,1,0.8207082758338308
0,0,0.05499651873428972
1,1,0.999781142238036
1,1,0.7306460174018562
1,1,0.8609301814829147
1,1,0.85452428777577
1,1,0.9990664970850345
0,0,0.3888907877888893
1,1,0.6698219169182512
1,1,0.9860561971341337
0,1,0.9988216928076604
0,1,0.9997950411934786
1,1,0.9578093559868898
0,0,0.3993251300585087
1,1,0.9323704816004177
0,0,0.1909535961309948
1,1,0.975425424335236
1,1,0.7277056080299028
1,1,0.8128524043954115
1,1,0.7048632008047626
1,1,0.9990786583943336
0,0,0.15461048220582738
1,1,0.6491948685882408
1,0,0.27696951093145666
1,1,0.929844916622636
1,1,0.9363930525050932
0,0,0.15940870093136703
0,0,0.034865971735815265
0,0,0.07407002338737032
1,1,0.9641906581790691
1,1,0.9982486476531268
1,1,0.9878563905104335
1,1,0.957275752733905
1,1,0.995929494026525
0,1,0.5681340305229378
1,1,0.9987212891562184
1,1,0.96399401143302
1,1,0.946874671169969
0,0,0.042133111259722876
1,1,0.9379387810533621
1,1,0.9947047564239382
1,1,0.8497340820560845
0,1,0.681327953549727
1,1,0.6954043206532363
0,1,0.666912657445583
1,1,0.6600866657336276
1,1,0.8368478156252999
0,1,0.7649286592468306
1,1,0.8640434936788731
1,1,0.7929957550730926
1,1,0.9988334076365699
1,1,0.8828725364006905
0,0,0.016380407588815555
1,1,0.8709331297426273
0,0,0.14622571059764566
0,1,0.7436233293287149
1,1,0.9749274878276297
1,1,0.9148467050673842
0,0,0.27696951093145666
0,0,0.21278001898417864
1,1,0.9757380929297094
1,1,0.7250970524662422
1,1,0.9996202446667338
1,1,0.9957905856309636
1,1,0.8409793064938236
1,1,0.9989632523774195
0,0,0.4269092711736499
1,1,0.957275752733905
1,1,0.9168695527814663
1,1,0.8907738779619359
1,1,0.9979505035113935
1,1,0.9315381388708269
1,1,0.9985799189849746
1,1,0.7898917015669283
1,0,0.4788959460176544
0,0,0.06300053417094197
1,1,0.9509651275553892
1,1,0.9990786583943336
1,1,0.9458303585966025
1,0,0.09235548670691966
0,0,0.010545899123498063
1,1,0.9650860570877904
1,1,0.8881934672670668
1,1,0.8801305796948279
1,1,0.9971567917687517
0,0,0.007137867144124443
1,1,0.9948412442463185
0,1,0.8237151784245135
0,0,0.4799748984633946
1,1,0.7504738762095163
0,0,0.3171313829422299
0,1,0.7719350007722352
0,0,0.014209508651162465
0,0,0.09929361456921379
0,0,0.17779180836474878
0,1,0.9997600864493149
0,1,0.5713515215575721
0,0,0.07942705252951343
0,1,0.5193306914963891
0,0,0.4734265517962312
1,1,0.6581089088892191
1,1,0.9915333963340822
0,0,0.0030939672816841265
0,0,0.10327084332989266
1,1,0.9790479956231849
0,0,0.019763579605345447
0,1,0.7216053931325281
0,0,0.05211682729341098
0,0,0.3279202392680931
0,0,0.010964795972618228
1,1,0.9989632523774195
1,1,0.9965402534448866
1,1,0.9995190886803329
0,0,0.0218369751088235
1,1,0.9985034852405636
1,1,0.9567357056102372
0,0,0.1474790181943653
1,1,0.7277056080299028
1,1,0.904049317676326
1,1,0.9841315129562445
1,0,0.325421343280983
1,1,0.9997154627998297
0,1,0.6310560017412639
0,0,0.0024445193731806843
0,0,0.08136778138665202
1,1,0.9803527151510525
1,1,0.9843351906678881
1,1,0.9944932617098389
1,1,0.5291512711446453
1,1,0.9386984272454916
0,0,0.11879466311017887
1,1,0.8427267590809824
1,1,0.9839252302245596
0,1,0.6076457936834123
1,1,0.9984229440608903
0,0,0.22857568465699613
1,1,0.7993849495061083
1,1,0.9989074284072331
1,1,0.8787389184869494
1,1,0.9981544166768347
1,1,0.9824055600522487
1,1,0.9969245462884686
0,0,0.01782870332582412
1,1,0.967644580471096
1,1,0.9799872000358819
0,0,0.48980963008114564
0,0,0.2876054292738324
0,0,0.09506721757308191
1,1,0.8067884537668885
0,0,0.016715156886727707
1,1,0.7920617389436476
1,1,0.985770521837321
1,1,0.9752463310205981
1,1,0.9951399479455683
1,1,0.9752463310205981
0,0,0.25253882717212567
0,0,0.1237841549881381
1,1,0.9471596902565044
0,0,0.009629059663962705
1,1,0.9976329248404251
1,1,0.9250483099856535
1,1,0.9727787366042296
1,0,0.4723489489109185
1,1,0.9928116030451495
1,0,0.4070083415464004
0,0,0.0675397423546248
1,1,0.9766529981559756
0,0,0.039727300249224794
0,0,0.015158704761098634
0,0,0.04125698872368668
1,1,0.9988930094407088
1,1,0.9813959485590417
0,0,0.01732158327475339
1,1,0.9080346508480965
1,1,0.9983286239326447
1,1,0.5487173929679996
0,0,0.0743670655622787
0,0,0.0055711886123089895
1,1,0.9864125612851161
1,1,0.9864125612851161
1,1,0.8715703158750236
1,1,0.9217367196530778
0,1,0.7145091574861984
1,1,0.8539860451334653
1,1,0.9968430025340256
1,1,0.7744746531830987
0,0,0.05684696627427802
1,1,0.945153927197127
1,1,0.7291783211962124
1,1,0.8454339355070664
1,1,0.9659598573222625
1,1,0.9998154673563113
0,0,0.016663924764731365
1,1,0.9937719962606464
1,0,0.427967289732315
1,1,0.9983161552290777
1,1,0.9988930094407088
0,0,0.30587238217395174
1,1,0.844458560745566
0,0,0.012007276776899984
1,1,0.9578093559868898
0,0,0.3757561960036973
1,1,0.9770779849904112
0,0,0.03163222428638721
1,1,0.9945338835642359
0,0,0.002575949748647129
0,0,0.15025732263294506
1,1,0.9340070744192851
1,1,0.9930872354899577
1,1,0.9976329248404251
1,1,0.994462065721587
1,1,0.9409255171499881
1,0,0.3819334595129904
1,1,0.9958452467486418
0,0,0.10086505851383135
0,0,0.14459468544561083
1,1,0.9659598573222625
0,1,0.6825600194029914
1,1,0.8744801588616616
0,1,0.6341066189092586
1,1,0.8624942438511275
0,0,0.02918415085815134
1,1,0.9808520135924808
1,1,0.9977829476711769
1,1,0.9977241119399108
1,1,0.9085079132944119
0,0,0.04320536360826826
0,0,0.27810850111587637
1,1,0.8744801588616616
1,0,0.4074342784805127
1,1,0.9936074005830622
0,0,0.03667646275428386
1,1,0.9997404339246778
1,1,0.9998154673563113
1,1,0.8602486702982526
1,1,0.9707754587185996
0,0,0.01709957861968825
0,0,0.020478299523700137
0,0,0.05380676187092556
1,1,0.8787389184869494
1,1,0.9980034983315873
1,1,0.7742374910813979
1,1,0.9655256267148103
0,0,0.4799748984633946
1,1,0.9976329248404251
1,1,0.9898428451388604
0,1,0.6444959088023636
1,1,0.8738553200392154
1,1,0.9561891445473928
1,1,0.9990786583943336
1,1,0.9694697060533404
1,1,0.998608791894743
1,1,0.7109366284229245
1,1,0.999781142238036
1,1,0.9950481427182152
1,1,0.9222721005147099
1,1,0.7696160154928906
1,1,0.9970813878318777
0,0,0.2903021490841276
0,0,0.42475712887213984
0,1,0.5127748588254254
0,0,0.0743670655622787
1,1,0.9623330924568285
1,1,0.9931261225646032
0,0,0.2199854952182874
0,0,0.06698749834357981
1,1,0.9556359989121207
1,1,0.9984837434173711
0,0,0.43580176406492754
1,1,0.9997404339246778
0,0,0.09394403390150013
0,0,0.11607404869010303
1,1,0.9982255500207126
1,1,0.9992777810715847
0,0,0.46907887224132155
0,1,0.7601756530104972
1,1,0.9945646772033089
1,0,0.098005858903206
1,1,0.9988024153615671
1,1,0.9970813878318777
1,1,0.9914855760974721
1,1,0.5476466484354662
1,1,0.998508142844234
0,0,0.06300053417094197
1,1,0.9995670043173549
1,1,0.992327767429788
1,1,0.9941219447927596
0,0,0.12583833835376057
1,1,0.6698219169182512
1,1,0.950349449559096
1,1,0.9274427536206375
1,1,0.8301626473181775
1,0,0.39514729610041527
1,1,0.9340070744192851
0,0,0.32216121621332594
1,1,0.9723128641767442
0,0,0.0027864254096851204
0,0,0.02119337223380447
1,1,0.9990541754036983
0,0,0.11505160961520378
1,1,0.9969245462884686
1,1,0.8715703158750236
0,0,0.040863110034964414
1,1,0.9812345545944748
1,1,0.5823490683358178
1,1,0.96399401143302
1,1,0.5487173929679996
1,1,0.7036801191122989
1,1,0.856846536153472
1,1,0.994974231794854
1,1,0.5076344647296782
0,0,0.12236756981195651
1,0,0.21721029406639888
0,0,0.1362973582430248
1,1,0.9988024153615671
1,1,0.9837163102862061
1,1,0.9980551255096889
1,1,0.9989900865622885
0,1,0.6310560017412639
0,0,0.09734968749886157
1,1,0.9944932617098389
0,0,0.2539467440365562
0,0,0.10950845255247427
1,1,0.9939323798336761
1,1,0.9637347062126157
1,1,0.9973715452763695
1,1,0.875913794275445
1,1,0.6756014532431688
0,0,0.12096495798363988
0,1,0.999781142238036
1,1,0.7250970524662422
1,1,0.5010723647875492
1,1,0.7898917015669283
1,1,0.9975701175261105
1,1,0.9729287528945918
1,1,0.9340070744192851
0,0,0.04125698872368668
0,0,0.2743487652648323
1,1,0.9458303585966025
1,1,0.976046881051989
1,1,0.9799872000358819
0,0,0.3975406977394954
1,1,0.8828725364006905
0,0,0.06864694328464917
1,1,0.9550761975070822
1,1,0.987908142098858
1,1,0.9117286857097703
1,1,0.8076723828330186
0,0,0.08770117183372204
1,1,0.9379387810533621
1,1,0.9990541754036983
0,0,0.004580113627008586
1,1,0.5519654636702352
0,0,0.05850858097625009
0,0,0.047957341740222446
0,0,0.12875447773522508
0,1,0.8495606894272888
1,1,0.5958125627485998
1,1,0.8868833838387832
0,1,0.9997471573763771
1,1,0.9937719962606464
0,0,0.18473975223237604
1,1,0.9990032423247183
1,0,0.43118352638737434
0,0,0.16236894118010897
0,0,0.046001099724027085
1,1,0.999783995443899
1,1,0.8670978682490142
0,0,0.014314172474355414
0,1,0.6491948685882408
1,1,0.9971567917687517
1,1,0.9005789014422876
1,1,0.9888762873990151
1,1,0.6639906230006536
0,0,0.20625892311083707
0,0,0.02190375716294248
1,1,0.9747882605821732
1,1,0.875913794275445
1,1,0.9980294806572038
1,1,0.9847348579575759
1,1,0.9826310000035984
1,1,0.9455385814285742
0,0,0.36524816705194363
1,1,0.9085079132944119
1,1,0.9997471573763771
1,1,0.9989767573406357
0,0,0.07942705252951343
0,0,0.014026821023751662
1,1,0.9973566115887953
0,0,0.3193016978018097
1,1,0.816813005247358
0,0,0.1808187731211166
1,1,0.6688651115111545
1,1,0.6772309797928201
0,1,0.8528850338178778
1,1,0.9900475886709849
1,0,0.33081943008154735
0,1,0.5338340408145417
1,1,0.9904281828946487
1,1,0.9672311118572204
1,1,0.9207846222951895
1,1,0.9990664970850345
1,1,0.9623330924568285
1,1,0.8067884537668885
1,1,0.9148467050673842
1,1,0.5403605107407689
0,0,0.09394403390150013
1,1,0.9990786583943336
1,1,0.7277056080299028
1,0,0.08392222842189989
1,1,0.9990786583943336
0,1,0.546873166580156
1,1,0.998725269754046
0,0,0.02503771215094483
1,1,0.979840664709651
1,1,0.9973566115887953
1,1,0.9877503426510629
0,0,0.21058974431144412
0,0,0.14676625154848322
0,0,0.15883026536650377
1,1,0.9990786583943336
1,1,0.9893797032678032
1,1,0.9348115009810354
0,0,0.35747213152375296
0,0,0.09457965524980724
1,1,0.8993975054547775
1,1,0.8773333521992764
0,1,0.6743552647346411
1,0,0.3836924529311956
1,1,0.9428440793463102
0,0,0.016030828612686548
1,1,0.9996202446667338
0,0,0.01945126657435107
0,0,0.02703374981534761
1,1,0.8593512297801806
1,1,0.9954472520801023
1,1,0.9998154673563113
1,1,0.9966295906257848
1,1,0.9761793276426219
1,1,0.9846225398842892
1,1,0.9990416912395266
0,1,0.9997438177008775
1,1,0.9148467050673842
0,0,0.05584704737004486
1,1,0.9925670888904403
0,0,0.34126542369862595
1,1,0.907047196185222
0,0,0.10531921141062774
1,1,0.6156494798601748
1,1,0.9363930525050932
1,1,0.7091243605420232
1,1,0.6639906230006536
1,1,0.9990786583943336
1,1,0.8881934672670668
0,1,0.5950605422685904
0,0,0.4930900045985327
0,0,0.19366376726282877
1,1,0.9367305482825321
1,1,0.9856295178058031
1,1,0.9164355643616751
1,0,0.4376331829680695
1,1,0.9533561382575643
1,1,0.9323704816004177
1,1,0.9127793170637408
1,1,0.9821772470885349
0,1,0.5638479170757675
1,1,0.8427267590809824
1,1,0.9986970460363072
1,1,0.9990786583943336
1,1,0.9696373892115591
0,0,0.316455711139191
1,1,0.9915118898696204
0,0,0.4799748984633946
1,0,0.39304545765000864
1,1,0.9063023912515851
0,0,0.02881456597829814
1,1,0.9969645273089213
1,1,0.6639906230006536
1,1,0.9826310000035984
0,0,0.042971150175117746
1,1,0.7672805592492131
0,0,0.04736161354773629
1,1,0.9541853059163352
1,1,0.852170867063758
1,1,0.991449002937603
0,1,0.5649107797104265
1,1,0.9694697060533404
1,1,0.5018528125453432
0,0,0.22224597988926809
1,1,0.9968430025340256
1,1,0.9952919646920568
1,0,0.40247756486052877
1,1,0.7224730375730323
1,1,0.9818135670692989
0,0,0.08235427159070392
0,0,0.2860824610014949
0,0,0.233237399399847
1,1,0.9891947886820509
1,1,0.9207846222951895
0,0,0.011400140240040843
0,0,0.16295776743320237
0,1,0.6551495781507028
1,1,0.9990487925398794
1,1,0.9940551833852759
1,1,0.6870001989671741
0,0,0.02881456597829814
1,1,0.9989074284072331
1,1,0.9989216597640695
0,0,0.060469636080462366
1,1,0.964894148389403
0,0,0.01871428904453654
0,0,0.2887706892136078
1,1,0.8655780088401656
1,1,0.9888762873990151
0,1,0.999808057640241
1,1,0.757774617518357
1,1,0.8577573130692546
1,1,0.816813005247358
0,0,0.0680101231872042
1,1,0.999783995443899
1,1,0.9379387810533621
0,0,0.0448627172718309
1,1,0.9488209128341282
1,1,0.9861340843732987
1,1,0.9921832580457313
0,1,0.8554473468583534
0,0,0.07267153740208811
1,1,0.9988635987754916
0,0,0.2676918179728593
1,1,0.7977758856803245
1,1,0.8715703158750236
1,1,0.9932651335179687
1,1,0.9997950411934786
0,0,0.02918415085815134
0,0,0.3591839377459087
0,0,0.012739632572622178
1,1,0.9989843393277488
0,0,0.10478515887933411
0,0,0.22299414085085262
1,1,0.9845362951814395
1,1,0.9978961049706292
1,1,0.8200712622806399
1,1,0.998943591793622
0,0,0.1089557442063036
1,1,0.9976810072030493
1,1,0.8801305796948279
1,1,0.9732723168606268
1,1,0.7145091574861984
1,1,0.9786587360971257
0,0,0.010964795972618228
1,1,0.71753675692185
1,1,0.9994444340021078
1,1,0.9818135670692989
0,0,0.12297892338587786
1,1,0.8374372079450199
0,0,0.0293958252098708
1,1,0.9944932617098389
0,1,0.5389493341522549
1,1,0.6062906813564993
1,1,0.8409793064938236
1,1,0.5616820320104408
1,1,0.9783828726029067
1,1,0.9719573225276782
0,0,0.009022942324410957
1,1,0.9575792081210092
1,1,0.9700214371323972
1,1,0.9985229704033362
0,0,0.01945126657435107
1,0,0.3324696470520044
1,0,0.2878836079247366
0,0,0.04351417635897397
0,1,0.5841586993356984
1,1,0.8461747736406366
1,1,0.6000073923047794
0,0,0.01709957861968825
1,1,0.9682824489510734
1,1,0.7625603459284831
1,1,0.7742374910813979
1,1,0.7171789942976542
0,0,0.37135544864508957
1,1,0.7277056080299028
1,1,0.9949081699485981
0,1,0.8148408881119477
1,1,0.587343518476709
1,0,0.4930900045985327
1,1,0.9845362951814395
1,1,0.8609301814829147
1,0,0.2651266692045012
0,1,0.9997663009673536
1,1,0.995506351417736
1,1,0.9990786583943336
1,0,0.45525355972600057
1,1,0.6639906230006536
1,1,0.9619688003110207
0,1,0.875913794275445
1,1,0.9983810648800903
1,1,0.9682824489510734
1,1,0.9984434762641826
1,1,0.9662038101416521
1,1,0.8392161424231321
1,1,0.9561891445473928
0,0,0.017027070558486075
1,1,0.999016226880745
1,1,0.6062906813564993
0,0,0.09533612558059945
1,1,0.9583365848724277
1,1,0.9997078967896668
1,1,0.9464989196244511
1,1,0.9717164063650301
0,0,0.028449524323280326
1,1,0.9985611840126101
0,0,0.2876054292738324
0,0,0.1867247643405534
1,1,0.6972655766749081
1,1,0.9972302530153422
0,0,0.27286910731966113
1,1,0.9758722047289811
1,1,0.9945338835642359
1,1,0.9973715452763695
0,0,0.10449267708877075
0,0,0.11473414426726578
1,0,0.3337315250174866
0,0,0.0332805863116715
1,1,0.9987956014118017
1,1,0.7787929065349528
0,0,0.46547372202567316
1,1,0.9866623203571583
1,1,0.9931261225646032
1,1,0.5936910276503775
1,0,0.21058974431144412
1,1,0.9957352084558112
0,0,0.10572726239094685
1,1,0.9739467683463449
1,1,0.9983065792745378
1,1,0.9952919646920568
1,1,0.8593512297801806
1,1,0.8226315028640138
1,1,0.8679534748321744
1,1,0.5508961181845772
0,1,0.7009359908554017
0,0,0.19162236949017247
0,0,0.006347627786079005
1,0,0.4006884424576212
1,0,0.17779180836474878
0,1,0.7224730375730323
1,1,0.9984434762641826
1,1,0.9976329248404251
1,1,0.5291512711446453
1,1,0.999783995443899
1,1,0.9973018213466319
1,0,0.3757561960036973
1,1,0.9352637220522517
0,0,0.15121037054131203
1,1,0.9899174241750905
0,0,0.14913690616163003
0,0,0.4344055782954356
0,1,0.8907738779619359
0,1,0.7696160154928906
1,0,0.24092361984903196
0,0,0.00401900158000022
0,1,0.5476466484354662
1,1,0.9844225392314909
0,1,0.9998154673563113
1,1,0.9749274878276297
1,1,0.9521748226633879
1,1,0.9997001296552259
1,1,0.9950394408223829
0,0,0.3696190934330019
0,1,0.5338340408145417
0,0,0.012978340027330221
1,1,0.9707754587185996
1,1,0.8730323608421326
1,1,0.9363930525050932
1,1,0.9990786583943336
1,1,0.9713534310234333
0,0,0.4109354921047344
1,1,0.7455258332576098
1,1,0.9997923338607022
0,0,0.36829652922204437
1,1,0.9356067979434932
1,1,0.9947438263796282
1,1,0.9337401057907599
1,1,0.9383707380191224
1,1,0.9977829476711769
1,1,0.9975241034122079
1,1,0.7405135975921036
0,0,0.15081013440706798
1,1,0.963273169854001
1,1,0.9773701154365211
1,1,0.9990786583943336
0,0,0.011852562196396684
0,0,0.02269408150984424
1,1,0.998901211297482
0,0,0.13475959596459938
0,0,0.1836210928840616
1,1,0.6551495781507028
0,0,0.008906334456310132
0,0,0.01542140785111218
1,1,0.9997600864493149
1,1,0.7625603459284831
1,1,0.8495606894272888
1,1,0.9954808685609198
0,1,0.6107705877520493
0,0,0.26830424075567666
1,1,0.9640410936109959
1,1,0.6926170306320419
1,1,0.9990541754036983
1,1,0.7984724355203553
1,1,0.7009359908554017
0,1,0.8640434936788731
1,1,0.9852074958879128
0,1,0.6341066189092586
1,1,0.681327953549727
1,1,0.9688549463779018
1,1,0.752923683666133
0,0,0.04658055173722723
1,1,0.9980551255096889
0,0,0.3514655214452973
0,0,0.016239186883853195
1,1,0.8773333521992764
1,0,0.337050518073449
0,0,0.4920094638555109
1,1,0.910666637394176
1,1,0.8067884537668885
1,1,0.8597281305212642
0,0,0.1621844236436127
1,1,0.9988930094407088
1,1,0.8670978682490142
0,0,0.10154225924965116
1,1,0.9975701175261105
1,1,0.9226783346000802
1,1,0.681327953549727
1,1,0.9990786583943336
1,1,0.9990032423247183
1,1,0.8427267590809824
0,0,0.005644379135219389
1,1,0.9198219498933219
1,1,0.9933523698297861
1,1,0.6898156115938646
0,0,0.30587238217395174
0,0,0.11209469382025039
0,0,0.30400673525826255
1,1,0.8264293405037619
1,1,0.9997471573763771
0,1,0.638458755639671
1,1,0.7236105579443446
1,1,0.995564687003552
1,1,0.9074110491215264
1,1,0.9990032423247183
1,0,0.40143833911047705
0,0,0.021011543803735436
0,0,0.1694454785013155
1,1,0.7198336535445196
1,1,0.5777681824588703
0,0,0.15290268139526883
1,1,0.9058189029430663
0,1,0.5559799123282382
1,1,0.9925250630399498
1,1,0.9770779849904112
0,0,0.3257193749725085
1,1,0.5062146279372254
0,0,0.0037646764097772527
1,1,0.5389493341522549
1,1,0.9752463310205981
1,1,0.612539006557025
1,1,0.8427267590809824
0,0,0.27810850111587637
1,1,0.9848200123041569
1,1,0.9945742073960828
0,0,0.3337315250174866
0,0,0.16475603233975855
1,1,0.5127748588254254
0,0,0.3591839377459087
1,1,0.6981773500132227
0,1,0.6898156115938646
1,1,0.9717164063650301
1,1,0.9702371790061035
1,1,0.9947047564239382
1,1,0.9666297937537686
1,1,0.8452032178905385
1,1,0.9812345545944748
1,1,0.9932151471771151
0,0,0.16657019243080692
1,1,0.7742374910813979
0,0,0.027147693442162155
1,1,0.9742777541456009
1,1,0.9978683677731486
0,0,0.4520004514035849
1,1,0.9579353303759283
1,1,0.9561891445473928
0,0,0.007045447816398029
1,1,0.9946047751011912
0,0,0.012163986026918958
1,1,0.8692501138755164
1,1,0.9984021414494438
1,1,0.9989632523774195
0,1,0.9986389247093332
1,1,0.945153927197127
0,0,0.4683014781412426
1,1,0.6083898232065341
1,1,0.9974727760224698
0,0,0.0516837002141041
1,1,0.8128524043954115
0,0,0.29301375436369714
0,1,0.5454651658109889
0,0,0.09421009561514633
1,1,0.9981300786113295
1,1,0.7102946546087837
1,1,0.9982255500207126
1,1,0.9954472520801023
1,1,0.9995315428759923
1,1,0.546873166580156
1,1,0.9941652896903262
1,1,0.9100591149777247
1,1,0.9851244823542966
0,0,0.2542039840013863
1,1,0.9818135670692989
0,0,0.21058974431144412
0,1,0.7198336535445196
1,1,0.9694697060533404
0,0,0.016170267156638985
1,1,0.9320114161519748
0,0,0.2860824610014949
1,1,0.7405135975921036
0,0,0.0332805863116715
1,1,0.9522551103700465
1,1,0.9583365848724277
1,1,0.9932151471771151
0,0,0.0030537463213182745
0,0,0.03163222428638721
0,0,0.027732861629862094
0,0,0.018956853240402985
0,1,0.5324201654002289
0,1,0.6341066189092586
0,0,0.35616847394298573
0,1,0.7075863270061837
1,1,0.9872646413638971
0,1,0.8067884537668885
0,0,0.09064555824711308
1,1,0.5630800363188776
0,1,0.5809668365160404
1,1,0.7706216556336375
1,1,0.961645458449032
0,0,0.006430952678423581
1,1,0.7672805592492131
1,1,0.9924270528154672
1,1,0.9787770546969996
1,1,0.9958992009904442
0,0,0.016663924764731365
0,1,0.8773333521992764
1,1,0.8815084230469539
0,0,0.01920249989464713
1,1,0.985770521837321
1,1,0.9908460245269309
0,0,0.031727990609291316
1,1,0.7832821323332041
1,1,0.9168695527814663
1,0,0.22224597988926809
0,0,0.04504832831161997
0,0,0.0223102960124812
0,0,0.2465591555690279
1,1,0.9990786583943336
1,1,0.9885837927066815
1,0,0.4408660760531917
0,0,0.1225134117933607
1,1,0.9957352084558112
0,1,0.7145091574861984
1,1,0.8787389184869494
1,1,0.6482096824627269
1,1,0.9806632266921517
1,1,0.5037139884373462
1,1,0.9967166285527443
0,0,0.3591839377459087
0,0,0.10449267708877075
1,1,0.979200170437572
0,0,0.4571004956016648
0,0,0.24275780444126607
0,1,0.9686830815975341
1,1,0.9998202475920218
0,0,0.22857568465699613
0,0,0.03244629017606633
1,1,0.9936433802501204
1,1,0.9990786583943336
0,0,0.4344055782954356
0,0,0.020278598243885042
1,1,0.9799872000358819
1,1,0.6584142415477142
1,1,0.998634674850593
1,1,0.9826310000035984
0,0,0.098005858903206
1,1,0.6926170306320419
1,1,0.9983286239326447
1,1,0.9268481927492128
0,0,0.14259669780487771
0,0,0.19162236949017247
1,1,0.9865873599531256
1,1,0.8264293405037619
0,0,0.13784987247576172
1,1,0.987908142098858
0,0,0.21058974431144412
1,1,0.9932361521857856
0,1,0.6746532610841562
0,1,0.5745629918530178
1,1,0.9970813878318777
0,0,0.46362184572478027
0,1,0.8700939404289411
1,1,0.6107705877520493
0,0,0.05778974075767654
0,0,0.16295776743320237
1,1,0.9613699173755036
0,1,0.6461998601364054
0,0,0.19988693445154107
0,0,0.03545790896615156
1,1,0.9471596902565044
0,0,0.003390692475061651
1,1,0.9997723545464189
1,1,0.8461747736406366
1,1,0.9997040386936489
1,0,0.46362184572478027
1,1,0.9051818454887752
1,1,0.8067884537668885
1,1,0.6898156115938646
1,1,0.9817118608166338
1,1,0.8640434936788731
0,0,0.26318221428706357
0,0,0.01782870332582412
1,1,0.8700939404289411
1,1,0.9990032423247183
0,0,0.015621971023386421
1,1,0.9988370396185319
1,1,0.9409255171499881
0,0,0.36829652922204437
1,1,0.9641906581790691
0,0,0.3868009466050505
0,1,0.8264293405037619
1,1,0.6249234388913726
0,0,0.0037646764097772527
0,0,0.22452300640056058
1,1,0.6898156115938646
0,1,0.5809668365160404
0,0,0.11639473404865454
0,0,0.06121964530160765
0,0,0.1225134117933607
1,1,0.9989074284072331
1,1,0.8787389184869494
1,1,0.9553945476079684
0,0,0.08850486191382868
1,0,0.2887706892136078
0,0,0.19162236949017247
0,1,0.6564318186547718
1,1,0.9991872966058165
1,1,0.9825034771762856
1,1,0.9545096685716913
1,1,0.9990786583943336
0,1,0.5062146279372254
1,1,0.9910307296377243
1,1,0.9933237613678089
1,0,0.4376331829680695
1,1,0.979200170437572
1,1,0.8957782354253908
1,1,0.8427267590809824
1,1,0.8108475229279078
1,0,0.34126542369862595
1,1,0.7405135975921036
0,0,0.16295776743320237
1,1,0.9899174241750905
1,1,0.7515360974250896
1,1,0.5324201654002289
1,1,0.7886534512847732
0,0,0.05431833848028497
1,1,0.9969645273089213
1,0,0.48653013295047287
1,1,0.9888136288558578
1,1,0.9922708780726011
0,0,0.020806752865935006
1,1,0.9984434762641826
1,1,0.9812345545944748
1,1,0.7430277094045847
0,0,0.15008410270348968
0,0,0.12583833835376057
1,0,0.015873795539852208
1,1,0.9829490687236798
1,1,0.9241331832365864
1,1,0.7277056080299028
0,0,0.14913690616163003
0,0,0.15176606243032406
1,1,0.9915956678696458
1,1,0.9846492333711847
0,1,0.6062906813564993
0,0,0.08291865340595989
1,1,0.9742777541456009
1,1,0.8795299937710519
1,1,0.9641906581790691
1,1,0.987908142098858
1,1,0.85452428777577
1,1,0.9920220960091088
1,1,0.7302986177767875
0,0,0.014963998834290379
1,1,0.9983597107567834
1,1,0.9976810072030493
1,1,0.7294462768942128
1,1,0.9936433802501204
1,1,0.9112704562853472
0,1,0.666912657445583
1,1,0.8821004679377775
0,0,0.07267153740208811
1,1,0.9644468235084441
0,0,0.07141434586590772
1,1,0.9702371790061035
1,1,0.9827276845606023
0,0,0.06146857485706143
1,1,0.8640434936788731
1,1,0.5519654636702352
1,1,0.9828536017782014
1,1,0.9988486020440475
0,0,0.4996522563670139
1,1,0.5174719788573986
0,0,0.24035316532682763
1,1,0.996056912549015
0,0,0.20411836904905487
1,1,0.9952919646920568
1,1,0.8624942438511275
1,0,0.016663924764731365
0,1,0.6371465157037026
1,1,0.8505097334249899
0,0,0.14420898515311023
1,1,0.9881514177142577
1,1,0.994273368421145
1,1,0.9984229440608903
1,1,0.8725523827789785
1,1,0.6358322295712211
1,1,0.9272323975288678
1,1,0.9936902316937877
0,0,0.12236756981195651
1,1,0.9481797793189979
0,0,0.25312856598570294
1,1,0.9453155312484408
1,1,0.8088262148715342
0,0,0.20108028096858271
0,0,0.4261456689838535
0,0,0.03545790896615156
1,1,0.9423678801869569
1,1,0.9933523698297861
1,1,0.7430277094045847
1,1,0.5584480521592967
1,1,0.9763518343898988
0,0,0.026126880421093176
0,0,0.0461911928350008
0,0,0.011852562196396684
1,1,0.9363930525050932
1,1,0.6323775590645133
1,1,0.5501236282825666
0,0,0.1524987706998134
1,1,0.7379835624778779
1,1,0.8801305796948279
1,1,0.6954043206532363
1,1,0.9810969763270047
1,0,0.29967195817544895
1,1,0.8773333521992764
1,1,0.9885195057037858
1,1,0.8920443875695185
1,1,0.9947047564239382
1,1,0.8264293405037619
1,1,0.9684564407767535
1,1,0.9862355163562156
1,1,0.8686031518199351
1,1,0.9817118608166338
0,0,0.4879493171998911
1,1,0.987975810895327
1,1,0.8495606894272888
1,1,0.950349449559096
1,1,0.9810969763270047
1,1,0.8528850338178778
1,1,0.793285254551075
0,0,0.08665668149787253
0,0,0.316455711139191
1,1,0.875913794275445
1,1,0.9254412075795887
1,1,0.9998105600217538
1,1,0.9837163102862061
0,1,0.8218011564316198
1,0,0.12910507926175957
1,1,0.9722286990519944
1,1,0.8264293405037619
1,1,0.9974249233336536
0,0,0.20411836904905487
0,1,0.5346108390520797
1,1,0.9698558090130334
1,1,0.9996712823997174
1,1,0.9966295906257848
1,1,0.7898917015669283
1,1,0.9928520295025299
1,1,0.9386984272454916
1,1,0.7171789942976542
1,1,0.9998029532956114
1,1,0.9924270528154672
0,0,0.1542028813840378
0,0,0.05972823071330765
0,0,0.421553302320661
1,1,0.9885195057037858
1,1,0.9588575083281586
1,1,0.9821772470885349
1,1,0.6551495781507028
1,1,0.9894392249066382
1,1,0.9990362373945457
1,1,0.9990854860098612
1,1,0.6156494798601748
1,1,0.7942152027524896
1,1,0.811717215770432
0,0,0.01555562936336378
1,1,0.9990786583943336
1,1,0.9991978854498987
0,1,0.5403605107407689
1,1,0.9960050249955575
1,1,0.9963064516362335
1,1,0.6981773500132227
0,0,0.020478299523700137
0,0,0.06884680427969224
1,1,0.612539006557025
1,1,0.9985422022326536
1,1,0.9241331832365864
0,0,0.08640991662049056
1,0,0.12521479951783
1,1,0.8649157005445176
1,1,0.6717657108689781
0,0,0.01871428904453654
0,0,0.08104522478126236
1,1,0.8849829895168009
0,0,0.4088064340514669
0,0,0.4183560664835211
1,1,0.5207485194753634
1,1,0.8700939404289411
0,0,0.01871428904453654
1,1,0.8346173697118611
1,1,0.9148467050673842
1,1,0.9952300593038914
0,0,0.03621553555262096
1,1,0.9707754587185996
1,1,0.9409255171499881
1,1,0.9531028877207907
0,0,0.3353889878093686
1,1,0.8765298774311006
1,1,0.752923683666133
1,1,0.9923708939962581
1,1,0.9976941124712991
1,1,0.9947438263796282
1,1,0.9968014260136875
0,1,0.640175488079973
1,1,0.5454651658109889
1,1,0.844458560745566
0,0,0.4799748984633946
1,1,0.7625603459284831
0,0,0.040863110034964414
0,0,0.46362184572478027
1,1,0.7920617389436476
0,0,0.4088064340514669
1,1,0.9621266455890182
1,1,0.9680530043693237
1,1,0.7048632008047626
1,1,0.9977241119399108
1,1,0.9990786583943336
1,1,0.9936074005830622
1,1,0.6954043206532363
1,1,0.9203692976432408
1,1,0.9930872354899577
1,1,0.9944209131415381
0,0,0.12474202826182929
1,1,0.9987543782768065
0,0,0.0678125141760635
1,1,0.5160534658338373
0,1,0.6954043206532363
0,0,0.016450207985464014
1,1,0.9127793170637408
1,0,0.4088064340514669
0,1,0.6310560017412639
0,0,0.484670443105154
1,1,0.9863124158586893
1,1,0.9553945476079684
1,1,0.9947047564239382
0,1,0.6954043206532363
1,1,0.8047342155794974
1,1,0.9968430025340256
1,1,0.8815084230469539
0,1,0.8427267590809824
1,1,0.9746046446726361
1,1,0.8480504490450338
0,0,0.01688037044309901
0,1,0.5356862788728504
1,1,0.7696160154928906
1,1,0.9877503426510629
0,0,0.11110290112365148
1,1,0.929844916622636
0,1,0.5727421449606106
0,0,0.15121037054131203
1,1,0.9409255171499881
1,1,0.5422090548737456
1,1,0.9998029532956114
0,0,0.3975406977394954
0,1,0.9320114161519748
0,0,0.2984811699153153
1,0,0.39514729610041527
1,1,0.7009359908554017
1,1,0.9987866121925766
1,1,0.6756014532431688
1,0,0.35616847394298573
1,1,0.8108475229279078
1,1,0.9982486476531268
1,1,0.9985799189849746
0,1,0.7877050876325821
1,1,0.9922271905545811
0,0,0.039727300249224794
1,1,0.9509651275553892
0,0,0.21624600047733375
0,0,0.06071571320750379
1,1,0.9929569294431212
1,1,0.9984837434173711
1,1,0.8903525450790623
1,1,0.9924270528154672
0,0,0.020655610758818697
0,0,0.32092201447602753
0,0,0.027496503792135783
0,1,0.5272959680260666
1,1,0.9984637415633683
0,0,0.11684009231060921
0,0,0.4799748984633946
1,1,0.9957352084558112
0,1,0.5280740297146838
0,0,0.07054882604786479
0,0,0.10356030063092289
0,0,0.007422408015643302
1,1,0.7302986177767875
1,1,0.9849309100990954
1,1,0.5043536022439711
1,0,0.18893407234511966
0,0,0.006864158822527106
0,0,0.032133707593502744
1,1,0.9989632523774195
1,1,0.9951399479455683
1,1,0.9793155507027861
1,1,0.9810969763270047
1,1,0.8291103836208341
1,1,0.8624942438511275
1,1,0.9934754077841796
1,1,0.7302986177767875
1,1,0.9198219498933219
1,1,0.9952919646920568
1,1,0.9713534310234333
0,0,0.004953532211804571
1,0,0.11473414426726578
1,1,0.7490771169077036
1,1,0.9074110491215264
1,1,0.8700939404289411
1,1,0.917864508305453
0,0,0.27696951093145666
1,1,0.9803527151510525
1,1,0.8957782354253908
1,1,0.6910297432493925
0,0,0.4376331829680695
1,1,0.7593866238583135
1,1,0.9704903124041065
0,0,0.08435997006929812
1,1,0.9051818454887752
0,0,0.31998060159149994
1,1,0.7742374910813979
1,1,0.9348115009810354
1,1,0.8386319570383429
0,0,0.33277094951561415
1,1,0.9940447470057971
1,1,0.9785026870286089
0,1,0.7145091574861984
1,1,0.66595162588802
1,1,0.7672805592492131
1,1,0.9752463310205981
0,0,0.2600437448983258
0,1,0.757774617518357
1,1,0.9289838583011274
0,0,0.010823366677337581
1,1,0.8845422139881378
1,1,0.8469127038946063
0,0,0.3965057604115759
1,1,0.9810969763270047
0,0,0.20677048397852063
1,1,0.6746532610841562
0,0,0.3514655214452973
1,1,0.9074110491215264
1,1,0.9371703514327613
1,1,0.9873358651733425
0,1,0.796352098771009
1,1,0.6688651115111545
1,0,0.36221056877972047
1,1,0.9987212891562184
1,1,0.9998029532956114
0,1,0.5291512711446453
0,0,0.26830424075567666
1,1,0.8097030202477338
1,0,0.2385314261731755
1,1,0.9895167361425952
1,1,0.9880639333464991
0,0,0.029682591656243353
0,0,0.25146807838566165
1,1,0.9781035229986776
0,0,0.19277826366648793
1,1,0.9911963569456695
1,1,0.9618544242658131
0,0,0.02328365209978329
0,0,0.025143460157042143
1,1,0.8539860451334653
0,0,0.04917020719750725
1,1,0.9790479956231849
0,0,0.031902966231911516
1,1,0.96399401143302
1,1,0.8945464740396186
1,1,0.9990786583943336
1,1,0.7405135975921036
1,1,0.9581091872286636
1,1,0.7641504159764791
1,1,0.9379387810533621
0,0,0.006024920886060096
1,1,0.9471596902565044
1,1,0.9998202475920218
1,1,0.964641087930725
0,1,0.5968532247140765
1,1,0.9641906581790691
0,0,0.34254355469079284
1,1,0.9509651275553892
0,1,0.999783995443899
0,0,0.0024445193731806843
0,0,0.008791220199530705
1,1,0.9952919646920568
1,1,0.9953267223975811
1,1,0.9995063035464298
0,1,0.8454339355070664
0,0,0.016450207985464014
0,0,0.020216668698376062
1,1,0.844458560745566
1,1,0.5473103791275009
1,1,0.5051339864277214
1,1,0.9941652896903262
0,0,0.040572313392265934
1,0,0.20319710930077298
0,0,0.002974861536338529
1,1,0.9990786583943336
1,1,0.6156494798601748
1,1,0.8920443875695185
1,1,0.9277331312701291
1,1,0.9797900623111621
1,1,0.9975241034122079
1,1,0.9976637184926244
1,1,0.9987706007437336
1,1,0.9952919646920568
1,1,0.7009359908554017
0,0,0.06949087458671095
0,0,0.03682951067971143
1,1,0.9659598573222625
1,0,0.43257727668649154
1,1,0.9188486095872463
0,1,0.7302986177767875
1,1,0.9941652896903262
0,0,0.009882645676221458
1,1,0.9729287528945918
0,0,0.0030537463213182745
1,1,0.8957782354253908
1,1,0.9085079132944119
1,1,0.9868339488296043
0,0,0.2860824610014949
1,1,0.9578093559868898
0,0,0.021075855906035067
1,1,0.9978683677731486
1,1,0.7898917015669283
1,1,0.6972655766749081
1,1,0.9194020197661642
1,1,0.9674662609234931
1,1,0.8461747736406366
1,1,0.9922708780726011
0,0,0.3744247154174613
0,0,0.06864694328464917
0,0,0.24035316532682763
1,1,0.6870001989671741
1,1,0.9550761975070822
0,0,0.10572726239094685
1,1,0.9977241119399108
0,0,0.12536355020077042
1,1,0.9859534625487603
1,1,0.9995944969705087
1,1,0.9127793170637408
1,1,0.9989767573406357
1,1,0.896471247036142
0,0,0.024094274087126392
1,1,0.9095930779827923
0,0,0.02335475276204221
1,1,0.9995253566053055
1,1,0.9869303290151759
1,1,0.5160534658338373
0,0,0.05211682729341098
1,1,0.9978961049706292
0,0,0.37341265729980305
1,1,0.8577573130692546
0,0,0.3703467752664185
1,1,0.9997600864493149
1,1,0.7379835624778779
1,1,0.9985718408979731
1,1,0.9623330924568285
1,1,0.9989632523774195
0,0,0.3805934353908648
1,1,0.6688651115111545
1,1,0.7810457993192715
1,1,0.9809913401825957
0,0,0.014771756295731943
0,0,0.31998060159149994
1,1,0.9941219447927596
1,0,0.20199437637194717
1,1,0.9184240337301158
0,0,0.00396680320731322
1,1,0.9957905856309636
0,0,0.422939069455496
1,1,0.9254412075795887
0,1,0.9340070744192851
1,1,0.9236095595267627
0,1,0.626253953084202
1,1,0.9985034852405636
0,1,0.6504874382474289
0,1,0.999783995443899
1,1,0.9692485773192405
1,1,0.5487173929679996
1,1,0.9913740547335305
1,1,0.9952030171827896
1,1,0.7250970524662422
0,1,0.9074110491215264
0,0,0.14350936220450544
1,1,0.9941219447927596
0,0,0.17398682376716598
0,0,0.0461911928350008
0,0,0.018956853240402985
1,1,0.9998178731538345
1,1,0.9323704816004177
1,1,0.9724290077713692
0,1,0.7625603459284831
1,1,0.9628059863673162
1,1,0.7672805592492131
1,1,0.9882177413218692
1,1,0.9992288319997038
1,0,0.2468113878182516
1,1,0.7682933245896204
0,0,0.1474790181943653
1,1,0.9420585953703117
1,1,0.7447047925590083
0,1,0.5291512711446453
1,1,0.9941219447927596
0,0,0.09394403390150013
1,1,0.9998105600217538
1,1,0.9909133053240968
1,1,0.9987866121925766
1,1,0.9706138702794237
1,1,0.7379835624778779
0,0,0.1621844236436127
1,1,0.9539363397831332
0,0,0.096202404079502
0,0,0.025143460157042143
0,0,0.01970319126261794
1,0,0.38235007514861447
0,1,0.752923683666133
1,1,0.8894902683193137
0,0,0.22527661240716845
1,1,0.9997504535256516
1,1,0.9954016902842676
0,1,0.7787929065349528
0,0,0.05997148332645084
0,0,0.010409816095214849
1,1,0.9628059863673162
0,1,0.5519654636702352
0,0,0.08537936546426
1,1,0.8409793064938236
1,1,0.9952919646920568
0,0,0.3383209706534374
0,0,0.30243378725426623
1,1,0.6829422141678402
1,1,0.966388808868252
0,0,0.35616847394298573
0,0,0.09126111012985588
1,1,0.9749274878276297
1,1,0.994462065721587
0,1,0.5160534658338373
0,0,0.01961986336910926
0,0,0.24925943808089854
1,1,0.7379835624778779
1,0,0.42475712887213984
1,1,0.8417374988890979
0,0,0.4151656755795613
0,0,0.27810850111587637
1,1,0.8849829895168009
0,0,0.019958312362075074
0,0,0.47484286066641934
0,0,0.07911152677781598
1,0,0.36252418647840323
1,1,0.8945464740396186
1,1,0.9401917105704751
1,1,0.987098553863
0,0,0.0041254593955964034
1,1,0.995564687003552
1,1,0.9769504170907978
1,1,0.999016226880745
0,1,0.7696160154928906
1,1,0.9943893096068215
1,0,0.4585104914323653
0,0,0.29147386469284264
0,0,0.12583833835376057
0,0,0.12110935896752877
1,1,0.9997228328907531
0,1,0.5841586993356984
1,1,0.998901211297482
1,1,0.9858745752586013
1,1,0.9907424025617876
0,0,0.3108049195852562
1,1,0.7036801191122989
1,1,0.9911466500738311
1,1,0.9430766032052263
0,0,0.42475712887213984
1,1,0.6882203699423938
1,1,0.9992288319997038
1,1,0.7064096145052107
0,0,0.3840134715373759
1,1,0.9976017262843103
0,0,0.01769880302533776
1,1,0.6623275808391198
1,1,0.9990786583943336
1,1,0.9263418141419787
0,1,0.640175488079973
1,1,0.9979505035113935
0,0,0.11110290112365148
1,0,0.33151089642371007
1,1,0.7775076709141933
1,0,0.08493682487781765
1,1,0.5226062545913133
0,0,0.2614788653770265
0,0,0.0027144272925748603
1,1,0.9772441354663337
1,1,0.9998029532956114
1,1,0.7515360974250896
1,1,0.9975701175261105
1,1,0.5584480521592967
0,1,0.6062906813564993
1,1,0.8478754614666892
1,1,0.9936074005830622
1,0,0.4183560664835211
1,1,0.8730323608421326
1,1,0.816813005247358
1,1,0.9168695527814663
0,0,0.01936898305890437
1,1,0.9987379420177451
1,1,0.7302986177767875
0,0,0.2887706892136078
0,0,0.36729131007559
1,0,0.26428523101952706
0,0,0.1941517307841908
1,0,0.47015566222137095
1,1,0.9984021414494438
0,0,0.096851672125004
0,0,0.01688037044309901
1,0,0.1076879994032952
1,1,0.796352098771009
0,0,0.021744823279603743
0,1,0.8868833838387832
1,1,0.7929957550730926
0,0,0.02503771215094483
1,1,0.9988930094407088
1,1,0.9987044168451429
1,1,0.9029047137193412
1,1,0.939449375431604
0,1,0.8700939404289411
1,1,0.9958452467486418
1,1,0.884803262131645
1,1,0.9907943579892672
0,0,0.010275470830112949
1,1,0.9807450353844948
1,1,0.9963064516362335
0,0,0.20199437637194717
1,1,0.8700939404289411
0,0,0.3993251300585087
1,1,0.8356424458179035
1,1,0.996056912549015
0,0,0.13475959596459938
1,1,0.9929046719448194
0,0,0.19277826366648793
1,1,0.9613699173755036
1,1,0.9785026870286089
0,1,0.7601756530104972
1,1,0.6156494798601748
0,0,0.3744247154174613
1,1,0.6746532610841562
1,1,0.8907738779619359
1,1,0.7354376723016418
1,1,0.7920617389436476
1,1,0.9927173223215874
1,1,0.9464989196244511
1,1,0.9967166285527443
1,1,0.8894902683193137
1,1,0.9250483099856535
0,1,0.7277056080299028
1,1,0.9051818454887752
0,0,0.4398006861393068
1,1,0.9983161552290777
0,0,0.005718525656588154
1,0,0.3257193749725085
0,0,0.03809333960957368
1,0,0.2255135891044277
1,1,0.9398714924174733
1,1,0.9897855748618359
1,1,0.9886675105116426
0,0,0.46907887224132155
1,0,0.1076879994032952
0,0,0.34847961836062297
0,0,0.2743487652648323
1,1,0.9937257481037981
1,1,0.9471596902565044
0,0,0.01777411986778362
1,1,0.9988635987754916
1,1,0.991917544662049
0,0,0.15081013440706798
1,1,0.9471596902565044
1,1,0.9828536017782014
1,1,0.7553572798213338
1,1,0.9379387810533621
1,1,0.9988024153615671
0,0,0.012413656172565435
1,1,0.9989900865622885
1,1,0.9698558090130334
1,1,0.7920617389436476
1,1,0.9217367196530778
1,1,0.8890646006371008
1,1,0.8801305796948279
0,0,0.12110935896752877
1,1,0.9974394720883081
0,0,0.25644147124451255
0,0,0.1948290076205151
0,0,0.460359474167805
1,1,0.8894902683193137
0,0,0.0025093764020217364
0,0,0.3491887357687818
0,0,0.011400140240040843
0,0,0.4788959460176544
1,1,0.8907738779619359
1,1,0.9868339488296043
1,1,0.9915956678696458
1,1,0.6218419175864939
1,1,0.9882177413218692
1,1,0.990604831398769
1,1,0.9975380931990162
1,1,0.939449375431604
1,1,0.995929494026525
1,1,0.8815084230469539
1,1,0.9819460258845545
1,1,0.9949081699485981
1,1,0.5389493341522549
1,1,0.8842230082129107
1,1,0.9997895907738721
1,0,0.4365695055984554
1,1,0.739682032002611
1,1,0.9490960516146131
1,1,0.8350478280855489
1,1,0.7091243605420232
0,1,0.5207485194753634
1,1,0.7842448423619218
1,1,0.9961081288096565
1,1,0.8945464740396186
1,1,0.8486066928667397
1,1,0.8561483568377279
1,1,0.5378749321881398
0,0,0.1895974302835891
1,1,0.9831676639451401
0,1,0.5422090548737456
0,0,0.08745171743675387
1,1,0.915863649570633
1,1,0.9982021483148281
1,1,0.6062906813564993
0,0,0.3604924526432478
1,1,0.5982192939530042
1,1,0.9952919646920568
1,1,0.5356862788728504
1,1,0.8005762242206644
1,1,0.5598482882440098
1,0,0.39304545765000864
1,1,0.9331934306372055
0,0,0.10519138399324426
1,0,0.025794983752906148
1,1,0.9673299139717029
0,0,0.3920146081783243
1,0,0.3993251300585087
1,0,0.49122922868174485
1,1,0.9423678801869569
1,1,0.83120975070678
0,0,0.3257193749725085
0,0,0.039727300249224794
0,0,0.009022942324410957
1,1,0.9828536017782014
1,1,0.9989216597640695
1,1,0.5918938984631938
1,1,0.9363930525050932
1,1,0.8226315028640138
0,1,0.5258798744683457
1,1,0.8320052183350254
0,1,0.5215275790287658
0,0,0.40143833911047705
1,1,0.7091243605420232
0,0,0.40247756486052877
1,1,0.7625603459284831
0,0,0.013846449168602401
1,0,0.10449267708877075
0,0,0.02881456597829814
0,0,0.4505938160850047
1,1,0.5226062545913133
1,1,0.9998178731538345
1,1,0.9952919646920568
1,1,0.940608979671354
1,1,0.9513111253653025
0,0,0.4734265517962312
0,0,0.1419035997910601
1,1,0.7504738762095163
1,1,0.9975056478667068
1,1,0.6910297432493925
1,1,0.5338340408145417
1,1,0.9997504535256516
1,1,0.8963073679947914
1,1,0.9974394720883081
1,1,0.6461998601364054
0,0,0.15940870093136703
1,1,0.640175488079973
0,0,0.04138064877475636
1,1,0.6825600194029914
1,1,0.9963064516362335
0,0,0.19162236949017247
0,1,0.8640434936788731
1,1,0.9198219498933219
0,0,0.1702464097065038
1,1,0.9968014260136875
1,1,0.9989357059470192
0,0,0.12728927531203815
1,0,0.1659709013459009
1,1,0.6218419175864939
0,0,0.15461048220582738
1,1,0.8957782354253908
1,1,0.9198219498933219
1,1,0.9989216597640695
0,0,0.09394403390150013
1,1,0.9497264498325336
1,1,0.9997471573763771
0,1,0.5062146279372254
1,1,0.8067884537668885
1,1,0.9963544385283416
1,1,0.9232078107398001
1,1,0.9804127552514041
0,0,0.024404836391342444
0,0,0.08850486191382868
1,0,0.4625469564121748
1,1,0.9702763492067771
1,1,0.6870001989671741
1,1,0.9941981477076242
1,1,0.8807285775127421
1,1,0.997390990442841
0,0,0.02893579228243552
1,1,0.9303290237082726
1,1,0.9860561971341337
1,0,0.3885682638975213
1,1,0.8842230082129107
1,0,0.38991869097210824
1,1,0.9977241119399108
0,0,0.04978749548244111
0,1,0.5370988647441064
1,1,0.9952919646920568
0,0,0.4963709741972644
1,1,0.8670978682490142
0,0,0.4333437007407553
1,1,0.9742777541456009
1,1,0.9929965443721405
1,1,0.978010742926435
1,1,0.7947249560610418
1,1,0.9990290424540451
0,0,0.2717434975679177
1,1,0.8374372079450199
0,1,0.6491948685882408
1,1,0.9127793170637408
0,0,0.03044806071524594
0,0,0.033141778761386985
1,1,0.9593721947259476
0,0,0.1713006848410477
0,1,0.5454651658109889
1,1,0.5160534658338373
1,1,0.9961586823943323
1,0,0.1182013069071473
1,1,0.9988486020440475
1,1,0.9968014260136875
1,1,0.9922271905545811
1,1,0.9286081890298462
1,1,0.9363930525050932
0,0,0.2957401332040899
1,1,0.6031532903252911
1,1,0.9853975678939676
1,0,0.07619439135187367
1,1,0.9698954655530946
1,1,0.5968532247140765
1,0,0.17210856804099306
1,1,0.9767821730007215
0,0,0.15081013440706798
1,1,0.8681089594656839
1,0,0.17317196816116662
1,1,0.6600866657336276
0,0,0.007326331708969067
1,1,0.9988784003967983
0,0,0.06146857485706143
0,0,0.10853674528521454
1,1,0.9989495693603937
0,0,0.15592253133518236
1,1,0.9990786583943336
1,1,0.9987212891562184
0,1,0.8338318005279952
0,0,0.316455711139191
1,1,0.8478754614666892
0,0,0.05654317280730085
0,0,0.053428984636642536
1,1,0.9926218142316994
0,0,0.03244629017606633
1,1,0.9706138702794237
0,0,0.30123674502148834
1,1,0.9755612211746016
0,1,0.7430277094045847
1,1,0.9581091872286636
0,0,0.039727300249224794
1,1,0.9644468235084441
0,0,0.1836210928840616
1,1,0.9976504408902097
1,1,0.9815777162055948
1,1,0.9603831270062702
0,0,0.26257728729778373
0,1,0.7480079080498604
1,1,0.951573560035399
1,1,0.8957782354253908
1,1,0.8828725364006905
0,1,0.7133490176501573
1,1,0.8868833838387832
1,1,0.9989767573406357
1,1,0.9969645273089213
0,0,0.0024445193731806843
1,1,0.7521185754321154
0,0,0.024404836391342444
1,1,0.8088262148715342
1,1,0.9990786583943336
0,1,0.7466020059288923
1,0,0.30837660515357884
0,0,0.25895219965858374
0,0,0.48545020076968426
1,1,0.998818012953577
1,1,0.875913794275445
1,0,0.47669972381994036
1,1,0.9988024153615671
1,1,0.996494703848228
1,1,0.9213259603149861
0,1,0.7405135975921036
1,0,0.1867247643405534
0,0,0.04561635262333276
1,1,0.9963544385283416
1,1,0.9990664970850345
1,1,0.9993910040407965
0,0,0.05724744922375114
1,1,0.951573560035399
1,1,0.9686830815975341
1,1,0.796352098771009
1,1,0.6491948685882408
1,1,0.9029047137193412
1,1,0.8139823172422594
1,1,0.6926170306320419
1,1,0.9897100306971478
1,1,0.8640434936788731
0,0,0.26257728729778373
0,0,0.024823737702529294
1,1,0.9968840403131942
1,1,0.9556359989121207
1,1,0.9481797793189979
1,1,0.9438706852676895
0,0,0.4269092711736499
1,1,0.9371703514327613
0,0,0.07368137937440704
0,0,0.008454652351977654
1,1,0.9989900865622885
1,1,0.9680530043693237
0,0,0.01816101257390788
1,1,0.992066927056246
1,1,0.9839252302245596
0,0,0.002542445739075958
0,1,0.5403605107407689
0,0,0.2787356843121294
1,0,0.28520032630295955
1,1,0.9983161552290777
1,1,0.9217367196530778
0,0,0.26257728729778373
0,0,0.20319710930077298
0,0,0.0869994571180329
0,1,0.6784714104799116
1,0,0.4799748984633946
0,0,0.015158704761098634
0,1,0.6714663576451397
1,0,0.47811693377854925
1,1,0.9989074284072331
1,1,0.9995670043173549
0,1,0.618750524563693
0,0,0.10572726239094685
1,1,0.9182917372258631
0,0,0.371672370136937
0,0,0.051836922642656526
1,1,0.996654506321188
1,0,0.26257728729778373
1,1,0.9704007756285439
1,1,0.9981300786113295
0,0,0.14350936220450544
1,1,0.7239633161799008
1,1,0.9990786583943336
1,1,0.998508142844234
0,0,0.02298702118699982
1,1,0.9809913401825957
1,1,0.9356067979434932
0,1,0.6739676604361944
1,1,0.9971778211745951
1,1,0.8969972657655099
1,1,0.9824055600522487
0,0,0.04108632690705758
1,1,0.9849309100990954
1,1,0.8593512297801806
0,0,0.22397992651321835
0,0,0.22527661240716845
1,1,0.9894392249066382
1,1,0.9997504535256516
1,0,0.4237011682034554
0,0,0.4985714790724603
1,1,0.9982255500207126
0,0,0.0461911928350008
1,1,0.910666637394176
1,1,0.9997782513525139
1,1,0.8148408881119477
1,1,0.9217367196530778
0,0,0.006775259218535295
1,1,0.9951038079303758
1,1,0.8067884537668885
1,1,0.9968014260136875
0,0,0.10572726239094685
1,1,0.9311749804746111
1,1,0.9718721078709522
0,0,0.0516837002141041
1,1,0.9979921478865104
1,1,0.9997977132380382
1,1,0.9903573450497177
1,0,0.4650347266846179
1,1,0.9936433802501204
0,0,0.07619439135187367
0,0,0.08504237840123903
1,1,0.771173014233013
1,1,0.9944932617098389
0,0,0.17505937506568578
1,0,0.08596253649361343
1,1,0.9986970460363072
1,1,0.9973715452763695
0,0,0.26942087485443117
1,1,0.9764826353972449
1,1,0.6200896239929782
1,1,0.7768295186879963
1,1,0.9497264498325336
1,1,0.9650860570877904
1,1,0.9539363397831332
0,1,0.9987418708408977
0,0,0.09137373823195998
1,1,0.9878188836406713
1,1,0.8730323608421326
1,1,0.8957782354253908
0,0,0.10035105874483238
1,1,0.8744801588616616
1,1,0.9996839704991131
1,1,0.9785026870286089
1,1,0.8618191671536841
1,1,0.6279948715392227
1,1,0.9974806334090492
0,0,0.48653013295047287
1,1,0.9781035229986776
1,1,0.9864884852228581
1,1,0.9700214371323972
1,1,0.9688549463779018
1,1,0.9807450353844948
0,1,0.8128524043954115
0,0,0.1696365843263401
1,1,0.9982486476531268
1,1,0.9458303585966025
0,0,0.44627811032896164
1,1,0.7091243605420232
0,0,0.346211849489914
0,1,0.8815084230469539
0,1,0.9985467395127878
1,1,0.9932151471771151
1,1,0.9711455398956033
1,0,0.4920094638555109
1,1,0.6461998601364054
0,0,0.042971150175117746
1,1,0.5649107797104265
0,0,0.3920146081783243
1,1,0.9950760535963331
1,1,0.8938421039022779
0,0,0.020478299523700137
1,0,0.31806833401933027
1,1,0.7354376723016418
1,1,0.6551495781507028
0,0,0.45384518499957155
1,1,0.9985611840126101
1,1,0.5598482882440098
1,1,0.9950760535963331
1,1,0.994974231794854
0,0,0.4344055782954356
0,0,0.0511955936437135
1,1,0.9736116388813519
1,0,0.4183560664835211
0,1,0.7864574345885752
1,1,0.9095930779827923
1,1,0.7239633161799008
1,1,0.5731738783102264
0,0,0.11079496741936244
1,1,0.9618544242658131
0,0,0.12110935896752877
0,0,0.366566136709265
1,1,0.9914855760974721
1,1,0.9980804372552946
1,1,0.9704007756285439
0,0,0.004580113627008586
1,1,0.9987212891562184
1,1,0.9895754978702758
1,1,0.9556359989121207
0,0,0.01970319126261794
1,0,0.422939069455496
0,1,0.6981773500132227
1,1,0.9990786583943336
1,1,0.985770521837321
1,1,0.7091243605420232
1,1,0.6534656152331166
0,0,0.19277826366648793
1,0,0.4183560664835211
1,1,0.9989900865622885
0,1,0.7009359908554017
1,1,0.9821772470885349
0,0,0.01232271500989408
1,1,0.9966733932865633
1,1,0.5573817718177938
1,1,0.9923944926870455
1,1,0.9051818454887752
0,0,0.004071884012683033
1,1,0.9914855760974721
0,0,0.015158704761098634
1,1,0.9989900865622885
0,1,0.6461998601364054
0,1,0.640175488079973
1,1,0.9997632140903676
0,0,0.01912124820055651
1,1,0.9948793123366005
1,0,0.029306885128893487
0,0,0.007718203526768703
1,1,0.8097030202477338
1,0,0.4408660760531917
0,0,0.3237891413096457
0,0,0.05850858097625009
1,1,0.9873358651733425
1,1,0.9045409329847344
0,0,0.22397992651321835
0,0,0.21945028483410675
0,1,0.661055982596689
0,0,0.09968092091241856
1,0,0.33862488590925127
1,1,0.9945646772033089
1,1,0.8026634787460883
0,0,0.08537936546426
1,1,0.8640434936788731
0,0,0.1702464097065038
0,0,0.4799748984633946
0,0,0.3944014078149633
1,1,0.8495606894272888
1,1,0.9659598573222625
1,1,0.7201893682538816
0,0,0.034865971735815265
0,1,0.6094193307230218
1,1,0.7601756530104972
0,0,0.37135544864508957
1,1,0.9767821730007215
1,1,0.991310155554965
0,0,0.14420898515311023
0,0,0.10047366470281234
1,1,0.9932151471771151
1,1,0.9933897753450568
1,1,0.9795797603917146
1,1,0.8026634787460883
0,1,0.939449375431604
0,0,0.014130158501902862
1,1,0.9941981477076242
0,1,0.5422090548737456
1,1,0.9873358651733425
1,1,0.9955974402059209
1,1,0.9581636305645278
0,0,0.09734968749886157
1,1,0.9988930094407088
1,1,0.9924270528154672
0,0,0.03083793204569273
0,1,0.7601756530104972
0,0,0.25253882717212567
1,1,0.9997537067157
0,0,0.05850858097625009
1,1,0.8535963431523756
1,0,0.44734666124081224
0,0,0.004825809457189529
0,0,0.4625469564121748
1,1,0.9924696255216874
1,1,0.9030592938125651
1,1,0.9928116030451495
1,1,0.8374372079450199
1,1,0.9943156031025563
1,1,0.9946747521497049
1,1,0.9940886577764247
1,1,0.9769504170907978
1,0,0.4109354921047344
0,0,0.08335163665768908
1,1,0.9945338835642359
0,0,0.041904455862837045
0,0,0.015355904633962855
0,0,0.021744823279603743
0,0,0.08875702820098633
1,1,0.9435472971755533
1,1,0.9974057304140368
1,1,0.9787770546969996
1,1,0.9937257481037981
0,1,0.6491948685882408
0,0,0.3726825169642238
1,1,0.9074110491215264
1,1,0.9548318434842868
1,1,0.9924696255216874
0,0,0.026690648676242813
0,0,0.06223015333692584
1,1,0.9738022415218106
1,1,0.9855043084466357
1,1,0.9944209131415381
1,1,0.9320114161519748
1,1,0.9173014906908996
1,1,0.9895754978702758
0,0,0.13208548249159638
0,0,0.005644379135219389
0,0,0.24092361984903196
1,1,0.929844916622636
1,1,0.9674662609234931
1,1,0.8945464740396186
0,0,0.010823366677337581
1,1,0.8952467183154028
0,0,0.023656014089060838
0,1,0.5841586993356984
0,0,0.3836924529311956
1,0,0.47562140003026354
1,1,0.9781035229986776
1,1,0.9441708705830785
0,1,0.5487173929679996
1,1,0.9967166285527443
0,0,0.15517638497015157
0,0,0.012811275476167918
1,1,0.8314000966757383
0,0,0.4930900045985327
1,1,0.5989694016634083
1,1,0.9997370054657294
1,1,0.9989216597640695
1,1,0.9867599400677979
1,1,0.9991765680918843
0,1,0.8108475229279078
1,1,0.6981773500132227
0,0,0.4668873341414477
1,1,0.8384481892042679
1,1,0.9409255171499881
1,1,0.9988486020440475
0,0,0.3703467752664185
0,1,0.9988370396185319
1,0,0.10519138399324426
1,1,0.9559505649742126
1,1,0.6870001989671741
1,1,0.9982021483148281
0,1,0.7354376723016418
0,1,0.7942152027524896
1,1,0.9306963136166195
0,0,0.2575261110402088
1,1,0.9539363397831332
1,0,0.08291865340595989
0,0,0.34254355469079284
1,1,0.9855852333581331
1,1,0.8338318005279952
0,0,0.12811860697224753
0,0,0.12440158269437086
0,1,0.7898917015669283
0,0,0.01847477015248341
0,0,0.22857568465699613
0,0,0.023888164792444204
1,1,0.9773701154365211
1,1,0.999783995443899
1,1,0.9925670888904403
1,1,0.8861343438644588
0,0,0.09968092091241856
0,0,0.025360118863764873
1,1,0.9458303585966025
1,1,0.9972662707340999
1,1,0.7553572798213338
0,0,0.14047666761129413
1,1,0.7564054602781007
1,1,0.9989074284072331
0,1,0.5727421449606106
0,1,0.9063023912515851
1,0,0.38991869097210824
1,1,0.9981784385470024
0,0,0.31429580885429964
1,1,0.8461747736406366
0,0,0.004889255836124256
1,1,0.951573560035399
0,0,0.09126111012985588
0,0,0.11879466311017887
1,1,0.9921253056593492
1,1,0.8842230082129107
1,0,0.43257727668649154
1,1,0.995506351417736
0,0,0.01920249989464713
1,1,0.9997632140903676
1,1,0.9835047205864631
1,1,0.9074110491215264
1,1,0.752923683666133
1,1,0.9967166285527443
1,1,0.7898917015669283
1,1,0.9997632140903676
1,1,0.9936545155212283
1,1,0.9891613702464384
0,0,0.20249805872007715
1,1,0.998818012953577
0,0,0.016450207985464014
1,1,0.9895167361425952
1,1,0.910666637394176
1,1,0.9965402534448866
1,1,0.9997504535256516
1,1,0.9696373892115591
0,0,0.030931370465557655
1,1,0.587343518476709
1,1,0.8722048178840142
1,1,0.9956791059244319
1,1,0.9952919646920568
0,0,0.006864158822527106
1,1,0.997042941447177
0,0,0.44163575566949487
1,1,0.85452428777577
1,1,0.9978117939336192
0,0,0.26573535299686407
1,1,0.9974057304140368
0,1,0.7696160154928906
1,1,0.9725808970910168
0,1,0.7015899904066212
1,1,0.7136264842117924
0,0,0.035909552872973524
1,1,0.8234588113385801
0,0,0.4487514394392657
0,0,0.23796486016062593
1,1,0.8945464740396186
0,1,0.5291512711446453
1,1,0.9913253423930521
1,1,0.9829786169438482
1,1,0.9817118608166338
1,1,0.8640434936788731
1,1,0.886448956674125
1,1,0.8655780088401656
1,1,0.9862355163562156
1,1,0.8631665461316286
0,1,0.7951420477558511
1,1,0.9637347062126157
0,0,0.17971862263668953
1,1,0.9988334076365699
1,1,0.9738022415218106
1,1,0.7379835624778779
1,1,0.9901034045767347
0,0,0.006347627786079005
1,1,0.996759303725597
1,1,0.97946582301658
1,1,0.9123260171539563
0,1,0.9245304865662213
1,1,0.6371465157037026
1,1,0.816813005247358
1,1,0.9363930525050932
1,1,0.9074110491215264
1,1,0.9989767573406357
0,1,0.7064096145052107
1,1,0.8907738779619359
0,0,0.130588055479491
1,0,0.460359474167805
1,1,0.7129880725384286
1,1,0.9989074284072331
1,1,0.7455258332576098
1,1,0.9860561971341337
1,1,0.9641906581790691
0,1,0.5207485194753634
1,1,0.9462105387710636
1,1,0.9988334076365699
1,1,0.910666637394176
1,1,0.9997895907738721
1,1,0.9684564407767535
1,1,0.9789311550130152
0,0,0.29147386469284264
0,0,0.03254443824900957
1,1,0.9797281529580855
1,1,0.9927173223215874
1,1,0.8715703158750236
1,1,0.6825600194029914
1,1,0.8392161424231321
1,1,0.9988334076365699
1,1,0.993176760274588
1,1,0.5378749321881398
0,0,0.49779103496301347
0,0,0.2822570748256234
0,0,0.053142427859966285
0,1,0.7277056080299028
1,1,0.9950760535963331
0,0,0.0024445193731806843
1,0,0.09570963558377113
1,1,0.9880639333464991
1,1,0.995506351417736
1,1,0.7765234655761507
1,1,0.9952919646920568
1,1,0.9752463310205981
1,1,0.9946747521497049
1,1,0.946785841335804
1,1,0.5950605422685904
1,1,0.9915956678696458
0,1,0.506994946189308
1,0,0.4520004514035849
1,1,0.9348115009810354
1,1,0.9898428451388604
1,1,0.9902311917879708
0,0,0.2887706892136078
1,1,0.9888762873990151
0,1,0.8894902683193137
1,1,0.9611584045559213
0,0,0.1957216470942879
1,0,0.4963709741972644
1,1,0.9967832636140271
0,0,0.26257728729778373
1,1,0.9997977132380382
1,1,0.9995253566053055
1,1,0.8108475229279078
0,0,0.24819797667611512
1,1,0.9941219447927596
0,0,0.01936898305890437
1,1,0.9458303585966025
0,0,0.051836922642656526
0,0,0.13208548249159638
0,1,0.6491948685882408
1,1,0.6371465157037026
1,1,0.9997923338607022
1,1,0.8113258635551791
1,0,0.4011122393021894
1,1,0.9903029473183849
1,1,0.7036801191122989
1,1,0.945153927197127
1,1,0.9644468235084441
0,1,0.6797093286330601
1,1,0.9722286990519944
1,1,0.9946747521497049
1,1,0.8283040374222126
1,1,0.8969972657655099
0,0,0.013417138187424307
0,0,0.3124019072791818
0,1,0.6323775590645133
0,1,0.587343518476709
1,1,0.9986873222002085
1,1,0.963273169854001
1,1,0.9531028877207907
0,0,0.16475603233975855
1,1,0.8219998404217593
1,1,0.7371467669734897
0,0,0.07179195881505811
1,1,0.8694505266248809
0,0,0.3193016978018097
1,1,0.816813005247358
1,0,0.17971862263668953
1,1,0.7091243605420232
1,1,0.8754431548642837
1,1,0.9893797032678032
1,1,0.7405135975921036
0,0,0.029558331876409803
1,1,0.9401917105704751
1,1,0.9853975678939676
1,1,0.9895167361425952
1,1,0.9964283977903351
0,0,0.01709957861968825
1,1,0.8153114302645942
1,1,0.9747882605821732
1,1,0.6593858666274318
0,0,0.1941517307841908
1,1,0.8801305796948279
1,1,0.9952919646920568
1,1,0.8356424458179035
1,1,0.9940447470057971
0,1,0.5958125627485998
0,0,0.013591994669310848
0,0,0.09357670120123664
1,1,0.9578093559868898
0,0,0.09309599673630442
1,1,0.5029335684897758
1,1,0.8128524043954115
1,1,0.844458560745566
0,0,0.07141434586590772
1,0,0.4668873341414477
0,0,0.07659519459249897
1,0,0.3920146081783243
1,1,0.9941981477076242
1,1,0.5454651658109889
1,1,0.9998003504541535
1,1,0.9697291631741677
1,0,0.1237841549881381
1,1,0.9918116344671676
0,0,0.053428984636642536
1,0,0.38503660564086223
0,0,0.17824862077344367
1,1,0.587343518476709
1,1,0.9998105600217538
0,0,0.32092201447602753
0,0,0.01680877600366585
1,0,0.36424647056279263
1,1,0.9340070744192851
0,0,0.3836924529311956
1,1,0.9882177413218692
1,1,0.9956222686194779
1,1,0.9935234891988433
1,1,0.8283040374222126
1,1,0.9957352084558112
0,0,0.06636497555119096
1,1,0.5552091066547445
1,1,0.7747826983683072
1,1,0.6469132615563143
1,1,0.9168695527814663
1,1,0.9995063035464298
0,0,0.02893579228243552
1,1,0.7236105579443446
1,1,0.9812345545944748
1,1,0.878132325351081
0,0,0.2184788224126815
1,1,0.9952919646920568
0,0,0.07681628777997877
0,0,0.21721029406639888
0,0,0.03467532723342341
0,0,0.11473414426726578
1,1,0.9888762873990151
1,1,0.9862355163562156
1,1,0.9933523698297861
1,1,0.5809668365160404
1,0,0.08910730131974196
1,1,0.9423678801869569
1,1,0.9927173223215874
1,1,0.988130740774386
0,0,0.16578310065109786
1,1,0.9987044168451429
0,0,0.11340772262732078
0,0,0.08875702820098633
1,1,0.9559505649742126
1,1,0.9997868114610065
1,1,0.5389493341522549
1,1,0.9724290077713692
1,1,0.8409793064938236
1,1,0.9948120093151644
0,1,0.5080754814290437
1,1,0.9949081699485981
0,0,0.29301375436369714
0,0,0.24900553111913665
0,0,0.22224597988926809
1,1,0.9930872354899577
1,1,0.9954472520801023
1,1,0.9885195057037858
1,1,0.9950113234490152
1,1,0.9952919646920568
1,1,0.9637347062126157
1,1,0.9969245462884686
0,1,0.7145091574861984
1,1,0.9837163102862061
1,1,0.9770779849904112
1,1,0.9688549463779018
0,0,0.01747204963806719
1,1,0.9896520193856263
1,1,0.8719193530192855
1,1,0.9707754587185996
1,1,0.9935234891988433
0,0,0.039347426078122555
0,0,0.07659519459249897
1,1,0.9990032423247183
1,0,0.21278001898417864
0,0,0.029306885128893487
1,1,0.9952919646920568
1,1,0.9875905097788608
1,1,0.8655780088401656
1,1,0.904049317676326
0,1,0.9085079132944119
1,1,0.9990032423247183
0,0,0.14622571059764566
1,1,0.9984550036271881
1,1,0.816813005247358
0,0,0.25644147124451255
0,0,0.08335163665768908
1,0,0.3341239856232385
1,1,0.9898428451388604
1,1,0.8700939404289411
1,1,0.9462105387710636
1,1,0.9924270528154672
0,0,0.15765778391584878
0,0,0.0780628309920144
1,1,0.9217367196530778
1,1,0.9682824489510734
0,1,0.9986389247093332
1,1,0.9939323798336761
0,0,0.23089830941187534
0,0,0.015621971023386421
1,1,0.9095930779827923
1,1,0.8148408881119477
1,1,0.9982486476531268
1,1,0.7984724355203553
1,1,0.9888956801486735
0,0,0.15633383749261667
1,1,0.5670730075316548
1,1,0.6293209530646029
1,1,0.7171789942976542
1,1,0.9722286990519944
1,1,0.9017479396081661
1,1,0.9846225398842892
1,1,0.9948793123366005
1,1,0.9973715452763695
1,1,0.967644580471096
0,1,0.9997895907738721
0,0,0.11549250043314928
0,1,0.711824244513233
0,0,0.13578923807257873
0,1,0.6756014532431688
0,0,0.1957216470942879
1,1,0.885559927506729
1,1,0.9409255171499881
0,0,0.0032602013162516407
0,0,0.029023639849479393
1,1,0.9626020306381841
0,0,0.2787356843121294
0,1,0.8982036580372735
1,1,0.9922271905545811
1,1,0.7171789942976542
1,1,0.9891613702464384
1,0,0.1141584421358578
1,1,0.9521748226633879
1,1,0.9886675105116426
1,1,0.9844495744132383
1,1,0.9782248512792089
1,1,0.9352637220522517
0,1,0.5403605107407689
1,1,0.7048632008047626
1,1,0.5487173929679996
1,1,0.9946747521497049
0,0,0.08606924480502594
0,0,0.1694454785013155
0,1,0.5226062545913133
0,0,0.018060000307268082
1,1,0.5305663159212716
0,0,0.018060000307268082
1,1,0.9894576467105307
1,1,0.9971029733324385
1,1,0.9484581775999802
1,1,0.9995253566053055
1,1,0.9720749147341785
1,1,0.9852074958879128
0,1,0.9985843390411311
0,1,0.9987418708408977
1,1,0.9929965443721405
0,0,0.017546418773145406
1,1,0.9849309100990954
1,1,0.9685102992565208
1,1,0.9963813808956915
0,0,0.4571004956016648
0,1,0.5370988647441064
0,0,0.08493682487781765
0,0,0.017152126767642092
1,1,0.8506822244619769
1,1,0.9945646772033089
1,1,0.9933030265934446
0,0,0.22170683307114705
0,0,0.007326331708969067
1,1,0.9997569175061419
1,1,0.904049317676326
1,1,0.6391790504664909
1,1,0.7198336535445196
0,0,0.017546418773145406
1,1,0.9929445787163662
1,1,0.9945338835642359
1,1,0.8274946780837837
1,1,0.9988784003967983
1,1,0.9997868114610065
1,1,0.9820464536854656
1,1,0.5936910276503775
0,0,0.03163222428638721
1,1,0.9828536017782014
1,1,0.9891002998408384
1,1,0.984219979040385
1,1,0.9776586079454826
1,0,0.0937264738430631
0,1,0.6052582688397565
1,1,0.9911466500738311
1,0,0.37341265729980305
1,1,0.7920617389436476
0,0,0.053428984636642536
1,1,0.9997264460561864
1,1,0.9967409029257968
1,1,0.5051339864277214
1,1,0.8005762242206644
1,1,0.9600007598113183
0,0,0.09917228984404529
1,1,0.9975701175261105
1,1,0.9553945476079684
0,0,0.03809333960957368
1,1,0.9981784385470024
1,1,0.9990786583943336
1,1,0.9464989196244511
1,1,0.9259532826875961
1,1,0.9980551255096889
1,1,0.9702371790061035
1,1,0.999783995443899
1,1,0.9360538793342865
1,1,0.9085079132944119
0,0,0.025220093419595458
1,1,0.8618191671536841
1,1,0.8982036580372735
1,1,0.9985034852405636
1,1,0.8752950743828615
0,0,0.004763182461614549
1,1,0.8982036580372735
0,1,0.7009359908554017
1,1,0.975425424335236
1,1,0.9637347062126157
0,0,0.027732861629862094
1,1,0.9997723545464189
1,1,0.8920443875695185
0,1,0.9985656622983206
0,0,0.029682591656243353
1,1,0.8670978682490142
0,1,0.7719350007722352
1,1,0.7984724355203553
1,1,0.9839252302245596
1,1,0.9983161552290777
1,1,0.9974727760224698
0,0,0.2903021490841276
1,1,0.9509651275553892
0,0,0.43580176406492754
1,1,0.6249234388913726
1,0,0.37883991606256134
0,0,0.27696951093145666
1,1,0.9497264498325336
1,1,0.8148408881119477
1,0,0.13733688480821843
0,0,0.04108632690705758
1,1,0.994974231794854
0,0,0.24900553111913665
1,1,0.9795797603917146
1,1,0.9841315129562445
0,1,0.8593512297801806
1,1,0.9829490687236798
1,1,0.9876599339148053
0,0,0.07120760133493563
1,1,0.9917764502535346
1,1,0.7993849495061083
0,1,0.6639906230006536
1,1,0.8586632512181321
1,1,0.950349449559096
1,1,0.8067884537668885
1,1,0.9939323798336761
1,1,0.9972302530153422
1,1,0.9951673438815715
1,1,0.9757380929297094
1,1,0.9986970460363072
1,1,0.5598482882440098
0,0,0.2903021490841276
0,0,0.33735387393847915
1,1,0.7455258332576098
1,1,0.7625603459284831
1,1,0.9952919646920568
0,0,0.07385620215934799
1,1,0.9810969763270047
0,0,0.1836210928840616
1,1,0.9835047205864631
1,1,0.9974057304140368
0,1,0.666912657445583
1,1,0.9990786583943336
1,1,0.7742374910813979
1,1,0.6218419175864939
0,1,0.8245385103777623
1,1,0.9988024153615671
1,1,0.8616089038665206
1,1,0.9757380929297094
1,1,0.9005789014422876
0,0,0.14420898515311023
1,1,0.9952919646920568
1,1,0.8686031518199351
1,1,0.9379387810533621
0,0,0.3514655214452973
0,1,0.5905210438215077
0,1,0.9998029532956114
0,0,0.08136778138665202
0,1,0.5968532247140765
1,1,0.9997693476113244
0,0,0.002974861536338529
0,0,0.026126880421093176
1,0,0.2987654562431668
1,1,0.8465806799770444
1,0,0.3635238548539802
1,1,0.9952919646920568
0,1,0.5127748588254254
1,1,0.6235910350432993
1,1,0.9983380754365883
1,1,0.9462105387710636
1,1,0.9990786583943336
1,1,0.9824055600522487
1,1,0.9987212891562184
1,1,0.9893797032678032
0,0,0.37957482046704744
0,0,0.47015566222137095
0,0,0.11607404869010303
0,0,0.02881456597829814
0,0,0.09394403390150013
0,0,0.0461911928350008
0,0,0.37883991606256134
0,0,0.43257727668649154
0,0,0.27724140576930345
1,1,0.9952919646920568
1,1,0.9578093559868898
0,0,0.12236756981195651
1,1,0.9672311118572204
1,1,0.9561891445473928
1,1,0.8067884537668885
1,1,0.9928520295025299
0,0,0.04338442911899797
1,1,0.8700939404289411
1,1,0.8849829895168009
0,0,0.48980963008114564
1,1,0.9990786583943336
1,1,0.566306437448075
1,1,0.9785026870286089
1,1,0.6870001989671741
1,1,0.9980294806572038
1,1,0.9980034983315873
0,0,0.10853674528521454
1,1,0.8523417741470466
1,1,0.9971567917687517
0,0,0.27286910731966113
0,0,0.07942705252951343
1,1,0.9995127380243419
1,1,0.7864574345885752
1,1,0.9946351715235943
0,0,0.4520004514035849
1,1,0.9152881824084003
1,1,0.8148408881119477
1,1,0.8686031518199351
1,1,0.7855018969824369
1,1,0.9925250630399498
1,1,0.6313719616649212
1,1,0.9655256267148103
1,1,0.9861340843732987
1,1,0.8649157005445176
1,1,0.7832821323332041
1,1,0.9940447470057971
0,0,0.23693631652605293
1,1,0.9936902316937877
0,0,0.020216668698376062
1,1,0.8710856269482057
1,1,0.7770647419199049
1,1,0.9880639333464991
1,1,0.9985422022326536
0,0,0.07847262785217636
1,1,0.752923683666133
1,1,0.9581091872286636
1,0,0.4056380802449211
1,1,0.9804956025452062
0,0,0.4963709741972644
1,1,0.9363930525050932
1,1,0.9635356503019726
1,1,0.9966295906257848
1,1,0.940608979671354
1,1,0.5745629918530178
1,0,0.3429410441395115
0,0,0.06590516849467193
0,1,0.5291512711446453
0,0,0.010823366677337581
1,1,0.816813005247358
1,1,0.9464989196244511
0,0,0.4151656755795613
1,1,0.7810457993192715
1,1,0.9839252302245596
1,0,0.24575693871107102
0,0,0.014314172474355414
1,1,0.9998055222102912
0,0,0.36829652922204437
0,0,0.03413557797792466
1,1,0.9984837434173711
0,1,0.6870001989671741
0,0,0.007819378295978093
0,1,0.6885988588776517
1,0,0.19504201888120729
1,1,0.9962085818110393
0,0,0.3266695610797949
1,1,0.9340070744192851
1,1,0.5226062545913133
0,1,0.7672805592492131
1,1,0.8392161424231321
1,1,0.640175488079973
0,1,0.6279948715392227
0,0,0.046001099724027085
1,0,0.41411639384483323
1,1,0.5476466484354662
1,0,0.40143833911047705
0,1,0.5777681824588703
1,1,0.9533561382575643
1,1,0.9696373892115591
1,1,0.7877050876325821
1,1,0.99943709805183
1,1,0.8076723828330186
1,1,0.9628059863673162
0,0,0.08850486191382868
1,1,0.8815084230469539
0,1,0.612539006557025
1,1,0.9930872354899577
1,1,0.9907943579892672
0,0,0.06617180726128516
1,1,0.9971778211745951
0,1,0.5713515215575721
1,1,0.5616820320104408
1,1,0.7230985451647158
0,0,0.07659519459249897
0,0,0.009629059663962705
1,1,0.995952457422236
1,1,0.8392161424231321
1,1,0.9601664350436762
1,1,0.8744801588616616
1,1,0.6521781702430804
1,1,0.9409255171499881
1,1,0.991310155554965
1,1,0.9903573450497177
1,1,0.9924828013739099
0,1,0.8148408881119477
1,1,0.917864508305453
1,1,0.9888762873990151
0,0,0.006265375713847956
1,1,0.9328384197393785
1,1,0.9929569294431212
1,1,0.7064096145052107
1,1,0.9855852333581331
1,1,0.9471596902565044
1,1,0.9323704816004177
1,1,0.8928891350711963
1,1,0.991917544662049
1,1,0.9858745752586013
1,1,0.7975568220352479
1,1,0.9029047137193412
0,0,0.13172801151045516
0,0,0.07659519459249897
0,1,0.5791533222788562
1,1,0.9997471573763771
1,1,0.940608979671354
0,0,0.10950845255247427
0,1,0.5116947252504785
1,1,0.7904093384140088
1,1,0.9951673438815715
1,1,0.7230985451647158
0,0,0.008237403414791475
1,1,0.9990786583943336
1,1,0.9990541754036983
1,1,0.9936433802501204
1,1,0.814187747802911
1,1,0.9533561382575643
1,0,0.39514729610041527
0,0,0.4930900045985327
1,1,0.6062906813564993
0,0,0.2500692973954354
0,1,0.5375375329833574
1,1,0.8894902683193137
1,0,0.41654556560423395
0,0,0.37957482046704744
1,1,0.9069326941289491
1,1,0.8356424458179035
0,1,0.9997632140903676
1,1,0.8245385103777623
0,0,0.1076879994032952
1,1,0.9983380754365883
0,0,0.346211849489914
1,1,0.8264293405037619
1,1,0.9982486476531268
1,1,0.8982036580372735
1,1,0.8309620461430929
0,0,0.0743670655622787
0,0,0.023185540014121393
1,1,0.989991461150707
1,1,0.9688549463779018
1,1,0.5936910276503775
0,0,0.02489942139132886
1,1,0.9843351906678881
0,0,0.11473414426726578
1,1,0.8047342155794974
1,1,0.9990786583943336
1,1,0.9952919646920568
1,1,0.9649997417531584
0,1,0.5454651658109889
1,1,0.5487173929679996
1,1,0.9988930094407088
1,1,0.9605986885516277
0,0,0.3353889878093686
0,0,0.025794983752906148
1,1,0.9983380754365883
0,1,0.9997950411934786
1,1,0.9578093559868898
1,1,0.8744801588616616
0,0,0.29301375436369714
1,1,0.9990032423247183
0,1,0.5809668365160404
1,1,0.9051818454887752
1,1,0.9929965443721405
0,1,0.9997471573763771
1,1,0.9763518343898988
1,1,0.9974394720883081
1,1,0.917864508305453
1,1,0.9989900865622885
1,1,0.8586632512181321
1,1,0.8640434936788731
1,1,0.6898156115938646
1,1,0.9601664350436762
1,0,0.2708888004160976
1,1,0.8686031518199351
1,1,0.9437771307735142
1,1,0.9936902316937877
1,0,0.4394663033726803
1,1,0.8478754614666892
1,1,0.9990416912395266
1,0,0.4261456689838535
0,0,0.42475712887213984
1,1,0.9909643103596835
1,1,0.9797281529580855
0,0,0.233237399399847
1,1,0.9694697060533404
1,1,0.9825034771762856
0,0,0.0589953447637914
1,1,0.601369911930054
1,1,0.7277056080299028
1,1,0.9281130487029019
1,1,0.7515360974250896
0,0,0.14259669780487771
1,1,0.8356424458179035
1,0,0.4169744651210537
0,0,0.004580113627008586
1,1,0.8409793064938236
1,1,0.9790479956231849
1,1,0.8061136675604765
0,0,0.009022942324410957
1,1,0.8715703158750236
1,1,0.768848601083733
1,1,0.5487173929679996
1,1,0.9919629584653378
0,0,0.13208548249159638
0,0,0.2651266692045012
1,1,0.967876861032422
0,0,0.3152282496386687
1,1,0.6600866657336276
0,0,0.04375121423883885
1,1,0.6756014532431688
1,1,0.5905210438215077
1,1,0.784772600492872
0,0,0.026543476810936995
1,1,0.9962085818110393
1,1,0.946874671169969
1,1,0.9990786583943336
1,1,0.9306963136166195
1,1,0.9928116030451495
0,0,0.007045447816398029
1,1,0.6768451581056629
0,1,0.5841586993356984
1,1,0.9989632523774195
1,1,0.9988112876444936
1,1,0.7455258332576098
1,1,0.7625603459284831
0,0,0.36829652922204437
0,0,0.18872616778636905
0,1,0.5968532247140765
1,1,0.9851244823542966
1,1,0.8815084230469539
0,1,0.711824244513233
1,1,0.992327767429788
1,1,0.9981054202042215
1,1,0.9583365848724277
1,1,0.9952300593038914
0,0,0.2822570748256234
1,1,0.9769504170907978
1,1,0.9990786583943336
1,0,0.4734265517962312
1,1,0.8309620461430929
1,1,0.9961081288096565
1,1,0.8301626473181775
0,0,0.14420898515311023
1,1,0.991917544662049
1,1,0.9970813878318777
0,0,0.01001190695594634
1,1,0.6107705877520493
1,0,0.334426036229334
1,1,0.9259532826875961
1,1,0.9830733998228703
0,0,0.3257193749725085
1,1,0.8196101639264455
0,0,0.07847262785217636
1,1,0.9864125612851161
1,1,0.6418886411134659
0,0,0.11209469382025039
0,0,0.03714303024757782
1,1,0.8088262148715342
0,0,0.01732158327475339
0,1,0.7145091574861984
1,1,0.9720749147341785
0,0,0.40143833911047705
0,0,0.20625892311083707
1,1,0.5519654636702352
1,1,0.9952919646920568
1,1,0.8670978682490142
0,0,0.009141062821907228
1,1,0.9725808970910168
1,1,0.9980551255096889
0,0,0.009755036812796918
0,1,0.9987084498981684
0,0,0.12728927531203815
1,1,0.9947438263796282
1,1,0.6857774330050482
1,1,0.8640434936788731
1,1,0.9936074005830622
0,0,0.0332805863116715
1,1,0.6746532610841562
0,0,0.40384440395311194
1,1,0.7706216556336375
1,1,0.999016226880745
0,0,0.09283275891966662
0,1,0.6249234388913726
1,1,0.9935798825672345
0,1,0.998758255997023
1,1,0.6107705877520493
1,1,0.9983380754365883
0,0,0.02358401842127311
1,0,0.44627811032896164
1,1,0.9821772470885349
0,0,0.027147693442162155
0,0,0.48325179520979483
1,1,0.9933897753450568
0,1,0.6371465157037026
1,1,0.8148408881119477
1,1,0.8801305796948279
1,1,0.875913794275445
1,1,0.9943156031025563
0,0,0.022473268013131865
1,1,0.9217367196530778
1,1,0.9095930779827923
1,1,0.9995944969705087
1,1,0.9813388648433959
1,1,0.9797281529580855
1,1,0.9987636060010203
0,0,0.042434599930591614
1,1,0.8700939404289411
0,0,0.02738113735226198
1,1,0.85452428777577
1,1,0.7480079080498604
0,0,0.3975406977394954
1,1,0.9542623805991228
0,0,0.23693631652605293
1,1,0.9980034983315873
1,1,0.9946047751011912
1,1,0.9817118608166338
0,0,0.20108028096858271
0,0,0.04006446180369632
1,1,0.6841709319594022
1,1,0.9739467683463449
1,1,0.9993056472936804
1,1,0.81332684218337
0,0,0.16295776743320237
1,1,0.9909133053240968
1,1,0.9727787366042296
1,1,0.9777266939136202
1,1,0.8868833838387832
0,0,0.15765778391584878
0,0,0.10823505793254191
1,1,0.8215426088739782
1,1,0.9974727760224698
1,1,0.7455258332576098
1,1,0.7803055895114765
1,1,0.9904281828946487
1,1,0.9311749804746111
0,0,0.038577209631772025
1,1,0.9893011897919557
1,1,0.9986524541824932
1,1,0.9807450353844948
1,1,0.9893797032678032
0,0,0.04504832831161997
1,1,0.9983161552290777
0,1,0.5389493341522549
1,1,0.8283040374222126
1,1,0.9996755673620571
1,1,0.8005762242206644
1,1,0.9990786583943336
1,1,0.9817118608166338
0,0,0.45384518499957155
1,1,0.944469544927989
1,1,0.7163012980611416
0,1,0.7171789942976542
0,0,0.041606570092726405
1,1,0.8709331297426273
1,1,0.6727182360710374
0,0,0.12728927531203815
0,0,0.07141434586590772
1,1,0.9886675105116426
1,1,0.844458560745566
0,0,0.41654556560423395
1,1,0.8088262148715342
1,1,0.9996101477382081
0,1,0.5670730075316548
0,0,0.03163222428638721
0,0,0.010275470830112949
1,1,0.97946582301658
1,1,0.950349449559096
0,0,0.43012353531369296
1,1,0.9943156031025563
0,0,0.010142841604927243
1,1,0.994773443510944
0,0,0.18893407234511966
1,1,0.9331934306372055
1,0,0.4821723065722396
0,0,0.1182013069071473
1,1,0.9581091872286636
1,0,0.34590468626092297
1,1,0.6743552647346411
1,1,0.7659485376176128
1,1,0.9852074958879128
1,1,0.7672805592492131
1,1,0.9117286857097703
0,0,0.21278001898417864
1,0,0.3504807531027423
1,0,0.35616847394298573
1,1,0.9772441354663337
1,1,0.9813388648433959
1,1,0.8801305796948279
1,1,0.9893797032678032
0,0,0.19779602999588689
0,0,0.23693631652605293
1,1,0.9952300593038914
0,0,0.38991869097210824
0,0,0.2975767395196287
0,0,0.12583833835376057
0,0,0.3124019072791818
0,0,0.003217826321776106
0,0,0.33151089642371007
0,0,0.01945126657435107
1,1,0.9928520295025299
1,1,0.9986700022993967
0,0,0.029558331876409803
1,1,0.711824244513233
0,0,0.0024445193731806843
1,1,0.9920220960091088
0,0,0.06475685851982087
1,1,0.9860561971341337
1,1,0.6600866657336276
0,0,0.15008410270348968
1,1,0.7075863270061837
1,1,0.9441708705830785
1,1,0.9984021414494438
1,1,0.9990416912395266
0,0,0.22626954984441444
1,1,0.8969972657655099
0,1,0.612539006557025
1,1,0.9983930537078082
1,1,0.8554473468583534
0,0,0.0066875032247406705
1,1,0.9488209128341282
0,1,0.5777681824588703
0,0,0.0448627172718309
0,0,0.3136234037966963
1,1,0.7942152027524896
1,1,0.8640434936788731
0,0,0.05778974075767654
0,0,0.1371761553097883
1,1,0.7696160154928906
1,1,0.9901760894396247
1,1,0.8128524043954115
1,1,0.9953873790842094
1,1,0.8842230082129107
1,1,0.9981544166768347
0,0,0.010823366677337581
1,1,0.6784714104799116
0,0,0.22857568465699613
1,1,0.9655256267148103
1,1,0.9867599400677979
1,1,0.9976637184926244
0,1,0.5356862788728504
1,1,0.8495606894272888
1,1,0.9733181791046503
0,0,0.2556180094701487
1,1,0.9481797793189979
1,1,0.8744801588616616
0,1,0.5127748588254254
1,1,0.9742777541456009
1,1,0.9958452467486418
1,0,0.3975406977394954
1,1,0.9949081699485981
1,1,0.546873166580156
1,1,0.9903029473183849
0,1,0.5094951521680846
1,1,0.8577573130692546
1,1,0.8409793064938236
1,1,0.9786587360971257
1,1,0.9545096685716913
0,0,0.0678125141760635
0,0,0.03636673267729617
1,1,0.9567357056102372
1,1,0.8556151077672155
1,1,0.9882177413218692
1,1,0.9952919646920568
1,1,0.9814747158618381
1,1,0.5370988647441064
1,0,0.21183007103316406
0,0,0.09346163701316841
1,1,0.9117286857097703
1,1,0.5950605422685904
0,0,0.0743670655622787
1,1,0.8005762242206644
1,0,0.4505938160850047
1,1,0.9306963136166195
0,0,0.060469636080462366
1,1,0.9972662707340999
1,1,0.9997569175061419
0,0,0.020391761764344193
0,0,0.01769880302533776
1,1,0.9997950411934786
1,1,0.9825034771762856
1,1,0.8982036580372735
0,0,0.12474202826182929
1,1,0.9277331312701291
0,0,0.32216121621332594
0,0,0.15363988318540758
1,1,0.9977241119399108
0,0,0.0589953447637914
1,1,0.9581091872286636
0,0,0.13172801151045516
1,1,0.9895167361425952
1,1,0.9908460245269309
1,0,0.01709957861968825
1,1,0.964641087930725
0,0,0.08291865340595989
1,1,0.9281130487029019
1,0,0.3266695610797949
1,1,0.9981300786113295
1,1,0.6062906813564993
1,1,0.9983597107567834
1,1,0.618750524563693
1,1,0.9843351906678881
0,1,0.9998154673563113
1,1,0.9938527078433493
0,0,0.018004721703134066
1,1,0.9952919646920568
0,0,0.07034439738062657
1,1,0.5411357816716856
1,1,0.998818012953577
1,1,0.7171789942976542
1,1,0.9966979862443657
1,1,0.6231767715329963
1,1,0.9063023912515851
1,1,0.9600988935578172
1,1,0.585537913622711
0,0,0.01110805257626274
0,0,0.016170267156638985
1,1,0.782015678971262
1,1,0.9983380754365883
1,1,0.9919878088126319
1,1,0.9618544242658131
1,0,0.10206166819295058
1,1,0.9977241119399108
1,1,0.9835966227660009
1,1,0.9539363397831332
1,1,0.9990786583943336
1,0,0.2975767395196287
0,0,0.02419613632552218
1,1,0.6710769919700404
0,0,0.47562140003026354
1,0,0.40776201855962263
0,0,0.4585104914323653
0,1,0.8108475229279078
1,0,0.38814913070041424
1,1,0.9937719962606464
1,1,0.9657725812324998
1,0,0.3055842803102536
1,1,0.9847348579575759
0,0,0.30958944912131836
0,1,0.8461747736406366
1,1,0.9843351906678881
1,1,0.5759509291773071
1,1,0.9095930779827923
1,1,0.9968014260136875
1,1,0.9666735484813774
0,0,0.3383209706534374
1,1,0.9379387810533621
1,1,0.9924828013739099
1,0,0.32092201447602753
1,1,0.9988635987754916
0,1,0.9997977132380382
1,1,0.6551495781507028
1,1,0.9017479396081661
1,1,0.984219979040385
1,0,0.3193016978018097
1,1,0.9903573450497177
1,1,0.7091243605420232
1,1,0.7224730375730323
1,1,0.9952030171827896
1,1,0.940608979671354
1,1,0.982276411903807
1,1,0.5606174167291889
1,1,0.9952919646920568
1,1,0.9987379420177451
1,1,0.9997569175061419
1,1,0.9971778211745951
1,1,0.8495606894272888
1,1,0.9962085818110393
1,1,0.8584489744692287
1,1,0.5443931118912385
1,1,0.5982192939530042
0,0,0.13107966496253184
0,0,0.12910507926175957
0,0,0.130588055479491
0,0,0.042971150175117746
0,0,0.026017106743684425
1,1,0.9989495693603937
0,0,0.01777411986778362
1,1,0.9947047564239382
1,0,0.4151656755795613
1,1,0.8609301814829147
1,1,0.8933018888948682
1,1,0.9803527151510525
0,0,0.48653013295047287
1,1,0.5905210438215077
1,1,0.9245304865662213
1,1,0.9464989196244511
1,1,0.8014815806426164
1,1,0.9613699173755036
1,0,0.10519138399324426
0,0,0.12236756981195651
1,1,0.5487173929679996
0,0,0.17210856804099306
1,1,0.9583365848724277
0,0,0.10727328877578071
0,0,0.05654317280730085
0,0,0.07446055258137188
1,1,0.7480079080498604
0,0,0.15194087655933863
0,0,0.09506721757308191
0,0,0.19779602999588689
0,0,0.014209508651162465
1,1,0.9951038079303758
0,1,0.5905210438215077
1,1,0.9990786583943336
1,1,0.9926218142316994
0,0,0.0024445193731806843
0,0,0.36221056877972047
1,1,0.9416508791802392
0,1,0.5043536022439711
1,1,0.9927582751319867
0,1,0.6218419175864939
1,0,0.19829184489759713
0,0,0.14367627665753896
0,0,0.11639473404865454
1,1,0.6444959088023636
0,0,0.2876054292738324
1,0,0.1141584421358578
0,1,0.6062906813564993
1,1,0.5207485194753634
0,0,0.49122922868174485
0,0,0.034865971735815265
0,0,0.2614788653770265
1,1,0.9977703461600823
1,1,0.6231767715329963
0,0,0.07589064875912103
1,1,0.9982714451492708
0,0,0.028088973499366163
0,0,0.09457965524980724
1,1,0.9915333963340822
1,1,0.9988930094407088
1,1,0.9903573450497177
1,1,0.9998105600217538
1,1,0.9934384836395824
0,1,0.7649286592468306
1,1,0.9785026870286089
1,1,0.9188486095872463
0,0,0.366566136709265
1,1,0.8801305796948279
1,1,0.9970039901365138
1,1,0.9800983032435343
1,1,0.9990032423247183
1,1,0.9987044168451429
0,1,0.811717215770432
1,1,0.9481797793189979
1,1,0.6115124800974785
1,1,0.9426756145346106
0,0,0.06146857485706143
0,0,0.21551420032248994
1,1,0.9981784385470024
1,1,0.9995612861317424
1,1,0.9311749804746111
1,1,0.9982021483148281
1,1,0.9401917105704751
1,1,0.7734809399678858
1,1,0.9641906581790691
1,1,0.9686830815975341
0,1,0.8402181713016285
1,1,0.9829490687236798
0,0,0.15982746191200162
1,1,0.681327953549727
1,1,0.7696160154928906
0,0,0.4133591694002143
1,1,0.6710769919700404
0,1,0.8245385103777623
0,0,0.0510441648374044
0,0,0.05684696627427802
1,1,0.9972302530153422
1,1,0.9990786583943336
0,1,0.5936910276503775
1,0,0.48653013295047287
1,1,0.9986524541824932
1,1,0.947315713754713
1,0,0.4930900045985327
1,1,0.9952919646920568
1,1,0.9628059863673162
1,1,0.8490073270754376
0,0,0.39304545765000864
1,1,0.7224730375730323
0,1,0.6279948715392227
1,1,0.994273368421145
1,0,0.48980963008114564
1,1,0.9995496223209375
1,1,0.9985904373018059
1,1,0.8828725364006905
1,1,0.9833835041207732
1,1,0.9340070744192851
1,1,0.5149737255836153
1,1,0.99849497301787
0,0,0.22857568465699613
0,0,0.06864694328464917
1,1,0.9990786583943336
0,1,0.6279948715392227
1,1,0.8993975054547775
0,0,0.0026442845932676752
0,0,0.004763182461614549
1,1,0.8993975054547775
1,1,0.9561891445473928
1,1,0.9998202475920218
0,0,0.48686922182564946
1,1,0.995929494026525
1,1,0.9948412442463185
1,1,0.9957110178240254
0,0,0.03044806071524594
1,1,0.7379835624778779
0,0,0.24761591668111063
1,1,0.9945508283380841
0,0,0.4821723065722396
0,0,0.05477226949399889
0,0,0.06698749834357981
0,1,0.7553572798213338
1,0,0.4441039914192738
1,1,0.995564687003552
0,0,0.09028983774168876
1,1,0.8773333521992764
1,1,0.9988024153615671
1,1,0.9729287528945918
0,1,0.8945464740396186
0,0,0.08291865340595989
1,1,0.9640410936109959
1,1,0.7729335049334769
0,0,0.12875447773522508
1,1,0.9046931831087632
1,1,0.9998154673563113
0,0,0.053428984636642536
1,1,0.9010863523987735
1,1,0.7877050876325821
0,0,0.1474790181943653
1,1,0.7719350007722352
0,0,0.484670443105154
1,1,0.9217367196530778
1,1,0.9862355163562156
1,1,0.6132796624207854
1,1,0.844458560745566
0,1,0.6623275808391198
1,1,0.8686031518199351
1,1,0.6435047728929791
1,1,0.6491948685882408
1,1,0.9990786583943336
1,1,0.9583365848724277
1,1,0.9921253056593492
1,1,0.9915956678696458
1,1,0.997042941447177
1,1,0.9904281828946487
1,1,0.8245385103777623
1,1,0.9806039391641407
0,0,0.09968092091241856
1,0,0.4505938160850047
1,1,0.8374372079450199
1,1,0.9680530043693237
0,0,0.1836210928840616
1,1,0.9245304865662213
1,1,0.9970813878318777
1,1,0.9272323975288678
1,1,0.8245385103777623
0,0,0.014209508651162465
1,1,0.9994145042075985
1,1,0.8384481892042679
1,1,0.9688549463779018
1,1,0.8730323608421326
0,0,0.08136778138665202
1,1,0.9184240337301158
0,0,0.04542851250989944
1,1,0.8417374988890979
1,1,0.9250483099856535
1,1,0.9251423637662018
0,0,0.08493682487781765
0,0,0.18166170500797296
0,0,0.007921868735634828
0,0,0.1394172163017898
1,1,0.964894148389403
1,0,0.4734265517962312
1,1,0.8969972657655099
1,1,0.9997977132380382
1,1,0.9310618107335189
0,1,0.587343518476709
0,0,0.3501718310119715
1,1,0.9848200123041569
0,0,0.06223015333692584
1,1,0.6231767715329963
1,1,0.9888136288558578
1,1,0.929844916622636
0,0,0.0780628309920144
1,1,0.9614856880000132
0,1,0.7877050876325821
1,1,0.9891002998408384
1,1,0.8427267590809824
1,1,0.7588157478316137
1,1,0.8609301814829147
1,1,0.8700939404289411
1,0,0.2754810843520864
1,1,0.9951399479455683
1,1,0.7765234655761507
0,1,0.8577573130692546
0,0,0.07296341318190101
0,0,0.028569260031475974
1,1,0.9704007756285439
0,1,0.6841709319594022
1,1,0.9997868114610065
1,1,0.9709859365531606
0,1,0.5519654636702352
0,0,0.43118352638737434
0,1,0.6491948685882408
0,1,0.7649286592468306
1,1,0.9761793276426219
1,1,0.8356424458179035
1,1,0.9890388891462829
1,1,0.9637347062126157
1,1,0.9996202446667338
1,1,0.8207082758338308
1,1,0.8715703158750236
1,0,0.427967289732315
1,1,0.910666637394176
1,1,0.9875905097788608
1,1,0.844458560745566
0,1,0.5745629918530178
1,1,0.5809668365160404
1,1,0.9666297937537686
1,1,0.6551495781507028
1,1,0.9891339045046089
1,1,0.9989357059470192
1,1,0.9058189029430663
1,1,0.9080346508480965
1,1,0.944469544927989
1,1,0.9556359989121207
0,0,0.004404049750510938
1,1,0.5841586993356984
0,0,0.46177097224712543
1,1,0.9127793170637408
1,1,0.9997868114610065
1,1,0.9567357056102372
0,0,0.0493163655906041
1,1,0.601369911930054
1,1,0.9915333963340822
0,0,0.02269408150984424
1,1,0.9509651275553892
0,0,0.016030828612686548
1,1,0.9895754978702758
0,1,0.757774617518357
1,1,0.5649107797104265
1,1,0.9458303585966025
1,1,0.8570628347371824
1,0,0.46177097224712543
1,1,0.9978961049706292
0,0,0.052330806497616705
1,1,0.9694697060533404
1,1,0.9996396610646312
1,1,0.9672311118572204
0,0,0.2754810843520864
1,1,0.951573560035399
1,1,0.5389493341522549
1,1,0.5454651658109889
1,1,0.9988486020440475
1,1,0.9929046719448194
1,1,0.9817118608166338
1,1,0.5324201654002289
1,1,0.9985229704033362
1,1,0.9980034983315873
1,1,0.9746046446726361
1,1,0.9430766032052263
1,0,0.421553302320661
1,0,0.10950845255247427
1,1,0.9981054202042215
0,0,0.012413656172565435
1,1,0.8461747736406366
1,1,0.7920617389436476
0,0,0.1419035997910601
0,0,0.005018649332257458
1,1,0.9932651335179687
0,0,0.06377980333738553
1,1,0.8969972657655099
1,1,0.7742374910813979
0,0,0.18473975223237604
0,0,0.04917020719750725
1,1,0.771173014233013
0,1,0.7553572798213338
1,1,0.904049317676326
0,0,0.26257728729778373
0,0,0.011699817516682665
1,1,0.7968579126515735
1,1,0.7855018969824369
1,1,0.9989357059470192
1,1,0.9583365848724277
1,1,0.8026634787460883
1,1,0.9927582751319867
1,1,0.9895754978702758
1,1,0.9967166285527443
0,0,0.13475959596459938
1,1,0.9521748226633879
1,1,0.9245304865662213
1,1,0.9989357059470192
1,1,0.9376073010217579
1,1,0.7250970524662422
1,1,0.9855043084466357
1,1,0.8715703158750236
1,0,0.26573535299686407
1,1,0.9603831270062702
1,1,0.5713515215575721
0,0,0.04856018121205859
1,1,0.681327953549727
0,1,0.7250970524662422
1,1,0.7171789942976542
1,1,0.9340070744192851
1,1,0.9997753222899541
0,0,0.40384440395311194
0,0,0.04461993841957559
0,1,0.5958125627485998
1,1,0.9659598573222625
1,1,0.9650860570877904
1,1,0.5649107797104265
0,0,0.14787195327258265
1,1,0.8577573130692546
1,1,0.9835047205864631
1,1,0.9550761975070822
1,1,0.9985611840126101
1,1,0.9441708705830785
0,0,0.10478515887933411
0,0,0.016030828612686548
1,1,0.9938070553027578
0,1,0.7787929065349528
1,1,0.875913794275445
0,1,0.5029335684897758
1,1,0.9933897753450568
1,1,0.9909643103596835
1,1,0.9952919646920568
1,1,0.9976329248404251
1,1,0.9890535939981566
1,1,0.9207846222951895
1,1,0.8686031518199351
1,1,0.9906738682555242
1,1,0.9929445787163662
1,1,0.7984724355203553
1,1,0.9938262392325199
0,1,0.8670978682490142
1,1,0.9744636716418852
1,1,0.9198219498933219
1,1,0.9725808970910168
1,1,0.9983161552290777
1,1,0.9998055222102912
1,1,0.8679534748321744
0,1,0.7302986177767875
1,0,0.3455055680411724
1,1,0.7091243605420232
0,0,0.40776201855962263
0,0,0.38814913070041424
1,1,0.9813388648433959
1,1,0.9880639333464991
1,1,0.8108475229279078
1,1,0.97946582301658
1,1,0.8346173697118611
1,1,0.9983161552290777
0,0,0.016380407588815555
1,1,0.994273368421145
0,1,0.8512305241850368
1,1,0.951573560035399
0,0,0.11834285295388186
1,1,0.9709859365531606
0,0,0.01970319126261794
1,1,0.9567357056102372
1,1,0.9965402534448866
1,1,0.9997868114610065
1,1,0.9988930094407088
1,1,0.9583365848724277
1,1,0.9855043084466357
1,1,0.9957905856309636
0,0,0.15940870093136703
0,0,0.3124019072791818
1,1,0.9769504170907978
1,1,0.8588278958206681
0,0,0.05568266770435736
1,1,0.9808520135924808
0,0,0.2096469706405587
1,1,0.5094951521680846
0,0,0.009022942324410957
1,1,0.929844916622636
1,1,0.9720749147341785
0,1,0.7145091574861984
0,0,0.012413656172565435
1,1,0.8577573130692546
0,0,0.0025093764020217364
1,1,0.8412151369405998
1,1,0.8340197800424476
1,1,0.9997895907738721
1,1,0.9992083364395271
0,0,0.4344055782954356
0,0,0.05614732329850881
0,0,0.002974861536338529
1,1,0.8427267590809824
0,0,0.2676918179728593
0,1,0.6062906813564993
0,1,0.7379835624778779
0,0,0.16657019243080692
1,1,0.9899174241750905
1,1,0.9807450353844948
1,1,0.9967166285527443
0,0,0.14841752186699347
1,1,0.9983161552290777
0,0,0.3171313829422299
1,1,0.999783995443899
0,0,0.006184182824330479
1,1,0.9763518343898988
1,1,0.83120975070678
1,1,0.9790479956231849
1,1,0.9989495693603937
1,1,0.6300489041756991
1,1,0.8097030202477338
1,1,0.994773443510944
1,1,0.9567357056102372
1,1,0.5926477740168115
0,0,0.12017555033568601
1,1,0.9272323975288678
1,1,0.6872919897724283
1,1,0.9596613872803775
0,1,0.9985275674527515
0,0,0.09394403390150013
0,0,0.127636471555674
1,1,0.9542623805991228
1,1,0.7920617389436476
0,1,0.7649286592468306
0,0,0.11110290112365148
1,1,0.9635356503019726
0,0,0.096202404079502
1,1,0.9980804372552946
0,0,0.010823366677337581
0,0,0.031902966231911516
1,1,0.9844225392314909
1,0,0.3152282496386687
1,1,0.9972662707340999
1,1,0.8461747736406366
1,1,0.9855852333581331
0,0,0.10519138399324426
1,1,0.9462105387710636
1,1,0.9997600864493149
1,1,0.8679534748321744
1,1,0.9437771307735142
1,1,0.6521781702430804
1,1,0.7649286592468306
0,0,0.005357231919178618
1,1,0.9230826226278005
1,0,0.4799748984633946
1,1,0.964894148389403
0,0,0.06536535280480661
0,1,0.6310560017412639
1,1,0.9911466500738311
1,1,0.9946047751011912
1,1,0.9950760535963331
1,1,0.8730323608421326
0,0,0.11036977169194821
1,1,0.9981544166768347
0,0,0.27286910731966113
0,0,0.06510173709430234
1,1,0.9694697060533404
1,1,0.972731973112192
0,0,0.17779180836474878
1,1,0.9989357059470192
1,1,0.963273169854001
1,1,0.9895167361425952
0,0,0.04230792930404922
1,1,0.8047342155794974
1,1,0.9990786583943336
0,0,0.4109354921047344
1,1,0.9990786583943336
1,1,0.9793155507027861
0,1,0.5841586993356984
0,0,0.33959375896018523
1,1,0.5043536022439711
0,0,0.30679101357208904
1,1,0.9766529981559756
1,1,0.9423678801869569
0,0,0.3324696470520044
1,1,0.993401351920814
1,1,0.9990786583943336
1,1,0.8767207143072235
0,0,0.21721029406639888
1,1,0.9458303585966025
0,0,0.13172801151045516
1,1,0.9885195057037858
1,1,0.9983380754365883
1,1,0.9333877925668428
1,1,0.9188486095872463
1,1,0.6371465157037026
1,1,0.9983597107567834
1,0,0.10396232872856452
1,1,0.9779435056633495
1,1,0.9942409339386405
1,1,0.9929445787163662
0,1,0.6491948685882408
0,0,0.2651266692045012
0,1,0.5240232759893065
0,0,0.40247756486052877
0,0,0.016593232838556998
0,1,0.9997923338607022
0,0,0.041904455862837045
0,0,0.1356300350613796
0,1,0.9017479396081661
0,1,0.8156963934760757
0,0,0.3836924529311956
0,0,0.02680318601553659
1,1,0.9272323975288678
0,1,0.9997753222899541
1,1,0.8640434936788731
1,1,0.9984139744451314
1,1,0.929844916622636
1,1,0.9882836980784147
1,1,0.9988930094407088
1,1,0.9950394408223829
1,1,0.661055982596689
1,1,0.9951399479455683
0,0,0.01853146467847998
0,0,0.4398006861393068
1,1,0.9989495693603937
1,1,0.994773443510944
1,1,0.9802430035930007
0,0,0.427967289732315
1,1,0.9855852333581331
1,1,0.6031532903252911
0,0,0.0052191546965538295
0,0,0.460359474167805
1,1,0.8570628347371824
1,1,0.987908142098858
1,1,0.957275752733905
1,1,0.9980804372552946
1,1,0.9272323975288678
1,1,0.962062296495676
1,1,0.5735059066426188
1,1,0.9430766032052263
1,1,0.994273368421145
0,0,0.04023105714068475
0,0,0.09533612558059945
1,1,0.9744636716418852
1,1,0.9928520295025299
0,0,0.20841604647639705
1,1,0.9864125612851161
0,0,0.1542028813840378
0,1,0.5411357816716856
1,1,0.9943893096068215
1,1,0.9948120093151644
0,0,0.35316437397378353
0,0,0.05364804632959482
1,1,0.984219979040385
1,1,0.9885837927066815
1,1,0.9893011897919557
1,1,0.9990786583943336
0,0,0.1524987706998134
1,0,0.29147386469284264
1,1,0.9993581976828159
1,1,0.9938527078433493
1,1,0.9757380929297094
1,1,0.8957782354253908
1,1,0.9943893096068215
1,1,0.9998105600217538
1,1,0.9148467050673842
1,1,0.9992083364395271
0,0,0.44734666124081224
0,0,0.0025093764020217364
1,1,0.9990032423247183
1,1,0.7564054602781007
1,1,0.9336560798465607
1,1,0.9934384836395824
1,1,0.618750524563693
0,0,0.02092280077917413
0,0,0.0031347163275026453
0,1,0.585537913622711
1,1,0.5160534658338373
0,0,0.48653013295047287
1,1,0.9727787366042296
1,1,0.8005762242206644
1,1,0.7649286592468306
0,1,0.5389493341522549
1,1,0.9698558090130334
1,1,0.9986166612656021
0,0,0.005793640517248169
1,1,0.9800983032435343
0,0,0.014771756295731943
1,0,0.08910730131974196
0,0,0.0037646764097772527
0,1,0.9997600864493149
1,0,0.42475712887213984
1,1,0.9899739626871615
1,1,0.9990786583943336
1,0,0.24819797667611512
1,1,0.9998202475920218
0,1,0.7064096145052107
1,1,0.9957905856309636
1,1,0.9989632523774195
1,1,0.7984724355203553
1,1,0.6954043206532363
0,0,0.24412900160167358
0,0,0.02335475276204221
0,1,0.5182514373060211
0,0,0.06475685851982087
1,0,0.30837660515357884
0,0,0.12521479951783
0,0,0.051836922642656526
1,1,0.9588575083281586
0,0,0.027732861629862094
0,1,0.5029335684897758
1,1,0.8916273593465923
1,1,0.7379835624778779
0,0,0.18212625809964691
0,1,0.9458303585966025
1,1,0.8348607823408952
1,1,0.711824244513233
0,0,0.4422667894333043
0,0,0.4963709741972644
0,0,0.008565397595380652
0,0,0.26257728729778373
0,0,0.38814913070041424
1,1,0.7593866238583135
1,1,0.5160534658338373
1,1,0.9975056478667068
1,1,0.9893797032678032
1,1,0.9045409329847344
0,1,0.6231767715329963
1,1,0.8730323608421326
0,0,0.16840030104878406
1,1,0.9935234891988433
1,1,0.9985229704033362
1,1,0.9481797793189979
1,1,0.9702763492067771
0,0,0.036940411513632
0,0,0.28075126659599003
0,0,0.3805934353908648
0,1,0.7277056080299028
1,0,0.3055842803102536
0,1,0.6031532903252911
1,1,0.9939665415166078
1,1,0.9567357056102372
0,0,0.004404049750510938
1,0,0.41411639384483323
0,0,0.2984811699153153
1,1,0.752923683666133
0,0,0.026351784097423184
1,1,0.8655780088401656
0,0,0.03442698452536464
1,1,0.711824244513233
1,1,0.9409255171499881
1,1,0.987908142098858
1,1,0.9908460245269309
1,1,0.9980034983315873
1,1,0.9934384836395824
1,1,0.9933030265934446
0,0,0.4930900045985327
0,0,0.014394540895369777
0,0,0.0024445193731806843
1,1,0.9337401057907599
1,1,0.9943476194465779
1,1,0.9905112708296482
0,0,0.017928445534284566
1,1,0.8301626473181775
0,0,0.20108028096858271
1,1,0.775536163451626
1,1,0.8842230082129107
1,1,0.8744801588616616
1,1,0.661055982596689
1,1,0.9981300786113295
1,1,0.9864125612851161
1,1,0.999653569286112
1,1,0.9970813878318777
0,1,0.7787929065349528
1,1,0.8670978682490142
0,1,0.9997693476113244
0,0,0.2651266692045012
1,1,0.9089789844159593
0,1,0.681327953549727
0,0,0.03956270496235014
1,0,0.32860862155331805
0,0,0.20319710930077298
0,1,0.5727421449606106
0,0,0.01709957861968825
1,1,0.9956791059244319
0,0,0.47015566222137095
1,1,0.7908328909832878
1,1,0.6371465157037026
1,0,0.3591839377459087
1,1,0.9154248941671645
0,0,0.02119337223380447
1,1,0.9770779849904112
1,1,0.9564999670242352
1,1,0.9795797603917146
0,1,0.9986914083978533
0,0,0.015621971023386421
1,1,0.9989632523774195
1,1,0.9983597107567834
0,0,0.060893992713919244
0,0,0.057554795771395405
1,1,0.9764826353972449
0,0,0.04177929871151767
1,1,0.9930359380431061
1,1,0.9933897753450568
1,1,0.5905210438215077
1,1,0.7102946546087837
0,0,0.08202815355427152
1,0,0.48980963008114564
0,1,0.7770647419199049
0,1,0.7405135975921036
0,0,0.1957216470942879
1,1,0.985770521837321
1,1,0.9984434762641826
1,1,0.8512305241850368
1,1,0.9967409029257968
1,1,0.9739467683463449
0,0,0.29692461460997227
1,1,0.99964899388496
1,1,0.9907943579892672
1,1,0.9779435056633495
1,1,0.9949171009456788
0,0,0.4151656755795613
1,1,0.9458303585966025
1,1,0.9966733932865633
1,1,0.5291512711446453
1,1,0.9902311917879708
0,0,0.26257728729778373
1,1,0.9637347062126157
1,1,0.7719350007722352
1,1,0.8907738779619359
1,1,0.5817266329624269
1,1,0.9979234819975661
1,1,0.8633748180985863
1,1,0.8226315028640138
0,0,0.024094274087126392
1,1,0.9779435056633495
1,1,0.9990786583943336
1,1,0.6341066189092586
0,0,0.3108049195852562
1,1,0.7696160154928906
0,1,0.5598482882440098
1,1,0.9977537219958323
0,0,0.2984811699153153
1,1,0.7601756530104972
1,1,0.9978402656872045
0,0,0.25644147124451255
0,0,0.026884738351928065
1,1,0.9938070553027578
1,1,0.9844495744132383
1,1,0.9987543782768065
1,1,0.9997117046067732
1,1,0.8815084230469539
1,1,0.9738022415218106
0,0,0.0448627172718309
1,1,0.9982021483148281
1,1,0.9696373892115591
1,1,0.9911963569456695
1,1,0.9932151471771151
1,1,0.5823490683358178
1,1,0.8067884537668885
0,1,0.8245385103777623
1,1,0.9486105750312889
1,1,0.9876599339148053
0,1,0.7742374910813979
1,1,0.9943893096068215
1,1,0.9947047564239382
1,0,0.25812347442943545
1,0,0.3726825169642238
0,0,0.15081013440706798
0,1,0.9998029532956114
1,1,0.9561891445473928
0,0,0.4799748984633946
0,0,0.26830424075567666
1,1,0.9982939463957221
1,1,0.7419416036620718
0,1,0.6581089088892191
1,1,0.9680530043693237
1,1,0.994773443510944
1,1,0.6926170306320419
0,0,0.026017106743684425
0,0,0.28492370306584336
0,1,0.9997868114610065
0,0,0.0043468722386859285
1,1,0.7091243605420232
1,0,0.4901488227674926
0,0,0.0031347163275026453
0,0,0.024404836391342444
0,0,0.04810007727198122
0,0,0.03231084602736771
1,1,0.9982992550364495
1,1,0.9095930779827923
0,1,0.816813005247358
1,1,0.9986166612656021
1,1,0.8773333521992764
1,0,0.37883991606256134
1,1,0.8374372079450199
1,1,0.9997923338607022
1,1,0.8900474063043846
1,0,0.1325818695132009
1,1,0.9769504170907978
0,0,0.02918415085815134
0,0,0.07567200137351796
1,1,0.5713515215575721
0,0,0.040572313392265934
0,0,0.36221056877972047
1,1,0.9970039901365138
0,0,0.07681628777997877
1,1,0.9957905856309636
1,1,0.8787389184869494
0,0,0.2984811699153153
0,0,0.12110935896752877
1,1,0.9678219551454312
0,0,0.0033466270953344027
1,1,0.9977537219958323
1,1,0.8128524043954115
1,1,0.9749274878276297
1,1,0.5777681824588703
0,0,0.11775145190154504
0,0,0.024404836391342444
0,0,0.009504693776528786
1,1,0.9990786583943336
1,1,0.9995190886803329
1,1,0.8969972657655099
1,1,0.966388808868252
0,1,0.640175488079973
0,0,0.01693225655437951
0,0,0.08392222842189989
0,0,0.4441039914192738
1,1,0.5989694016634083
0,0,0.006775259218535295
0,0,0.08202815355427152
1,1,0.9063023912515851
1,1,0.917864508305453
1,1,0.85452428777577
1,1,0.9997569175061419
1,1,0.9749274878276297
1,1,0.9694697060533404
0,0,0.031727990609291316
1,1,0.9755612211746016
0,0,0.11549250043314928
0,0,0.2754810843520864
1,1,0.967742177505165
0,0,0.43118352638737434
0,0,0.09762435522384216
0,0,0.22757560379346797
0,1,0.5338340408145417
1,1,0.9363930525050932
1,1,0.8633748180985863
1,1,0.9608795068041617
0,1,0.7354376723016418
1,1,0.8283040374222126
1,1,0.9809913401825957
1,1,0.8338318005279952
1,1,0.8478754614666892
1,1,0.998901211297482
1,1,0.9509651275553892
0,0,0.16657019243080692
0,0,0.18606914952909667
1,1,0.9818692255168389
1,1,0.8969972657655099
0,0,0.04896848379996736
0,0,0.3836924529311956
1,1,0.5968532247140765
0,1,0.9997950411934786
1,1,0.999016226880745
0,0,0.33081943008154735
1,1,0.8686031518199351
1,1,0.9837163102862061
1,0,0.3136234037966963
1,1,0.9900475886709849
1,1,0.9904281828946487
0,0,0.008454652351977654
1,0,0.4996522563670139
1,1,0.9790479956231849
0,0,0.12474202826182929
1,1,0.993176760274588
0,0,0.08596253649361343
1,1,0.9990664970850345
1,1,0.9990664970850345
0,0,0.0743670655622787
1,1,0.796352098771009
0,0,0.26915379354438856
1,1,0.8320052183350254
1,1,0.9550761975070822
1,1,0.9927173223215874
1,1,0.7354376723016418
0,0,0.0132445009722661
1,1,0.9289838583011274
1,1,0.9909133053240968
1,1,0.9938527078433493
1,1,0.9968014260136875
0,0,0.07092221198617574
0,0,0.012163986026918958
1,1,0.9941401590385772
1,1,0.6898156115938646
1,1,0.9787770546969996
0,0,0.003014046644622432
0,1,0.9988370396185319
1,1,0.9888136288558578
1,1,0.9766529981559756
1,1,0.8894902683193137
0,0,0.005946825398830191
1,1,0.8179243620343406
0,1,0.5519654636702352
1,1,0.9997950411934786
1,1,0.9828536017782014
1,1,0.6249234388913726
0,1,0.5936910276503775
1,1,0.8907738779619359
1,1,0.8715703158750236
1,1,0.9484581775999802
1,1,0.9448587189401246
1,1,0.9958452467486418
1,0,0.3514655214452973
0,1,0.5062146279372254
1,1,0.9272323975288678
0,1,0.5076344647296782
0,0,0.24900553111913665
0,0,0.31429580885429964
1,1,0.984219979040385
0,0,0.47015566222137095
1,1,0.9770779849904112
1,1,0.9929965443721405
1,1,0.5695272276838712
0,0,0.2133034070504374
1,1,0.976046881051989
1,1,0.9481797793189979
1,1,0.9848200123041569
1,0,0.15461048220582738
1,1,0.6743552647346411
0,0,0.012811275476167918
0,0,0.024404836391342444
0,1,0.7696160154928906
0,0,0.003390692475061651
0,0,0.3124019072791818
1,1,0.9990786583943336
1,1,0.9490960516146131
1,1,0.9706138702794237
1,1,0.950349449559096
1,1,0.5258798744683457
0,0,0.12297892338587786
0,0,0.1394172163017898
0,1,0.7302986177767875
1,1,0.9958452467486418
1,1,0.9506995664696751
1,1,0.9739467683463449
1,1,0.8538167148051894
1,1,0.936835043484674
1,1,0.9978117939336192
0,0,0.007326331708969067
1,1,0.9294734564752064
1,1,0.8283040374222126
0,0,0.09929361456921379
1,1,0.995238428413738
1,1,0.9915956678696458
1,1,0.9994444340021078
1,1,0.6094193307230218
1,1,0.9217367196530778
0,0,0.03885428573210155
0,0,0.16657019243080692
1,1,0.9672311118572204
1,1,0.9911466500738311
0,1,0.6491948685882408
0,0,0.0247193002836041
0,1,0.531005769130484
0,0,0.01961986336910926
1,1,0.9548318434842868
1,1,0.9874989363240039
1,1,0.9974057304140368
1,1,0.9974727760224698
0,0,0.01920249989464713
1,1,0.9957352084558112
1,1,0.9690788153508466
1,1,0.9962085818110393
0,0,0.020131213823208247
1,1,0.8842230082129107
1,1,0.9997723545464189
1,1,0.9475310583029909
0,1,0.7765234655761507
0,0,0.12297892338587786
1,1,0.9746046446726361
1,1,0.988130740774386
0,1,0.6391790504664909
0,0,0.43903169002473474
1,1,0.995952457422236
0,0,0.4723489489109185
1,1,0.7455258332576098
0,0,0.008130864152433076
1,0,0.17398682376716598
1,1,0.8088262148715342
1,1,0.7942152027524896
0,0,0.07722008891633551
1,1,0.8392161424231321
0,0,0.017374801597930187
1,1,0.7379835624778779
0,0,0.013492539057379727
1,1,0.9188486095872463
0,0,0.03621553555262096
1,1,0.9570428246355068
1,1,0.9198219498933219
1,1,0.9824055600522487
1,1,0.6739676604361944
1,1,0.9245304865662213
1,1,0.9545096685716913
1,1,0.9471596902565044
0,0,0.098005858903206
1,1,0.9806039391641407
1,0,0.26573535299686407
1,1,0.9245304865662213
0,0,0.01847477015248341
1,1,0.8692501138755164
1,0,0.49122922868174485
0,0,0.06274581540237942
0,0,0.018060000307268082
0,0,0.043932438162771134
1,1,0.9226783346000802
1,1,0.9961586823943323
0,0,0.022025785898109378
1,1,0.9858745752586013
0,0,0.1840895294384598
1,1,0.9948412442463185
1,0,0.08392222842189989
1,1,0.9900475886709849
0,0,0.04917020719750725
1,1,0.9984229440608903
1,1,0.8815084230469539
0,1,0.6310560017412639
1,1,0.9940886577764247
0,1,0.7091243605420232
1,1,0.9401917105704751
0,0,0.48325179520979483
1,1,0.9241331832365864
1,1,0.8301626473181775
0,1,0.5215275790287658
1,1,0.7328759989094763
1,1,0.9952919646920568
1,1,0.9875905097788608
1,1,0.9806039391641407
1,1,0.9601664350436762
0,0,0.020655610758818697
0,0,0.25065520316339945
1,1,0.9024055810355139
0,1,0.999813029785442
1,1,0.8528850338178778
0,0,0.016593232838556998
1,1,0.9984637415633683
1,1,0.9831676639451401
1,1,0.9853975678939676
0,1,0.6341066189092586
1,1,0.9521748226633879
0,0,0.34324695668887456
0,0,0.08335163665768908
1,1,0.9990786583943336
1,1,0.5936910276503775
0,0,0.13784987247576172
1,1,0.9806039391641407
1,1,0.7430277094045847
1,1,0.8478754614666892
1,1,0.9977537219958323
1,1,0.9974057304140368
0,0,0.05997148332645084
0,0,0.32216121621332594
0,0,0.05778974075767654
0,1,0.7855018969824369
1,1,0.9860561971341337
1,1,0.9621266455890182
1,1,0.8431400772383582
1,1,0.961645458449032
1,1,0.9912117409011728
1,1,0.7145091574861984
1,1,0.9800983032435343
0,0,0.06590516849467193
1,1,0.9997923338607022
0,0,0.48325179520979483
0,0,0.06636497555119096
1,1,0.7864574345885752
1,1,0.9964018042223074
1,1,0.998608791894743
1,1,0.9894392249066382
1,1,0.8801305796948279
1,1,0.9929046719448194
0,0,0.4520004514035849
1,1,0.9029047137193412
0,0,0.013846449168602401
1,1,0.9832904281990862
0,0,0.3868009466050505
1,1,0.9966733932865633
1,1,0.8047342155794974
0,0,0.34254355469079284
1,1,0.9812345545944748
1,1,0.9744636716418852
0,0,0.21058974431144412
0,0,0.016239186883853195
1,1,0.9997950411934786
0,0,0.3295631166195162
0,0,0.05020557300765637
1,0,0.48872934715829214
0,0,0.4006884424576212
1,1,0.8715703158750236
0,0,0.4183560664835211
0,0,0.2207282061892748
0,0,0.2651266692045012
1,1,0.9148467050673842
1,0,0.3836924529311956
1,1,0.5624504605137195
0,0,0.05684696627427802
0,1,0.5356862788728504
1,1,0.978568257033815
1,1,0.7951420477558511
0,0,0.07659519459249897
1,1,0.9117286857097703
1,1,0.9236095595267627
0,1,0.9763518343898988
1,1,0.9533561382575643
0,0,0.24333213799976564
1,1,0.9250483099856535
1,1,0.9063023912515851
1,1,0.546873166580156
1,1,0.9841315129562445
0,0,0.014963998834290379
1,1,0.9998029532956114
1,1,0.9964485567015097
0,0,0.014880498985739085
0,0,0.1419035997910601
1,1,0.9989216597640695
0,0,0.346211849489914
1,1,0.569959770438714
0,1,0.6916958775179558
1,1,0.9997300121329201
1,1,0.9736116388813519
0,0,0.08335163665768908
1,1,0.6910297432493925
0,0,0.04284294956384354
0,0,0.2860824610014949
1,1,0.9941652896903262
0,0,0.11912185194136311
1,1,0.9990786583943336
0,1,0.681327953549727
1,1,0.8409793064938236
1,0,0.3471910347646233
1,1,0.9497264498325336
1,1,0.967644580471096
0,0,0.01970319126261794
1,0,0.4799748984633946
0,0,0.0678125141760635
1,1,0.9990786583943336
1,1,0.9986166612656021
0,0,0.21721029406639888
0,0,0.01920249989464713
1,1,0.587343518476709
1,1,0.7747826983683072
1,1,0.9826310000035984
1,1,0.9944209131415381
1,1,0.9934384836395824
0,0,0.4430369768084994
1,0,0.38991869097210824
1,1,0.5616820320104408
1,1,0.9990541754036983
1,1,0.9548318434842868
1,1,0.9807450353844948
1,1,0.9074110491215264
1,1,0.6639906230006536
0,1,0.5598482882440098
1,1,0.8067884537668885
0,1,0.5226062545913133
0,0,0.03442698452536464
0,0,0.13666527735641593
1,1,0.9988334076365699
1,1,0.9005789014422876
1,0,0.4394663033726803
1,1,0.9556359989121207
0,0,0.3944014078149633
1,1,0.832441110664467
0,0,0.2676918179728593
1,1,0.9937719962606464
0,0,0.0816014333179963
1,1,0.9965402534448866
0,1,0.8283040374222126
1,1,0.9430766032052263
1,1,0.9998003504541535
1,1,0.996759303725597
1,1,0.5272959680260666
1,1,0.7236105579443446
1,1,0.9245304865662213
0,0,0.2717434975679177
1,1,0.9855852333581331
1,1,0.7984724355203553
0,0,0.07869867841563932
1,1,0.7898917015669283
1,1,0.9995436746916828
1,1,0.9769504170907978
1,1,0.9869303290151759
1,1,0.9946351715235943
1,1,0.9769504170907978
0,0,0.023888164792444204
0,0,0.01394847662177654
1,1,0.9691194615272769
1,1,0.9990032423247183
1,1,0.8640434936788731
1,1,0.987098553863
1,1,0.9890197437219272
1,0,0.36221056877972047
1,1,0.7064096145052107
1,1,0.995506351417736
0,0,0.2743487652648323
1,1,0.8348607823408952
1,1,0.994462065721587
0,0,0.3402942388642614
1,1,0.8881934672670668
1,1,0.8495606894272888
0,0,0.1141584421358578
0,0,0.06949087458671095
1,1,0.9870033978880907
0,0,0.0024445193731806843
1,1,0.9455385814285742
1,1,0.9935234891988433
0,1,0.8421529298916974
0,1,0.5324201654002289
0,1,0.6156494798601748
0,0,0.153463468013719
0,0,0.04691230600025106
1,1,0.9990786583943336
1,1,0.9017479396081661
1,1,0.929844916622636
0,0,0.06071571320750379
1,1,0.9998003504541535
0,0,0.016715156886727707
0,1,0.5411357816716856
1,1,0.910666637394176
1,1,0.9682824489510734
1,1,0.7145091574861984
1,1,0.9570428246355068
0,0,0.04856018121205859
1,1,0.9729287528945918
0,1,0.7009359908554017
0,0,0.43118352638737434
1,1,0.9630716776963741
1,1,0.5240232759893065
0,0,0.43903169002473474
1,1,0.5324201654002289
1,1,0.9311749804746111
0,1,0.9484581775999802
0,0,0.19277826366648793
0,0,0.1169802245475714
1,1,0.9998003504541535
0,0,0.29301375436369714
1,1,0.9937719962606464
0,0,0.05724744922375114
1,1,0.8815084230469539
1,1,0.6698219169182512
0,0,0.016380407588815555
1,1,0.976046881051989
1,1,0.9484581775999802
0,1,0.6391790504664909
0,0,0.4683014781412426
1,1,0.9989900865622885
1,1,0.9876599339148053
1,1,0.9797281529580855
0,0,0.27286910731966113
0,0,0.18559682146830667
1,1,0.7942152027524896
1,1,0.752923683666133
0,0,0.19162236949017247
1,1,0.7480079080498604
0,0,0.2860824610014949
1,1,0.8815084230469539
1,1,0.8694505266248809
1,1,0.7810457993192715
0,0,0.009381918943121556
0,1,0.6341066189092586
1,1,0.8773333521992764
1,1,0.9608795068041617
1,1,0.9946047751011912
0,1,0.7810457993192715
1,1,0.9074110491215264
1,1,0.9997663009673536
1,1,0.9870033978880907
1,0,0.47484286066641934
1,1,0.9800983032435343
0,1,0.5160534658338373
1,0,0.49779103496301347
1,1,0.9527689905514983
0,0,0.035909552872973524
1,0,0.3944014078149633
0,0,0.027580105859112566
0,0,0.06352214748395206
1,1,0.9913740547335305
1,1,0.9982486476531268
1,1,0.8787389184869494
1,1,0.752923683666133
1,0,0.4408660760531917
1,1,0.7064096145052107
0,0,0.16700402873517453
0,0,0.12665958867623103
0,0,0.3279202392680931
1,1,0.994502916429097
1,1,0.9989632523774195
1,1,0.7198336535445196
1,1,0.791124618533447
1,1,0.9464989196244511
1,1,0.9363930525050932
1,1,0.681327953549727
1,1,0.939449375431604
1,1,0.9996251946764233
1,1,0.9944932617098389
1,0,0.48872934715829214
1,1,0.8945464740396186
0,0,0.4365695055984554
1,1,0.601369911930054
1,1,0.9988486020440475
0,0,0.009629059663962705
1,1,0.9900475886709849
1,1,0.9965852131752794
0,1,0.6581089088892191
1,0,0.36221056877972047
0,0,0.08136778138665202
0,1,0.5149737255836153
0,0,0.013492539057379727
1,1,0.9929445787163662
0,0,0.019873927395232475
0,1,0.5018528125453432
1,1,0.999583715747749
1,1,0.9696373892115591
1,1,0.9998178731538345
0,0,0.003572811954667626
0,0,0.13323650695272485
0,0,0.09570963558377113
0,0,0.15633383749261667
0,0,0.03032069659803253
1,1,0.9952919646920568
1,1,0.9947047564239382
0,0,0.10327084332989266
0,0,0.3455055680411724
0,0,0.47015566222137095
1,1,0.9977537219958323
0,1,0.612539006557025
1,1,0.9775341970893136
0,0,0.34422217143686745
1,1,0.8700939404289411
1,1,0.9982939463957221
1,1,0.9990235166937365
1,1,0.7745457659056048
1,1,0.9757380929297094
0,0,0.18166170500797296
1,1,0.915863649570633
1,1,0.681327953549727
1,1,0.9820464536854656
0,0,0.03083793204569273
0,0,0.48653013295047287
1,1,0.9570428246355068
1,0,0.3608993369223611
1,1,0.9799872000358819
0,0,0.02503771215094483
0,1,0.7328759989094763
0,0,0.008906334456310132
0,0,0.09283275891966662
1,1,0.9982255500207126
1,1,0.9989632523774195
1,1,0.8957782354253908
0,0,0.09734968749886157
1,1,0.9945646772033089
1,1,0.7230985451647158
1,1,0.989240898632412
1,1,0.9550761975070822
1,1,0.6797093286330601
0,0,0.42475712887213984
1,1,0.9983161552290777
1,1,0.9245304865662213
1,1,0.9471596902565044
0,1,0.998468522671587
0,0,0.11283782775316556
1,1,0.7262278931580891
1,1,0.9637347062126157
1,1,0.994773443510944
0,0,0.1356300350613796
1,0,0.42475712887213984
0,0,0.021011543803735436
1,1,0.8097030202477338
0,0,0.05515899114998891
1,1,0.9779435056633495
0,1,0.885559927506729
1,1,0.6639906230006536
1,1,0.9813388648433959
1,0,0.1325818695132009
1,1,0.9996580850668344
1,1,0.8938421039022779
0,1,0.5606174167291889
1,1,0.9734653036207243
1,1,0.9717164063650301
1,0,0.3604924526432478
0,0,0.07869867841563932
1,1,0.9613699173755036
1,1,0.6756014532431688
1,1,0.9921253056593492
0,1,0.7328759989094763
0,0,0.031232634659780465
1,1,0.9859534625487603
1,0,0.20129841818227154
0,0,0.22681655870449915
1,1,0.9858745752586013
0,0,0.026351784097423184
1,1,0.8088262148715342
1,1,0.8809138065064669
0,0,0.2053304947478992
1,1,0.995564687003552
1,1,0.8715703158750236
1,1,0.7765234655761507
1,0,0.3993251300585087
1,1,0.5272959680260666
1,1,0.8356424458179035
1,1,0.9964018042223074
1,1,0.7765234655761507
0,0,0.44627811032896164
1,1,0.9017479396081661
1,1,0.9990786583943336
1,1,0.9988334076365699
1,0,0.3608993369223611
1,1,0.973124151850445
1,1,0.9952919646920568
1,1,0.9990786583943336
0,1,0.9997923338607022
1,0,0.422939069455496
1,1,0.5905210438215077
0,0,0.04375121423883885
0,1,0.7455258332576098
1,1,0.8469127038946063
1,1,0.9168695527814663
0,0,0.421553302320661
1,1,0.9997370054657294
0,0,0.06617180726128516
0,1,0.6841709319594022
1,1,0.9112704562853472
0,0,0.15765778391584878
0,0,0.007137867144124443
1,1,0.9921695613079969
1,0,0.10396232872856452
1,1,0.997491474172919
0,1,0.9986914083978533
0,0,0.05778974075767654
1,1,0.9984434762641826
1,1,0.8088262148715342
0,0,0.08039207273824998
0,1,0.6841709319594022
0,0,0.034865971735815265
1,1,0.9401917105704751
0,0,0.12875447773522508
0,0,0.09064555824711308
0,0,0.1611753425850567
0,0,0.06318507129079579
0,0,0.06698749834357981
1,1,0.9870033978880907
0,0,0.006864158822527106
1,1,0.9475310583029909
1,0,0.09917228984404529
0,0,0.02893579228243552
1,1,0.9769504170907978
0,0,0.2385314261731755
1,1,0.9821772470885349
0,0,0.3612124622895339
0,0,0.1458364013545899
1,1,0.910666637394176
1,1,0.9962085818110393
0,0,0.013668364573919425
1,1,0.9659598573222625
0,0,0.09199373476336799
1,1,0.9858745752586013
1,1,0.990481884842009
1,1,0.936835043484674
0,0,0.01542140785111218
1,1,0.939449375431604
1,1,0.5763818183094234
1,1,0.9926218142316994
0,0,0.005946825398830191
1,1,0.9942409339386405
1,1,0.7480079080498604
1,1,0.5584480521592967
1,1,0.9461206616429909
1,1,0.9983161552290777
1,1,0.9930872354899577
1,1,0.7048632008047626
0,0,0.38267066799405275
0,0,0.01001190695594634
0,0,0.3993251300585087
0,0,0.096202404079502
1,1,0.9478127499420888
1,1,0.9912610855446503
1,1,0.7082318370983949
1,1,0.7515360974250896
1,1,0.8320052183350254
1,0,0.4441039914192738
1,1,0.9277331312701291
0,0,0.06555633216694655
0,0,0.31806833401933027
1,1,0.796352098771009
1,1,0.9850149874400572
1,1,0.7288297311580693
1,1,0.7317624760514874
0,0,0.04284294956384354
0,0,0.2975767395196287
1,1,0.9921253056593492
0,0,0.0037646764097772527
0,0,0.05724744922375114
0,0,0.2702726573230236
1,1,0.6784714104799116
1,1,0.979200170437572
0,1,0.6727182360710374
1,1,0.9455385814285742
1,1,0.9837163102862061
1,1,0.9657725812324998
1,1,0.9245304865662213
0,1,0.7405135975921036
1,1,0.967644580471096
0,0,0.34254355469079284
0,0,0.0043468722386859285
0,0,0.038737870266990916
1,1,0.9952919646920568
1,1,0.8026634787460883
1,1,0.8264293405037619
0,1,0.5029335684897758
1,1,0.9978562507385101
1,1,0.9918116344671676
1,1,0.8139823172422594
1,1,0.9978562507385101
1,0,0.0034805654089244214
1,1,0.9974057304140368
1,1,0.9017479396081661
0,1,0.7709334070469201
0,0,0.1362973582430248
0,0,0.009381918943121556
0,0,0.0678125141760635
1,1,0.8010741671577176
1,1,0.6021180497966392
1,1,0.9386984272454916
1,1,0.9885195057037858
1,1,0.9951673438815715
1,1,0.7765234655761507
0,0,0.01823825981869431
0,0,0.14858915458789637
1,1,0.9964485567015097
1,1,0.9051818454887752
1,1,0.9884548609153607
1,1,0.9680530043693237
1,1,0.885559927506729
1,1,0.9978961049706292
0,0,0.10950845255247427
1,1,0.7942152027524896
1,1,0.9943893096068215
1,1,0.9711455398956033
1,1,0.7504738762095163
0,0,0.15690487732238936
1,0,0.4333437007407553
1,1,0.9965852131752794
1,1,0.9997632140903676
1,1,0.9401917105704751
0,0,0.4650347266846179
0,0,0.052330806497616705
1,1,0.8640434936788731
0,0,0.0026442845932676752
0,0,0.08640991662049056
1,1,0.9947047564239382
1,0,0.46907887224132155
0,0,0.08039207273824998
1,1,0.9698558090130334
1,1,0.9845362951814395
1,1,0.9386984272454916
0,1,0.999781142238036
0,0,0.005644379135219389
1,1,0.7171789942976542
1,1,0.9346554076428633
0,0,0.02738113735226198
1,1,0.6076457936834123
1,1,0.8356424458179035
1,1,0.9017479396081661
1,1,0.9872646413638971
1,1,0.963273169854001
1,1,0.9323704816004177
1,1,0.5841586993356984
0,0,0.2199854952182874
1,1,0.8490073270754376
1,0,0.0743670655622787
0,0,0.12096495798363988
0,0,0.24412900160167358
0,0,0.002575949748647129
0,0,0.29147386469284264
1,1,0.9711455398956033
0,0,0.004953532211804571
1,1,0.9988024153615671
0,1,0.6439094584230406
0,0,0.02738113735226198
0,0,0.0377721132766279
1,1,0.9741350146595307
1,1,0.6870001989671741
0,0,0.07942705252951343
1,1,0.9734653036207243
1,1,0.9989495693603937
1,0,0.4173044749512476
0,1,0.8618191671536841
0,0,0.06921185290728962
1,1,0.9941652896903262
1,1,0.661055982596689
1,1,0.994011025457438
0,0,0.427967289732315
0,0,0.09357670120123664
0,0,0.018004721703134066
1,1,0.998714014213436
0,0,0.17210856804099306
1,1,0.9970813878318777
0,0,0.007045447816398029
1,1,0.8512305241850368
1,1,0.9533561382575643
1,1,0.9990786583943336
1,1,0.8894902683193137
1,1,0.9741350146595307
1,1,0.9915333963340822
1,1,0.9987379420177451
0,0,0.0856234631712221
0,0,0.3726825169642238
0,0,0.07208057647710556
1,0,0.32216121621332594
1,1,0.8245385103777623
0,0,0.07267153740208811
1,1,0.9672311118572204
1,1,0.9940886577764247
0,0,0.03083793204569273
0,1,0.752923683666133
1,0,0.4133591694002143
1,1,0.945153927197127
1,1,0.9990786583943336
1,0,0.43257727668649154
0,0,0.07385620215934799
1,1,0.7877050876325821
1,1,0.9752463310205981
1,1,0.7082318370983949
0,0,0.1362973582430248
1,1,0.9448587189401246
1,1,0.8076723828330186
0,0,0.4985714790724603
1,1,0.9990786583943336
0,0,0.04125698872368668
0,0,0.09064555824711308
1,0,0.12236756981195651
1,1,0.9988334076365699
1,1,0.9907943579892672
1,1,0.9997504535256516
0,0,0.34126542369862595
0,0,0.427967289732315
0,0,0.21278001898417864
1,1,0.9965402534448866
0,0,0.03922959336956026
0,0,0.02680318601553659
0,0,0.10727328877578071
0,0,0.29967195817544895
1,1,0.9843351906678881
1,1,0.9860561971341337
1,1,0.9998202475920218
1,1,0.9894392249066382
1,1,0.9951399479455683
1,1,0.9458303585966025
1,1,0.9988635987754916
1,1,0.8519484445168718
1,1,0.9928116030451495
1,1,0.998634674850593
1,1,0.8356424458179035
0,1,0.8056252784366557
1,0,0.4571004956016648
1,0,0.3124019072791818
1,1,0.796352098771009
0,0,0.06698749834357981
1,1,0.9254412075795887
0,0,0.16657019243080692
0,0,0.03413557797792466
1,1,0.8128524043954115
0,1,0.7302986177767875
0,0,0.012007276776899984
0,0,0.4056380802449211
1,1,0.7328759989094763
0,0,0.007231489962039112
1,1,0.7539788949169224
0,1,0.999783995443899
0,0,0.098005858903206
0,0,0.19162236949017247
0,0,0.3744247154174613
1,1,0.9984434762641826
1,1,0.9943156031025563
1,1,0.9682824489510734
1,1,0.997042941447177
1,1,0.9974249233336536
1,1,0.9168695527814663
1,1,0.8179243620343406
1,1,0.9891002998408384
1,1,0.7832821323332041
0,0,0.007718203526768703
1,1,0.9927173223215874
1,1,0.9608795068041617
0,0,0.27724140576930345
1,1,0.9783828726029067
0,0,0.1948290076205151
1,1,0.6841709319594022
1,1,0.9707754587185996
0,0,0.21721029406639888
1,1,0.9989216597640695
0,0,0.22397992651321835
0,0,0.18872616778636905
0,0,0.25312856598570294
1,1,0.9901760894396247
1,1,0.7615303001451763
0,0,0.018876620948374896
1,1,0.9497264498325336
0,0,0.07911152677781598
1,1,0.9973715452763695
0,0,0.01068374190059452
0,1,0.5809668365160404
1,1,0.6491948685882408
1,1,0.7649286592468306
1,1,0.9989767573406357
0,0,0.2957401332040899
0,0,0.07407002338737032
0,0,0.15940870093136703
0,0,0.01542140785111218
0,0,0.03032069659803253
1,1,0.992066927056246
0,1,0.7339865796460656
0,1,0.5324201654002289
0,1,0.6841709319594022
1,1,0.9918576384750956
1,1,0.7583471730798058
0,0,0.028449524323280326
1,1,0.999808057640241
0,0,0.01542140785111218
1,1,0.9272323975288678
1,1,0.9985229704033362
0,0,0.06146857485706143
1,0,0.4151656755795613
0,0,0.06223015333692584
1,1,0.9956222686194779
0,0,0.24035316532682763
1,1,0.6341066189092586
1,1,0.9940886577764247
1,0,0.48139288818637366
0,0,0.24517873639168747
1,1,0.9951673438815715
0,0,0.11563122804698381
0,1,0.9263418141419787
1,1,0.9835047205864631
0,1,0.7908328909832878
0,0,0.22857568465699613
0,0,0.3080003985459094
1,1,0.9323704816004177
1,1,0.9990786583943336
0,0,0.026126880421093176
0,1,0.6710769919700404
0,0,0.0743670655622787
1,1,0.985770521837321
1,1,0.9950394408223829
0,0,0.35217743048117284
1,1,0.9767821730007215
0,0,0.35316437397378353
1,0,0.30587238217395174
1,0,0.3836924529311956
1,1,0.9245304865662213
0,0,0.2860824610014949
1,1,0.9641906581790691
0,0,0.13784987247576172
0,0,0.10086505851383135
0,0,0.07092221198617574
1,1,0.711824244513233
1,1,0.8982036580372735
0,0,0.08710732992908937
0,0,0.421553302320661
0,0,0.04917020719750725
0,0,0.1836210928840616
1,1,0.9613699173755036
0,1,0.5777681824588703
0,1,0.8512305241850368
0,0,0.15592253133518236
1,1,0.990604831398769
1,1,0.9804127552514041
1,1,0.9985422022326536
1,1,0.997336910877993
1,1,0.944469544927989
1,1,0.9074110491215264
0,1,0.5777681824588703
1,1,0.8026634787460883
1,1,0.8801305796948279
0,0,0.22989109483066086
0,0,0.27286910731966113
1,0,0.25502445117000533
0,0,0.028088973499366163
1,1,0.9259532826875961
1,1,0.994773443510944
1,0,0.24517873639168747
1,1,0.9994997841413371
1,1,0.8993975054547775
1,1,0.9963064516362335
0,0,0.4151656755795613
1,1,0.9981784385470024
1,0,0.4070083415464004
1,1,0.9793155507027861
1,1,0.9935234891988433
0,0,0.2957401332040899
1,1,0.5905210438215077
1,1,0.9997782513525139
0,1,0.5160534658338373
1,1,0.9888762873990151
0,0,0.012413656172565435
1,1,0.9980551255096889
1,1,0.9621266455890182
1,1,0.9984637415633683
1,1,0.9997950411934786
0,1,0.8338318005279952
1,1,0.9990786583943336
1,0,0.098005858903206
0,0,0.46362184572478027
0,0,0.0054989419006282085
1,1,0.975425424335236
0,0,0.24412900160167358
1,1,0.6431933353324216
1,1,0.9289838583011274
1,1,0.6169927291670874
1,1,0.7405135975921036
0,1,0.5127748588254254
1,1,0.9998105600217538
1,0,0.4945098954047871
1,1,0.6021180497966392
1,0,0.40776201855962263
0,1,0.6052582688397565
1,1,0.9800983032435343
1,1,0.8026634787460883
0,1,0.6080663929062184
1,1,0.9952919646920568
1,1,0.9929046719448194
1,1,0.9997438177008775
0,0,0.4723489489109185
1,1,0.7302986177767875
1,1,0.816813005247358
1,1,0.9226783346000802
0,0,0.37750411642461407
0,1,0.6107705877520493
1,1,0.9909133053240968
0,1,0.5735059066426188
1,1,0.9891002998408384
1,1,0.9931261225646032
1,0,0.36902313152158384
1,1,0.9698954655530946
1,1,0.9051818454887752
1,0,0.12665958867623103
1,1,0.6534656152331166
0,0,0.25895219965858374
0,0,0.05041212240189599
1,1,0.9455385814285742
1,1,0.6727182360710374
1,1,0.9968840403131942
1,1,0.585537913622711
0,1,0.5552091066547445
0,0,0.02269408150984424
0,0,0.17210856804099306
1,1,0.9835047205864631
1,1,0.998069523374735
1,1,0.9056682636184455
0,0,0.05248584117141427
1,1,0.9725808970910168
0,0,0.2860824610014949
1,1,0.9806039391641407
0,0,0.1205060223541633
1,1,0.9976017262843103
0,0,0.37341265729980305
1,1,0.8815084230469539
0,0,0.027496503792135783
0,1,0.6898156115938646
1,1,0.8256130045425448
0,0,0.28340928605143256
1,1,0.9977241119399108
1,1,0.9998202475920218
1,1,0.7752288498563152
0,1,0.5777681824588703
0,1,0.7250970524662422
1,1,0.9970039901365138
1,1,0.9340070744192851
1,1,0.6341066189092586
1,1,0.8409793064938236
1,1,0.8088262148715342
1,1,0.9127793170637408
1,1,0.5272959680260666
1,1,0.9521748226633879
0,0,0.0987867429229565
1,1,0.9990290424540451
1,1,0.9995436746916828
1,0,0.46177097224712543
1,1,0.9997977132380382
1,1,0.7855018969824369
1,1,0.9989767573406357
1,1,0.9869303290151759
0,0,0.30123674502148834
0,0,0.07296341318190101
0,0,0.42049948423132694
1,1,0.9988334076365699
1,1,0.984219979040385
1,1,0.6739676604361944
0,0,0.1237841549881381
1,1,0.9979771741098209
0,0,0.06636497555119096
1,1,0.6873794962982287
1,1,0.8207082758338308
0,0,0.18166170500797296
0,0,0.07659519459249897
1,1,0.5809668365160404
1,1,0.952316783301329
1,1,0.9963064516362335
1,1,0.8283040374222126
1,1,0.9766529981559756
1,1,0.9997537067157
1,1,0.987908142098858
0,0,0.10727328877578071
1,1,0.9946351715235943
0,1,0.5552091066547445
1,1,0.994502916429097
0,0,0.007422408015643302
1,1,0.7635873237548602
1,1,0.9990664970850345
1,1,0.8887563254575769
1,1,0.8889306595652061
1,1,0.9722286990519944
0,1,0.8148408881119477
1,1,0.8618191671536841
1,1,0.9978562507385101
1,0,0.49779103496301347
1,1,0.6841709319594022
0,0,0.11473414426726578
1,1,0.9937719962606464
1,1,0.9918576384750956
1,1,0.9781035229986776
1,1,0.9978683677731486
1,1,0.9203692976432408
1,1,0.9968840403131942
1,0,0.28672048452090615
0,0,0.10727328877578071
0,0,0.32503411505378993
1,1,0.8655780088401656
1,1,0.9993497237691943
1,1,0.9995496223209375
0,0,0.2614788653770265
1,1,0.9968840403131942
1,1,0.9630716776963741
1,1,0.875913794275445
1,1,0.9961081288096565
0,0,0.007326331708969067
1,1,0.8108475229279078
0,0,0.3744247154174613
0,0,0.12680980691172963
1,1,0.9998178731538345
1,1,0.8283040374222126
1,1,0.8863122613623284
0,0,0.15517638497015157
0,0,0.16657019243080692
1,1,0.8890646006371008
1,1,0.9917043480618868
0,0,0.3961810153740033
1,1,0.9997977132380382
1,1,0.9990786583943336
1,1,0.9931474012801861
0,0,0.2702726573230236
0,0,0.12583833835376057
1,1,0.9988334076365699
1,1,0.9946747521497049
0,0,0.08875702820098633
1,1,0.992327767429788
1,1,0.9985422022326536
1,1,0.9983213948799015
1,1,0.6926170306320419
0,1,0.7521185754321154
0,0,0.019510898160326178
0,0,0.01693225655437951
1,1,0.9990664970850345
0,0,0.02358401842127311
1,1,0.9352637220522517
1,1,0.9988635987754916
0,0,0.3764887441133852
0,1,0.5519654636702352
0,0,0.008130864152433076
1,1,0.9821772470885349
1,1,0.9306963136166195
1,1,0.995564687003552
1,1,0.9732723168606268
0,0,0.006864158822527106
1,1,0.987098553863
1,1,0.9416508791802392
0,0,0.4376331829680695
1,1,0.9888136288558578
1,1,0.9922708780726011
1,1,0.9989495693603937
1,1,0.8207082758338308
0,1,0.9085079132944119
1,1,0.8881934672670668
0,0,0.030708988752158786
1,0,0.351867823059995
1,1,0.8427267590809824
0,0,0.11079496741936244
1,1,0.9767821730007215
1,1,0.9659598573222625
1,1,0.8767207143072235
1,1,0.9517172149152903
0,0,0.031232634659780465
0,0,0.11036977169194821
0,0,0.0846014229290175
1,1,0.9005789014422876
0,0,0.08392222842189989
0,0,0.10950845255247427
0,0,0.26830424075567666
0,0,0.23615559552715765
1,1,0.951573560035399
1,1,0.9987307616973333
1,1,0.9922271905545811
0,0,0.41018001196242193
0,0,0.20038668137621662
1,1,0.9628059863673162
0,0,0.08606924480502594
1,0,0.3383209706534374
0,1,0.5519654636702352
1,1,0.9117286857097703
1,1,0.9609457806780989
0,0,0.019958312362075074
0,1,0.5841586993356984
1,1,0.681327953549727
1,1,0.7877050876325821
0,1,0.5745629918530178
1,1,0.9893797032678032
1,1,0.9976941124712991
1,1,0.9866855209022626
0,0,0.20462598959160017
1,1,0.9938527078433493
1,1,0.9074110491215264
1,1,0.8301626473181775
1,1,0.9653360473807329
1,1,0.7567304337434169
0,0,0.30958944912131836
1,1,0.967876861032422
1,1,0.9521748226633879
0,0,0.008454652351977654
1,1,0.9289838583011274
1,1,0.8868833838387832
1,1,0.9761793276426219
1,1,0.9782624052310919
1,1,0.7236105579443446
1,1,0.999813029785442
1,1,0.9344644846838244
0,1,0.5519654636702352
1,0,0.24333213799976564
1,1,0.9895754978702758
0,0,0.10086505851383135
1,1,0.9601664350436762
1,1,0.9885195057037858
1,1,0.8301626473181775
0,0,0.05431833848028497
1,1,0.9997600864493149
0,0,0.32092201447602753
1,1,0.9912610855446503
0,0,0.0869994571180329
1,1,0.9521748226633879
0,0,0.08335163665768908
0,0,0.028569260031475974
1,1,0.9976941124712991
1,1,0.9998202475920218
0,0,0.15008410270348968
1,1,0.8957782354253908
1,1,0.8067884537668885
0,0,0.2702726573230236
0,0,0.009629059663962705
1,1,0.9970813878318777
1,1,0.9990854860098612
1,1,0.9837163102862061
1,1,0.8801305796948279
1,1,0.9848463682774667
0,0,0.02587355005233615
1,1,0.9942409339386405
0,0,0.01542140785111218
1,1,0.9985799189849746
1,0,0.4658114487888838
1,1,0.9776586079454826
0,0,0.2500692973954354
1,1,0.9920220960091088
1,1,0.9951673438815715
0,0,0.22757560379346797
0,0,0.06536535280480661
1,1,0.9707754587185996
0,0,0.035909552872973524
1,1,0.752923683666133
0,0,0.02881456597829814
1,1,0.8061136675604765
1,1,0.7354376723016418
0,0,0.13323650695272485
0,0,0.021558367882857424
0,0,0.08850486191382868
1,1,0.9862355163562156
1,1,0.9972662707340999
0,0,0.05380676187092556
1,0,0.013417138187424307
1,1,0.752923683666133
1,0,0.023057237418867164
1,1,0.9715110721297138
1,1,0.9744636716418852
1,1,0.6727182360710374
1,1,0.9705635002955597
0,0,0.45384518499957155
0,1,0.6630254205569872
0,0,0.05850858097625009
0,0,0.009755036812796918
0,1,0.6534656152331166
1,1,0.9242282913089184
1,1,0.8320052183350254
1,1,0.9773701154365211
1,1,0.9844225392314909
1,1,0.9198219498933219
1,1,0.9998029532956114
0,0,0.012413656172565435
1,1,0.9829490687236798
1,1,0.9855852333581331
1,1,0.9940447470057971
0,0,0.012811275476167918
1,1,0.9940886577764247
1,1,0.9954808685609198
0,0,0.02328365209978329
0,0,0.29147386469284264
0,0,0.1205060223541633
1,1,0.9591502084745178
0,0,0.0024445193731806843
1,1,0.8512305241850368
1,1,0.9785026870286089
1,1,0.9722286990519944
0,0,0.4799748984633946
0,1,0.5823490683358178
1,1,0.9188486095872463
1,1,0.8056252784366557
1,1,0.9379387810533621
0,0,0.12096495798363988
1,0,0.46907887224132155
1,1,0.9980034983315873
0,1,0.6000073923047794
1,1,0.9845362951814395
1,1,0.995564687003552
0,0,0.02092280077917413
0,0,0.04896848379996736
1,1,0.8715703158750236
0,0,0.03231084602736771
1,1,0.9990416912395266
1,1,0.9063023912515851
1,0,0.41654556560423395
1,1,0.979840664709651
1,1,0.7832821323332041
1,0,0.3312101685193982
1,1,0.9899174241750905
1,1,0.9963064516362335
0,0,0.07385620215934799
1,1,0.9907943579892672
1,1,0.9739467683463449
1,1,0.6698219169182512
0,0,0.4930900045985327
1,1,0.9994067732850547
1,1,0.6551495781507028
1,1,0.8427267590809824
1,0,0.17443593389070056
1,1,0.5403605107407689
1,1,0.6981773500132227
1,1,0.7064096145052107
0,0,0.096202404079502
1,1,0.9127793170637408
0,1,0.7832821323332041
0,0,0.06352214748395206
1,1,0.9940886577764247
0,0,0.06456804726101888
1,1,0.9657725812324998
1,1,0.7920617389436476
1,1,0.640175488079973
1,1,0.9017479396081661
1,1,0.8773333521992764
1,1,0.9773701154365211
1,1,0.9864884852228581
1,1,0.6784714104799116
1,1,0.5160534658338373
1,1,0.999813029785442
1,1,0.995564687003552
0,1,0.6972655766749081
0,0,0.0028603277448089825
1,1,0.9437771307735142
1,1,0.9752463310205981
0,0,0.02162431673368418
0,0,0.04035177157788498
0,0,0.2575261110402088
1,1,0.9992585854801024
1,0,0.3635238548539802
0,0,0.054478922895631554
1,1,0.9828536017782014
0,0,0.3136234037966963
0,0,0.020391761764344193
1,1,0.9328384197393785
1,0,0.3868009466050505
1,1,0.7787929065349528
1,1,0.9821772470885349
1,1,0.9880639333464991
1,1,0.9672311118572204
1,1,0.8495606894272888
0,0,0.17588122263135827
1,1,0.8374372079450199
1,1,0.9226783346000802
1,1,0.5389493341522549
0,1,0.6094193307230218
0,0,0.15592253133518236
1,1,0.9997693476113244
1,1,0.9680530043693237
0,0,0.35316437397378353
1,1,0.999781142238036
1,1,0.9148467050673842
1,1,0.9875905097788608
1,1,0.9997723545464189
0,0,0.36829652922204437
0,0,0.149533483645137
1,1,0.9752463310205981
1,1,0.9969245462884686
1,1,0.9961586823943323
1,1,0.9725808970910168
1,1,0.9127793170637408
0,0,0.0033466270953344027
1,1,0.9621266455890182
0,1,0.6431933353324216
1,1,0.999479705091072
1,1,0.9379387810533621
1,1,0.9484581775999802
0,0,0.05364804632959482
1,1,0.9948412442463185
1,1,0.7455258332576098
1,1,0.7649286592468306
1,1,0.9900475886709849
0,1,0.6825600194029914
0,1,0.5508961181845772
1,1,0.9311749804746111
0,1,0.6208247810221021
1,1,0.8933018888948682
0,0,0.08235427159070392
0,0,0.48653013295047287
0,1,0.7719350007722352
0,1,0.5519654636702352
0,1,0.7250970524662422
0,0,0.21647613196665316
0,0,0.016593232838556998
1,1,0.9980182776326694
1,1,0.9997977132380382
0,0,0.4261456689838535
1,1,0.9952919646920568
1,1,0.991310155554965
1,1,0.9907262047104974
0,0,0.34847961836062297
1,1,0.7466020059288923
0,0,0.484670443105154
1,1,0.9990541754036983
1,1,0.9863124158586893
1,1,0.9815777162055948
1,1,0.9998055222102912
0,0,0.4070083415464004
1,1,0.9286081890298462
1,1,0.8067884537668885
1,1,0.9613699173755036
0,0,0.006104035648966073
1,1,0.9867599400677979
0,0,0.3868009466050505
1,1,0.997336910877993
1,1,0.8301626473181775
0,0,0.25312856598570294
0,0,0.2822570748256234
1,1,0.9987212891562184
0,0,0.1382213117498895
1,1,0.9837163102862061
1,1,0.9989900865622885
1,1,0.9989495693603937
1,1,0.9655256267148103
0,0,0.20748044640690436
0,0,0.024507978607316336
1,1,0.6310560017412639
0,0,0.2921189922348559
0,1,0.9997693476113244
1,1,0.9700214371323972
1,1,0.9979234819975661
1,1,0.9775341970893136
1,1,0.6521781702430804
1,1,0.9653360473807329
1,1,0.9722286990519944
1,1,0.9906338413937135
1,1,0.816813005247358
0,0,0.08850486191382868
1,1,0.9872646413638971
1,0,0.4611351185828486
1,1,0.8677511134569345
1,0,0.3534745000463693
0,0,0.11912185194136311
1,1,0.9990786583943336
1,1,0.8773333521992764
1,1,0.8538167148051894
0,0,0.01961986336910926
1,1,0.9203692976432408
0,1,0.9997632140903676
1,1,0.929844916622636
1,1,0.9674662609234931
1,1,0.9245304865662213
1,1,0.9968840403131942
1,1,0.9915956678696458
1,1,0.995929494026525
1,1,0.7635873237548602
0,1,0.9997370054657294
1,1,0.9781035229986776
0,0,0.36424647056279263
1,1,0.9809913401825957
1,1,0.9168695527814663
1,1,0.9989767573406357
1,1,0.9217367196530778
1,1,0.9323704816004177
1,1,0.6717657108689781
1,1,0.8609301814829147
0,0,0.47015566222137095
1,0,0.04691230600025106
0,0,0.30243378725426623
1,1,0.9635356503019726
0,0,0.06121964530160765
1,1,0.9858745752586013
1,1,0.9437771307735142
0,0,0.07120760133493563
1,1,0.9886675105116426
1,1,0.9894392249066382
1,1,0.9929965443721405
1,1,0.9983161552290777
1,1,0.9865873599531256
0,0,0.3324696470520044
0,0,0.02587355005233615
1,1,0.9427708907997088
1,1,0.955527397439273
0,1,0.6371465157037026
0,0,0.2355929267036112
1,1,0.9982714451492708
1,1,0.8014815806426164
1,1,0.9885195057037858
0,0,0.2055520564191369
1,1,0.9996797964861299
1,0,0.4408660760531917
0,0,0.01394847662177654
0,0,0.03545790896615156
0,1,0.8409793064938236
1,1,0.7277056080299028
1,1,0.9993056472936804
1,1,0.9978683677731486
1,1,0.9985034852405636
1,1,0.9613699173755036
1,1,0.9990416912395266
0,0,0.18606914952909667
1,1,0.9810969763270047
1,1,0.9998202475920218
1,0,0.21624600047733375
1,0,0.3703467752664185
1,1,0.9386984272454916
1,1,0.8842230082129107
1,1,0.9987706007437336
1,1,0.7951420477558511
1,1,0.9423678801869569
1,1,0.9957484450837086
0,0,0.07722008891633551
0,0,0.07296341318190101
1,1,0.6756014532431688
0,1,0.5649107797104265
0,0,0.08504237840123903
0,0,0.15081013440706798
1,1,0.796352098771009
0,1,0.9997753222899541
1,1,0.9948120093151644
1,1,0.9825034771762856
1,1,0.9990416912395266
1,1,0.992327767429788
0,0,0.014026821023751662
0,0,0.20677048397852063
0,0,0.012413656172565435
1,1,0.7977758856803245
1,1,0.963273169854001
0,0,0.2355929267036112
1,1,0.7189609673305134
1,1,0.9662038101416521
1,1,0.9937257481037981
1,1,0.9906738682555242
0,1,0.6756014532431688
1,1,0.9893797032678032
1,1,0.9984434762641826
1,1,0.7891733245355302
0,0,0.010545899123498063
1,1,0.9005789014422876
1,0,0.3916911540923276
0,0,0.03399332979991635
1,0,0.39336930689973776
0,0,0.3993251300585087
1,1,0.9289838583011274
1,1,0.9952030171827896
1,1,0.9323704816004177
1,1,0.9997370054657294
0,0,0.0024445193731806843
0,0,0.24761591668111063
1,1,0.9095930779827923
1,1,0.9976017262843103
1,1,0.9978117939336192
0,1,0.6551495781507028
1,1,0.7553572798213338
1,1,0.9990786583943336
0,0,0.05637686651983012
1,1,0.967644580471096
1,1,0.9955395334774975
1,1,0.9990786583943336
1,1,0.9904281828946487
0,1,0.6597820555385285
1,1,0.7328759989094763
0,1,0.661055982596689
1,1,0.9990786583943336
1,1,0.7430277094045847
1,1,0.8356424458179035
1,1,0.6551495781507028
0,0,0.017928445534284566
0,1,0.7171789942976542
1,0,0.11153056712489545
1,1,0.9989357059470192
0,0,0.40143833911047705
1,1,0.9990032423247183
1,1,0.9943893096068215
1,1,0.8640434936788731
1,1,0.8338318005279952
0,0,0.052330806497616705
1,1,0.6444959088023636
1,1,0.8881934672670668
1,0,0.07997312210895723
1,1,0.9984229440608903
1,1,0.7625603459284831
0,1,0.5338340408145417
1,1,0.786981250584505
1,1,0.8993975054547775
0,0,0.12297892338587786
1,1,0.7855018969824369
1,1,0.9997753222899541
0,0,0.36221056877972047
1,1,0.86353484643088
1,1,0.9458303585966025
0,0,0.010409816095214849
1,1,0.998818012953577
1,1,0.9895754978702758
1,1,0.9990541754036983
0,0,0.11283782775316556
0,0,0.031727990609291316
0,0,0.07054882604786479
0,0,0.0743670655622787
0,0,0.14787195327258265
0,0,0.05868078456295543
1,1,0.9985034852405636
1,0,0.11283782775316556
1,0,0.3612124622895339
0,0,0.2860824610014949
1,1,0.9462105387710636
1,1,0.6551495781507028
1,1,0.9985799189849746
1,1,0.7036801191122989
1,1,0.8093084649832528
0,0,0.005427626964735514
0,1,0.8409793064938236
1,1,0.9946747521497049
0,0,0.09570963558377113
1,1,0.9837163102862061
1,1,0.6593858666274318
0,0,0.012163986026918958
1,1,0.9913740547335305
1,1,0.9471596902565044
1,1,0.8478754614666892
0,0,0.4625469564121748
1,1,0.7262278931580891
0,0,0.3514655214452973
1,1,0.9985843390411311
1,1,0.9980440679985008
1,1,0.9423678801869569
1,1,0.9966733932865633
0,1,0.5338340408145417
1,1,0.9621266455890182
1,1,0.9593721947259476
1,1,0.587343518476709
0,0,0.10327084332989266
0,0,0.3415706185653392
0,0,0.4119823815637154
1,1,0.9995782181618841
0,0,0.11473414426726578
1,1,0.9922271905545811
0,0,0.004520660667669555
1,1,0.9872646413638971
0,1,0.9997950411934786
1,1,0.9926218142316994
0,1,0.9758722047289811
1,1,0.9977241119399108
0,0,0.34422217143686745
1,1,0.9987866121925766
1,1,0.9853975678939676
0,0,0.0675397423546248
0,0,0.06590516849467193
1,1,0.9596613872803775
1,1,0.917864508305453
1,1,0.995506351417736
1,1,0.9835047205864631
0,0,0.26915379354438856
1,1,0.9993056472936804
0,0,0.15708451449451197
1,1,0.9672311118572204
1,1,0.6200896239929782
0,1,0.5968532247140765
1,1,0.8577573130692546
0,1,0.6431933353324216
1,1,0.9986873222002085
0,0,0.05431833848028497
1,1,0.9990786583943336
0,1,0.844458560745566
1,1,0.8076723828330186
0,0,0.0743670655622787
0,0,0.05248584117141427
1,1,0.9889578842278863
1,1,0.9997923338607022
1,1,0.8868833838387832
0,0,0.2651266692045012
0,0,0.0237875674640217
0,0,0.12910507926175957
1,1,0.8686031518199351
1,1,0.8187687892567624
1,1,0.8572290336947441
0,0,0.24575693871107102
1,1,0.9982714451492708
0,0,0.027496503792135783
1,1,0.657135535267687
0,0,0.39514729610041527
1,1,0.5389493341522549
0,0,0.01829424208038003
1,1,0.9975056478667068
1,1,0.9958452467486418
0,0,0.031902966231911516
1,1,0.9797281529580855
0,1,0.7198336535445196
0,0,0.14622571059764566
0,1,0.6882203699423938
1,1,0.9984021414494438
1,1,0.9371703514327613
1,1,0.9980551255096889
1,1,0.9912610855446503
0,0,0.07901269885512219
1,1,0.6231767715329963
1,1,0.9926218142316994
1,0,0.4197389499373543
0,0,0.20677048397852063
1,1,0.9427708907997088
1,1,0.9978683677731486
1,1,0.9660178289727842
1,0,0.4668873341414477
1,1,0.6593858666274318
1,1,0.9961081288096565
0,1,0.5291512711446453
0,1,0.8842230082129107
1,1,0.9315381388708269
0,0,0.08640991662049056
1,1,0.8108475229279078
0,0,0.022119101489321762
1,1,0.9936902316937877
0,0,0.1542028813840378
0,0,0.008906334456310132
1,1,0.9550761975070822
1,1,0.904049317676326
1,1,0.8076723828330186
1,0,0.3501718310119715
0,0,0.11079496741936244
1,1,0.9989357059470192
1,1,0.9730108552966772
0,0,0.020391761764344193
0,0,0.15940870093136703
1,1,0.9799872000358819
1,1,0.9986447881497479
1,1,0.9989074284072331
1,1,0.9911466500738311
0,1,0.5291512711446453
1,0,0.4006884424576212
0,0,0.15363988318540758
1,1,0.9974394720883081
1,1,0.9437771307735142
1,1,0.9455385814285742
0,0,0.03545790896615156
1,1,0.9659598573222625
0,0,0.07208057647710556
1,1,0.9989767573406357
1,1,0.5149737255836153
1,1,0.8715703158750236
0,0,0.016380407588815555
0,0,0.10274598482394635
1,1,0.9978402656872045
1,1,0.8047342155794974
1,1,0.9977409547449215
1,1,0.9323704816004177
1,1,0.9997569175061419
1,1,0.5084147181388958
0,1,0.7354376723016418
1,1,0.7262278931580891
0,0,0.08136778138665202
1,1,0.999783995443899
0,0,0.07847262785217636
1,1,0.9975380931990162
1,1,0.9988635987754916
0,0,0.20129841818227154
1,1,0.8067884537668885
1,1,0.9998154673563113
0,0,0.016030828612686548
0,0,0.10823505793254191
1,0,0.32216121621332594
1,1,0.9490960516146131
1,1,0.9363930525050932
0,0,0.35747213152375296
1,0,0.4945098954047871
1,1,0.9820464536854656
1,1,0.9957352084558112
1,1,0.9937257481037981
0,1,0.6461998601364054
0,0,0.23457147933587066
0,0,0.012646333920452679
1,0,0.39304545765000864
0,0,0.0743670655622787
1,1,0.8807285775127421
0,1,0.9997753222899541
1,1,0.8686031518199351
1,1,0.9779435056633495
1,1,0.711824244513233
1,1,0.8655780088401656
0,1,0.5905210438215077
0,0,0.08136778138665202
0,0,0.03501173921371047
0,0,0.014209508651162465
1,1,0.996494703848228
0,0,0.18473975223237604
1,1,0.9655256267148103
0,0,0.30958944912131836
1,1,0.9527689905514983
1,1,0.9977537219958323
1,1,0.8301626473181775
1,1,0.7236105579443446
1,1,0.8640434936788731
1,1,0.9817118608166338
1,1,0.9985984103497291
1,1,0.8773333521992764
1,1,0.9533561382575643
1,1,0.9268481927492128
0,0,0.31429580885429964
0,0,0.0037157688625692508
1,1,0.9985422022326536
1,1,0.9085079132944119
0,0,0.1362973582430248
1,1,0.6797093286330601
1,1,0.9825034771762856
1,1,0.6938250638925753
1,1,0.7625603459284831
1,1,0.6870001989671741
1,0,0.4574373461994486
1,0,0.2717434975679177
0,0,0.1991964248251195
0,0,0.051836922642656526
0,0,0.01829424208038003
0,0,0.0218369751088235
0,0,0.039727300249224794
0,0,0.0743670655622787
1,1,0.7898917015669283
1,1,0.8256130045425448
0,0,0.096202404079502
1,1,0.9852074958879128
1,1,0.7360446350946325
0,0,0.0034805654089244214
0,0,0.06510173709430234
0,0,0.012646333920452679
1,1,0.6169927291670874
1,1,0.9755612211746016
1,1,0.9626020306381841
1,1,0.9973018213466319
1,1,0.9903029473183849
1,1,0.950349449559096
1,1,0.8005762242206644
1,1,0.9989767573406357
1,1,0.9779435056633495
1,1,0.9891613702464384
1,1,0.9867599400677979
1,1,0.9988930094407088
0,0,0.07537017134369335
1,1,0.9957905856309636
0,0,0.031327230364300074
0,0,0.004520660667669555
0,1,0.6310560017412639
1,1,0.9392029900542864
1,1,0.9853975678939676
0,0,0.0029361843666604434
0,0,0.2813820866141952
0,0,0.2606448981342732
1,1,0.9961586823943323
1,1,0.9929046719448194
0,0,0.24517873639168747
1,1,0.9909133053240968
1,1,0.8815084230469539
1,1,0.9989155235477364
0,0,0.08910730131974196
1,1,0.8993975054547775
1,1,0.9977241119399108
0,1,0.6249234388913726
1,1,0.5062146279372254
0,1,0.5299290014193634
1,1,0.9997753222899541
1,1,0.8920443875695185
1,1,0.883779702712426
1,1,0.9469429068753247
0,1,0.7719350007722352
1,1,0.9739467683463449
1,1,0.9870033978880907
0,1,0.7145091574861984
1,1,0.9223693456872635
0,0,0.042971150175117746
0,0,0.010275470830112949
1,1,0.999583715747749
1,1,0.999604999083906
0,1,0.9998003504541535
1,1,0.6208247810221021
1,1,0.9997191720151785
1,1,0.9085079132944119
0,0,0.016239186883853195
1,1,0.8245385103777623
0,1,0.7145091574861984
0,0,0.4658114487888838
1,0,0.2957401332040899
1,1,0.9434749551192201
1,0,0.4930900045985327
1,1,0.5076344647296782
1,1,0.5127748588254254
1,1,0.9989975698821162
1,1,0.9668125407602992
1,0,0.4650347266846179
1,1,0.9331934306372055
