Probability_0,Probability_1,Probability_2
4.1443851529150484e-22,0.9999999947123477,5.287652233805202e-09
0.999980732016776,4.386107753874371e-28,1.926798322408207e-05
4.5151184641038033e-36,1.0,4.9787682788365456e-17
1.3461049356938005e-09,0.003550833075109647,0.9964491655787853
7.565943552361626e-28,0.9999999999957281,4.271838905295852e-12
1.3750544586531458e-07,6.033957698188365e-05,0.9999395229175722
0.9995251026597581,8.922248882972286e-25,0.0004748973402418625
4.002231729708496e-24,0.9999999997169022,2.830977984974788e-10
0.9999998983944026,1.1608559452462022e-33,1.0160559742068455e-07
1.88309737612522e-06,4.6097225618199314e-07,0.9999976559303678
5.3343093223725664e-27,0.9999999999938542,6.145751804498003e-12
2.425207481514103e-17,0.9999962927142357,3.707285764192672e-06
0.9994043579716013,1.536055105156366e-23,0.0005956420283987718
3.4021351544673684e-15,0.9999479465026119,5.2053497384747665e-05
0.9998077357419939,4.495879793353093e-25,0.00019226425800596874
0.9999544650529764,1.3414736206737636e-26,4.5534947023607884e-05
0.9999600484707469,2.6571945319641435e-27,3.9951529253140775e-05
0.9999998018517919,3.519585837839244e-33,1.9814820820290764e-07
2.8095005121142666e-17,0.999995579427608,4.420572392181452e-06
4.3452607302023335e-06,0.0006295639583935718,0.9993660907808762
8.654732674723578e-21,0.9999999822852091,1.7714790971394542e-08
7.007138722048875e-14,0.9805705807502482,0.019429419249681622
8.505103773378903e-06,1.080264890811667e-07,0.9999913868697377
2.1505530364312945e-06,0.002411934664867474,0.997585914782096
9.67059118227261e-11,0.9638521638764425,0.036147836026851725
1.2417153720041498e-14,0.9998699976380142,0.00013000236197326754
0.9999999999885092,7.139567376553159e-42,1.149079438168998e-11
0.9999991883962657,1.8955831156312773e-31,8.116037343363283e-07
0.9088070924340913,5.768507578498865e-19,0.09119290756590878
0.0005812885676529456,1.964043501871681e-11,0.9994187114127066
2.22770665072088e-05,3.2017130197218447e-09,0.9999777197317797
0.9916180346877941,3.464888963472972e-21,0.008381965312205884
5.93086538968483e-07,1.4285911456638745e-06,0.9999979783223154
0.9982320100662169,2.540727820784167e-22,0.0017679899337831246
5.995421187998858e-14,0.9817663450973488,0.018233654902591316
2.9583398886790452e-15,0.9999540708231854,4.592917681172489e-05
0.9999463822397722,2.4265730551234977e-26,5.361776022786667e-05
2.8690812143174515e-06,1.4453380530881159e-07,0.9999969863849804
0.012541498078364889,1.157745743220991e-12,0.9874585019204773
0.00022986592962816887,4.959739189777692e-11,0.9997701340207744
1.6769759620273671e-19,0.9999954457875877,4.554212412227916e-06
3.1429873935745222e-12,0.9976312407889885,0.002368759207868679
3.157418524605269e-14,0.9995090303303732,0.0004909696695954268
1.7061368253682757e-07,0.05748151786717659,0.9425183115191409
3.517324506234494e-20,0.9999999249045665,7.509543365933985e-08
9.994524069049531e-08,6.518253694427183e-05,0.999934717517815
0.9997819467857842,5.228414581950938e-26,0.00021805321421575872
0.008467941296403202,5.872133694636521e-12,0.9915320586977245
8.342032183247516e-20,0.9999923235558041,7.676444195752138e-06
0.9999999999999429,2.6309687641694613e-49,5.715411874219465e-14
0.003219574178141123,1.2181451022468455e-12,0.9967804258206407
0.9999999997773474,9.87554927634831e-40,2.2265254531631362e-10
3.4109368890698514e-05,1.1285266271927045e-08,0.9999658793458431
7.684814932621085e-09,0.00021265219979265168,0.9997873401153924
9.230799804805844e-07,1.7473531418094236e-06,0.9999973295668776
2.7851504871988016e-21,0.9999999871565971,1.2843402803723222e-08
0.00024108385303455736,1.3065648395796657e-06,0.9997576095821258
0.0001615616917861885,1.78040453243342e-06,0.9998366579036814
0.9999999999999867,1.3866938186100166e-50,1.3405323319501408e-14
0.38066346668755197,5.465023665516023e-15,0.6193365333124426
0.9999994252173046,8.972619647817504e-32,5.747826954263813e-07
4.144764629913422e-29,0.9999999999995537,4.4625675393115233e-13
6.386979092058122e-06,5.911525982953295e-08,0.999993553905648
0.007499763042971225,1.0121509026252946e-08,0.9925002268355197
0.9999999975736542,1.695477833515429e-36,2.4263457087762414e-09
0.99999981541771,8.082790592333784e-33,1.845822900136946e-07
8.13048634719094e-06,1.0735729346033264e-08,0.9999918587779234
3.71325791385793e-24,0.9999999886542129,1.1345786968657028e-08
0.9999999967083477,3.8046053716302506e-36,3.291652270658679e-09
0.9999999855240793,1.7414661207300413e-35,1.4475920718004689e-08
0.9999999931124781,2.4660480765492356e-36,6.8875218572454545e-09
5.536280436260646e-18,0.9999974095556159,2.5904443840159054e-06
0.00025652366400422447,8.33819346674239e-10,0.9997434755021765
3.512311774415562e-06,1.0225758194254259e-07,0.9999963854306435
0.9999999999999765,4.951592539338985e-50,2.3448778506172672e-14
1.5096793485711887e-05,1.3339638463507363e-08,0.999984889866876
6.222127576385872e-07,0.005637217661277643,0.9943621601259647
5.350416846941931e-29,0.999999999999378,6.220285140980798e-13
1.0492211589991972e-32,0.9999999999999982,1.7496241722018481e-15
1.1062658559240177e-10,0.1393548889104358,0.8606451109789376
8.302835477905045e-09,0.0009396261367062084,0.9990603655604583
0.008348010483776931,1.7400251411100382e-12,0.991651989514483
0.9999992322148714,7.763720665847201e-32,7.67785128592524e-07
0.009928843078443488,2.663080743879639e-12,0.9900711569188935
0.9873243752365458,2.0668438494178602e-20,0.01267562476345424
1.2262832430277167e-18,0.9999996389631589,3.6103684097190713e-07
0.00010854660867349652,1.368612432340055e-09,0.999891452022714
2.616565022058707e-08,0.00046240787148038755,0.9995375659628694
4.2880463707619293e-20,0.9999967532682033,3.246731796873784e-06
7.415922560354415e-07,2.4820833749604015e-06,0.9999967763243691
3.602770080929516e-26,0.9999999999622136,3.7786486914128094e-11
0.9999988838317734,3.190895644405049e-31,1.116168226499305e-06
0.001261485013060523,1.3849226748460834e-10,0.9987385148484473
9.945921011512914e-06,3.3809638847442256e-08,0.9999900202693496
2.2107447765084302e-24,0.999999999831968,1.6803196013247714e-10
0.9999999999964098,1.3743208929445359e-44,3.590129938797709e-12
1.1597473352465527e-28,0.9999999999995153,4.847544359126066e-13
4.916607498346833e-08,0.3859310149339643,0.6140689358999607
0.9999843721570432,1.4694043112907442e-27,1.562784295677678e-05
1.5564024744475876e-05,9.407105814090673e-09,0.9999844265681497
0.9999999999787552,1.1744966712335838e-42,2.124467479685055e-11
0.9999999889420855,4.4899386304402295e-35,1.1057914440612654e-08
4.950004764608465e-07,2.248010564623851e-06,0.9999972569889589
5.64118132160045e-20,0.9999999269106947,7.308930517612357e-08
3.3933013173411016e-25,0.9999999999086828,9.131718494234555e-11
3.820445843604548e-10,0.0574409978291818,0.9425590017887735
4.7268828869117414e-05,8.594269932609041e-10,0.9999527303117037
1.906865425229534e-18,0.9999993444852626,6.555147373641355e-07
0.9999999999966587,4.898344645598253e-45,3.341358148020003e-12
1.3951549191758936e-07,0.059635983489684546,0.9403638769948235
3.002624319096054e-07,9.865053911954614e-06,0.9999898346836562
1.836955629910788e-19,0.999999781161809,2.1883819095428984e-07
0.9999998257398184,7.335078229151086e-33,1.7426018174722737e-07
2.2577192353443473e-07,9.100130870197462e-06,0.9999906740972062
4.798206146466274e-15,0.9979274561131993,0.002072543886795848
0.9999966833630762,2.926323867531212e-29,3.316636923737619e-06
0.9998350066137588,1.5564978250135062e-25,0.00016499338624132253
1.131593939899122e-18,0.9999818580958487,1.8141904151227054e-05
0.0006879143550750665,1.9969388804878456e-10,0.9993120854452311
2.827666161770187e-07,3.0099198304384992e-05,0.9999696180350794
1.793979450086478e-11,0.9849742308320425,0.015025769150017802
0.978317035115637,5.730928936314364e-20,0.021682964884363137
0.9999995896293009,1.1280899122977948e-31,4.103706991612297e-07
2.8285680922084608e-05,3.382343693435779e-09,0.9999717109367342
8.124988301834719e-15,0.9998690691682539,0.00013093083173796027
0.9726566774685123,4.5905791196827467e-20,0.027343322531487853
6.586652099700361e-08,0.2378786529131951,0.7621212812202839
4.276845935658271e-05,4.282046875667358e-10,0.9999572311124386
3.061053471869822e-15,0.999940748472306,5.92515276908796e-05
0.9987642337658429,2.180727653188681e-23,0.001235766234157247
4.770451539756348e-06,2.3223873598261537e-08,0.9999952063245867
4.1934584778103635e-05,8.279856144505069e-10,0.9999580645872364
0.9999999998112126,6.327334141964104e-40,1.887875116282085e-10
0.9999999999999338,4.262991624250903e-49,6.619098957020917e-14
0.9999999999989848,5.816782280850499e-46,1.0152735632157423e-12
1.5021136253660601e-18,0.9999990308243798,9.691756200491091e-07
7.375525176053302e-20,0.999992929108306,7.070891694119477e-06
0.9994682423212665,9.236763701946229e-24,0.0005317576787334614
1.399360576532813e-06,0.006201482701763358,0.9937971179376601
0.9999999039164548,8.045351024985482e-34,9.608354531302184e-08
1.9591646736040626e-05,2.805498660229626e-09,0.9999804055477653
0.999999999948473,3.48646930893795e-41,5.152708817341511e-11
0.9993826835842343,5.640355998964532e-24,0.0006173164157657721
0.9998872336328851,4.9724697740800897e-26,0.00011276636711490843
4.3144783573231425e-05,5.459306199316047e-05,0.9999022621544337
1.259530257101187e-19,0.9999998213681457,1.7863185431928177e-07
9.482701958470592e-19,0.9999995292299677,4.7077003230975014e-07
5.494089851299961e-05,2.4646114781934725e-09,0.9999450566368754
0.980514603153843,1.7107137439969507e-20,0.019485396846157074
0.00011007198914553181,2.7131958473113994e-06,0.9998872148150073
5.797392138041726e-05,1.9709876191587472e-05,0.999922316202428
0.00022009287561659938,5.029528418727907e-10,0.9997799066214305
0.0025576168523643084,6.562052804586786e-12,0.9974423831410737
4.082455209901722e-16,0.9999839601780807,1.603982191878867e-05
0.9999998020183541,3.2838758445639433e-32,1.9798164581202562e-07
0.9999762803247614,5.528053528876668e-28,2.3719675238756498e-05
2.2787139956979543e-16,0.9999910961629108,8.903837089047612e-06
0.9999975740591475,1.5853904582994845e-30,2.4259408524236942e-06
3.874628368458222e-36,1.0,4.1655776275959056e-17
1.0813433628267201e-14,0.9997799175170329,0.0002200824829562118
8.923615945127619e-07,0.015035932626411995,0.9849631750119936
3.682027007366647e-14,0.989766223749226,0.01023377625073704
5.728382135783459e-30,0.9999999999998608,1.392189338809804e-13
1.6964733103052883e-16,0.9999890659506426,1.0934049357114901e-05
0.9991867310442241,9.41383392986906e-24,0.0008132689557760383
2.1596993212334912e-36,1.0,1.807552709365247e-17
0.9999404201208265,2.928948686265226e-26,5.957987917346798e-05
0.013520395114189017,1.3639445412721235e-12,0.9864796048844471
3.292781336214265e-14,0.9998405472614235,0.00015945273854372927
4.6732442910047386e-06,1.764898050771783e-07,0.9999951502659039
1.470680230507147e-22,0.9999999978425897,2.157410246554403e-09
0.9996407181801595,1.6341822994102333e-24,0.00035928181984038257
5.018925311506306e-22,0.9999999925504488,7.449551191073601e-09
0.0017874810720081805,3.603561919822868e-12,0.9982125189243883
0.9999999993689845,8.372859952325106e-39,6.310153847716901e-10
0.001144174638932703,2.0803463987406067e-07,0.9988556173264274
0.9999999192062096,3.322173377345096e-33,8.079379036541972e-08
0.9975316649308205,4.683627513209651e-22,0.0024683350691795695
1.5859224497795017e-21,0.9999996547825413,3.4521745871260697e-07
0.0002949170431425989,3.98678436144933e-10,0.999705082558179
1.2872627668988091e-25,0.9999999999471303,5.286963971560679e-11
0.9999999980762677,3.3398754097500957e-37,1.9237321855014146e-09
1.126116450907713e-17,0.9999164992567301,8.350074326983488e-05
3.800581492595353e-09,0.0005220492756409397,0.9994779469237776
0.9999999995959088,8.297176985983931e-40,4.040912948506545e-10
8.35011269498951e-19,0.9999993217657924,6.782342076417425e-07
0.9999999993181674,1.9389738456950366e-38,6.818326152104804e-10
0.0011701857084395332,5.8564279524054156e-08,0.9988297557272808
1.440719942329406e-08,0.0035064868441014364,0.9964934987486991
0.0005482522970141391,8.07292846050418e-11,0.9994517476222565
1.2524363157282699e-05,2.7919132029170335e-08,0.9999874477177106
4.478807815630302e-13,0.9992453713390971,0.0007546286604548999
3.062199767076083e-37,0.9999999999999998,2.4491319190185385e-16
2.3833971876364133e-10,0.9362542394485105,0.06374576031314981
0.000761075684626707,1.1348263117747789e-06,0.9992377894890615
0.004543548741198038,5.277735942413192e-12,0.9954564512535242
0.999999999979426,1.0352601576059673e-42,2.0574085534284006e-11
0.0002177397656160099,4.3656022385482796e-10,0.9997822597978238
9.901727485296669e-24,0.9999999788446992,2.1155300891652647e-08
0.0002093794706260674,1.2154209480327948e-06,0.999789405108426
1.7473765092917507e-07,5.0143587850484584e-06,0.9999948109035641
0.0002701640887298682,2.374980420838324e-10,0.999729835673772
2.5066459256071944e-05,1.2653387742569744e-05,0.9999622801530013
1.7090241442351573e-06,1.629651813855153e-07,0.9999981280106744
7.564962844014218e-18,0.9999984503527788,1.549647221306303e-06
0.999999999024298,4.6028960774594105e-38,9.757020276980864e-10
1.4746494559423904e-17,0.9999988223416265,1.1776583733923398e-06
0.00013083182164496534,2.1726777245786765e-10,0.9998691679610873
3.6283551769216048e-06,1.284393238492959e-07,0.9999962432054992
3.5220398859582346e-18,0.9999983837537169,1.6162462832366633e-06
1.4280356853809472e-23,0.9999999986054029,1.394597016553539e-09
0.9999999999877713,9.324973716621805e-43,1.2228700127975769e-11
0.0049783990684204435,5.677641854061536e-08,0.995021544155161
3.648825081870589e-36,1.0,4.9904171600419147e-17
0.9999885443116722,5.203598828585331e-28,1.1455688327778701e-05
5.087436680540775e-16,0.9999831883077411,1.681169225854259e-05
4.2916559754479003e-16,0.9999695132924401,3.0486707559478472e-05
7.71260724323252e-22,0.9999999915187076,8.48129246800996e-09
0.9999999999706164,4.2378650205617474e-42,2.938369928771376e-11
0.9999999999967855,2.402974882388588e-43,3.2146032126625498e-12
5.441978584184831e-10,0.9152164478617366,0.08478355159406559
6.696786172042416e-07,8.465452189920803e-07,0.9999984837761638
3.627521257801605e-20,0.999999937587483,6.241251700405974e-08
4.95482740584782e-06,1.0893224352201613e-07,0.9999949362403507
0.999647740930657,2.875102080529368e-24,0.0003522590693429035
0.9999999999867415,6.389265480093703e-44,1.3258615923946162e-11
0.9989988537533006,3.1403145220746836e-23,0.001001146246699396
1.4244477259600874e-16,0.9999929494958062,7.050504193661795e-06
0.9999999986362453,7.36643056264876e-38,1.363754607162277e-09
0.9998934521796617,1.363609177805473e-25,0.00010654782033812674
4.992110269683224e-20,0.9999999102915462,8.970845371988324e-08
0.997980639578371,2.3410201054140847e-22,0.002019360421629014
6.381493599876556e-06,5.666472314964291e-08,0.9999935618416771
2.2585118993375254e-08,0.0001972147402492423,0.9998027626746318
2.4212239529148082e-18,0.9999989395748595,1.0604251404330178e-06
3.139639742929464e-29,0.9999999999720843,2.791562064223845e-11
0.9999999999992479,2.095594551788303e-46,7.520594937642236e-13
3.7577500564287335e-20,0.9999999258087067,7.41912933393724e-08
2.405981341562397e-25,0.9999999999494695,5.0530374292186056e-11
4.798483608006783e-24,0.9999999996353903,3.646097471047856e-10
2.5006987459090454e-27,0.9999999999976494,2.3506343056266466e-12
2.108088567208046e-06,7.376615131479195e-07,0.9999971542499196
2.146253401900259e-25,0.9999999999261531,7.384682142484766e-11
1.0117504448596108e-15,0.9999690756697729,3.0924330225935725e-05
0.0009369352198911445,2.0607342642859625e-11,0.9990630647595015
3.564735824006818e-23,0.9999999987778114,1.2221886003911421e-09
0.9999999999849545,8.15320102368423e-43,1.5045608483231986e-11
1.60416066330984e-05,6.591110641817893e-09,0.9999839518022563
7.335531716533566e-29,0.9999999999994325,5.675318940441639e-13
1.9491144433163734e-19,0.9999997121039038,2.878960962736916e-07
0.9999999999734495,2.5084561042732076e-42,2.6550619409077655e-11
2.228031462470322e-28,0.9999999999991362,8.637318514123812e-13
0.9999999927520535,4.6901572098617234e-36,7.247946407077434e-09
2.2939469671729725e-16,0.9999790835000784,2.091649992139186e-05
2.751740853619655e-05,1.3265287846724193e-08,0.9999724693261761
0.9970567811462008,1.2092652112325079e-22,0.002943218853799244
0.9999987002941179,3.0071234988367884e-30,1.2997058821417096e-06
0.9999999999627112,1.662180927100123e-41,3.728887045865316e-11
0.0003409957637348251,4.083771090214552e-10,0.9996590038278881
0.9999988572587448,3.67843941675463e-30,1.1427412551819365e-06
1.6203035051608519e-07,0.020141048439002305,0.9798587895306473
3.962208457029365e-07,0.018866962408823653,0.9811326413703306
1.0213271773963997e-22,0.9999999965208652,3.4791347989245097e-09
0.999999999984575,2.0020491140981535e-42,1.5425006066885864e-11
0.00024117012682771283,5.979381440394971e-10,0.9997588292752342
0.9999999999998552,8.496874385011053e-48,1.4468958941042664e-13
0.9999960218453203,2.217850386297066e-29,3.978154679782745e-06
0.9999915295211289,1.4484821901743064e-28,8.470478871141598e-06
2.642670743648073e-23,0.9999999981521892,1.8478107658604238e-09
3.0953892016924866e-28,0.9999999999622626,3.773728809682802e-11
0.9999996526733613,9.033024618044414e-32,3.47326638805765e-07
0.0003757110050235663,4.053713360065058e-10,0.9996242885896052
0.999999882523092,4.499716779234914e-33,1.1747690798434449e-07
1.2283024257087049e-08,0.00028523005753230165,0.9997147576594435
0.9999897716687174,9.51872725877584e-27,1.0228331282649245e-05
2.7005353708131418e-08,0.00011351809602955796,0.9998864548986168
9.08891246204883e-05,2.9520812445313266e-06,0.999906158794135
7.557487995263805e-09,0.5978763325557533,0.4021236598867587
0.9999999981538286,1.0251612790368985e-37,1.8461714684407757e-09
0.00013978099804168377,8.090676842406111e-10,0.9998602181928906
0.0005208167323602293,4.85413065120668e-11,0.9994791832190985
1.609722444325481e-22,0.9999999254327963,7.456720364101592e-08
1.4450255528840672e-08,0.0005341389776100618,0.9994658465721343
1.8934449723141546e-17,0.9999969083704104,3.0916295896533515e-06
7.622238356062957e-30,0.9999999999998779,1.2209641357110504e-13
0.9999999999999898,9.213743551364535e-50,1.015162008461656e-14
0.9999999012096994,2.405550544828835e-32,9.879030064063091e-08
1.0732775169067246e-05,2.0003181386421912e-08,0.9999892472216496
7.56842552931496e-09,0.0010083642036807809,0.9989916282278937
0.999955406625345,2.758100842397945e-26,4.4593374654957535e-05
3.336322051720521e-19,0.9999997038354462,2.961645537732909e-07
5.092754423339217e-19,0.9999997337009489,2.662990511097249e-07
8.158150759953894e-07,2.3567202630446187e-07,0.9999989485128978
5.340646465804609e-29,0.9999999999995661,4.3376723871316735e-13
1.2105545421231035e-06,2.872236698377601e-07,0.9999985022217881
0.999998398268005,4.559642945036477e-29,1.6017319950061577e-06
1.4075677090356994e-08,0.001095546447723854,0.9989044394765991
0.9999999786687812,3.8470994114439494e-34,2.1331218850646487e-08
2.0635271549340724e-25,0.9999999972726001,2.72739996344674e-09
0.9999999857126818,3.8395740802496474e-36,1.4287318213750812e-08
0.9999999999871383,2.6182286968524985e-42,1.2861738682002474e-11
0.9999999999832099,5.630859582475424e-43,1.6790104314671812e-11
0.9999999999835738,4.176217060324173e-42,1.642617389482413e-11
0.00010946667276447436,1.8594338806732479e-09,0.9998905314678017
0.9999999999999538,4.489399572867373e-49,4.613140011150571e-14
3.320467083568836e-36,1.0,2.919376226242026e-17
0.0002576548169762771,9.107126061233406e-10,0.9997423442723112
0.9999999997983606,4.11678322147208e-39,2.016393879253521e-10
2.905519183568381e-23,0.9999999985315633,1.4684367806616044e-09
0.9999999997456888,3.0827582962176934e-40,2.5431128743486074e-10
0.9999999999978375,5.104637593228556e-45,2.1624749374553664e-12
0.9999999967372781,2.5747706777514754e-36,3.262721828192624e-09
1.501758752281754e-22,0.999999874723163,1.2527683704462795e-07
0.9999999990489787,1.1459379640954744e-37,9.510212753573915e-10
0.9999998950780545,1.814230804439496e-33,1.0492194543488136e-07
0.9999999999973463,5.531245888596444e-44,2.653707252942305e-12
0.9999987248240567,5.2099350805151926e-30,1.2751759432931411e-06
0.0002834809008492759,1.1192617105738616e-09,0.9997165179798889
1.975719791317286e-05,2.6109465679437604e-08,0.9999802166926212
3.3079422281224386e-26,0.9999999999742935,2.570648972744811e-11
1.5705448986495127e-20,0.999999947062893,5.293710707198584e-08
0.9994237853228748,3.423293769613285e-24,0.0005762146771250852
2.4402761867916863e-05,4.1631673272829835e-09,0.9999755930749646
0.0007615427312929897,2.194934117608201e-11,0.9992384572467576
0.9999998698354432,1.0811219341684918e-32,1.3016455692067993e-07
3.000168688419739e-09,0.0030167472029382107,0.996983249796893
8.827845920841114e-34,0.9999999999999993,7.426943577895676e-16
0.0010068711730518252,3.116903096995373e-07,0.9989928171366385
4.913678512471743e-11,0.28428452298200746,0.7157154769688557
0.9999999395323992,3.3976177062161967e-34,6.046760092632432e-08
0.9999999998471161,7.561441017091528e-41,1.5288390914415506e-10
2.1177543244891323e-28,0.9999999999991436,8.564167944518801e-13
0.0029186096479768588,5.0095357582204685e-12,0.9970813903470137
0.0004779365147886697,1.2809935060234814e-10,0.999522063357112
4.805161456333938e-21,0.9999999679595309,3.204046906116928e-08
0.9999745459441074,2.0884751372699928e-27,2.545405589263899e-05
0.9999998563901589,2.6766277340711758e-33,1.4360984114196932e-07
8.419592266654565e-05,3.540517823291388e-10,0.9999158037232817
3.462505973361719e-13,0.9990411940716056,0.0009588059280480948
0.9999999999996936,2.0890082769223166e-47,3.0632548604238224e-13
1.8537970863065e-14,0.9881040041019877,0.01189599589799392
0.9999999999999123,8.755913271966243e-49,8.775175906027484e-14
0.003904337519339149,4.553906170909424e-08,0.9960956169415992
0.9999999265696887,1.3077317999266242e-33,7.343031127384361e-08
1.1966007954967667e-17,0.9999353211306434,6.46788693566142e-05
1.9663483233266267e-09,0.007433331133407288,0.9925666669002444
0.0002633150597484392,2.3570269067947445e-10,0.9997366847045489
1.1641216832230195e-06,0.0064915415598598945,0.9935072943184569
0.9772315971563498,2.6675445257498267e-20,0.022768402843650223
4.512932921368262e-20,0.9999946082804891,5.391719510813705e-06
1.0211335346589323e-05,9.417010076152307e-05,0.9998956185638919
0.9999988527163548,2.2406083998515367e-30,1.1472836452915448e-06
5.989519511087254e-35,0.999999999999996,4.018165206489528e-15
3.556739339910175e-20,0.9999999547005505,4.529944950904931e-08
2.736294410447354e-16,0.9993024181058106,0.0006975818941892295
6.97661512496445e-15,0.9948887976547085,0.005111202345284455
0.9999999999998275,4.600024578647442e-48,1.7244937354663955e-13
0.9999999999999665,4.522092834539727e-50,3.3490890039015106e-14
2.6144412791388076e-29,0.9999999999994671,5.32860986354041e-13
8.984577701460646e-20,0.9999998678997305,1.3210026938744494e-07
0.9999999235844105,8.713184273663225e-34,7.641558946728366e-08
8.598716605941978e-08,3.853489708028844e-05,0.9999613791157537
2.1309343877726104e-09,0.013066965045433395,0.9869330328236322
6.783364148331742e-07,0.018650240769692107,0.9813490808938929
0.9999764364275009,6.208269359846842e-28,2.3563572499107113e-05
0.9999997911169444,3.170530470318667e-33,2.0888305571218667e-07
2.728425202195048e-16,0.9999851643285846,1.4835671415036402e-05
0.00013759174376347795,8.703012962952798e-06,0.9998537052432737
2.4924750914065723e-29,0.9999999999998079,1.9216937632763217e-13
1.0115807713216533e-28,0.9999999999996056,3.9424095189653863e-13
4.792560991942341e-33,0.9999999999999971,2.8142152453024732e-15
1.7253270545670352e-15,0.9999221561126169,7.784388738128214e-05
0.0016454565824114145,3.073606467012855e-07,0.9983542360569418
0.002012832611009856,4.880193633005678e-12,0.9979871673841101
2.3049995569404398e-07,0.11327057281151882,0.8867291966885256
1.0822160039451129e-05,1.009278751691661e-08,0.9999891677471731
5.307027174540047e-24,0.9999999994491449,5.508551554087796e-10
0.998355028846282,1.9841586689367257e-22,0.0016449711537181045
4.369046901481001e-25,0.9999999998863474,1.1365274605426486e-10
1.758038152344222e-09,0.02351309580648043,0.9764869024354814
1.8628687716859715e-36,1.0,2.501950988261885e-17
0.004211423584902008,5.3081519171578065e-08,0.9957885233335787
0.9999999999999782,1.4207773364415415e-50,2.1654977997787145e-14
0.9999999970424147,1.6194922441687177e-36,2.9575851777619987e-09
7.305656137326813e-15,0.9954789334107583,0.004521066589234475
0.9999999997932774,1.3104396590565108e-40,2.0672264305191108e-10
0.010589896102294983,1.4564460494687354e-12,0.9894101038962485
9.788114754919378e-35,0.9999999999999998,1.5171438559170485e-16
0.9984994500869511,7.733604718993411e-23,0.0015005499130488161
2.6008803091106334e-07,0.010955706657528813,0.9890440332544402
0.9999999999767071,1.244312508294031e-42,2.3292814618608026e-11
1.4180403516224145e-12,0.9983486129411242,0.001651387057457858
1.0272143656043873e-18,0.9999739986979445,2.6001302055548553e-05
1.913163166790716e-05,4.7266918066605035e-05,0.9999336014502654
1.1758860214933504e-20,0.9999999591572951,4.0842704976033665e-08
9.027383961022991e-21,0.9999999575420431,4.245795682545401e-08
5.658483033240335e-14,0.9774351680072874,0.022564831992656048
6.628537912099834e-35,1.0,1.0678786021358094e-16
1.5616032434801132e-16,0.9998658231010817,0.00013417689891807524
0.9994335203521255,3.9774530432770216e-23,0.0005664796478744767
2.2528757449163502e-05,3.5102114842879066e-09,0.9999774677323394
1.5691354315484282e-10,0.9778594745643324,0.02214052527875414
0.9999999450043117,6.805508189316514e-34,5.499568826766852e-08
0.9999992322101141,1.078087027022969e-31,7.677898859099192e-07
0.9999999999962341,3.000702667009762e-45,3.7659079007007505e-12
3.4741740439670746e-08,0.00024353038195399057,0.9997564348763056
0.9999832540612809,2.0784088160202904e-27,1.6745938719004963e-05
4.676730861399018e-22,0.9999999938891013,6.110898575428903e-09
4.718509080407154e-15,0.9999163475932529,8.365240674242825e-05
1.370630367824615e-08,0.651629825982595,0.3483701603111013
0.9789388465774788,1.8775561389763286e-19,0.02106115342252127
0.9999999999953475,1.5904789465727251e-44,4.652559895948796e-12
2.4367935295582925e-07,1.6067192359562951e-06,0.999998149601411
0.9999999588183338,1.4607944464012152e-34,4.1181666110261724e-08
0.9999572938089428,3.303265531645947e-27,4.2706191057172545e-05
6.8698052715284655e-16,0.999976844354889,2.315564511031162e-05
2.8728600686545517e-18,0.999999078312682,9.21687317954628e-07
0.9992547608427501,1.1889022088310385e-18,0.0007452391572497749
4.942977053350255e-27,0.9999999998413434,1.586565939042638e-10
5.448453980686381e-06,2.8172115073978944e-08,0.9999945233739043
0.9999997836934066,3.092074507289463e-32,2.1630659343914686e-07
1.8431559538200716e-08,0.0008953550162195706,0.999104626552221
0.999999999997601,2.4542854207075444e-45,2.3990668753327657e-12
2.361592069208694e-28,0.9999999999986828,1.317197271154235e-12
0.9999999006907766,2.398706847203613e-33,9.9309223376061e-08
5.497334762769927e-13,0.998121208350247,0.0018787916492032718
3.2104593440205015e-06,6.119602171086016e-08,0.9999967283446344
0.0016494172878545221,6.949959353017621e-12,0.9983505827051954
9.05125210919665e-06,1.5204877882058014e-08,0.9999909335430128
1.2438133689443419e-11,0.9862197643013327,0.013780235686229216
2.1003037280596202e-13,0.9988729943319089,0.0011270056678810282
3.511970243974178e-31,0.9999999999999827,1.7334678329123982e-14
0.9999998376376963,5.4925184817904e-33,1.6236230377317903e-07
0.9999854544183922,3.56855615538785e-27,1.4545581607894572e-05
2.610002176743983e-12,0.9982378686954742,0.0017621313019158457
2.1042670027854055e-26,0.9999999999758253,2.417473876531099e-11
4.512312525823188e-06,0.0007689718123142066,0.99922651587516
1.6611115331405672e-12,0.8890158544124214,0.11098414558591752
0.9999999999998828,2.0201614596178915e-48,1.171955093910274e-13
7.450877312488591e-05,4.830012493022715e-10,0.9999254907438738
0.9999999999702169,1.0285392225070387e-42,2.9783025222095566e-11
0.9999969502383103,8.240739236513947e-30,3.0497616897759904e-06
0.9999996756716619,8.910837881548135e-32,3.24328338078337e-07
5.98142154068314e-06,6.853208664447174e-08,0.9999939500463727
0.9999999999867151,4.0019176023502514e-42,1.3284844333821357e-11
4.519994506448676e-08,0.28987991675927227,0.7101200380407826
0.999999999866054,8.759044280916851e-40,1.339459489380844e-10
5.139192080556035e-18,0.9999982919837199,1.7080162800792158e-06
0.00011435505583752221,4.36918478128927e-10,0.9998856445072439
1.4565486563450873e-36,1.0,2.7434384895772313e-17
0.0008672343057200315,1.7300570356862448e-11,0.9991327656769794
0.00032201841830125017,1.2193797269921687e-10,0.9996779814597608
1.5329930346233503e-07,1.3561432799863422e-05,0.9999862852678967
0.9980657066817755,3.7371527610722716e-23,0.0019342933182245798
2.4461556827800623e-25,0.9999999999301457,6.98543534560754e-11
0.00011368307231787713,1.3358491556028256e-09,0.9998863155918329
1.951340878156957e-10,0.9441208744021811,0.05587912540268496
0.00018511190271533647,9.829963829580829e-10,0.9998148871142883
0.9999326314453698,1.6025356338828665e-26,6.736855463030236e-05
2.3890474474900497e-05,1.2624444089292298e-08,0.9999760969010811
0.9999218262235513,2.2703270005618637e-25,7.817377644878761e-05
3.8082447139433657e-07,0.01547594868824099,0.9845236704872876
7.258152458434734e-14,0.9995818555216015,0.0004181444783259889
5.267824301326561e-08,0.3497428980652343,0.6502570492565227
0.9999999998716467,3.8726939676360703e-41,1.2835331489504221e-10
0.9997170527121461,4.823899373942561e-25,0.0002829472878539364
0.9999999908114597,7.557077333297198e-35,9.188540384124532e-09
0.9997164529098936,1.2827069941358822e-25,0.0002835470901063886
0.9999999996807738,6.38527193387166e-40,3.1922628256182635e-10
0.9999999999998113,9.915812653283086e-48,1.8863728694867894e-13
0.9999243670800949,5.500748502902442e-26,7.563291990511366e-05
0.9999999999990343,4.161635414648213e-46,9.655747773629895e-13
2.0297481163660892e-07,3.254527072471958e-05,0.9999672517544637
6.755409007897868e-07,0.007133264773740911,0.9928660596853582
0.9903722349108927,7.24545067640558e-21,0.009627765089107268
3.0308195419985375e-07,1.2293401425875107e-06,0.9999984675779032
9.044806047811617e-07,0.014761510945393928,0.9852375845740012
4.286553949966937e-17,0.9999941950580812,5.804941918767202e-06
0.9999999999999716,9.571074567669807e-50,2.8515418930928436e-14
0.9999999999996092,3.059812458929464e-47,3.907330615920261e-13
0.9999995683978531,2.168552228429215e-32,4.316021468734785e-07
1.1392818172437009e-07,5.269651962204018e-06,0.9999946164198561
0.9999999999811549,1.3562965099048076e-42,1.8845219239853166e-11
2.932416346722868e-25,0.999999999904251,9.574894693414078e-11
5.733471592441651e-05,2.5057505842450728e-09,0.9999426627783251
3.7343880315607743e-29,0.9999999999996931,3.0676083303050235e-13
1.3569963941768277e-10,0.16307557627021957,0.8369244235940808
2.0973259651652668e-05,2.4106581132557163e-08,0.9999790026337672
2.532438259475756e-22,0.9999999945840385,5.415961386784819e-09
3.984768749363201e-08,3.727542690952499e-05,0.9999626847254031
0.9999999999911608,8.196701956337114e-44,8.839221453813492e-12
5.1241067471061676e-09,0.6805453607556377,0.3194546341202556
2.4420860115051834e-21,0.9999999867631726,1.32368274108839e-08
0.9993374935595306,1.3065438577637434e-24,0.0006625064404693092
0.9999061657076206,1.709239127914968e-25,9.383429237934569e-05
1.6662985407929775e-11,0.9932756967364944,0.006724303246842678
9.337101183695923e-10,0.02486951582049341,0.9751304832457964
4.4529018797469324e-08,0.3528547865726273,0.6471451688983538
2.0904541517946143e-06,9.711967880940774e-08,0.9999978124261695
0.0005930114058715718,2.1430591764215323e-06,0.999404845534952
2.9852577595722145e-12,0.9971187354159873,0.0028812645810276155
0.9999999992375042,1.25976346022564e-38,7.624958882790617e-10
0.9999999999995717,6.517147056668326e-47,4.282201641939551e-13
4.631739022393635e-15,0.9975766463200004,0.0024233536799950274
1.9339865239972876e-05,6.336877039974938e-09,0.999980653797883
2.314303361530192e-19,0.9999998112816139,1.8871838615245612e-07
0.9999494781027582,2.663675554836867e-26,5.05218972416432e-05
0.9999996025201628,2.62752595687143e-32,3.974798372448784e-07
0.0006009871941358767,3.984230412582052e-10,0.999399012407441
0.999999999999958,2.3334191470650902e-49,4.1981332184928246e-14
0.0009430445011498337,1.9860469532591352e-11,0.9990569554789897
0.0006144087728287971,4.731826301033771e-11,0.9993855911798528
8.352119324726022e-08,0.08250513393379309,0.9174947825450136
0.9999999999999871,1.179705127551884e-49,1.2843297904594745e-14
9.476566738822489e-33,0.9999999999999969,3.086570648512296e-15
0.9999922114675521,4.3064039075617636e-29,7.788532447862517e-06
0.999954584745442,1.0042742731252543e-26,4.541525455817328e-05
0.999999999982156,4.273291151957872e-42,1.784385667534844e-11
1.4651022874914849e-05,3.5589841626767133e-08,0.9999853133872835
0.9999999998522131,5.082895903823322e-40,1.4778687511516453e-10
0.9999999999904148,1.1718185129981542e-43,9.585218228527548e-12
0.999999999999974,4.7799320750661e-50,2.6084966102184476e-14
2.0704903743120064e-07,1.0197553560486225e-05,0.999989595397402
0.999999919930509,1.3100453811909118e-33,8.006949100343097e-08
0.032860074410832336,2.1754587833797087e-13,0.96713992558895
0.0008047098582297795,5.019092864099528e-11,0.9991952900915794
1.2523483331779763e-24,0.9999999997415172,2.5848277945696027e-10
0.9999999998768974,2.6332319595903506e-40,1.2310258341464312e-10
0.9993303664332488,9.153081816610821e-24,0.0006696335667511575
0.9998399550451645,2.3886461350520296e-25,0.00016004495483535155
1.0140150776144804e-17,0.9999981163065108,1.8836934890506852e-06
0.0005446922899733299,8.932440629060431e-11,0.9994553076207023
1.2469624102900794e-11,0.9914235666911287,0.008576433296401552
0.9998162112684362,1.1820387647088886e-24,0.00018378873156382406
0.999999968174197,4.042305226380062e-34,3.182580290819508e-08
3.0695111491038125e-08,0.40766300045292997,0.5923369688519585
1.3456960689575487e-06,0.004202078585310702,0.9957965757186203
0.9988500919860194,2.2847341551844316e-23,0.0011499080139806416
0.9999999999999778,2.944860801259191e-50,2.2204941114974757e-14
1.7594563971363283e-19,0.999999761940819,2.3805918102734373e-07
0.9999999999896494,4.766491263749049e-43,1.0350580258140035e-11
1.7152901764477906e-29,0.9999999999996261,3.740213079638757e-13
0.9996877963611411,3.4638124748714167e-25,0.00031220363885894745
0.9999999999944984,1.5072861974239462e-44,5.501699153499531e-12
0.99999999795147,1.399813089065648e-37,2.0485299696404306e-09
0.001312372116003446,7.212444606751694e-11,0.998687627811872
1.9884386443479633e-22,0.9999999103782697,8.962173032537366e-08
0.9999999857262123,4.829454745763346e-35,1.4273787685365288e-08
1.003209032200197e-09,0.044229506281333215,0.9557704927154579
0.9999839536492173,1.9069695713913184e-28,1.6046350782645517e-05
0.9999993605087357,9.308608613731649e-32,6.394912641624578e-07
8.170202403031873e-10,0.019467162554580007,0.9805328366283997
9.535917647339244e-10,0.8623112191151537,0.13768877993125442
4.7419495686214625e-25,0.9999999974537339,2.546266146195851e-09
4.1247264982114827e-13,0.9991760339267413,0.0008239660728462233
2.1115814387142848e-26,0.9999999999737688,2.623131370815523e-11
0.9999526628277626,3.500518538278965e-27,4.733717223737172e-05
4.174382043168471e-05,4.4766731194227827e-10,0.9999582557319011
5.1474445356621016e-26,0.9999999993035016,6.964983135491937e-10
0.00019884239966918722,1.1532220136816797e-09,0.9998011564471089
0.9999916361644966,2.3038725545947347e-28,8.363835503440629e-06
1.353717594297769e-09,0.020688019475910882,0.9793119791703715
6.295759259907543e-16,0.9999536776370351,4.632236296421726e-05
1.4702323834213374e-06,3.601793489732926e-07,0.9999981695882676
0.9999999999580134,1.8103275422719427e-42,4.198667864469799e-11
0.9998882246492148,4.2016927425515527e-26,0.00011177535078531946
5.225712125557063e-05,9.906924706623728e-09,0.9999477329718198
1.3889242356467673e-15,0.9999587279426198,4.127205737904212e-05
3.546350046275923e-30,0.9999999999999272,7.272053811675802e-14
1.6037675186824333e-18,0.999999285336272,7.146637279185565e-07
5.863710811725565e-24,0.9999999991803137,8.196862225596862e-10
0.9999971143915,1.6524197036825367e-29,2.885608500077379e-06
2.648909236113917e-15,0.9999458526069817,5.414739301570881e-05
0.9999999999999676,1.164386034414099e-49,3.242507566127514e-14
0.000113460955663555,5.317494887822801e-10,0.999886538512587
6.4518405982856854e-24,0.9999999994999971,5.00002999041006e-10
8.69728885972653e-26,0.9999999989535051,1.046494958491688e-09
9.474628276430261e-26,0.9999999999501799,4.982025527568743e-11
0.9999999999993172,1.9708646923437358e-46,6.827852560357715e-13
5.886738626773311e-07,0.02664891959000208,0.9733504917361351
1.9899934024451413e-09,0.005101894700853868,0.9948981033091527
6.337864559741693e-08,0.08002668744064552,0.9199732491807089
6.505869236761843e-08,0.37297511687610624,0.6270248180652015
8.30423525659847e-05,1.286238466246589e-09,0.9999169563611956
2.1030031661280294e-17,0.9998334991017996,0.00016650089820029732
1.7853996192117416e-07,1.3922302709224598e-05,0.9999858991573288
5.2770278486914157e-14,0.9808924999124768,0.019107500087470506
0.9999999994747748,8.993971139380466e-39,5.252251879959321e-10
0.999938046340976,2.8906255280131636e-26,6.195365902401687e-05
0.0019019333336864307,2.28840406664038e-12,0.9980980666640251
0.9992921987059998,2.5128489577458136e-24,0.0007078012940001443
1.3403482349554136e-09,0.04776992320535794,0.9522300754542938
1.6857988773385365e-06,4.25920584321244e-07,0.9999978882805383
0.9999999999278211,1.6215113471150446e-40,7.217888217567156e-11
6.291850254385388e-20,0.9999998815536837,1.1844631634755577e-07
0.9956332394826491,2.2880582127840426e-21,0.004366760517350817
3.5316530260639103e-20,0.9999967026733301,3.2973266698923965e-06
1.8780127809745874e-31,0.9999999999999851,1.479229857663126e-14
0.9999555933303204,9.327958356156687e-26,4.440666967957931e-05
6.3548392904766e-08,1.1933844863160037e-05,0.9999880026067439
2.6861285844908984e-07,1.9296775018460533e-06,0.9999978017096397
4.774622991463443e-22,0.9999999909610343,9.038965662205563e-09
0.9999999986215038,1.5977241200950718e-37,1.3784961228772512e-09
4.2619747226364984e-10,0.029060520828029967,0.9709394787457725
3.6357377653810854e-09,0.0009316895826782697,0.999068306781584
0.007085282057579396,6.488399874499358e-13,0.9929147179417717
0.9999984739998137,5.188317534727504e-31,1.5260001863080076e-06
2.878755767729637e-16,0.9999811464797015,1.8853520298298346e-05
3.1779787690506806e-12,0.8242054449919631,0.17579455500485902
0.9999999988800041,2.988072765220983e-38,1.1199958518273081e-09
0.003136626030172185,9.839320078341698e-08,0.996863275576627
1.5170458190567185e-19,0.9999997930094131,2.0699058682916665e-07
1.30744077505036e-13,0.9993864030272561,0.000613596972613191
0.9999999998874589,5.299125520502172e-41,1.12541053870496e-10
0.9999857705220969,2.0355346033898472e-27,1.4229477902984946e-05
8.786542509579043e-36,1.0,4.346844166941707e-17
1.2229879556275863e-05,0.0009854336879521427,0.9990023364324915
1.3161519987253724e-35,1.0,9.134514226044185e-17
0.999999999990536,4.763335344590668e-43,9.464094284884614e-12
4.970705212566636e-19,0.9999890653658378,1.0934634162213884e-05
0.9999999999943652,7.304030092131994e-44,5.634850589654799e-12
8.32755988075952e-09,0.5120376371108238,0.48796235456161624
0.00011817962640346672,1.006647521460292e-09,0.9998818193669491
2.6638349064490266e-07,6.843806507688195e-05,0.9999312955514325
1.1555931784853037e-35,1.0,3.627427759010615e-17
0.00013783852138257393,5.371444548185045e-10,0.9998621609414731
2.0207455001595633e-16,0.9994989350776051,0.0005010649223946003
0.0004893357589443364,3.8508456427498823e-07,0.9995102791564913
0.9999835428703114,5.277077209691947e-28,1.6457129688555005e-05
0.9999983347868768,1.6670695493252623e-30,1.6652131231777812e-06
5.052735329495035e-09,0.003595072250574897,0.9964049226966898
0.9995878913037519,7.500031655579241e-24,0.0004121086962480885
6.2810367733427e-07,0.008459207907435443,0.9915401639888872
8.014290454735523e-08,0.00011823763164407874,0.9998816822254515
1.681394123454614e-18,0.9999994203836233,5.796163766576022e-07
1.2523414781269842e-06,4.232086791128266e-06,0.9999945155717308
4.0873635885296754e-07,3.7173535111290342e-06,0.9999958739101301
0.9999959427074323,4.9835432639326837e-29,4.057292567801902e-06
0.9999999993388042,2.1914237319476914e-38,6.611956865670979e-10
3.3683580174597686e-10,0.04935910719892334,0.950640892464241
0.9999598160818147,5.638649259873012e-27,4.018391818529027e-05
6.669559857128461e-28,0.9999999999985505,1.4494046625717657e-12
8.943316307652878e-11,0.9596050399210004,0.04039495998956646
0.999386804828589,1.4709747638543063e-24,0.0006131951714109538
5.041014511491399e-08,4.407708028427879e-05,0.9999558725095706
1.8178682453945722e-12,0.9976208861939193,0.0023791138042630086
1.7629701018024318e-07,0.06736164787723004,0.9326381758257598
1.1680447070765323e-10,0.1922153159034912,0.8077846839797043
6.7275870307362366e-21,0.9999999628392942,3.716070571552821e-08
3.282266641568142e-10,0.9389966522622225,0.061003347409550844
0.990483072002945,8.371075435842061e-21,0.009516927997054921
1.3112758443056953e-06,4.426097325011647e-07,0.9999982461144231
0.999989964425969,2.5753845257813524e-28,1.0035574030921156e-05
5.337296789737397e-33,0.999999999999998,1.998861176114829e-15
1.714161878316989e-06,2.0203060952232655e-07,0.9999980838075121
1.116567011204318e-13,0.9766292599657056,0.023370740034182637
0.00010499148845805638,1.3098009362481122e-09,0.999895007201741
0.9999999999998817,4.364432189785553e-48,1.183649149203731e-13
4.9404832331748205e-09,0.00499447901595617,0.9950055160435607
2.2203076922997888e-06,5.6548865894348485e-08,0.9999977231434418
0.0002007660478564426,6.742311614114967e-10,0.9997992332779123
1.2938945022865052e-08,0.37599434525803876,0.6240056418030162
4.362992768341798e-27,0.9999999999934512,6.548654818899523e-12
9.341518533177384e-06,2.506123054602235e-08,0.9999906334202362
7.751724577258352e-06,1.5742297403631419e-07,0.9999920908524487
2.628174714672408e-16,0.9993165268136499,0.0006834731863499167
0.9999999999999682,7.963154145124754e-50,3.173878618967229e-14
8.74975515404405e-30,0.9999999999997591,2.409470670305874e-13
7.51727708582958e-26,0.9999999999536555,4.6344398861718354e-11
0.9999999996714211,4.839539992540476e-40,3.2857895035202557e-10
1.0554721332563439e-06,5.323686720619633e-06,0.9999936208411462
2.2525838703369147e-05,0.00011575458960112025,0.9998617195716957
2.9166756274429815e-19,0.9999997615331924,2.3846680766831837e-07
0.00013394723468725667,6.508334948738222e-10,0.9998660521144792
0.9999999999995826,3.14303829058729e-47,4.1750801792819735e-13
1.870723246755298e-23,0.9999999989924317,1.0075682694058008e-09
0.9999999999902383,1.001242884736479e-42,9.761716341069387e-12
1.4955572650440683e-25,0.9999999999577773,4.2222753877062e-11
0.9999999960028765,1.3928359039290889e-36,3.997123402326069e-09
2.3132309248437878e-07,2.329290041001532e-06,0.9999974393868665
0.9999999999725342,7.806996201884548e-42,2.7465891972520372e-11
2.3381104603649478e-21,0.9999999871469901,1.2853009803043799e-08
1.4964716015409115e-18,0.9999995048241873,4.951758126887856e-07
1.677218489046119e-06,1.3543943905983058e-06,0.9999969683871205
0.00026751183621133705,8.549241674835647e-11,0.9997324880782964
0.9999989521639163,1.2169454092404634e-30,1.047836083829102e-06
0.99999248544757,7.705786189784181e-29,7.514552430102176e-06
1.0150075768620795e-10,0.9546622109577845,0.04533778894071461
0.9999988958712139,1.610395364536754e-30,1.1041287860584302e-06
1.1254728761622403e-08,0.00014422394146678346,0.9998557648038043
0.9999999999857041,3.891531841955167e-42,1.4295846667874707e-11
4.428180271298021e-28,0.9999999999969638,3.0363195615338323e-12
2.8630455040296784e-29,0.999999999999359,6.409778812281933e-13
1.466104667006881e-07,1.1280407293115672e-05,0.9999885729822402
1.660091357426383e-35,1.0,5.3365499430868524e-17
3.7451865046220453e-19,0.9999996704822569,3.2951774310509526e-07
1.818567519460105e-27,0.9999999999973257,2.674356079225911e-12
0.9994096637541728,1.7207058699947175e-23,0.0005903362458272722
1.1646652798542847e-16,0.9994888424858454,0.0005111575141543606
0.999999999999726,1.363385633476031e-47,2.7399423254372204e-13
2.6274015343230903e-23,0.9999999993686108,6.313890699123357e-10
0.9981565076565,2.746993641687473e-23,0.0018434923435001298
0.9999999999221985,3.1875817968700157e-41,7.780162682100712e-11
7.208396696223694e-07,6.801009293930988e-07,0.9999985990594009
4.0266131828982185e-15,0.9967812260847106,0.003218773915285376
6.856937726629015e-08,0.18181967449565803,0.8181802569349648
1.1732650566319728e-08,0.0015041741269794628,0.9984958141403699
2.524878642917367e-18,0.99999955473506,4.452649401260664e-07
0.9965933731460286,9.944180787199037e-22,0.0034066268539713626
0.9999824694280275,3.9086337237539876e-28,1.753057197250584e-05
5.774024965050023e-06,6.738916783853167e-08,0.9999941585858673
0.0008928421173008647,2.0241157975359216e-11,0.999107157862458
3.6728367359327666e-08,0.2653371369107053,0.7346628263609273
2.062493693777181e-36,1.0,2.647215498911042e-17
1.5605918443148898e-14,0.9948598817106465,0.00514011828933778
1.632357474961341e-05,7.676291223843409e-09,0.999983668748959
6.853365175715698e-07,1.0306791519398546e-06,0.9999982839843304
0.9999999999995144,4.104102920176666e-47,4.855259034048163e-13
7.218861222818627e-05,2.2193360000542123e-10,0.9999278111658383
2.309598228037056e-09,0.004731759961726832,0.9952682377286748
8.073146902256005e-07,1.2784339376658944e-06,0.9999979142513721
2.8956817625157138e-21,0.9999999873538484,1.2646151532352858e-08
2.9771928096026575e-22,0.9999999953983045,4.601695494827728e-09
1.2508191481119624e-25,0.9999999999303537,6.964626548314452e-11
4.0311634049618426e-07,1.3369262673931435e-06,0.9999982599573922
9.930515352565235e-29,0.9999999999994329,5.671290658693339e-13
1.2247685632447256e-31,0.9999999999999918,8.288897661677464e-15
0.0006199436789344753,1.8363194895323405e-10,0.9993800561374336
0.9969681506566547,1.833952183749316e-22,0.003031849343345334
3.658256967480285e-05,3.5913776036307035e-09,0.9999634138389475
6.57769458376407e-07,3.4632738065491217e-06,0.9999958789567351
0.9999999999907061,6.355373141692017e-43,9.29393050148249e-12
0.0014536832625021722,5.0516582053450655e-11,0.9985463166869814
2.0729688946944997e-08,8.295521179656604e-05,0.9999170240585146
1.1144541942328283e-35,1.0,6.574109366246046e-17
0.9998256333002994,1.0638104058465597e-24,0.00017436669970060121
0.999755222864902,1.287556262519935e-25,0.00024477713509787224
1.1588369745677265e-18,0.9999994572993659,5.427006341652042e-07
0.9999999999818612,2.1325313709566403e-42,1.8138822206943364e-11
0.9999832669402469,3.6119544287581426e-27,1.673305975315382e-05
1.7818135205459998e-22,0.9999999926461316,7.3538682538107055e-09
1.2536724415136528e-13,0.9996178383050977,0.00038216169477696144
0.0012753064486641151,1.1050543476087091e-10,0.9987246934408305
3.848694973968751e-08,0.13544949193465447,0.8645504695783959
7.724781210310096e-07,0.009113467522666447,0.9908857599992125
0.9999999863516049,3.526450158886352e-35,1.3648395052759021e-08
0.9998927385308535,3.712897944966591e-26,0.000107261469146489
0.9949340195840551,1.0986173421667966e-21,0.005065980415944997
0.9999759954187011,7.088411651425636e-27,2.4004581298902808e-05
0.9999999926596257,7.484512260806881e-35,7.340374236376655e-09
4.101900346894849e-06,1.474385224656458e-07,0.9999957506611307
1.0799436786730316e-23,0.9999999987895978,1.2104021556063574e-09
0.0011709395024933312,1.1535176247447314e-10,0.9988290603821549
1.2445385670314667e-11,0.991054374099966,0.008945625887588685
0.9989828142804079,2.02571257552773e-23,0.0010171857195920156
0.9999994280119099,7.016453548312964e-32,5.719880901179852e-07
0.9889750607601867,1.95115198400803e-20,0.01102493923981329
4.9500662212060076e-17,0.9998445207601466,0.00015547923985335997
2.708822183271646e-05,1.8953243797379177e-08,0.9999728928249234
0.00011355731192269125,4.2984302671615846e-10,0.9998864422582342
0.999999999999988,1.205186113320158e-50,1.1917133806116472e-14
2.249200763475495e-15,0.9971864380330714,0.0028135619669264573
3.222210757659882e-08,0.3003483401629229,0.6996516276149696
7.461246094494961e-20,0.9999998336862644,1.6631373560106634e-07
0.9999999999999643,9.95607749552619e-50,3.5742750653306024e-14
0.9999998458266852,3.9609186589228955e-32,1.5417331479003884e-07
7.362572111117016e-22,0.9999998940581222,1.0594187786925238e-07
4.712150773063089e-06,3.0098261915088787e-07,0.9999949868666078
0.9999999999441742,4.898000410008099e-41,5.582577164211788e-11
1.1588526806790057e-15,0.9989100520565202,0.0010899479434787634
0.9999897862593189,8.597187166941115e-28,1.0213740681046727e-05
0.0005390036932205753,1.7676219676031006e-10,0.9994609961300173
0.9999929234645115,1.5720955855252295e-28,7.076535488600703e-06
1.0305095302738926e-22,0.9999998925574096,1.0744259039340196e-07
3.9353902971592196e-19,0.999985854488539,1.4145511460994612e-05
1.83343723164755e-06,3.1754658763363786e-07,0.9999978490161807
0.0002859209559166726,5.142089549630986e-10,0.9997140785298745
0.9999999998447242,1.3487059629865686e-39,1.5527585736536951e-10
0.010199559329238467,6.792440660979173e-13,0.9898004406700823
0.0027555356752818824,1.4529379255509397e-11,0.9972444643101888
1.088875017989961e-15,0.9999633065079588,3.6693492039938296e-05
4.4905164236993356e-20,0.9999969738650583,3.0261349418933666e-06
0.9998328552132122,3.1287431810243054e-25,0.00016714478678772767
0.0003284961826579852,8.889609857897094e-11,0.999671503728446
0.00010712808431856994,2.9057189038927697e-09,0.9998928690099625
0.00033180989430695463,7.50615267810176e-11,0.9996681900306316
0.99775456215099,9.160123617694681e-23,0.002245437849010068
2.993534182867201e-06,5.260913180688824e-08,0.9999969538566853
0.9999999987312,1.6863843837069144e-37,1.2687999754433113e-09
0.999999999987665,1.0093306384310088e-42,1.2334924203181115e-11
1.1381406054983386e-05,0.0002287017161303982,0.9997599168778145
0.00645294989903745,8.42745909357743e-13,0.9935470501001198
0.9976964357220196,6.257496289058189e-23,0.0023035642779804105
0.9999998472825633,6.233903201790994e-33,1.5271743668631323e-07
2.066693643120959e-05,7.453642438057894e-05,0.9999047966391883
1.6149336840118137e-09,0.8535828313191693,0.14641716706589705
0.9999999874990927,2.1968374583924487e-35,1.2500907247839927e-08
9.871551922985917e-21,0.9999982229384154,1.7770615845830815e-06
1.5734715076078548e-30,0.9999999999999412,5.878007142629952e-14
5.083316072151518e-06,0.003985884255016928,0.9960090324289108
0.9999413346715577,1.2957322632620856e-25,5.86653284424574e-05
0.9981492574772586,6.293771749635281e-23,0.0018507425227413444
0.9967863471055586,3.992247853234828e-22,0.003213652894441561
0.0011547076226721712,2.0987756948290307e-11,0.9988452923563402
1.8271580092080927e-17,0.9999158450275457,8.415497245429665e-05
5.459922946746669e-21,0.9999999749881014,2.5011898483725322e-08
8.761020763842241e-07,7.394883346441276e-07,0.999998384409589
0.0005181852934308696,1.346097279602911e-06,0.9994804686092896
1.834889074150028e-30,0.9999999999999472,5.27562896619481e-14
5.741090103892177e-21,0.99999996435871,3.56412899673209e-08
1.5968766587304481e-15,0.9999409105328972,5.9089467101242596e-05
0.0033827766458719407,1.495339226674142e-07,0.9966170738202053
0.9999999998025879,1.466938010354965e-40,1.974121715807956e-10
2.917408737130125e-36,1.0,2.5594504373824184e-17
0.9999999999737443,8.359146697870795e-42,2.6255679930317774e-11
1.5301258337547565e-36,1.0,2.089588641727945e-17
0.9999999999999563,1.6558135785965996e-49,4.3688408812287737e-14
0.00011271245413802433,1.0343137876674649e-09,0.9998872865115481
8.363510710682569e-06,8.888300281814618e-09,0.999991627600989
6.694949002119194e-09,0.00036237580113010714,0.9996376175039209
7.544654925491198e-07,3.7104220851365955e-06,0.9999955351124222
2.0138012700502847e-20,0.9999999632912318,3.6708768273180884e-08
2.089138368583415e-09,0.8404392826359283,0.15956071527493337
0.9999999804833551,1.334299672337082e-35,1.9516644846657137e-08
1.830122513391381e-08,0.5409201336002679,0.4590798480985068
0.0013076252861635546,2.1984325433412375e-11,0.9986923746918521
0.9999999999758871,3.620582004470475e-42,2.4112877392673333e-11
0.9999999992933848,4.4011412215348944e-38,7.06615285947132e-10
2.153536988512677e-12,0.860507429453588,0.13949257054425834
0.9927175558769752,4.051734762881274e-21,0.007282444123024819
0.36294476460467634,4.813228706320091e-15,0.6370552353953188
2.6832089206612925e-07,0.03532864256834717,0.9646710891107608
6.957913216345254e-09,0.7149845404183256,0.2850154526237612
0.9989494197428923,5.818733940912072e-23,0.0010505802571077678
6.342163916774483e-08,0.06278963871994019,0.9372102978584207
8.652871460477818e-10,0.007776536524538867,0.992223462610174
2.9729644851814975e-33,0.9999999999999987,1.2271863175468258e-15
7.378119566260926e-09,0.0010691101136009677,0.9989308825082795
0.9999915932909983,8.116025447854152e-29,8.406709001706946e-06
4.7249557111614956e-14,0.9997361993855451,0.0002638006144076228
0.9635356797827845,3.4616494131743684e-19,0.03646432021721549
8.332689880066297e-23,0.9999999983770942,1.6229057482442558e-09
6.421053819566097e-06,1.4320072923167356e-08,0.9999935646261074
0.9999990975832663,2.1808660666716784e-31,9.02416733639671e-07
5.54132071732794e-07,8.405496847006541e-07,0.9999986053182435
1.6911284110089864e-16,0.9993737620710021,0.0006262379289976984
2.4173247473276672e-17,0.9999975727668007,2.42723319944227e-06
0.0009458286908109671,2.127323519720973e-11,0.9990541712879157
0.9984738333303247,1.4489781453427425e-22,0.0015261666696753415
0.9999999999029834,1.0723463007408425e-39,9.701651453831855e-11
3.4055197589386475e-36,1.0,2.675450495862081e-17
7.945609726025617e-13,0.9975154814631076,0.0024845185360979185
7.24378863311085e-17,0.9999958918723776,4.108127622559018e-06
8.17868107767871e-20,0.9999998963016482,1.0369835179452687e-07
0.9954558180134878,4.614341974429604e-22,0.004544181986512211
0.9946367867642546,1.9809748638405268e-21,0.005363213235745474
0.00018571995436140752,3.988817167377686e-10,0.999814279646757
1.1567099489322914e-16,0.9997693868338406,0.00023061316615908972
1.5004873288921227e-06,4.6245358440526757e-07,0.9999980370590866
0.9999473834478939,1.5181401144387585e-26,5.2616552106084645e-05
0.9999999999871101,1.3666625098295772e-42,1.2889855893631077e-11
1.4437401778760117e-07,2.513623582458465e-05,0.9999747193901576
3.988381502968415e-08,2.644173232695809e-05,0.9999735183838581
5.3541370520678816e-20,0.9999998931569273,1.0684307268835432e-07
0.9999999987252151,1.9953527076823229e-38,1.2747848316621293e-09
6.931626996757325e-23,0.9999999975225144,2.4774855635399095e-09
1.78488756964377e-09,0.8139101031375366,0.18608989507757578
5.748654258352948e-10,0.9207424635181993,0.07925753590693511
8.86795688207285e-28,0.9999999999972258,2.774327101302529e-12
0.9989988378260646,3.3404637604542236e-24,0.0010011621739354551
0.9999719930698381,7.186588042767667e-27,2.8006930161805343e-05
4.201541432481056e-10,0.9427332631231735,0.05726673645667245
1.9783652024956556e-07,1.6061479342944668e-05,0.9999837406841368
0.031648902114159,2.1253730671647833e-09,0.968351095760468
4.047802912022078e-12,0.993281158389366,0.0067188416065861786
2.3825771411457697e-08,0.0004838974711410855,0.9995160787030875
4.985883685207784e-13,0.9977478285585093,0.0022521714409921047
0.999527014950654,9.157629682415082e-24,0.0004729850493460737
1.2943757240513825e-23,0.9999999995124733,4.875266767435645e-10
6.554566530194007e-27,0.9999999999936786,6.321354855555085e-12
0.9999999995383979,1.1369328362449587e-39,4.616020242688992e-10
0.9999999999906108,8.936373804984819e-43,9.38916926983836e-12
2.327881560771224e-06,1.0499292496519589e-07,0.9999975671255142
0.9999999991835269,1.3992650451279904e-38,8.164731451443729e-10
0.0022709646300951036,1.2797074277303278e-07,0.997728907399162
5.131576732468139e-31,0.9999999999999483,5.1790406181005954e-14
1.4277299118183826e-08,0.4178093999953287,0.5821905857273723
9.324398644361259e-32,0.999999999999992,7.94811081786646e-15
8.809846424221602e-05,5.777514357025571e-10,0.9999119009580063
2.0923422942975663e-13,0.9759113901987823,0.024088609801008454
0.9935805439884615,7.062215428510242e-21,0.006419456011538408
0.002010519614826066,7.886052544226594e-11,0.9979894803063134
6.158287118673531e-30,0.9999999999999072,9.280171788726938e-14
0.006585865374677503,1.5934927832670532e-12,0.993414134623729
0.9999980520893305,1.2137980491218771e-30,1.947910669481601e-06
0.9999999999999776,3.5712145202811955e-50,2.250444094959122e-14
3.2030123043041836e-16,0.9999859419906925,1.4058009307172105e-05
6.342102062678008e-09,0.0015019860839716372,0.9984980075739261
0.9999999999702152,5.158035174336717e-42,2.9784730995696583e-11
8.326607119700635e-11,0.9688457668069921,0.031154233109741865
0.0006169210905530268,1.845024668154421e-11,0.9993830788909968
0.9982905035626194,1.5441489691186103e-22,0.0017094964373805162
2.42376882011724e-27,0.9999999998751417,1.2485824555728286e-10
0.9999976356089749,1.4127352206569605e-30,2.364391024966877e-06
4.158870459143229e-33,0.9999999999999987,1.2475028547445295e-15
1.7680376640249723e-06,6.848327392883161e-07,0.9999975471295967
9.291312723435733e-18,0.9997938617333685,0.00020613826663161278
6.381769330963753e-10,0.9251103175441151,0.0748896818177081
1.1928172849347425e-08,0.0002296375043566366,0.9997703505674705
3.806346439386395e-06,1.9783589343716758e-07,0.9999959958176671
1.3393916448776766e-15,0.9999558215854729,4.417841452565222e-05
2.4028508975008365e-11,0.9865004790933375,0.013499520882633925
4.6277162814555876e-11,0.3776228639257462,0.6223771360279766
1.8136971452033846e-07,0.13969451516528164,0.8603053034650039
7.079526383047222e-34,0.9999999999999993,6.129983897407186e-16
0.010077524624075835,2.693258419101689e-12,0.9899224753732309
6.473967780308705e-31,0.9999999999999669,3.301348937794126e-14
1.4000117810530399e-15,0.9999387157680468,6.128423195198016e-05
1.9718940389180673e-09,0.783611107241935,0.21638889078617102
1.1640544000447978e-28,0.9999999999987146,1.2853750601074723e-12
0.00016787809421664823,1.102357971335408e-10,0.9998321217955475
0.018783527803288964,4.11341337360687e-12,0.9812164721925976
0.9999833927017863,9.917026697044018e-28,1.6607298213778255e-05
7.818210185241611e-06,9.09038180168841e-08,0.9999920908859967
1.628369397688489e-06,5.23695668128534e-07,0.9999978479349343
0.999999999991686,5.1068495599149405e-43,8.314033200809055e-12
7.651546747611233e-09,0.0024127174923761607,0.9975872748560771
1.446055222905954e-19,0.9999998062537272,1.9374627270697489e-07
0.9999995192179705,2.4836249667265996e-31,4.807820294334714e-07
5.373277605321451e-08,2.7628058649546073e-05,0.9999723182085745
0.9999972112148277,9.442231840079186e-30,2.7887851723135922e-06
3.408436703568282e-16,0.9993591482033675,0.0006408517966320241
0.9999999999993077,1.973377870635322e-46,6.924289632086371e-13
2.5314715510206206e-36,1.0,2.0699911789580033e-17
0.9999999999999811,2.3822125058888697e-50,1.8814686583020346e-14
0.9999999999839317,3.410707768661539e-42,1.6068243822679945e-11
0.00032914855147916585,4.906383962976265e-10,0.9996708509578824
0.00013807323366833027,1.590710018295732e-09,0.9998619251756217
3.0703337847990957e-15,0.9999327781955553,6.722180444160545e-05
0.9999625401461689,9.324489092383359e-27,3.745985383103808e-05
0.00031938783770346266,1.1308016133433146e-10,0.9996806120492163
0.999999999982226,1.2841186224330443e-42,1.777406971944426e-11
0.0005676153314668923,2.7809008113269264e-11,0.999432384640724
0.9998710520670909,4.349953392320281e-25,0.00012894793290892868
1.4767506655306596e-06,4.837493762445761e-07,0.9999980394999584
0.00025049571700496754,1.1247726955245614e-10,0.9997495041705177
3.923053166888703e-05,1.2666090080971994e-05,0.9999481033782501
3.188419433204471e-36,1.0,3.4517555492048736e-17
2.5245350135078124e-09,0.011030597055168791,0.9889694004202962
0.9985749679779087,1.3261822412357603e-23,0.0014250320220913
0.9999461199187408,6.469733890912728e-26,5.388008125912384e-05
0.0007938942685102139,3.012283613793509e-10,0.9992061054302613
1.894302215613596e-06,9.47946580068066e-07,0.9999971577512043
3.101507456126704e-10,0.9602617044560181,0.039738295233831246
0.0007826326083368747,9.639497420312634e-11,0.9992173672952681
9.535208507619612e-17,0.9999936729670794,6.327032920695316e-06
0.9913635758070942,3.514166160860462e-21,0.008636424192905902
3.893189802177321e-06,0.0010602920742898206,0.9989358147359081
1.741952045553893e-11,0.9922370010910755,0.007762998891505002
6.379876675536375e-09,0.7363385625741031,0.2636614310460202
0.022149878992919345,1.929797592907467e-13,0.9778501210068877
0.9999999996885225,6.40178271490158e-39,3.114775665600126e-10
4.0222506554519286e-19,0.9999998348858941,1.6511410604947704e-07
4.959949171496201e-24,0.9999999995061801,4.938197834156494e-10
1.5723648378644897e-06,1.95336453808356e-07,0.9999982322987083
4.504464775122479e-32,0.9999999999999951,4.9647651578159215e-15
0.9998064646608386,7.196094451334275e-26,0.00019353533916141745
7.803350553095525e-09,0.6465571041350026,0.353442888061647
7.62338571084489e-36,1.0,4.1484112789049856e-17
0.9999968056013032,4.984075582799287e-30,3.194398696683716e-06
3.787975736332825e-35,1.0,7.838573467114803e-17
0.0006501800184950316,1.4271315680539526e-06,0.9993483928499369
1.5330243910159945e-24,0.9999999997834637,2.1653643453030516e-10
8.022708343583485e-08,6.329983035658304e-05,0.9999366199425599
3.0120099220935425e-36,1.0,1.6702975631763086e-17
3.004576495411981e-16,0.9989240259987187,0.0010759740012810676
0.9999992116003361,6.841551183966727e-32,7.883996639488955e-07
0.999965380845249,6.2666200257434236e-27,3.461915475094754e-05
0.9995529666794405,6.316670523983269e-24,0.0004470333205596143
0.9999960494958399,7.2882117053697e-30,3.950504160188521e-06
3.415767575704581e-16,0.9992106663235124,0.0007893336764871629
4.678766311799997e-28,0.9999999999977889,2.2110358600730637e-12
0.9999986699796303,2.38786790903032e-30,1.3300203697919998e-06
9.306850442280822e-24,0.9999999995173667,4.826333655816742e-10
8.071602409171915e-18,0.9998671586388231,0.0001328413611768642
7.90986402481961e-15,0.9998497035189867,0.000150296481005436
0.9971961042236444,6.780237366786243e-22,0.002803895776355707
2.6135939168769596e-07,0.027925931886238795,0.9720738067543696
0.9999992851712834,1.7519947458238006e-31,7.148287166817279e-07
2.104279682142007e-12,0.9965626483770814,0.0034373516208141158
8.989004505325326e-07,1.0043212984249452e-06,0.9999980967782509
0.9999999999831553,2.7096927621881757e-42,1.6844640362517448e-11
4.26604415599603e-08,3.194176076950992e-05,0.9999680155787889
0.9998248606802055,5.338638671821905e-25,0.0001751393197943886
0.9999999996727198,1.1712855248689661e-39,3.2728010850625084e-10
7.37012184722719e-05,3.0866487898144573e-09,0.999926295694879
1.6923365919031749e-21,0.9999999687201245,3.1279875413887386e-08
0.9999985653298812,7.718103357501993e-31,1.434670118819854e-06
0.999998815607778,4.3070796690906835e-29,1.1843922218484717e-06
0.999785649282686,3.1607381009412e-25,0.00021435071731393693
1.1464497221023822e-06,0.019693254374166108,0.9803055991761118
1.1531692730773718e-20,0.9999999546325958,4.536740412740678e-08
7.65415467246669e-19,0.9999737916187528,2.6208381247121625e-05
2.0165222019573036e-13,0.9993006147713072,0.000699385228491042
8.508307326980657e-21,0.9999999633780732,3.662192688059609e-08
2.9480028476503004e-17,0.9999177691994912,8.223080050886471e-05
0.9999999999947249,1.8130239630564473e-43,5.275026892672936e-12
1.6188639294835935e-35,1.0,7.803855229213915e-17
1.892220507179648e-06,0.005455605493142555,0.9945425022863503
5.116867782332087e-08,4.810742722532828e-05,0.9999518414040969
0.0008458775609953008,2.262468672754301e-10,0.9991541222127578
0.9999999977292189,1.0440252220033372e-37,2.270781197018214e-09
0.9999999999999725,1.1310142365606843e-49,2.7558526651787436e-14
0.9999963548405585,1.7232336307749964e-29,3.6451594415540387e-06
2.1019045716190243e-26,0.9999999999894753,1.0524783848475241e-11
2.0098216617747974e-09,0.0030792063016380562,0.9969207916885404
4.847097626003271e-22,0.999999994379672,5.620327937227934e-09
0.9999999952014427,1.1516339290398984e-36,4.798557297738095e-09
0.9999999352390649,4.72192271220712e-34,6.476093509741364e-08
0.9999999999807456,1.0871037464042484e-42,1.9254318331162084e-11
7.743907768878198e-09,0.7259594532728597,0.2740405389832325
3.3622174654568796e-13,0.9990060337378649,0.0009939662617989618
0.9999999742416006,8.491973443880347e-35,2.5758399447057603e-08
0.00017539023506001406,1.737234535665637e-10,0.9998246095912166
0.00020505566673617985,2.3538687271530404e-06,0.9997925904645367
1.5220305199210997e-06,2.67116611310177e-07,0.9999982108528688
2.6265821924073778e-08,0.00029142482363386454,0.9997085489105443
0.0010550820817118434,7.660044563612665e-07,0.9989441519138318
4.504276490578333e-06,2.66158549321611e-08,0.9999954691076545
1.8137664407911747e-05,7.472186221138259e-09,0.9999818548634059
1.3227968212739924e-06,1.7737566361521143e-06,0.9999969034465425
2.2349660172513175e-10,0.96068773997556,0.03931225980094329
2.3482189111339207e-07,0.017512711256060323,0.9824870539220487
5.014197594100081e-09,0.002267350170892977,0.9977326448149095
0.0005450192954841464,6.00508014468993e-11,0.9994549806444649
2.6345812385373097e-09,0.0033113416642458872,0.9966886557011729
0.9993651128953774,6.955161834744741e-24,0.0006348871046225848
0.9999996493247678,4.8065206016845806e-32,3.5067523221457264e-07
0.9999952237162969,8.048633023996234e-29,4.77628370312457e-06
3.1241722297343657e-15,0.9987933341595464,0.0012066658404504707
0.9999998435226468,2.424050757923134e-33,1.5647735330739698e-07
9.273094998910103e-14,0.9773642824477444,0.022635717552162937
1.3934217575313681e-27,0.9999999998358093,1.6419071594971378e-10
1.3838732720336406e-07,7.113290117903144e-06,0.9999927483225549
0.9999905360040166,9.415665506675587e-29,9.463995983311982e-06
1.1252493721006357e-16,0.9999920970023348,7.902997664820154e-06
0.9999999999980707,8.562684778249453e-46,1.929385116081315e-12
5.76317421128311e-05,5.785693138018294e-09,0.999942362472194
6.730890691194707e-15,0.9954252323424805,0.004574767657512837
2.0503612134123426e-05,3.740023404017168e-09,0.9999794926478426
0.0009619792262295466,7.783902278942767e-11,0.9990380206959313
0.9999979439966961,7.94891468847589e-31,2.0560033040505115e-06
0.9999999999919225,7.47496430105453e-43,8.077574265030225e-12
2.4178902310884304e-31,0.9999999999999754,2.4634614324801664e-14
0.999851164449763,4.479903752735857e-25,0.00014883555023692386
9.921913545695121e-16,0.9991705696468528,0.0008294303531463032
0.003292021202796305,5.120245947493311e-13,0.9967079787966917
8.852037402126596e-34,0.9999999999999993,6.159643812676302e-16
1.2622210434868507e-23,0.9999999993513227,6.486772568014868e-10
1.5485460044073279e-07,1.1788503926175786e-05,0.9999880566414735
1.720528086370909e-05,5.193486100397232e-09,0.9999827895256501
3.3495372875168715e-15,0.9984467019477361,0.0015532980522606303
1.2225208737556863e-25,0.9999999999608258,3.917432590547875e-11
0.9999282142290336,4.983005023793699e-26,7.178577096638143e-05
0.9918302297789329,1.704678581502275e-21,0.008169770221067185
1.6116355298877212e-28,0.9999999999738991,2.610092425579899e-11
0.9965023571706223,6.539405755879863e-22,0.0034976428293777635
0.9999999999416236,7.639632880360184e-42,5.837641839862836e-11
4.7520476086300185e-25,0.9999999998578502,1.4214979742179956e-10
3.6561863728372907e-06,6.40102706972997e-08,0.9999962798033565
8.801494722595077e-10,0.07178982320109895,0.9282101759187515
0.9999864188232306,1.5748230841719367e-28,1.3581176769353759e-05
1.1572730515210082e-22,0.9999999278983479,7.210165214084453e-08
0.9997192989221318,6.6046716232119575e-25,0.0002807010778681782
0.00015855446394600882,4.213528425443956e-10,0.9998414451147011
2.0164241698546502e-21,0.9999993270761037,6.729238963065999e-07
0.9999999999999878,8.266263537868191e-51,1.2112194327768443e-14
0.9999811320083759,2.854893493546615e-28,1.8867991624030597e-05
0.999999999985802,1.5167389694738166e-42,1.4198036414730884e-11
1.940944531854884e-05,0.00016857336289508476,0.9998120171917864
9.164442903151316e-09,0.0006024160569696657,0.9993975747785875
1.3904915365178089e-06,2.1839484351560908e-07,0.99999839111362
2.2683164780312807e-05,5.9282303169706785e-08,0.9999772575529167
0.0017278089835052065,3.664925501589908e-07,0.9982718245239446
2.921850788645003e-07,0.07457338461541155,0.9254263231995096
0.9999987722467328,3.637501090896431e-30,1.2277532672425048e-06
1.5752182622053055e-09,0.004536217984557791,0.995463780440224
0.001252973057016536,6.629977842450584e-11,0.9987470268766837
6.131594627764516e-13,0.966519518761669,0.03348048123771782
6.268168925905756e-20,0.9999999275847803,7.241521975808228e-08
3.9214921451410614e-30,0.9999999999999607,3.939350830781652e-14
0.04045796179439341,1.169048847010516e-09,0.9595420370365577
1.379434478863322e-18,0.999999063626596,9.363734040146107e-07
0.9999999974555516,1.4958339447307385e-36,2.544448406342716e-09
1.5914069488462242e-06,9.959942224504147e-07,0.9999974125988287
0.9997550542151649,1.2250101431051748e-24,0.00024494578483518837
6.512502348399155e-26,0.9999999999652434,3.4756705327653804e-11
1.0010502059356217e-06,0.016742019660215313,0.9832569792895787
0.9999999999781828,9.818011192977277e-43,2.181712636736192e-11
0.9999999999897766,7.904401870760527e-43,1.02234221412734e-11
0.9999999316560955,1.2758354077783023e-33,6.834390445977625e-08
3.7047089846898115e-09,0.7373813651176286,0.2626186311776623
0.9999999999999722,9.581431536554918e-50,2.7649734558860646e-14
0.9999962768065429,7.926638153404948e-29,3.7231934572287214e-06
5.186517938627221e-05,6.4146222880576e-09,0.9999481284059915
0.999995131961483,1.7342032714946081e-29,4.868038516981414e-06
3.6615159043281502e-25,0.9999999999360398,6.396023952509251e-11
0.9999999999974305,4.63759615342901e-44,2.5696016853246564e-12
0.9999998320645034,2.3332314993100996e-33,1.6793549667916343e-07
0.9999999999025226,4.258021328035131e-40,9.747737261430977e-11
1.2266856854919951e-05,5.7924994106069624e-08,0.999987675218151
4.098075907442902e-21,0.9999999850707635,1.4929236570538527e-08
1.390291109561437e-06,3.2827498855903857e-07,0.999998281433902
2.6279385390627066e-07,0.07063214612646088,0.9293675910796853
0.9999236304786566,3.815074353622325e-26,7.636952134352582e-05
5.610858057049531e-34,0.9999999999999996,3.8180270824287516e-16
2.9475896277363465e-08,0.00025473119877462654,0.9997452393253291
0.9999999979233747,2.989069820453347e-38,2.076625282890415e-09
0.9999999998558644,5.815241588806502e-37,1.441356413023019e-10
2.4792160874706536e-21,0.9999999893665074,1.0633492666381763e-08
1.121462697083254e-22,0.9999999963938178,3.6061823008322814e-09
0.00010530698855442461,1.3537749915924654e-09,0.9998946916576705
0.9999999999850004,1.5697852782111074e-42,1.499957926431784e-11
2.866421972873663e-06,1.3628814812048736e-07,0.999996997289879
0.9999999952549634,4.790022397620417e-36,4.745036590194313e-09
8.195801834573928e-36,1.0,8.226468235495565e-17
1.0870184149774625e-06,0.011010288606067098,0.9889886243755179
0.9990240181204352,3.1385179491086844e-23,0.0009759818795649526
0.9895719785264506,2.6458351561224886e-21,0.010428021473549364
3.388802950393815e-05,6.746064140053178e-09,0.999966105224432
2.5877169585551524e-09,0.002186763424383452,0.9978132339878996
1.425507963687403e-30,0.9999999999999267,7.318934075046436e-14
2.4553907011262834e-34,0.9999999999999998,2.890184706579358e-16
1.4956697309630798e-07,6.874809196114634e-06,0.9999929756238307
0.9982997074875417,1.2737439764850078e-22,0.0017002925124581976
3.6496635190144714e-29,0.9999999999996942,3.0574429602650214e-13
4.359247999260754e-30,0.9999999999998699,1.3001090491368966e-13
6.559594205946707e-06,0.0005942588183550496,0.999399181587439
0.9977320131243101,1.4881933689969184e-22,0.002267986875689981
0.0014576659475389769,4.094484287363126e-11,0.998542334011516
1.5235850445609725e-07,1.0457497882534728e-05,0.9999893901436131
6.15901354215411e-10,0.871048043783264,0.12895195560083467
6.419096508394488e-05,9.342069854348444e-06,0.9999264669650618
1.548732434775245e-11,0.9964952479612311,0.0035047520232816226
7.242536943268709e-22,0.9999999937232873,6.2767126833290325e-09
8.675905371504794e-07,8.176445051571491e-07,0.9999983147649577
1.2088114875800423e-17,0.9999480743165625,5.1925683437447154e-05
2.9864392671282365e-16,0.9999713126384355,2.868736156430042e-05
2.2549090027123256e-12,0.918248491601783,0.08175150839596211
1.1671281228194359e-07,3.73561352893874e-06,0.9999961476736589
3.4195200928003355e-08,5.385411441310126e-05,0.9999461116903859
1.2721969601416412e-07,0.18433947567820663,0.8156603971020974
8.54896239903615e-06,1.0479965991463e-07,0.999991346237941
0.03126315449041474,8.171340938456071e-10,0.9687368446924512
0.9999999667299067,2.132166346533734e-34,3.32700932454931e-08
0.9999999999874827,5.1973394516112186e-43,1.2517255902075663e-11
0.9996707589292185,4.79657871382319e-25,0.0003292410707814126
0.999994768170911,9.660357473354867e-29,5.231829089106046e-06
1.6795056796876037e-14,0.9998386446789118,0.00016135532107120293
6.419318073191896e-19,0.9999996513306323,3.486693677575988e-07
0.0005920515236018868,2.4631235244208353e-11,0.9994079484517668
0.999999923637818,4.301200310994444e-30,7.636218198958129e-08
0.9999995369183421,3.6929055086384057e-32,4.6308165806313574e-07
4.283615533359946e-15,0.9999120044060219,8.799559397384302e-05
6.866051327140212e-18,0.9999222926593858,7.770734061424706e-05
0.9999957110834727,9.907951216227734e-28,4.288916527285158e-06
1.956214274276232e-20,0.9999999268356363,7.316436359532935e-08
0.9996545211333638,1.4987528966883469e-24,0.0003454788666361695
3.006861466974669e-07,1.6159586718428926e-05,0.9999835397271348
0.9984110802179104,1.9432261066244892e-22,0.0015889197820896507
0.9999999999998497,3.533231981052436e-48,1.5038732241558934e-13
4.5999285715778007e-10,0.08180112032322581,0.9181988792167812
0.9999922670273562,4.6764585154556625e-29,7.732972643706306e-06
1.2475522860557312e-07,0.20964566747870736,0.7903542077660641
0.9999976371863051,3.178941127683905e-30,2.3628136948140855e-06
3.3080725227084265e-19,0.9999996824834416,3.175165582812161e-07
5.4490515257331026e-05,6.531056739943541e-10,0.999945508831637
2.4966364144587953e-14,0.9968744627350917,0.0031255372648832562
6.300609874557771e-28,0.9999999999982723,1.727811650072277e-12
1.1501447129339194e-23,0.9999999815411896,1.8458810288630724e-08
0.9999999999865112,9.121719682678496e-43,1.3488828399520427e-11
1.0284177785694598e-23,0.999999999536813,4.6318700603623245e-10
6.320782150090322e-08,0.0001042666086042515,0.9998956701835743
5.211331473563282e-27,0.9999999999945346,5.465420556398135e-12
0.9999999459985398,1.981203207101553e-34,5.400146013902376e-08
0.05528759324016921,3.0650442587749296e-14,0.9447124067598001
1.2803651444131901e-25,0.9999999999492659,5.073408082205014e-11
0.9872211735402017,1.5116594222369842e-20,0.012778826459798456
0.999999821930025,4.1232366047007144e-33,1.7806997493908125e-07
4.699339411811586e-06,0.0006260446065474256,0.9993692560540407
2.2314101393945213e-08,0.27057631544973537,0.7294236622361632
1.1191435349619699e-13,0.9991795726974672,0.0008204273024210068
6.681177142173235e-27,0.9999999999944356,5.564503127758005e-12
6.613971640218688e-16,0.9999743968837287,2.560311627053559e-05
7.211956616941027e-15,0.9999391563886553,6.084361133776282e-05
1.8419127378366837e-08,9.521040316349359e-05,0.999904771177709
1.0385574984795284e-11,0.9925615822878258,0.007438417701788738
1.9386128301545875e-18,0.999999223728901,7.762710990729637e-07
0.41999168603862075,7.724775773328284e-12,0.5800083139536545
3.186889010431362e-10,0.024302299186736903,0.9756977004945743
0.9999999999808864,3.0105214851173505e-42,1.9113502409417414e-11
0.00032621796731760455,6.844832122906754e-10,0.9996737813481992
0.9999215789789435,9.960602396423062e-27,7.84210210565221e-05
0.9999994693731966,5.896964729927078e-31,5.306268033539394e-07
5.80079519142895e-25,0.9999999975641298,2.4358702756715915e-09
0.0021311423642101134,4.63159436194409e-08,0.9978688113198463
9.65608072208035e-07,2.4651271467973796e-07,0.9999987878792131
0.023889637834585843,8.950753835406255e-13,0.9761103621645191
0.9992215734348507,2.720906698208678e-24,0.000778426565149212
0.9999999999807911,3.996008686329929e-42,1.9208838561501792e-11
0.9999999995899636,2.6461952471814396e-38,4.100365182150561e-10
0.8640867076359524,4.441641679021239e-18,0.13591329236404762
0.00013651488720814328,4.936132416026739e-10,0.9998634846191785
2.9429062380763192e-24,0.9999999940985025,5.9014975594111845e-09
1.0303602344736658e-35,1.0,3.562463669073618e-17
7.072160097156477e-19,0.9999993759885183,6.240114816991246e-07
0.0006951049770795802,1.4949539461085431e-10,0.9993048948734251
6.666000459339614e-20,0.999999859899506,1.401004940236521e-07
0.999987340788045,7.3248100116489895e-28,1.2659211955144567e-05
0.9999998189703022,1.2247437489615485e-32,1.8102969783042037e-07
3.4230417131883876e-12,0.9913378238180977,0.008662176178479355
6.121127840267557e-14,0.9996792944959629,0.00032070550397568677
0.9999999999999856,2.178105751529564e-50,1.436452323853243e-14
0.9999999993509034,1.3331547756912035e-38,6.490965717921377e-10
0.9999998687084327,2.665364517783857e-33,1.312915672675278e-07
0.9999999999999614,1.4217800169997613e-49,3.855393073998081e-14
5.180575755598618e-27,0.9999999999936178,6.38214893543557e-12
9.65491346674509e-07,0.02099756543013635,0.9790014690785169
8.56479172267868e-16,0.9999531201927575,4.687980724156502e-05
0.9999999361470001,3.581276922793729e-33,6.385300001732686e-08
0.9999999999998896,2.3604030926565603e-48,1.1034658886946222e-13
3.81608001957057e-10,0.03165893941974727,0.9683410601986447
0.0008748008677131523,5.1746732368432154e-11,0.99912519908054
3.5109302955393766e-06,7.795372662682865e-08,0.9999964111159778
4.196849240718456e-06,2.5938591408670094e-08,0.9999957772121679
9.2037331716741e-29,0.9999999999994071,5.928221733351836e-13
1.2035549524688832e-05,0.0002229467960455386,0.9997650176544298
1.593644041830869e-19,0.9999997975394951,2.0246050483960762e-07
0.0011574410836061536,9.616222015514284e-12,0.9988425589067776
0.9999999999995981,2.950966473187033e-47,4.0194864798283086e-13
1.5407191379220586e-15,0.9999386723029254,6.132769707316467e-05
1.0678559314993705e-08,0.4642879539547916,0.5357120353666491
3.1641383626350935e-25,0.9999999970317863,2.968213569567546e-09
0.0016674307862751907,1.0699492232667418e-11,0.9983325692030254
0.0005720512416502587,4.594592230927851e-11,0.9994279487124037
9.829512388725042e-07,2.1326636461213302e-07,0.9999988037823965
0.9999938619922932,4.8046713775479837e-29,6.138007706913985e-06
2.9632617366752836e-06,9.733310430691207e-08,0.999996939405159
0.9999930436607082,2.873388982917521e-28,6.9563392916817075e-06
0.0002281928259377846,2.1235331191672441e-10,0.9997718069617089
5.702631618164761e-22,0.9999995037997864,4.962002136940932e-07
0.00010607507556826537,6.504989600823876e-06,0.999887419934831
0.9993688879624689,2.2306658976807826e-24,0.0006311120375310528
0.00028904126316244585,4.2145263572754193e-10,0.9997109583153849
2.8263306891309115e-05,2.341363114826644e-05,0.9999483230619604
1.3545463899629589e-08,0.6450880507444566,0.35491193571007945
1.3576865988992363e-09,0.06516689779058354,0.9348331008517299
0.00037728125391798785,3.3909336781069472e-06,0.9996193278124038
1.0473646445938237e-17,0.9999981297305236,1.870269476279921e-06
1.0561018747971846e-33,0.9999999999999996,4.977410358291602e-16
0.9999999989437265,1.0451768009893728e-37,1.0562734477767012e-09
5.257481473461535e-09,0.7188589574509942,0.28114103729152434
0.9999999999941123,1.295472797138455e-44,5.887775997537083e-12
3.0810271076215444e-32,0.9999999999999964,3.5218291619103727e-15
4.1393877086970246e-07,0.043768467560215046,0.9562311185010142
2.051654238166869e-25,0.9999999999397957,6.020426312560285e-11
0.9999999879107045,6.772226295153661e-36,1.208929536040716e-08
8.600274174831771e-10,0.8668656347342775,0.1331343644056952
0.9999260272543695,2.1439348269527468e-26,7.397274563039808e-05
1.3607971518554543e-25,0.9999999983584358,1.6415641220424382e-09
0.00030424561342090356,8.21018568434056e-07,0.9996949333680105
3.80457875533422e-11,0.9782802631604339,0.021719736801520288
6.598236801918206e-17,0.9999881329621807,1.186703781917902e-05
1.1334020956611701e-07,7.735832932889465e-05,0.9999225283304616
0.9999887090701748,2.785531231973987e-28,1.1290929825251087e-05
0.9987357167379944,2.2214217832408643e-23,0.0012642832620055483
3.9133866055780843e-07,1.5969421567389318e-06,0.9999980117191827
0.004541702871111508,2.9002339628107594e-08,0.9954582681265488
3.2485424242087323e-18,0.9999603738709941,3.962612900592599e-05
2.798225533812258e-15,0.9981979955579667,0.0018020044420304596
0.9999999999999818,3.8193573717542697e-50,1.8253773178871503e-14
0.9999999999999656,1.5511053250154944e-49,3.439330723150745e-14
1.3189041303643158e-09,0.013616109842907812,0.9863838888381882
0.9999999999804143,5.610246555910928e-42,1.958564565889927e-11
3.589232103180115e-08,0.0001585327981389602,0.99984143130954
0.9999999749157031,6.495627964658517e-34,2.508429695904671e-08
0.9999999999999853,4.1745133385751266e-50,1.4662136092323545e-14
2.730836167877603e-22,0.9999999960939376,3.906062329749824e-09
0.999996227086562,8.599674578867299e-30,3.772913437962654e-06
3.6971492824771816e-16,0.9990092810732002,0.0009907189267994517
0.9999868031694314,2.6955366476404614e-27,1.319683056864019e-05
0.0001225843416739825,1.4669990529041481e-09,0.9998774141913269
0.9999999999999798,2.3506630761835934e-50,2.0132149060788473e-14
2.4600009651414434e-13,0.9713899543649422,0.028610045634811614
1.1700047122170895e-08,0.3720406889047093,0.6279592993952436
0.00017288864140127655,5.39118231517887e-10,0.9998271108194805
0.9999847079360832,8.012562771382549e-28,1.5292063916894688e-05
0.9970639349064078,9.766973650722975e-22,0.0029360650935922597
0.005394662879118729,7.557787975528348e-12,0.9946053371133236
5.2703467895512e-07,1.7319737287813687e-06,0.9999977409915922
1.5089013581738039e-30,0.9999999999999478,5.2130503425895614e-14
0.9999999999999596,1.1154053300860701e-49,4.0396496282510764e-14
3.5511070395010864e-17,0.9999969564903131,3.0435096869158264e-06
2.425200632162912e-05,5.640190965976924e-09,0.9999757423534874
0.9999996913915585,3.785502567667945e-33,3.0860844144665865e-07
7.284726245592578e-08,3.93956904144981e-05,0.999960531462323
8.229886224924069e-25,0.99999999988921,1.1079014221116354e-10
2.1758954932643897e-20,0.9999999361377033,6.38622966753315e-08
2.4157104256931965e-27,0.9999999999959337,4.066294311759798e-12
0.9999999999931557,6.312365589948578e-43,6.844303609385926e-12
4.1051494251607396e-16,0.999985667617256,1.4332382743515014e-05
3.482254752941202e-08,0.00015272102371520428,0.9998472441537374
0.9999997873912764,1.2919542943844203e-32,2.1260872364940184e-07
7.053908531556072e-16,0.9990734075234498,0.0009265924765495292
2.729556569890411e-16,0.9999819620535882,1.8037946411607127e-05
2.706708233324614e-17,0.999993589305853,6.410694146861472e-06
1.0862754198315887e-17,0.9999978765967565,2.123403243466396e-06
2.504332490940282e-17,0.999995579774772,4.420225228066103e-06
0.9999999999888436,7.011009800545084e-43,1.1156492777815698e-11
0.9999999999970628,5.049439275888428e-45,2.937196750105418e-12
0.9999999999403584,1.2908646903431288e-40,5.964168785224889e-11
0.9999999999961977,2.2262796215390091e-44,3.802247165622485e-12
2.094561112086828e-34,0.9999999999999998,1.9638219379121556e-16
1.816058166998637e-14,0.9995933679581483,0.00040663204183359505
8.694954689748449e-11,0.9519058322974487,0.04809416761560184
5.312722690765034e-07,2.760231793324113e-07,0.9999991927045515
0.00013327472853511511,4.806810992749029e-10,0.9998667247907839
0.9999999999724889,8.159649512979715e-42,2.7511187122645993e-11
2.514016877946825e-08,0.00012534351258448856,0.9998746313472467
0.0018902964540947658,2.7534044603289054e-11,0.9981097035183711
0.9879286799610421,7.225773708724711e-21,0.012071320038957943
0.9999951124613128,1.7240159011260983e-29,4.887538687235293e-06
0.998376982344624,2.578763707540917e-22,0.0016230176553759079
6.744018302866708e-07,8.881810035692232e-07,0.9999984374171661
6.197342105416725e-16,0.9989916550624003,0.0010083449375989637
1.4355785402986939e-16,0.9999920868626703,7.913137329457546e-06
0.9998929032195589,3.243740321371552e-26,0.0001070967804409606
0.9999999999497171,2.2896472196009287e-41,5.0282810450084726e-11
1.64093254479448e-11,0.9836157269051243,0.01638427307846635
1.0601633186627511e-16,0.9997509870853509,0.00024901291464898156
0.999999999843262,2.9199097230426847e-40,1.567379131110204e-10
3.2236723278521727e-24,0.9999999998053095,1.9469057847586014e-10
3.620167537009711e-07,3.76996806876887e-06,0.9999958680151776
8.436027010854052e-30,0.9999999999915117,8.488352022602322e-12
1.4348186153447365e-07,1.6068116216992226e-05,0.9999837884019216
5.804528580796065e-14,0.9772707287558365,0.022729271244105415
0.0003572571250711428,4.962823154777382e-11,0.9996427428253005
7.064993944779712e-06,1.82092976416151e-07,0.9999927529130788
3.327387055791891e-14,0.9997876798664945,0.0002123201334723012
1.5146691821822894e-17,0.9999981834073877,1.8165926122796443e-06
0.9999999999999436,2.9654890912883165e-49,5.629000952901021e-14
6.428412143741349e-17,0.9999955612935012,4.438706498891672e-06
1.0038792392357444e-16,0.9998093194985055,0.00019068050149442892
0.6859717198065038,3.979773791354795e-12,0.3140282801895164
1.0789575714419327e-09,0.048647755977699464,0.9513522429433431
1.4786029512998646e-22,0.9999999950166167,4.983383238666752e-09
0.00030980493500061773,7.79736730025441e-11,0.9996901949870257
0.9999999688412774,2.609552422583604e-34,3.1158722666641226e-08
5.589592768472301e-34,0.9999999999999996,4.1560974827452006e-16
7.164421871527799e-24,0.9999999995728015,4.2719840351754905e-10
0.9999918115575267,1.127802076842037e-28,8.188442473369209e-06
0.9999922615924022,8.459345522266286e-29,7.738407597928673e-06
0.9999804654869683,3.3111963203921736e-27,1.9534513031765053e-05
4.7512390855141866e-08,4.2303101167941406e-05,0.9999576493864412
4.5701165977234915e-05,2.8189798054115025e-09,0.9999542960150429
3.0626131154526375e-05,0.00010299661237968728,0.9998663772564658
0.9999999653617838,4.859353564185206e-34,3.4638216311322286e-08
0.9999999999999811,3.6463578540895626e-50,1.8867368815808277e-14
1.8076300880845836e-11,0.9883678341141264,0.011632165867797193
0.9999870434779042,2.829344811436474e-28,1.2956522095722177e-05
0.9999872465865265,1.5984760170399476e-28,1.2753413473572532e-05
1.991938857667934e-21,0.9999999898253106,1.0174689533313535e-08
0.000916833500842076,1.936313929143939e-10,0.9990831663055265
0.003713317608025507,6.104167396325299e-13,0.9962866823913641
0.9999995429162767,4.432016775810843e-32,4.5708372331244734e-07
7.327400272521823e-29,0.9999999999994724,5.276275908945838e-13
0.9999821051989393,2.8178517972454347e-27,1.7894801060615385e-05
1.191402766869702e-24,0.9999999958530639,4.1469360971245375e-09
0.005579813841563363,1.1100310237458626e-11,0.9944201861473364
1.0687000796093414e-32,0.9999999999999976,2.5248893707964253e-15
1.227074288667127e-06,1.015879052934459e-05,0.9999886141351819
0.003989988753077235,7.52717098962757e-08,0.9960099359752129
2.8842819488735926e-16,0.9999820601279823,1.7939872017527457e-05
1.37238463552607e-15,0.9999834058302972,1.6594169701574137e-05
5.446000072333203e-26,0.9999999999560869,4.39131228453881e-11
5.075700445670892e-21,0.9999999558414976,4.415850239214374e-08
0.001527651589687471,1.5646243961536972e-07,0.9984721919478728
9.07666851274625e-32,0.9999999999999893,1.0561988408159187e-14
0.9999893077271549,3.695163276429146e-28,1.0692272845067607e-05
9.865887502408297e-10,0.00994979585583824,0.990050203157573
0.9999999999999816,9.833882782257529e-51,1.8486292594586275e-14
1.037664927545895e-08,0.0014773920896160803,0.9985225975337346
6.737787055243703e-19,0.9999997554944859,2.4450551405271884e-07
6.977718798189878e-05,3.937794759546797e-09,0.9999302188742233
7.195294595384295e-06,3.6541906690633456e-08,0.999992768163498
0.9999999639591517,1.0639354538351156e-34,3.604084831785786e-08
9.649717188203375e-13,0.9989502526680807,0.0010497473309545964
4.022153129991977e-19,0.9999840675323415,1.593246765855788e-05
1.7820809365549726e-20,0.9999999681735959,3.182640415787519e-08
2.837362054545434e-10,0.964616351422085,0.03538364829417886
0.9999999997471032,3.4551916276718085e-39,2.5289675906870683e-10
0.9887968664121521,6.610157795360791e-20,0.011203133587847821
0.9980090608211895,1.1135285092655966e-22,0.001990939178810502
2.5519812931069995e-05,6.56950123095583e-09,0.9999744736175676
2.16457795848943e-07,7.2027754008396295e-06,0.9999925807668032
5.54337406714562e-14,0.9736981508704433,0.02630184912950126
1.8859468588462e-21,0.9999999775062499,2.249375011310284e-08
4.9071540506516245e-05,4.552343081260195e-09,0.9999509239071505
5.2474182006954854e-27,0.9999999999944904,5.5096869007243484e-12
2.041577072480236e-14,0.9997966877560568,0.00020331224392280427
0.0023292238824813728,2.925764257613601e-11,0.997670776088261
2.939912816081606e-19,0.9999996555826374,3.444173625541852e-07
9.045315335309503e-18,0.9999975794932847,2.42050671526906e-06
1.2249576237403496e-25,0.9999999982069678,1.7930321495420166e-09
6.126816602107919e-08,0.00015822680643149545,0.9998417119254025
0.9999999947773635,1.7967462322996523e-36,5.222636453071535e-09
1.528034997457326e-10,0.9546537839805957,0.0453462158666008
0.999999345906714,3.6989093438348535e-31,6.540932859129649e-07
6.829801799354189e-09,0.0028842379225948954,0.9971157552476034
7.949928940331987e-29,0.9999999999747109,2.528911993365575e-11
0.9999977480378716,2.3820990683891315e-29,2.2519621284154926e-06
0.9999952463252064,3.4336386396724535e-29,4.7536747934330365e-06
0.9999394863958242,1.1328110867124468e-26,6.0513604175822085e-05
0.9999989723849649,5.4115410158257416e-30,1.0276150350514822e-06
1.5605948577459746e-07,0.0517954103618377,0.9482044335786765
3.5685293571595336e-07,6.482565161401322e-07,0.999998994890548
9.451218698674407e-29,0.9999999999995541,4.4577923208471355e-13
1.8238154927227393e-14,0.9998314804540165,0.00016851954596528563
1.4241762499886232e-12,0.9493653912160603,0.050634608782515446
5.7209923127257766e-15,0.9998742050778755,0.00012579492211871985
9.814377303784244e-19,0.9999769604037431,2.303959625690573e-05
0.0007425987154332413,2.1466938648113143e-11,0.9992574012630998
1.6502691316639476e-27,0.9999999999966898,3.3102677727929425e-12
0.9991241901628153,1.859267364505516e-23,0.0008758098371848393
4.6371347914471657e-07,3.4119757705922472e-06,0.9999961243107501
8.956010597750098e-27,0.9999999999926665,7.333503404698643e-12
0.0001293538120155443,7.371218556487044e-10,0.9998706454508627
0.9999460004130669,1.0824297922929002e-26,5.3999586933061326e-05
4.931675268610826e-20,0.9999999392062356,6.079376440901764e-08
9.722887139503384e-14,0.9881625965702703,0.011837403429632522
6.773376240064912e-25,0.9999999998806623,1.1933771860671688e-10
0.9999990627763637,5.719910992652153e-31,9.372236361973935e-07
0.9999997584438385,1.605474391333119e-32,2.415561614912462e-07
4.512625263612585e-22,0.9999999921196462,7.88035385935798e-09
0.9997164726946591,1.0320751625859077e-24,0.00028352730534088994
0.9999999999923139,4.47049560325662e-43,7.68617245408251e-12
0.032410794097014715,2.1011509474602816e-13,0.9675892059027751
7.532162226774198e-05,2.01050725342499e-09,0.999924676367225
0.9995954338044061,4.276179617327077e-24,0.00040456619559388156
0.9999999881762743,4.955897900944619e-35,1.1823725578750561e-08
0.999967878901432,2.176179391008626e-27,3.2121098567983846e-05
0.9999989656306217,8.07349479488286e-31,1.0343693782359828e-06
1.6250936299846278e-25,0.9999999999382785,6.172149385853745e-11
0.9998978292510411,7.382253904291611e-26,0.00010217074895891596
2.8751331393395432e-11,0.9762063898076224,0.0237936101636265
7.054812562813173e-07,2.9057555478006876e-07,0.999999003943189
0.9999999578014813,1.5623504391759783e-34,4.219851867878111e-08
2.955761715793101e-06,6.226873996386312e-08,0.9999969819695442
0.9999999999999858,2.507994602772858e-50,1.4127832300178339e-14
0.9999999999999365,3.8893305328062294e-49,6.344038451421119e-14
0.9999998174418006,1.255339115515486e-32,1.825581994270953e-07
0.9999985953412867,1.0574890626934572e-30,1.404658713298102e-06
4.976243431418042e-05,5.726496173804895e-10,0.9999502369930362
1.0012347831832463e-18,0.9999994753412068,5.24658793216362e-07
0.9999999999789211,1.511542523676452e-42,2.107899898702584e-11
4.72833017372832e-21,0.99999998625245,1.3747550099869751e-08
4.4523057769619856e-07,1.2692521803389981e-05,0.9999868622476189
1.803786834098306e-07,0.10170119771641385,0.8982986219049027
4.4800482954752934e-27,0.9999999999905698,9.430269435840731e-12
3.477914552468651e-11,0.9853612649566613,0.014638735008559629
2.6766520077686884e-35,1.0,5.717714866913481e-17
0.9999999999999793,3.8177543897757743e-50,2.0560155745339607e-14
0.9999999997181779,8.56939885461337e-40,2.8182212556262935e-10
7.497445309201897e-15,0.9933993179413962,0.006600682058596315
0.9999999999999605,1.3909266820345184e-49,3.9598632453083255e-14
1.89684126188586e-20,0.9999976424226926,2.357577307441109e-06
0.9997846114062062,2.0512098857532814e-24,0.00021538859379368152
2.923306830998909e-05,7.936494277869879e-10,0.9999707661380406
9.054007754944048e-15,0.999916263755226,8.373624476500923e-05
2.5974246796446912e-30,0.9999999999999076,9.235152648514332e-14
1.796038479345234e-05,0.00017447986940117676,0.9998075597458055
0.00043477281465176054,3.2630624474504793e-09,0.9995652239222858
3.225664655071941e-07,0.04829586900182429,0.9517038084317101
0.9999999999831004,2.8525121271299718e-42,1.6899693884913885e-11
5.508959841824943e-33,0.9999999999999969,3.1929214616023902e-15
0.9999999826921556,1.390041207371594e-34,1.7307844501986392e-08
8.802253856341631e-08,9.436596240505106e-05,0.9999055460150564
1.3180746182929384e-32,0.9999999999999942,5.762627459815194e-15
2.1014243464716555e-14,0.9997961919920089,0.00020380800797014506
2.2260679481185635e-15,0.9999525016149474,4.749838505038817e-05
1.0133415213088279e-08,0.0027384702060306077,0.9972615196605541
2.638053666278037e-15,0.9999294816187605,7.051838123674919e-05
6.963416982676364e-13,0.9324860577567885,0.06751394224251515
2.3822987912724458e-16,0.9999849702869122,1.502971308740995e-05
0.999999999999988,1.0205967474810484e-50,1.1936323387479965e-14
1.0034562176968961e-07,8.031966859368436e-06,0.999991867687519
1.9974620204122024e-32,0.9999999999999958,4.269813256877802e-15
1.3942789626360149e-08,0.0020829411593820918,0.9979170448978283
1.2416200112852136e-05,1.497579781984965e-08,0.9999875688240892
0.0001873034276242027,9.689980884732279e-11,0.9998126964754761
1.3064780252413302e-18,0.9999736315703108,2.6368429689127465e-05
3.246733766195114e-16,0.9999749209134067,2.5079086593079083e-05
0.9999778855799095,1.1721071033024648e-27,2.2114420090419304e-05
1.760677324698867e-08,0.00043771138187136696,0.9995622710113553
2.4869697268467215e-13,0.999168933808462,0.0008310661912893844
4.5209642678375285e-09,0.001486000774798888,0.9985139947042369
9.074451737921797e-07,0.006391406537003245,0.9936076860178229
0.9999999999381997,9.208956273694142e-42,6.180029589584709e-11
0.9999999999949005,4.0717356023104464e-43,5.099430763459173e-12
2.3451864644161275e-05,2.965933635006343e-09,0.9999765451694222
0.9999960765883453,3.072653780214176e-29,3.923411654700379e-06
7.826785402270336e-29,0.9999999999992195,7.804131179779601e-13
1.384561833884515e-23,0.9999999994902702,5.097298126270868e-10
0.0005552476222983269,1.9090345030973284e-10,0.9994447521867982
0.9993144453074321,1.0183302347440952e-23,0.0006855546925678822
1.956460141041469e-08,8.625810725995053e-05,0.9999137223281386
4.539210048570098e-08,7.516358181709573e-05,0.9999247910260824
0.9998514868860426,1.0726656510298614e-25,0.00014851311395740134
0.9999817442641824,1.941812147166134e-27,1.8255735817507806e-05
0.9999999999999496,4.582070156084628e-49,5.051171918361645e-14
0.9999813238974676,4.9430718465618035e-27,1.8676102532284653e-05
0.9999999999988185,2.249371617397269e-46,1.1815433287610504e-12
4.410894967110681e-22,0.999999991844244,8.155755895041044e-09
4.788176292534184e-05,1.0399011217912777e-09,0.9999521171971735
2.4070562705644036e-13,0.9760415366498251,0.02395846334993407
6.375793795496887e-05,2.3744799857239465e-09,0.9999362396875651
3.233639299542808e-15,0.9999292647723378,7.073522765892025e-05
0.003632014149812851,1.2282395315512267e-11,0.9963679858379046
2.6209103462808502e-27,0.9999999999964706,3.529429584696949e-12
2.0415371875551148e-20,0.999999946089811,5.391018906924191e-08
0.9996160422175173,3.541288921621593e-25,0.000383957782482724
2.517991038942881e-19,0.9999998270999851,1.7290001488066433e-07
6.291953782633739e-08,6.945354306419032e-05,0.9999304835373979
6.012396696349295e-32,0.9999999999999925,7.517661108329468e-15
2.177736321563677e-26,0.99999999998025,1.974989580113662e-11
3.572123347311218e-20,0.999999933451623,6.654837707396412e-08
2.477043832914527e-20,0.9999974955358517,2.5044641481595796e-06
2.4284829440002608e-23,0.999999998619219,1.380781142907409e-09
4.920814799200651e-09,0.5541471900520468,0.4458528050271385
3.846774097519603e-24,0.9999999996071951,3.928048449740741e-10
0.999981176393207,4.763866482460228e-28,1.8823606793067384e-05
0.9999979677306633,3.2511631857073204e-29,2.032269336622678e-06
0.9999999997839433,2.1861828717287237e-40,2.1605664207446638e-10
0.00011673011991160817,2.673276257066899e-08,0.9998832431473258
1.9199079860087354e-05,8.245537882796686e-09,0.999980792674602
4.1439261077047644e-30,0.9999999999999318,6.808631164824707e-14
0.9999999999999585,4.3122952896990456e-49,4.14625366789082e-14
3.657187819851353e-16,0.9999782557708254,2.1744229174123628e-05
6.117997328316246e-06,3.045994988175707e-08,0.9999938515427218
0.0001291311751626221,7.19317402180005e-10,0.9998708681055201
0.002880601123122467,1.5406734070522204e-11,0.9971193988614708
2.044210668148373e-08,0.467159274570795,0.5328407049870983
0.9999999995245898,1.1917067809603215e-39,4.75410139847961e-10
0.9999999341342537,4.825555648593472e-34,6.586574636243728e-08
1.4318510179856453e-15,0.9999592509806677,4.074901933084945e-05
0.9999672138215456,8.260270212604648e-28,3.278617845436178e-05
0.9991860640001371,1.036976533833033e-23,0.0008139359998628542
0.9996412753083442,3.630476500508558e-24,0.00035872469165582234
0.9999999999859646,8.031117757418074e-43,1.4035509224161113e-11
0.0006612669364087088,2.3361367906536352e-06,0.9993363969268008
0.9999999999487128,8.237416115717659e-42,5.128729973169315e-11
1.9595204413831538e-07,1.1084715550237929e-05,0.9999887193324055
0.9992987169830417,1.3572964932048958e-23,0.0007012830169581903
1.0978594641318632e-06,1.5637692316185986e-06,0.9999973383713043
2.4007419584361035e-18,0.9999993235757264,6.76424273543289e-07
2.1479849331924106e-06,7.313136523176838e-08,0.9999977788837016
0.9999976529577742,6.74762846791261e-30,2.3470422258648836e-06
9.583991876488648e-08,0.4435865092264234,0.5564133949336578
6.491662330964379e-06,8.1267465285085e-08,0.9999934270702038
0.0013119203786077305,4.2911557547305556e-11,0.9986880795784808
0.9999999997274269,3.3916124544432047e-40,2.7257301986816683e-10
3.165105964211096e-08,4.797232134746502e-05,0.999951996027593
3.0697007439791835e-06,8.488489153522986e-08,0.9999968454143645
1.9209379940665002e-11,0.9889229835398576,0.011077016440933016
0.9999997875089791,5.143989060152883e-33,2.1249102087040056e-07
0.9999999961844284,1.7772416703372222e-36,3.815571715788556e-09
1.1557002087257828e-12,0.9287498495698987,0.07125015042894561
0.9999999999997928,1.4602667137975936e-47,2.0707944940499132e-13
9.376982744473631e-15,0.9999042554331227,9.574456686803672e-05
1.5866366289478046e-24,0.9999999998484308,1.5156911966479494e-10
3.640783807489176e-07,0.0638790596513967,0.9361205762702225
0.9999999999999745,1.0138225001295197e-49,2.5466253626432593e-14
0.9999999999999425,3.55926312758047e-49,5.746144014835104e-14
7.509377749102667e-25,0.9999999998841733,1.158267919011221e-10
4.395015994408291e-06,1.5433551786708966e-07,0.9999954506484877
3.08796820210892e-09,0.003944995330975494,0.9960550015810563
0.9999999999115745,4.848028126554449e-40,8.842546181685849e-11
1.2074398446700257e-06,2.7462161075009164e-07,0.9999985179385444
1.003844673430579e-07,7.893859280259221e-06,0.9999920057562524
7.718285588617251e-07,0.014433349048952495,0.9855658791224886
0.00024432027173470567,8.97513317645064e-11,0.9997556796385139
0.9999999998162326,4.4051497403447354e-41,1.8376737303848107e-10
2.2763550420942926e-22,0.9999998815336157,1.1846638422360774e-07
4.822764532396208e-08,0.24894340366280185,0.7510565481095528
1.3140896806028456e-08,0.00033037593222199333,0.9996696109268813
9.411257553487074e-17,0.9999896957146913,1.0304285308772149e-05
0.9999999998550158,4.32067383925683e-41,1.449842567479269e-10
0.9999997865198744,5.2054316558483064e-33,2.1348012554768661e-07
0.9999735862084693,1.2844603392374841e-27,2.6413791530542834e-05
0.022693769754375506,1.649412889156303e-13,0.9773062302454595
0.9991599557862659,1.9482751111213865e-23,0.0008400442137340296
4.830856676857986e-07,3.475773677234688e-06,0.999996041140655
0.0031626590452728614,2.4049491776176814e-12,0.9968373409523222
1.3669978627983159e-12,0.9974613308376897,0.0025386691609432504
3.8872920906829283e-07,2.5760934238284687e-06,0.9999970351773672
1.8573911761466837e-10,0.07545560697085607,0.9245443928434047
2.211920855216135e-25,0.9999999999455753,5.442467961978077e-11
1.4993224633939487e-06,1.1133351714617803e-06,0.9999973873423652
0.9999999999795188,1.517509048535869e-42,2.0481168749866602e-11
2.545385612732363e-06,5.153383976282122e-07,0.9999969392759895
0.0025670843342938563,2.644414376802854e-07,0.9974326512242685
3.0508575872886504e-17,0.9999967267323684,3.273267631620126e-06
0.9977384979429276,1.0648167115881656e-22,0.0022615020570725505
1.2872583094923816e-08,0.00010736080686152844,0.9998926263205554
6.307610400011396e-08,4.1680114465677274e-05,0.9999582568094302
9.457800281378246e-27,0.999999999995113,4.8870590241492914e-12
0.9999999970113707,8.192174464174362e-37,2.988629428983202e-09
0.9999999998207398,9.53231973318223e-41,1.7926019669747923e-10
3.2309217433037136e-20,0.9999981950644137,1.8049355863598249e-06
3.342699305140353e-05,3.61733451470886e-09,0.999966569389614
0.9999999999693474,1.5076734881335253e-42,3.065269844193415e-11
5.875868746544932e-31,0.9999999999999347,6.539057654761294e-14
3.554015774308505e-14,0.9997648720404285,0.0002351279595360113
0.9985071607998293,1.4237326519859355e-22,0.0014928392001707243
3.166134680080139e-19,0.9999997778714924,2.2212850759262168e-07
9.546826213421857e-23,0.9999999367353745,6.326462563322675e-08
6.537356884675356e-18,0.9999981937592666,1.8062407334887685e-06
4.9650791996551e-16,0.999968132719923,3.1867280076535963e-05
0.9999682793346408,1.255414871379651e-27,3.172066535908203e-05
2.469673062394668e-07,4.281107178303839e-06,0.9999954719255155
1.548381735660893e-22,0.9999999949745098,5.02549014312144e-09
8.004076805183762e-07,8.900692320721516e-06,0.9999902988999987
1.8275871603312076e-06,3.471713756543927e-07,0.9999978252414641
1.2522994471000606e-05,2.4076049740376288e-08,0.9999874529294792
3.878334981146769e-09,0.0019175126797574362,0.9980824834419075
5.840110377488634e-19,0.9999992932232008,7.067767991016262e-07
4.402245848520114e-19,0.999999691950246,3.080497541756527e-07
0.9889063132232989,1.0760124576887658e-20,0.011093686776701025
2.1446909642750003e-12,0.9975222267650162,0.002477773232839022
1.537810669873079e-06,0.0010420263121870923,0.9989564358771431
0.9999999669924278,7.23810312646283e-35,3.300757223977164e-08
0.9999999921636563,1.58726426255691e-36,7.83634364238473e-09
3.3780471746872434e-26,0.9999999999812912,1.8708773661714448e-11
0.15719181894511572,1.334499260926866e-14,0.842808181054871
0.9999999999950027,3.985297709133221e-43,4.997357988223368e-12
6.571582354071087e-34,0.9999999999999996,4.746419474872366e-16
0.00011024533745773394,6.683629313880137e-06,0.9998830710332285
0.9999999999706386,4.322481279253826e-43,2.936150697235374e-11
1.3210022715793782e-24,0.9999999998549491,1.4505088963962232e-10
0.9999783683495319,1.0065216248836045e-27,2.1631650468158618e-05
6.736262796959522e-27,0.9999999999892113,1.0788679007778898e-11
0.9996031013910919,1.786720653251634e-24,0.0003968986089081975
0.011907077552978552,8.984596478635729e-13,0.9880929224461229
8.445376381685965e-09,0.6611310210896485,0.3388689704649751
1.9548052378685818e-07,6.319736401219599e-06,0.999993484783075
2.128019526986996e-10,0.9153617024912308,0.08463829729596721
1.2923638971005831e-11,0.9925819749738664,0.00741802501321007
2.0306865388066634e-10,0.96076675033487,0.03923324946206134
0.9999999998953748,1.1623163995535349e-39,1.0462510897134461e-10
1.1675002894979664e-06,1.3370711764043343e-07,0.9999986987925928
0.9999217985999437,8.062057073167658e-26,7.820140005634273e-05
0.00023489979536737385,1.1453086068343453e-10,0.9997651000901018
1.7781276113225482e-14,0.999694863337307,0.0003051366626752904
0.9999794475783259,1.975208158436624e-27,2.055242167407104e-05
0.9962116771811586,6.356412117453526e-23,0.003788322818841448
1.3429801252520626e-18,0.9999992766281661,7.233718339113616e-07
1.0105279568152624e-10,0.9813528861416552,0.01864711375729189
0.9999999999632203,4.446860469038696e-42,3.677960691095853e-11
4.6786671927146927e-07,0.003520935089497332,0.9964785970437833
4.800304291759401e-06,7.727091500622904e-08,0.9999951224247933
9.871425578831984e-26,0.9999999990093231,9.90676787557501e-10
0.004569213420556101,1.1582556966207617e-11,0.9954307865678613
0.0005753787562823826,4.0942433684395796e-11,0.9994246212027752
3.0119136065386163e-06,8.092071044193733e-08,0.9999969071656831
0.9999999999998976,1.3024641747948326e-48,1.0240747816818501e-13
9.742732943988892e-31,0.9999999999999205,7.958494936733432e-14
0.9998597812052048,3.1914978070555194e-25,0.00014021879479533052
5.976340646666497e-09,0.00045822933358803653,0.9995417646900714
5.020948323683788e-26,0.9999999993189419,6.810580141864542e-10
2.211616188748891e-12,0.9977801481166256,0.0022198518811627796
0.9998007067643125,4.810982979015959e-25,0.00019929323568732807
0.9999999179144113,5.014841233683797e-33,8.208558866709498e-08
5.199505723194285e-16,0.9999803849516206,1.9615048378901824e-05
3.5574041373267756e-05,1.313100742310731e-09,0.9999644246455259
1.860907686783608e-11,0.9918461469526052,0.008153853028785667
1.2267186803877173e-13,0.9989492682581461,0.0010507317417312646
3.6427767657235e-20,0.9999999419777652,5.8022234771045016e-08
7.789302456522229e-05,2.632748557408761e-09,0.9999221043426862
2.802892200079536e-05,1.3258946009394225e-08,0.9999719578190532
3.6928806393786017e-28,0.9999999999994653,5.346256327361179e-13
0.03450550351898172,3.218221315242068e-14,0.9654944964809862
0.9999985135082287,5.13677603932993e-31,1.4864917714270198e-06
3.3373104171135746e-28,0.9999999999995859,4.1417122431821485e-13
0.9999999999816518,3.4545697158405625e-43,1.8348241104589834e-11
0.9998478624280303,1.1405994698453317e-25,0.00015213757196971172
2.0414640697563026e-15,0.9999344274512268,6.55725487710833e-05
0.0015691939420746596,4.2980924760384563e-11,0.9984308060149444
1.1225582178042418e-20,0.9999999659865082,3.4013491689525684e-08
3.350532420597914e-31,0.9999999999999771,2.2875272348321162e-14
0.9949420079754914,2.7152746635065996e-20,0.00505799202450869
0.9999999998955766,3.0068436503507325e-41,1.0442345108168898e-10
1.8836368997369102e-24,0.9999999998121281,1.8787198979113174e-10
1.5064337017877938e-05,8.885148017944267e-05,0.9998960841828027
0.35118503257081424,1.8523312761191859e-10,0.6488149672439526
0.9996690852167159,3.608872293557199e-25,0.000330914783284076
9.461783861149991e-13,0.9977742823456301,0.0022257176534235595
4.316026975156723e-26,0.9999999999789655,2.1034513721807342e-11
4.1280746275944695e-31,0.9999999999999787,2.1231184720052995e-14
2.773416262868658e-15,0.9999325260570213,6.747394297595055e-05
6.657461298504754e-36,1.0,3.392530240599022e-17
0.9999999998294107,8.003744898770239e-41,1.705894212541276e-10
9.838456555516527e-15,0.9999140132682647,8.598673172543061e-05
2.428894445658045e-09,0.7957405495386328,0.2042594480324726
1.2270430758804897e-14,0.994016191239491,0.005983808760496721
9.460240401307358e-20,0.9999998281970364,1.7180296365535338e-07
1.3288593561470894e-06,3.017289134866227e-06,0.9999956538515089
0.9998899770521761,1.3042435686484764e-26,0.00011002294782378934
1.913864473117242e-07,1.1855063565927401e-05,0.9999879535499868
9.280868093681582e-28,0.9999999999981706,1.8293719094699516e-12
0.9999999248229928,3.7546134223891357e-34,7.517700708155147e-08
6.764784551743289e-07,1.332414626872455e-06,0.9999979911069179
1.1532594254239522e-09,0.8456212164192768,0.15437878242746367
2.474300610382468e-05,4.8937231647625434e-05,0.9999263197622484
4.1898475363439965e-08,0.00019067468109360992,0.999809283420431
0.9999039388547476,9.257693045353102e-26,9.606114525245639e-05
0.0015180593567287277,3.7760179367212196e-11,0.9984819406055112
3.649161200569375e-08,0.0001809168002653442,0.9998190467081227
0.9999999997728635,5.681504554671645e-40,2.2713650057033927e-10
0.00011343352868788442,1.7355737093731817e-05,0.9998692107342184
7.17972095443118e-24,0.9999999990177983,9.822017240480875e-10
0.9999999968915987,7.737420102300706e-37,3.1084013223237297e-09
6.8324811327216935e-28,0.9999999999479479,5.205207529380616e-11
0.9999999999116318,1.9934161719158613e-40,8.836827529703622e-11
8.817080040460791e-05,3.127931098842755e-10,0.9999118288868022
4.2088099922177776e-30,0.9999999999998757,1.2445184118991242e-13
0.9999803046525662,2.4851337831650507e-27,1.9695347433952912e-05
0.9993079221733476,3.860722701710163e-24,0.0006920778266523382
0.9961927347755413,4.0129914920445288e-22,0.0038072652244586364
0.9999999999999787,2.6700242215768425e-50,2.1273737440836255e-14
5.905578161337587e-26,0.999999999952158,4.78419235806101e-11
0.9999997102960785,3.950884911803022e-32,2.8970392142140036e-07
1.9998368701975177e-33,0.9999999999999984,1.591281917324041e-15
0.9999999999999736,7.469120135728433e-50,2.6443887610075662e-14
1.2960877107314376e-11,0.99157410543566,0.008425894551378902
0.9999996243753898,4.298210928415485e-32,3.756246102727817e-07
0.00046162506338943694,2.467351898439249e-06,0.9995359075847122
2.8844881126275406e-06,0.002682273933840328,0.9973148415780471
0.000747559948267334,3.1323708725749674e-11,0.999252440020409
0.9999999999999671,2.916135386530947e-50,3.28768860372454e-14
2.7277558347093537e-18,0.9999731103269253,2.688967307460446e-05
1.542149241518928e-17,0.9998563540370593,0.00014364596294059784
0.9999999999779685,2.8585409603747203e-42,2.203146224467721e-11
0.9999999999999849,1.986509259224381e-50,1.5130828106964282e-14
2.2256856948667024e-05,2.745227045119185e-09,0.9999777403978243
0.9943808611711266,2.993031571274602e-21,0.0056191388288734856
0.9904452164068397,1.074640851087806e-21,0.009554783593160384
1.3074247874235916e-12,0.8706090433424449,0.1293909566562477
0.9999999751243673,4.4750151200737335e-35,2.4875632630565263e-08
4.646458985173061e-06,2.168924866630543e-07,0.9999951366485281
0.9930196878437978,1.2349733249075668e-21,0.006980312156202124
1.0054026918335247e-06,0.004256984964874617,0.9957420096324334
5.50911590485409e-05,3.885639407555878e-09,0.9999449049553121
1.4584698142861818e-06,0.005210830016589512,0.9947877115135961
0.9999438076809583,3.497182449459737e-26,5.619231904178431e-05
0.9911771794308532,9.691900477254904e-21,0.00882282056914678
4.035104762409755e-15,0.9979931269748552,0.0020068730251408735
3.0526259436640235e-08,0.00023731638059469015,0.9997626530931458
5.208402377438375e-34,0.9999999999999996,3.874113732460098e-16
1.0573567611262417e-08,0.0008251273995313994,0.999174862026901
2.0155101242838216e-34,0.9999999999999998,2.02345739879067e-16
0.999999999999964,1.3941266707696088e-49,3.5972526157553487e-14
2.301127481103946e-22,0.9999997902872944,2.0971270573736268e-07
0.9999974600737482,1.3855507611048448e-29,2.5399262518775275e-06
5.160103021769354e-14,0.9996602019941604,0.0003397980057880551
1.7161546862989402e-05,2.297529055250777e-08,0.9999828154778465
0.9971829904719857,5.206028735662822e-22,0.002817009528014441
6.0002253032186324e-36,1.0,2.6757574252680462e-17
1.0537207887903769e-14,0.9999232029280345,7.679707195506444e-05
1.6858842079051924e-24,0.9999999997949658,2.0503415643543476e-10
0.999995766144175,1.70830735228578e-29,4.233855825170965e-06
1.0504533844650245e-21,0.9999999942695832,5.730416856529887e-09
3.7028957480537354e-09,0.004085674668676472,0.9959143216284279
0.9999998746306671,2.7118553960848135e-32,1.253693328951844e-07
2.907356569137958e-09,0.001500742680453508,0.9984992544121899
2.3868891323753444e-06,0.0035906360425545826,0.996406977068313
3.046094117310281e-36,1.0,1.5339962026064414e-17
0.0001695080353087303,5.162220856194125e-10,0.9998304914484692
0.9931268223304582,4.5360633009044396e-21,0.006873177669541784
0.0034155862946054242,2.3434248001126675e-11,0.9965844136819604
0.999999999964396,1.9089698301806978e-41,3.5603921705010825e-11
5.834980536494996e-09,0.7098068702077461,0.2901931239572734
6.38213858730373e-19,0.9999914316814388,8.568318561320431e-06
0.0035133003720601384,7.854981572011802e-12,0.9964866996200848
0.9999999993946911,4.273374180711275e-39,6.053088851746932e-10
0.00025568593428200383,6.490689467829812e-10,0.999744313416649
0.9999999873784017,1.6697784774193967e-35,1.262159827773173e-08
2.1501324442533022e-33,0.9999999999999991,9.691236442651216e-16
8.441950971319444e-21,0.9999990468950952,9.531049047250048e-07
3.1877887080706485e-15,0.9999557624290195,4.423757097750228e-05
2.592602667882706e-31,0.9999999999999698,3.02468959160395e-14
0.9994368343530974,6.3784792398772925e-24,0.0005631656469026804
2.456705308823085e-24,0.9999999997428404,2.571596086646742e-10
0.9999999999915443,5.0576715523443696e-43,8.455637858363697e-12
3.845923416962345e-32,0.9999999999998213,1.7884630803374754e-13
1.4146217173729415e-06,0.001343092897912482,0.9986554924803701
8.31784779285766e-09,0.004345925523842011,0.9956540661583103
4.216301310370168e-14,0.9996590858319029,0.00034091416805483014
3.373477130588584e-23,0.9999999990519199,9.480799862929608e-10
6.575913687654255e-36,1.0,3.724827512573917e-17
0.9999999999712961,8.362383117704236e-42,2.870392527043565e-11
1.4469436995974364e-06,1.1550360087992646e-07,0.9999984375526995
6.817034578305808e-11,0.9836881698444843,0.01631183008734537
1.2527161955711188e-16,0.999670848027836,0.0003291519721638503
1.9582336136469017e-07,9.238110972840843e-06,0.9999905660656658
0.9975315077041568,5.15193209691182e-22,0.002468492295843253
9.905177468576257e-18,0.9999967506192461,3.2493807539028504e-06
6.61633812627111e-07,0.019348721972271103,0.9806506163939164
0.9999968574305297,3.0176006336750556e-29,3.1425694703083587e-06
2.3805059091207077e-13,0.9591136298172557,0.04088637018250612
0.9995633311471449,3.085905175663488e-24,0.00043666885285503293
0.9999998142297927,4.574781060945724e-33,1.8577020729122024e-07
0.9999995781037364,3.1528557103571855e-32,4.218962635122506e-07
1.9127195643305438e-11,0.9833213541593253,0.016678645821547697
5.827479364082092e-29,0.9999999999994893,5.106819033472441e-13
5.4364035407845185e-25,0.9999999998763991,1.2360084962252257e-10
0.9999999901335125,3.624036712550837e-36,9.866487442449473e-09
0.9812987594335283,2.5308498025273588e-20,0.018701240566471586
4.5058533888828754e-13,0.9581222917285791,0.04187770827097017
6.161428150407935e-26,0.9999999999772864,2.2713509689408154e-11
1.0571608595638094e-36,1.0,1.7973044132556915e-17
3.957273158503417e-15,0.9999355056397667,6.449436022913227e-05
0.9924654707665131,1.0102603550763863e-20,0.007534529233486934
2.073917242478057e-28,0.9999999999991165,8.836225044562378e-13
0.999954855895194,2.7355075072962866e-27,4.514410480607098e-05
1.658972211700172e-18,0.999998734975589,1.2650244110943854e-06
0.9999999999906388,9.095249386576598e-43,9.361114961019832e-12
0.999999612639656,4.483911048835643e-32,3.873603440603733e-07
0.9992215556579378,5.746556636226605e-23,0.0007784443420622621
4.958522737853818e-06,0.0008702853878836923,0.9991247560893783
2.013398265559759e-22,0.9999997423200659,2.5767993403077926e-07
0.001023296396396462,2.219127666836153e-11,0.9989767035814123
0.9999999999998066,6.176195431878636e-48,1.934768632274593e-13
6.298213235448587e-26,0.9999999999768254,2.317464489722313e-11
7.390587632893319e-08,0.16199440918195748,0.8380055169121663
4.9078682536229065e-26,0.9999999999573963,4.2603697376675254e-11
2.427147618998045e-10,0.9548558101395641,0.04514418961772114
0.9999999999683833,2.878613425446081e-42,3.161672811920576e-11
6.968541646195738e-24,0.9999999878879987,1.2112001244014102e-08
1.5432489117896523e-09,0.021161800983687484,0.9788381974730636
1.0090255228988605e-14,0.9998844339222575,0.00011556607773259689
3.825659664124105e-29,0.9999999999995905,4.09530536346666e-13
0.02837884021671743,3.7814400258019194e-13,0.9716211597829043
8.25764298968374e-26,0.9999999999765539,2.3446055619127707e-11
1.2863809513792236e-13,0.9832859787462369,0.016714021253634574
2.15165164739791e-14,0.9949249667999748,0.005075033200003872
1.8973838731441673e-05,6.258751973357914e-09,0.9999810199025165
5.987642538475481e-07,1.1380640624942347e-06,0.9999982631716836
0.0004211333872282915,3.5850867266545346e-10,0.9995788662542631
3.679275982175697e-26,0.999999999980709,1.9290912126166846e-11
3.510136455824487e-05,2.2631204194899924e-08,0.9999648760042377
6.802029916987631e-15,0.9975930970355826,0.0024069029644105504
4.7801624435344496e-09,0.7821078440642227,0.21789215115561492
8.593820522762084e-08,4.9676736551684996e-05,0.9999502373252431
9.047976274960031e-16,0.999956671976249,4.3328023750020474e-05
5.702501574760008e-28,0.9999999999954245,4.575494276342971e-12
0.9999998309619248,9.734108269867328e-33,1.6903807514152572e-07
2.7516100850707636e-14,0.9997849679602409,0.00021503203973169665
0.9999999996202455,1.3149810816787774e-39,3.797544494008786e-10
3.9691946976947353e-10,0.9510435994663783,0.04895640013670233
0.0003195568118846324,5.466662947772123e-11,0.9996804431334486
0.9999999999777782,5.796440313578178e-43,2.2221675094104383e-11
1.8663589515696727e-18,0.9999990106521002,9.893478998099306e-07
1.4963479300068919e-09,0.004550236795772669,0.9954497617078795
2.4497317743198585e-27,0.999999999919351,8.064904725631208e-11
0.9999999999911044,1.9290158483371978e-44,8.89562677919408e-12
0.9999999998845148,4.656357647632438e-40,1.154851201084197e-10
0.9999999999989291,2.280275917235297e-46,1.0709847806778779e-12
0.9999999999999545,1.1490395606002792e-48,4.544400024671612e-14
3.5941706270609494e-35,1.0,1.0613483433801363e-16
2.907301621099403e-27,0.9999999999961631,3.836844817903238e-12
0.002903692530166925,2.271567438501074e-07,0.9970960803130893
1.0683663345474702e-15,0.9982693703467559,0.00173062965324291
0.9999999984641355,5.048803887958875e-38,1.5358645431529367e-09
5.201590855198919e-09,0.00016231336521135725,0.9998376814331977
6.177259565643716e-08,3.3780800554772726e-05,0.9999661574268495
0.00017801520164349415,1.5747172423702282e-09,0.9998219832236392
0.9999997481486526,2.3958952838729494e-32,2.518513474386967e-07
2.2979467093876162e-08,0.22515211900098908,0.7748478580195438
3.431632568091718e-21,0.999999982864236,1.713576403926383e-08
0.9999999999996909,5.727047436916712e-47,3.0916576739257275e-13
0.9999993338491208,1.253541462654658e-31,6.661508793333613e-07
7.316940836120504e-16,0.9992733488300962,0.0007266511699032049
0.9995649220755618,8.236136745517412e-25,0.00043507792443825324
8.745933269232925e-22,0.9999999941038453,5.8961546753693556e-09
4.093749865364744e-06,6.411984723475078e-08,0.9999958421302875
3.2261508854100836e-16,0.999994956326089,5.043673910788853e-06
0.9998764865825746,6.081043443597491e-26,0.00012351341742550197
3.737475438883293e-07,5.607385746848049e-06,0.9999940188667092
2.0455418715616077e-05,2.1732071371003182e-09,0.9999795424080773
0.993299634322325,6.1296741021352665e-21,0.006700365677675003
2.062846488593152e-10,0.16467242828122672,0.8353275715124886
5.39304930129914e-05,1.3657565040774594e-09,0.9999460681412304
7.544206929280406e-09,0.0022116499694661063,0.9977883424863269
3.182276701741143e-06,1.999711318381735e-07,0.9999966177521663
0.0007095982044372114,1.855691925380162e-11,0.9992904017770059
8.582102292205464e-08,3.472607611937385e-05,0.9999651881028577
5.843662177844442e-06,0.002074710053498271,0.9979194462843238
2.4362360693904904e-10,0.9564355162163063,0.04356448354007013
2.776026751665846e-23,0.9999999988217962,1.1782038243457472e-09
5.1185055486513575e-11,0.20196724942453856,0.7980327505242764
0.9999321930547759,1.8667764824078626e-26,6.780694522410373e-05
0.00048121743455104406,1.373388364529416e-10,0.99951878242811
1.2233257995331583e-09,0.9033411673567341,0.09665883141994008
4.720027743024319e-20,0.9999999162763925,8.372360753022512e-08
0.00038244184390214095,6.823845634768914e-11,0.9996175580878593
4.467021624408065e-08,7.250496566602435e-05,0.9999274503641178
1.629777685944081e-19,0.9999999040235173,9.59764827009571e-08
0.9999999999999432,2.1906556502451136e-49,5.684294020175397e-14
1.0126652302292186e-08,0.0003331567911512352,0.9996668330821965
0.008930737077451064,1.6837863827385749e-12,0.9910692629208653
9.751720727606055e-06,0.0006560689992610684,0.9993341792800113
0.9999999999976481,7.390099621350794e-45,2.351894228591583e-12
2.846510549198548e-08,0.0003531206147663545,0.9996468509201281
6.052174904766808e-22,0.999999860542614,1.394573860624996e-07
0.9999999999594602,2.145282877611711e-42,4.0539790959400746e-11
0.0003403780524988393,1.374190749461664e-10,0.9996596218100819
3.809259391527493e-15,0.999918131960279,8.186803971720116e-05
7.76376084146349e-25,0.9999999910886671,8.911332992440117e-09
0.9999994395401247,3.343254241469708e-31,5.604598753389213e-07
9.680871274851441e-17,0.9999926406066395,7.359393360541408e-06
1.053862735298087e-20,0.9999982487299478,1.7512700522825328e-06
5.292444835170194e-05,1.316799479020933e-09,0.9999470742348487
1.6025182024518107e-09,0.010346702140336039,0.9896532962571458
0.9999999999999649,2.836818275397027e-49,3.497430813727429e-14
2.328207678599699e-08,0.00014923363575251397,0.9998507430821706
0.005501340985917059,9.386374986153611e-13,0.9944986590131443
6.790634626503559e-30,0.9999999999998634,1.3645189088241568e-13
1.3850038262588285e-07,1.6588714711713133e-05,0.9999832727849056
0.9999999992182196,7.314261029498198e-38,7.817803519449637e-10
0.9999870776905662,2.452905617999487e-28,1.2922309433854322e-05
0.9999372738787069,1.7191585068509094e-26,6.272612129323102e-05
3.593086770265057e-34,0.9999999999999993,5.594943850056371e-16
0.9999955545376744,4.202563800662408e-29,4.445462325644954e-06
7.196126084962106e-11,0.9841490895395362,0.0158509103885027
0.9999999999999696,5.074490302166065e-50,3.0446420904294196e-14
0.9999997273715521,3.415822836417861e-32,2.726284479536497e-07
0.006273986367851788,2.6690808931841334e-12,0.9937260136294791
4.378566838743793e-19,0.9999900973949057,9.902605094308915e-06
0.9999999985905352,7.878203016030165e-38,1.4094648209459308e-09
1.2376437800428203e-23,0.9999999987868906,1.213109397701073e-09
2.6710762911151784e-05,2.0836136530994787e-05,0.9999524531005577
0.9992929479803335,1.0785040471653873e-23,0.0007070520196665258
1.993571520550669e-06,0.002071117699060292,0.9979268887294191
0.9999999998880469,8.668996563382109e-41,1.1195308093018624e-10
1.861873392079056e-10,0.07773503578626363,0.922264964027549
0.9999999999740072,4.9835742520353355e-42,2.5992870136177195e-11
1.3695692226423597e-19,0.9999997472913339,2.5270866602301115e-07
1.5474085168027888e-11,0.9918146633359751,0.008185336648550832
0.0004511642433209753,3.355637079399208e-10,0.9995488354211154
0.9999999999385296,4.518882258212677e-42,6.147034871939041e-11
0.9999999197372407,4.96224381811218e-34,8.026275925545724e-08
7.91031381455949e-08,1.7936538580292488e-05,0.9999819843582815
1.8061249705561357e-32,0.9999999999999942,5.881592008182836e-15
6.811032402075711e-16,0.9983073158844883,0.001692684115511139
4.695734584683067e-19,0.9999996287331674,3.7126683269565695e-07
1.6708100769673217e-12,0.9970084471538954,0.0029915528444338277
0.00010000568567544672,1.6908038232577829e-09,0.9998999926235207
0.4357690006192014,1.7224693821029847e-11,0.5642309993635739
8.032448406117815e-20,0.9999970340808173,2.9659191827085513e-06
0.9999999929493755,2.2387473879594034e-36,7.050624386510508e-09
0.9999999864533018,4.434721481728375e-36,1.3546698142436528e-08
0.9999999825035987,8.351471361678342e-35,1.7496401405090783e-08
0.999997864596109,1.9242332481324236e-29,2.135403891063572e-06
0.9999975376801448,2.2018557491137202e-30,2.4623198551678716e-06
0.9996271084405847,3.543044872645663e-24,0.00037289155941541257
9.95722887365795e-15,0.996750617167434,0.0032493828325561706
0.9999987461906614,1.5096901188013624e-30,1.253809338631677e-06
0.9999999999890712,1.8270917198876556e-42,1.0928906530972948e-11
6.18072936936745e-09,0.000789414377789216,0.9992105794414815
0.9999999998327669,9.628676687906048e-40,1.672331213748302e-10
2.820928963639356e-37,1.0,1.0351817521902385e-17
1.3881782355786185e-26,0.999999999984027,1.5972909017029164e-11
0.9999999746830661,7.330880244866597e-35,2.5316933914257273e-08
0.9999999999421332,5.231910338101752e-41,5.786683905694277e-11
0.9999390931355024,2.204561969240963e-26,6.090686449763222e-05
1.002757642227678e-08,0.00058924134181098,0.9994107486306126
0.9999533271097382,5.1809266427106795e-27,4.667289026181963e-05
0.00038051270321123214,9.510560521524014e-11,0.9996194872016831
4.761433963122865e-30,0.99999999999994,5.996276476426635e-14
0.9999966829909135,1.6708433136400795e-28,3.3170090863531957e-06
1.1306889965873526e-15,0.9992002995203132,0.0007997004796855736
1.3663739224169015e-08,0.0015751864814163487,0.9984247998548443
1.9347853807373223e-07,1.5417969781890112e-05,0.99998438855168
0.9999999998621605,8.52389316956716e-40,1.378394997578243e-10
2.089724949314991e-15,0.9999575823953307,4.241760466723834e-05
0.0003214230223436741,5.882782282346685e-10,0.9996785763893781
0.0001929141302691821,3.175400246688629e-10,0.9998070855521909
1.6479333363983201e-07,8.885915382707414e-06,0.9999909492912835
3.8276303700026103e-22,0.9999999959760839,4.023916177750576e-09
0.999992671466324,6.539896410591586e-29,7.328533676029149e-06
0.9999999999999822,2.5495371905840415e-50,1.7799211576054304e-14
4.6975540946176575e-06,4.4749126184635983e-08,0.9999952576967792
6.862056270076592e-08,1.8759954990929775e-05,0.9999811714244464
7.359814424158054e-31,0.9999999999999247,7.532337578401847e-14
1.1834919400206085e-21,0.9999999940261373,5.973862686800199e-09
0.9990098279803051,3.270736417282736e-23,0.0009901720196948067
1.2750325120775563e-32,0.9999999999999967,3.267760044451674e-15
0.9999979543104562,5.1302316269028854e-30,2.04568954368796e-06
1.1233413360117533e-20,0.9999999672882935,3.271170652633528e-08
0.999999999970083,2.3671213470703876e-41,2.991696832595287e-11
1.0192046818864532e-07,1.2922667447202305e-05,0.9999869754120845
1.9275559525132272e-05,0.00017268923169308777,0.9998080352087818
3.903144706038185e-07,3.4055707693628424e-06,0.99999620411476
0.00014981346992297024,5.949361847259751e-10,0.9998501859351409
1.4448869970331976e-05,1.2016494514411469e-08,0.9999855391135353
0.9999999999999669,8.033148956239111e-50,3.310524164357028e-14
0.999997523862977,1.5670496016747064e-30,2.4761370230483385e-06
1.7824413550480856e-07,7.678265923085811e-06,0.9999921434899414
0.9999999506481374,1.326006973627794e-34,4.935186253707482e-08
2.743894386830831e-20,0.9999999149246238,8.507537616116296e-08
7.50556761545385e-09,0.5753442775313723,0.4246557149630601
0.9999725528525517,1.4175980631378676e-27,2.744714744823918e-05
9.79108015523144e-18,0.9999965503738307,3.4496261691933593e-06
1.4563140695591348e-21,0.9999999891813088,1.0818691140703361e-08
1.5886712165313385e-05,3.712827041905434e-08,0.9999840761595642
2.3718076674627344e-08,6.403965335432626e-05,0.999935936628569
0.9875005608787684,3.749400507709102e-20,0.012499439121231515
9.513341433943673e-15,0.9927117647736148,0.0072882352263757685
0.0009712871418874041,6.157709154602816e-11,0.9990287127965355
2.7629498013372444e-15,0.9999370171427555,6.298285724191037e-05
1.8348551179042468e-06,0.005808938676712397,0.9941892264681698
0.001048261818514547,2.1120579564820062e-11,0.998951738160365
7.264106613129449e-37,1.0,8.853190420537914e-18
0.999999694129229,1.9694024798525952e-32,3.058707710889442e-07
0.9999959269271167,3.1820526166012735e-30,4.073072883299757e-06
2.053821047496295e-15,0.999960868024767,3.913197523088836e-05
0.9977423444016152,5.392607407992463e-22,0.0022576555983847978
3.306054468564249e-05,3.1496169485136644e-09,0.9999669363056974
1.3364698088626107e-12,0.9986246797167038,0.0013753202819597283
4.51619120272233e-08,6.119368186891469e-05,0.999938761156219
3.5997930924677756e-25,0.9999999977161578,2.2838421168994113e-09
7.04776715846379e-06,2.2235388488007076e-07,0.9999927298789566
2.791143023252863e-20,0.9999998714457897,1.2855421019849796e-07
0.9999926219292842,6.89565476717534e-29,7.378070715766322e-06
0.0003349428557199594,5.648014043748015e-10,0.9996650565794786
1.3071383165627298e-18,0.9999993682035279,6.317964720766611e-07
0.142090966007621,4.0255320978182207e-10,0.8579090335898257
3.788537745139562e-34,0.9999999999999998,2.890809861615334e-16
0.9999999999318341,3.614106156510888e-41,6.816600728589432e-11
0.006397247737256492,6.146282112019166e-08,0.9936026907999224
0.9997557137611353,1.3448955446515928e-25,0.00024428623886460314
6.71569257105644e-08,0.4298006214307352,0.570199311412339
1.0265147972629669e-10,0.9555223938060307,0.04447760609131793
1.5628301401817226e-06,1.2405212184106612e-06,0.9999971966486414
0.9999569451832029,3.130181271610863e-26,4.305481679721327e-05
3.014818284970516e-32,0.9999999999999907,9.292049214773517e-15
0.9998660979287869,4.534344955807672e-25,0.00013390207121322196
1.935700403295679e-16,0.9999880207198742,1.1979280125544736e-05
3.192287468477962e-14,0.9996479492236301,0.00035205077633797694
4.8876256853293807e-11,0.9839072161516109,0.016092783799512962
0.9999977457958857,1.8393204623303992e-29,2.2542041143032038e-06
0.002644367475488784,4.9116543674713414e-12,0.9973556325195995
3.8770335580940976e-07,2.9545921841314498e-05,0.999970066374803
0.9999999995124846,1.182289848070676e-39,4.875152807262797e-10
0.9999999999999827,1.3625066715381752e-50,1.7282960823229915e-14
2.978415651181209e-29,0.9999999999996587,3.4132583993441505e-13
0.9999999281303896,1.1646465851281938e-33,7.186961040087319e-08
2.510605203465801e-07,1.9737367158743037e-06,0.9999977752027637
1.7506712384840347e-16,0.9995360762393577,0.0004639237606421782
9.163790177598244e-36,1.0,3.8120058664429114e-17
2.885104936828811e-07,0.1108860660252708,0.8891136454642354
1.2467446273097888e-07,0.0955320989941142,0.9044677763314232
1.3656799232831302e-20,0.9999999075672567,9.243274330067479e-08
5.080972645537122e-18,0.9999991526239305,8.473760696617081e-07
1.5415310265179373e-08,0.000159235811384396,0.9998407487733053
9.949735671312842e-18,0.9999970985477563,2.901452243817704e-06
0.9957499989489474,4.745684897529947e-22,0.004250001051052604
0.0007957712790999762,5.6374742334638326e-11,0.9992042286645254
0.9999999999436495,5.501076353770384e-40,5.635038522736529e-11
0.00011395964533862338,3.3432290819438604e-10,0.9998860400203385
0.9999999999997815,7.276564355934367e-48,2.1845385373023021e-13
0.9967291307035625,3.8797493334007027e-22,0.0032708692964375044
2.4483733288029562e-32,0.9999999999999962,3.74465789945852e-15
2.9247147812658426e-15,0.9984488102989899,0.0015511897010071598
0.9895748343773787,1.1309271319675624e-20,0.010425165622621227
7.093251772933837e-12,0.7950780392395168,0.20492196075339003
2.9562257480426353e-10,0.9564219656785252,0.043578034025852
0.999999970650947,2.9403420909582992e-34,2.9349052954025428e-08
4.298962057775018e-21,0.999999967643353,3.23566469665353e-08
6.487790675040831e-19,0.9999997427096365,2.5729036343613757e-07
1.303179211846638e-14,0.995280980122807,0.0047190198771801025
9.809113353388784e-06,4.425479428082532e-08,0.9999901466318523
0.0007219811698375655,1.8421542827572084e-06,0.9992761766758796
3.044390197059471e-08,0.42276856039761745,0.5772314091584806
2.6991588307508815e-20,0.9999999465627927,5.343720730460296e-08
0.9999897101111859,3.2234974570729754e-28,1.0289888814115661e-05
0.9999999999978417,4.294375025321935e-45,2.1582167516059964e-12
0.9999999999955795,1.999076789650907e-44,4.420369934649875e-12
5.13787841797947e-13,0.9981974177661971,0.001802582233289192
0.9999954164125542,1.5042429015279254e-28,4.583587445778639e-06
0.999999999999883,1.5311681763843648e-48,1.1701475407381536e-13
0.9999999991831476,8.326374829076892e-39,8.168522521398796e-10
3.623565140901607e-05,2.3966742096351655e-05,0.9999397976064948
0.9999747226213638,6.285191761652171e-28,2.527737863610191e-05
2.7859351276414768e-05,8.860910635727142e-09,0.9999721317878129
1.6956301952456235e-05,1.2773072009216621e-08,0.9999830309249756
2.698209406258266e-07,1.2200587643793201e-05,0.9999875295914157
0.9959710383797281,8.94368095735195e-22,0.004028961620271949
0.999999999770443,3.4335457436630797e-40,2.2955704544411984e-10
0.9991193356226167,9.325239252081967e-24,0.0008806643773832304
0.9999999999998912,2.4846360166267044e-48,1.0873729626532787e-13
2.1084490816841248e-08,5.980227307971928e-05,0.9999401766424294
2.907893780649116e-13,0.9816863488779085,0.018313651121800698
3.4472404321503916e-12,0.9978863549286638,0.0021136450678888165
3.0509658101155573e-22,0.9999999933298556,6.670144363227124e-09
0.9995380067900302,1.128363713467097e-23,0.0004619932099698902
0.999999989093263,9.686179243991218e-35,1.0906737055273438e-08
6.145148844058143e-17,0.9998120293009012,0.0001879706990989186
0.9999990193872387,2.6024294377427616e-30,9.806127613265852e-07
6.5137554277383e-05,1.4910496647267533e-05,0.9999199519490752
3.0303199112402443e-05,2.561846563619217e-08,0.999969671182422
0.999999999999936,3.1277618646868283e-49,6.393169870067605e-14
0.999937003149235,8.137228333996739e-27,6.299685076506856e-05
0.9999999397385307,4.623430780683388e-34,6.026146921370296e-08
0.999999999880395,8.051510676618126e-41,1.1960498862890781e-10
0.9997295183617178,1.7135723062694163e-24,0.0002704816382823481
4.1639084196952277e-07,1.8468876154086334e-06,0.9999977367215426
0.9868341479775378,5.2855076106680985e-21,0.013165852022462142
5.444892643839313e-22,0.9999999907671285,9.232871596545827e-09
8.383613649540716e-10,0.8793997514363319,0.1206002477253068
1.1071276499955666e-05,1.1155276351759383e-08,0.9999889175682236
0.9999999998105866,1.0242731854310958e-40,1.8941346457074842e-10
0.9999999911862788,7.454433881950668e-36,8.813721246261359e-09
3.221275986638753e-35,1.0,8.780184679860541e-17
0.9999786422600173,7.462782901237205e-28,2.1357739982684065e-05
1.0051505846179188e-05,3.74659983553347e-08,0.9999899110281554
8.970229393703081e-16,0.9999711677890741,2.8832210924882335e-05
0.9997556130040998,1.2281173464479884e-24,0.0002443869959003711
0.9984231536419994,1.4360577248943788e-22,0.0015768463580006055
0.9999999992223942,3.017580190386195e-38,7.776056760690274e-10
0.9999998923800095,3.2671884360703764e-32,1.0761999038392929e-07
3.362300190677927e-14,0.9995543378475253,0.00044566215244125096
1.345351558920761e-09,0.00301019790472909,0.9969898007499193
5.062995329608835e-08,0.00014637912900562736,0.999853570241041
1.096806656753725e-06,3.7343291797458194e-07,0.9999985297604252
0.9999999424593671,6.725331193094414e-34,5.7540632986509086e-08
9.347927758052283e-05,3.6891393336159077e-10,0.9999065203535055
0.9999999999999849,2.0830497693749449e-50,1.504356927903789e-14
1.3170361311556562e-06,1.7416354919175976e-07,0.9999985088003197
1.5637501022150994e-09,0.006359657408081073,0.9936403410281689
0.9999999999996954,1.5053942099153846e-47,3.0453445002848897e-13
4.5603695553283493e-07,0.016988704909397804,0.9830108390536467
0.9999998202915689,5.619453691178382e-33,1.7970843108616272e-07
1.582410419014484e-17,0.9999983999475739,1.600052426186503e-06
1.5335467179118014e-05,1.3625269585047982e-08,0.9999846509075512
0.9999999998416649,1.5107018921950804e-39,1.5833502240660678e-10
7.460122959698072e-20,0.9999969458141347,3.0541858653302694e-06
9.537330212872475e-35,0.9999999999999998,1.309724641341908e-16
3.362774297778056e-05,3.325726057074568e-08,0.9999663389997616
0.9988198915844873,3.7355820730044506e-23,0.0011801084155128702
0.999998650112741,1.1194346510991587e-30,1.3498872589678172e-06
1.6949700909067986e-08,0.36703057841893094,0.6329694046313681
0.9999999999996392,5.697019746832486e-47,3.609132884269728e-13
0.9999999999806859,3.81272516541129e-43,1.931419782204711e-11
2.2765648852651227e-17,0.9999972134379425,2.7865620575901952e-06
1.1046538129225527e-07,1.000504276651741e-05,0.9999898844918522
2.959979482599626e-05,4.4880553092180954e-09,0.9999703957171188
0.9999999980316507,8.503233352711378e-37,1.9683493579329718e-09
4.0409482267049665e-18,0.9999986919471874,1.3080528125574747e-06
0.9999628301074387,1.5563772674244725e-27,3.716989256127162e-05
8.965921669974705e-23,0.9999999976315161,2.3684837796934965e-09
4.473495509185163e-19,0.9999996369175649,3.630824350652473e-07
3.1292197868533077e-30,0.9999999999999463,5.375353883075186e-14
1.4895923857775633e-13,0.9842819811061804,0.015718018893670693
0.14256840556340306,3.127851430867425e-14,0.8574315944365656
4.8769301383066e-05,1.1518751999647746e-08,0.999951219179865
1.8188166229437554e-06,2.7970405916208193e-07,0.9999979014793179
2.8338614570005595e-15,0.9999230645249154,7.693547508178744e-05
6.233962783129399e-26,0.999999999973797,2.6203149399083054e-11
7.538951350978828e-36,1.0,4.936344195179228e-17
0.9999998848370518,4.208964332443232e-33,1.1516294813518621e-07
2.528286143512663e-07,2.9502001342464565e-06,0.9999967969712514
6.080178107334075e-13,0.9985965659701862,0.0014034340292059324
2.8313771646009034e-23,0.9999999650206605,3.497933947208748e-08
8.758290682402242e-08,0.18424300200685378,0.8157569104102393
8.69127436095361e-08,6.543782417366538e-05,0.9999344752630828
0.9999999999753515,1.1410909391738965e-42,2.4648564409824074e-11
1.1163994040205924e-06,0.010874395187557402,0.9891244884130385
3.5496507899387964e-06,4.339155998918071e-07,0.9999960164336101
1.2575399182813564e-35,1.0,4.3926684097719045e-17
3.049774014548879e-07,2.2298734203515913e-06,0.9999974651491783
3.827819169160277e-34,0.9999999999999996,4.987140752909918e-16
5.974671752248153e-26,0.9999999993806605,6.193393902609602e-10
0.9999999999999518,2.7887748091162187e-49,4.820926271365992e-14
8.955911052669864e-22,0.9999999918595804,8.14041969155073e-09
1.944399653374799e-23,0.9999999990978636,9.021364156183284e-10
0.9999999999687046,5.5046264501051084e-42,3.129549733776692e-11
3.614687988907095e-35,1.0,9.497191981329656e-17
0.9999999999681428,8.84965895150532e-43,3.1857284646229305e-11
0.9999999839040989,2.5777474134372873e-35,1.609590094764389e-08
0.999822167078631,9.803105045346309e-26,0.00017783292136894482
0.9999999986261705,4.0541550544725676e-37,1.3738295840782264e-09
0.9983718471787522,6.276755897937662e-24,0.0016281528212479168
0.9999999991805992,4.420546890648176e-39,8.194008157281581e-10
6.123805525095637e-36,1.0,4.9020090014478385e-17
1.4160239619722839e-05,2.1954376661350087e-08,0.9999858178060036
0.9999996123689455,1.0824714077728574e-32,3.87631054461992e-07
7.545319707381409e-10,0.8647859754541505,0.1352140237913176
3.4371454592264473e-19,0.9999997352428184,2.647571815513834e-07
1.7048764649741443e-11,0.9779504725696666,0.022049527413284767
2.3124411887166187e-17,0.9998998711479998,0.00010012885200024339
2.3221973359836978e-26,0.9999999999698526,3.0147507653284483e-11
0.9999999999999936,3.232973305097278e-51,6.360235423450652e-15
0.00012256454836305887,4.47713903763037e-10,0.9998774350039231
2.6363358172075414e-15,0.9974188526251706,0.002581147374826769
8.708875093434654e-16,0.9999775579614669,2.2442038532310903e-05
0.9962979277821705,3.754847465435457e-22,0.0037020722178295463
4.4969358778046694e-07,0.011683093456884517,0.9883164568495277
0.9999999638387074,1.5401885476755625e-33,3.616129265027171e-08
1.0358436283163271e-05,1.2205413846612599e-08,0.999989629358303
8.414167930372202e-25,0.999999999889752,1.1024801084279186e-10
1.1462684163301774e-09,0.010142326931635462,0.9898576719220962
2.288212206256683e-06,3.0333477669982954e-07,0.999997408453017
0.9999999999846352,1.3190888931143861e-42,1.5364801118160157e-11
0.9999999999830498,1.1923257086873037e-42,1.6950254450322048e-11
1.3471530315345758e-05,6.6835655104082616e-09,0.999986521786119
0.0012884323964105703,1.3680822558920698e-07,0.9987114307953637
0.00032212650422967386,6.635756375154196e-11,0.9996778734294127
0.9999999841692266,1.4079896313447755e-34,1.5830773313433377e-08
3.6121348940753624e-07,2.1470450362590958e-06,0.9999974917414745
0.0006858236700564426,2.2615205402691702e-10,0.9993141761037916
5.278361666685717e-08,2.19514534064034e-05,0.9999779957629769
6.290811038116697e-17,0.999993396323131,6.603676868894109e-06
1.5694511038211225e-34,0.9999999999999996,3.794285781488637e-16
1.3548734211796415e-20,0.9999977709244702,2.229075529844155e-06
3.3077423537751636e-08,0.2064405833728045,0.7935593835497718
3.759433606514112e-09,0.836881283096075,0.16311871314449147
0.9999999999414357,4.853936825732738e-41,5.856417436923323e-11
0.9999999998985198,1.3418842497847883e-41,1.0148022932972542e-10
9.88615249175309e-11,0.9532447830567542,0.04675521684438417
4.772284157392615e-06,4.9686829926701884e-08,0.9999951780290127
9.920822761268557e-34,0.9999999999999993,6.844956713751598e-16
8.756287727218784e-24,0.9999999995405593,4.594406520653529e-10
0.999999999997033,9.836768595281415e-45,2.9669210398709547e-12
2.818760014097845e-05,2.099524674476974e-08,0.9999717914046122
0.9999999283761671,5.5013553123664765e-34,7.162383275404272e-08
6.199833144704668e-17,0.9999943670190012,5.632980998613691e-06
6.7230976253330605e-22,0.9999998322038162,1.6779618395132815e-07
0.9999999444239132,1.738268653952699e-33,5.5576086895931704e-08
8.978597704813885e-19,0.9999990074034606,9.925965393120097e-07
4.635747961659556e-23,0.9999999981933931,1.8066067831441205e-09
9.204505610739127e-14,0.9993238159950679,0.0006761840048400753
0.9995558404913149,3.265608706912699e-24,0.000444159508685114
0.9999279740298087,1.0850046314136744e-25,7.202597019132767e-05
0.9999999999999634,1.5454420534226404e-49,3.6595348450445466e-14
0.9999999999842815,7.1469585956418314e-43,1.5718605962067247e-11
6.767481218901452e-22,0.9999999920545807,7.945419368606629e-09
0.9999901548757585,3.45669931763675e-29,9.845124241458762e-06
0.9999999999984923,1.1961196638899215e-45,1.5076262176224278e-12
7.471900346789948e-08,0.00010370207438748032,0.999896223206609
8.260332901492475e-36,1.0,2.9957970130563524e-17
1.9146188607121372e-15,0.998399784675412,0.0016002153245859671
1.281086644677635e-34,0.9999999999999998,1.6493577802943347e-16
2.2123513820559026e-16,0.9999791746926825,2.0825307317270215e-05
0.9999999999450289,3.144709281355666e-42,5.497121668242288e-11
0.9996732123547011,3.4074421882364084e-24,0.00032678764529892794
0.9999996380593636,7.16604996256811e-32,3.619406363491694e-07
2.4305899083676923e-21,0.9999999834767987,1.652320115104321e-08
0.9999959410600987,2.845663403762933e-29,4.058939901227755e-06
1.661691702527731e-31,0.9999999999999893,1.0651545972227298e-14
1.829454054211727e-33,0.9999999999999991,8.679866092534213e-16
4.296145117799612e-08,0.00044422557560910863,0.9995557314629396
3.2084070923534926e-22,0.9999999960733827,3.92661733943859e-09
2.326736834763093e-07,8.864869272101434e-06,0.9999909024570444
1.8213521179473647e-30,0.9999999999998925,1.0743058611746177e-13
3.3251827539113246e-23,0.999999998790964,1.209036040845562e-09
0.000257413754441773,1.0840470741201195e-10,0.9997425861371534
4.3010877196879133e-19,0.9999992794288673,7.205711326056324e-07
0.999999999987347,7.34767567316332e-43,1.265303789375103e-11
0.9999997567515985,4.5878180095591494e-32,2.432484015674876e-07
0.9998980941601834,1.8165747031947857e-26,0.00010190583981666245
0.9998504078066096,1.5101832993399468e-25,0.0001495921933902908
5.595378718625388e-07,6.840873831290601e-07,0.9999987563747451
5.839859221664194e-26,0.999999999964607,3.5393027842224265e-11
0.0004403931219101804,2.685023537684637e-06,0.9995569218545521
1.673266806545011e-05,6.330809751456356e-09,0.9999832610011248
0.9999999836676612,2.811928179890654e-35,1.6332338805486655e-08
0.9999943729659703,1.2722997949027184e-28,5.6270340296854565e-06
0.019671709964752492,1.8881924199250907e-12,0.9803282900333594
6.676856556044396e-05,4.396715872895029e-06,0.9999288347185668
2.617847363925525e-05,8.718312284913625e-09,0.9999738128080484
1.8345369429594706e-20,0.9999999560815923,4.391840753629418e-08
3.387747160152776e-09,0.8330672699765774,0.1669327266356753
0.9999999995888569,3.494753782617344e-39,4.1114305645161243e-10
1.3219949161822837e-12,0.9976057420361889,0.002394257962489046
2.0874519392209494e-17,0.9999960658602304,3.9341397696138294e-06
4.949392701238898e-31,0.9999999999999727,2.721273464293151e-14
1.276501552740019e-18,0.9999995982926869,4.017073130848247e-07
0.9996145220956322,9.12037212931761e-25,0.00038547790436774
0.003038673417907742,1.7188565004285583e-07,0.9969611546964422
6.965685865805027e-06,7.047630469395896e-09,0.9999930272665036
2.501595542208814e-18,0.9999993072787545,6.927212455034365e-07
0.9999858960804224,9.68972823453267e-28,1.4103919577522655e-05
0.9999999921464587,6.263593802581071e-36,7.853541265506788e-09
2.6758483374921247e-14,0.9996717348570261,0.00032826514294691776
0.9999999999670723,6.710654930952835e-42,3.292776202136986e-11
0.9993540672941045,5.1150151783435416e-24,0.0006459327058953977
3.055718619472328e-06,6.278113449751087e-08,0.999996881500246
0.9999999991022774,1.0698598948039217e-37,8.977226317787024e-10
3.2718442340671346e-07,4.551386714047108e-06,0.9999951214288625
1.1304367547669316e-07,1.0461377042117836e-05,0.9999894255792824
0.9996423051355534,5.610449372492622e-25,0.0003576948644465828
1.6666253874268978e-14,0.9908804683993672,0.009119531600616205
3.39526439740848e-05,7.330711708717323e-09,0.9999660400253141
3.1835081988102594e-06,7.354344733981499e-08,0.9999967429483538
1.0673403845785818e-05,6.392701083756773e-07,0.999988687326046
0.9999999999998017,2.3241151466574405e-48,1.9820397927924167e-13
5.742984281808787e-22,0.9999999918944514,8.105548713783473e-09
0.9997679610829494,5.853215946020255e-25,0.00023203891705058893
0.9999999999426978,1.285099846874146e-41,5.7302244966436276e-11
0.9999999999999851,1.5393379173339527e-50,1.480014706883352e-14
4.0754330221609114e-10,0.08925836148058783,0.9107416381118688
6.672644531431143e-09,0.0005345664411475797,0.9994654268862078
0.9999999999998825,1.5305036289268222e-48,1.1743425846266514e-13
3.034829743147381e-05,9.581792250089677e-05,0.9998738337800677
6.241736193165812e-07,4.964303924980445e-06,0.9999944115224557
3.187606225871257e-09,0.0022553729028939717,0.9977446239094998
8.051011722106774e-27,0.9999999995692346,4.3076542306178807e-10
4.484481533971713e-08,9.41382241056884e-06,0.999990541332774
1.0927647845143267e-30,0.9999999999999745,2.5474521633772733e-14
0.9999999995498974,9.405407081504922e-39,4.501025965124472e-10
1.3758553512391073e-20,0.9999999669814243,3.3018575668975795e-08
0.9999999554474868,2.1133432874027152e-34,4.455251318793871e-08
0.9999999999999876,1.3167147356473548e-50,1.2339888797689133e-14
1.235247146774541e-21,0.9999999877998326,1.2200167310572164e-08
0.999990121863998,5.048633561373918e-28,9.878136001881883e-06
0.9999999275853003,3.657123985315577e-34,7.24146996452241e-08
7.574671386108072e-15,0.999767704558558,0.00023229544143435146
0.9999148251636933,8.2306992523637e-27,8.517483630658055e-05
7.120776073466794e-32,0.9999999999999869,1.304990812093049e-14
0.9999806354460058,2.3419562477716765e-28,1.9364553994303197e-05
5.902458845894817e-16,0.999985643245697,1.4356754302168154e-05
0.9999999992243171,1.272815701037115e-38,7.756829198905267e-10
3.0992781014216563e-12,0.8658109336972855,0.13418906629961527
9.696423198950457e-25,0.9999999998979419,1.0205811267918133e-10
4.778615814629864e-10,0.9054206319599972,0.09457936756214114
1.0714595815147572e-23,0.9999999996112119,3.887881967823742e-10
6.368541498611594e-18,0.9999993712282725,6.287717275459634e-07
1.1173531874324726e-28,0.9999999999990767,9.231931979935158e-13
3.773945507675542e-05,4.500525245330011e-09,0.9999622560443979
0.9999999991097901,4.1027582868065603e-38,8.902098660402804e-10
0.00023480670925487827,1.0119954594218389e-06,0.9997641812952857
0.9999992076224772,6.197062000573605e-31,7.923775227663956e-07
0.9999193541720263,6.880295233717316e-26,8.064582797378538e-05
6.966808595834717e-05,5.810826189157388e-09,0.9999303261032155
6.891137762726577e-06,0.00023003320206606729,0.9997630756601712
0.9999999346924184,8.165041601506153e-34,6.530758148201117e-08
3.0261098484471303e-07,0.034868210311479755,0.9651314870775354
4.324770097146482e-23,0.9999999981831245,1.8168755147698784e-09
1.0529195247117557e-08,0.7337906182027547,0.26620937126804994
0.9995422333652335,1.4756072162036737e-24,0.00045776663476654404
1.5680921205249064e-26,0.9999999999882063,1.1793601140621594e-11
0.9999996157924629,1.8815502588238846e-31,3.8420753726490636e-07
0.9993444107026281,7.486852335191127e-24,0.0006555892973719097
0.999992705120724,1.1132842442200184e-28,7.294879276044555e-06
4.0289779713361753e-07,5.782649487737824e-06,0.9999938144527153
0.9999999907694791,2.2004327836200104e-32,9.23052103482724e-09
0.9999999999612685,1.3041375477148902e-41,3.8731468350935626e-11
0.9999689723188757,3.0628187082038458e-27,3.102768112437346e-05
1.7214628865854792e-22,0.999999997111312,2.8886878452556924e-09
1.3221267761518975e-17,0.999997617932909,2.382067090992189e-06
0.9999973818155232,2.0841228365479962e-30,2.618184476840462e-06
0.00681760658581382,6.137410441634308e-12,0.9931823934080487
1.1176489278287631e-30,0.9999999999999702,2.9679835881224796e-14
0.007957968216842911,3.3309916737510984e-13,0.992042031782824
1.0461388323462367e-14,0.9973380610629294,0.002661938937060092
1.5406561621419112e-15,0.9999566994907636,4.330050923489187e-05
0.999999999112912,6.801941952830248e-38,8.870880599017596e-10
0.999999999989174,1.4549646753750635e-42,1.0825919917959448e-11
0.9999999999999609,1.2056820319258419e-49,3.8977808432035463e-14
8.431128351238864e-06,2.4191323793542375e-08,0.9999915446803249
1.428084107358009e-07,2.266145975409882e-06,0.9999975910456137
0.9986463251432132,3.1189299365698546e-23,0.0013536748567867893
1.3521760704132743e-05,3.210886121231935e-09,0.9999864750284096
0.9999999451887435,2.7715493233673728e-33,5.4811256617963404e-08
2.264122893062124e-10,0.05441709264109855,0.9455829071324892
0.9903671226121695,2.702844752734225e-21,0.009632877387830446
0.999918206312774,1.5431514254185506e-26,8.179368722594738e-05
8.322969368548836e-09,0.7689816522954933,0.23101833938153735
0.9999999999820279,8.980529386859766e-43,1.7971991908507717e-11
1.278515686565629e-06,3.23467242792264e-07,0.9999983980170706
7.012443850268944e-12,0.9939513806545756,0.006048619338412151
1.4757091385988025e-09,0.7891090430002452,0.21089095552404566
1.7243211310304823e-09,0.8314256685508166,0.16857432972486236
0.9999999999999485,2.4346415244012735e-49,5.156803693785717e-14
1.3199656900393398e-19,0.9999997719411193,2.280588806682222e-07
5.195896644621497e-05,9.091356514431554e-05,0.9998571274684094
1.2681247420286362e-24,0.9999999887782635,1.1221736545170204e-08
2.588201799405987e-21,0.9999999812718624,1.8728137517242517e-08
0.0001544043947451528,5.727262541576397e-06,0.9998398683427132
2.2646029575008945e-06,3.5691389354039667e-07,0.999997378483149
1.3630308523354493e-08,0.399990430362909,0.6000095560067824
4.730071715916493e-18,0.9999987798779971,1.2201220029239623e-06
4.066592155265118e-11,0.9732220281404206,0.026777971818913476
4.940478636386385e-05,1.0222781301622726e-09,0.9999505941913581
0.9999905573525565,1.0531550337030046e-27,9.44264744362467e-06
8.303745857473827e-09,0.0006706702842972591,0.9993293214119569
6.922475898110841e-29,0.9999999999994609,5.390422951809741e-13
1.3121546766041173e-06,0.007928405355253139,0.9920702824900702
2.969366743661991e-06,1.3919493463712817e-07,0.9999968914383217
2.9815419664379984e-24,0.9999999998039297,1.9607017357009977e-10
1.4078136354765726e-20,0.9999999222596856,7.774031435880007e-08
2.555485775354041e-05,4.443140901200982e-09,0.9999744406991056
9.024169215244777e-21,0.999999975354268,2.4645732004722392e-08
5.0159945463686174e-17,0.9999907093860603,9.29061393973973e-06
1.1429469335323037e-10,0.9782670396169381,0.021732960268767344
0.0010877538396332014,3.0036935570487374e-11,0.9989122461303299
4.998993893524262e-19,0.9999992823596685,7.176403314426352e-07
0.9999998590212514,3.64415866504429e-33,1.4097874846699792e-07
7.846205808337185e-05,3.1229856129125793e-09,0.999921534818931
1.8065266150106717e-32,0.9999999999998335,1.6657242078627507e-13
0.9999999999925167,8.416512383502691e-43,7.483299585643343e-12
0.999999708252273,1.0894512717824556e-31,2.917477270731758e-07
7.538948922571167e-23,0.9999999981645897,1.83541028878987e-09
5.7337599634814424e-34,0.9999999999999991,7.988706146228605e-16
0.9997930815325219,8.998045767711916e-25,0.00020691846747808153
6.106730349281547e-15,0.9999060743215764,9.392567841735622e-05
1.1729844625601528e-14,0.9997373017815605,0.0002626982184277949
3.3290275535763304e-26,0.9999999999841813,1.5818594227945292e-11
5.726864036627758e-09,0.6592347768201571,0.340765217452979
0.9999984194937823,7.77765411548935e-30,1.5805062177581467e-06
0.9999556876605734,7.200668871868125e-27,4.4312339426681774e-05
0.9999999999930502,2.0144714130944605e-44,6.949717485528619e-12
0.0003043251189565511,1.669582794479042e-10,0.9996956747140852
1.0079709648396885e-18,0.9999992655438229,7.344561770956277e-07
1.4423462802649611e-06,1.0310126177650807e-06,0.9999975266411021
2.6574396965328816e-24,0.9999999998183657,1.816343124108864e-10
1.847961115923973e-08,0.0002468329782731644,0.9997531485421156
4.061748442154795e-09,0.0016939857324246503,0.9983060102058269
0.005862061304168324,6.015478262519264e-08,0.9941378785410491
2.6561399068493705e-09,0.7156754673804305,0.28432452996342955
0.004711497175854815,2.6428283440469713e-08,0.9952884763958616
3.213934324259966e-32,0.9999999999999951,4.918881881296859e-15
6.696357595229442e-28,0.9999999999983569,1.6430845567309965e-12
0.9999649082544255,6.77183025144696e-27,3.509174557448484e-05
3.4413510881233964e-07,0.012153886883224371,0.9878457689816669
1.6150999513797e-10,0.9399396938840556,0.06006030595443449
1.2965677681764756e-11,0.9954700250594567,0.004529974927577555
0.9999012104724636,7.27515407597283e-26,9.878952753642293e-05
2.66985197796658e-08,0.5415084595516565,0.45849151374982383
0.9999999999533837,1.2897134027888422e-41,4.661632685485472e-11
5.8319669659921504e-05,4.541220594855502e-09,0.9999416757891194
0.9999958233535573,5.3376284289867294e-30,4.176646442694881e-06
2.2112751248615577e-05,2.5192473813556385e-09,0.9999778847295039
4.6126927572233066e-08,4.5177968366533e-05,0.9999547759047058
8.872010819013588e-31,0.9999999999999705,2.954153619641584e-14
0.99999999999423,3.1509552938054986e-44,5.769995314218653e-12
0.9999999988711099,6.776978916372779e-35,1.1288901979290928e-09
1.7450503905406761e-10,0.9478999872309091,0.05210001259458587
0.9999999348035191,5.7345084814021085e-34,6.519648075038698e-08
3.1905869128025443e-16,0.99997472998355,2.5270016449862465e-05
0.9872152411086615,9.881772560372176e-21,0.012784758891338364
6.329906279046024e-05,1.4134621426214495e-09,0.9999366995237473
3.6382085345788415e-13,0.951663494020392,0.048336505979244236
9.101092861412479e-05,1.980442120655261e-09,0.9999089870909439
1.2377168983749973e-18,0.9999995372987276,4.6270127243438707e-07
0.9999999999256888,4.7453801103536e-41,7.43111370720083e-11
3.886282997694589e-18,0.999999015654795,9.843452050572503e-07
0.9999953932998346,4.3860285554925073e-29,4.606700165407767e-06
8.461982530015972e-35,0.9999999999999998,2.0529298891230452e-16
1.5984463968416498e-36,1.0,1.3522532166725082e-17
0.999999999979513,5.6937899727522044e-42,2.048703827511583e-11
8.796104226179017e-19,0.999999271571557,7.284284429036654e-07
3.7313001577277016e-08,0.37796612717866557,0.6220338355083329
0.9999999954954382,1.4075372271355675e-35,4.504561781238044e-09
1.128447689269948e-06,3.8452237480661734e-07,0.9999984870299359
0.9999999999646578,1.4303003225910855e-41,3.5342187444321255e-11
1.0465724759366543e-05,5.277736405168069e-08,0.9999894814978766
0.9999166807076719,1.330568388361248e-26,8.331929232803974e-05
6.213702417261137e-09,0.7534234342366257,0.24657655954967198
1.6952565284373336e-27,0.9999999998182436,1.8175633851736988e-10
1.5133345048085807e-14,0.9998750628509578,0.00012493714902699483
1.7755868247461295e-18,0.9999992665202564,7.334797437372371e-07
8.496071646272161e-09,0.00037303978570221106,0.9996269517182262
2.6771165950958934e-22,0.9999999960555852,3.944414712984517e-09
0.00014365459352830054,2.051126334844132e-06,0.9998542942801368
3.3506009010473665e-32,0.9999999999999898,1.024992016239731e-14
4.689732643651259e-07,3.3993894543675493e-06,0.9999961316372812
7.9458980332892165e-22,0.9999997857563035,2.1424369630769534e-07
0.9999999999999776,2.607919461157443e-50,2.236989833969961e-14
0.9999999963581707,2.52849639199677e-36,3.64182936985814e-09
9.472305053227504e-18,0.9999976851116757,2.3148883242161955e-06
6.1656840835251395e-09,0.005940844969873529,0.9940591488644425
1.1059549786086644e-09,0.8149106141383996,0.1850893847556453
1.3591146628745346e-12,0.9975442676047059,0.0024557323939348686
1.1402699479354716e-12,0.9375815660740359,0.06241843392482399
2.4720032031319746e-07,2.239196801645103e-06,0.999997513602878
1.6664169785409936e-05,1.8278221390900693e-08,0.9999833175519932
6.098169808617652e-25,0.9999999999180404,8.195958018206582e-11
9.975152057313854e-16,0.9999501521458993,4.984785409973156e-05
0.999999999955794,2.61666429767379e-41,4.420607519364435e-11
1.818140884874429e-27,0.9999999999954705,4.5295585745402596e-12
7.981522239244803e-12,0.9907433702208738,0.009256629771144758
2.6132973472897386e-09,0.7147268146454315,0.28527318274127117
6.884198279680128e-05,4.942890991065504e-10,0.9999311575229142
0.999999958708094,4.005650680299812e-34,4.129190591266189e-08
5.297634177815982e-10,0.8561273939712137,0.14387260549902284
0.9999999747462995,2.3273066312464533e-34,2.525370050592842e-08
0.9999999999947138,1.6517325053837638e-43,5.286269220339966e-12
4.124359349926561e-36,1.0,1.9902711501756187e-17
5.489554498574666e-10,0.930313874253454,0.0696861251975904
0.9999757394099571,9.230002455650463e-28,2.4260590042930048e-05
0.00022152428290441616,3.59397907599621e-10,0.9997784753576976
2.805209513316389e-28,0.9999999999988538,1.1461254422668293e-12
0.9999999999649001,1.350568818558863e-41,3.5099975075962114e-11
0.0004531707320972631,3.145828567532867e-10,0.9995468289533199
7.516263614192906e-29,0.9999999999993416,6.582851360959399e-13
7.347564196471615e-18,0.9999988894335757,1.1105664241748979e-06
0.9997518836333101,1.6691413989309083e-24,0.00024811636668982054
0.9999999786877249,3.687564756885544e-34,2.1312275042539673e-08
5.22652185268845e-19,0.9999996926218174,3.073781826004842e-07
1.1385023734274317e-19,0.9999996794569309,3.205430691291105e-07
3.246058062916066e-34,0.9999999999999993,6.812884938275326e-16
0.9999999999736069,1.1635817782862417e-42,2.6393109973450773e-11
0.9999999999048501,2.518605816477599e-41,9.514985643490816e-11
2.961959913516409e-28,0.999999999998429,1.5708990109197637e-12
6.756996967995975e-07,1.3772459577053087e-06,0.9999979470543456
1.3738521897636226e-09,0.18059667499634596,0.8194033236298018
2.0084791413553207e-32,0.9999999999999936,6.4988001371997345e-15
0.9999999999995302,6.335566296550051e-47,4.697481862799502e-13
0.9999999999989793,5.052839763290111e-46,1.0206554793076588e-12
0.9999999890458776,7.946899006690841e-36,1.0954122429572719e-08
1.0888149691985798e-05,3.3700939638139848e-09,0.9999891084802139
0.9922472582484506,3.2327318472474374e-21,0.00775274175154951
1.9750005180114313e-08,8.74888319078293e-05,0.999912491418087
0.9999999998482998,1.2623533271804937e-40,1.5170025013678443e-10
0.9999963335569266,2.034606934032241e-30,3.666443073222714e-06
5.4242615756647085e-18,0.9999991356356976,8.643643023851439e-07
2.214647984601261e-31,0.9999999999999816,1.8369633637756566e-14
1.4332824046661863e-23,0.9999999992657684,7.342315096057817e-10
1.8170048800720093e-06,0.006001663764522091,0.9939965192305977
0.9999999999975178,4.289280095039228e-45,2.482166218519504e-12
8.868798458165113e-30,0.9999999999998057,1.9423197805625657e-13
2.868855938013671e-10,0.07026555475761072,0.9297344449555036
0.0028223698130534157,5.456656012859207e-11,0.99717763013238
0.0002196619508576837,4.03395926847928e-10,0.9997803376457465
2.5555149698097645e-15,0.9999300343206937,6.996567930363191e-05
6.742315639723634e-24,0.999999999676932,3.2306812125417554e-10
0.9999999999939626,2.0531344703601645e-43,6.037484274736508e-12
3.394991305857319e-29,0.9999999999997564,2.4348178341541875e-13
2.21794071309987e-17,0.9999312958847905,6.87041152094959e-05
0.9999987981468093,8.831209509902338e-31,1.2018531906037758e-06
0.9860300006252333,1.8252927979568284e-20,0.013969999374766721
0.9999999999997289,2.436393158962663e-47,2.711532607497577e-13
9.670689679175915e-24,0.9999999514558141,4.854418591557241e-08
0.9998670133867137,6.358165480867292e-25,0.0001329866132862978
0.0013922781215428004,1.6017372669643356e-11,0.9986077218624397
0.9999999999626303,1.0158464801174899e-41,3.736965137449564e-11
9.010828545290024e-10,0.8535753905771828,0.14642460852173414
1.0016592139523362e-17,0.9999982874720594,1.7125279405490267e-06
9.440911097664384e-09,0.0005124128600881566,0.9994875776990007
0.9926648113086711,2.1761192213861178e-21,0.007335188691328827
0.9999995808822133,9.783544355240641e-32,4.1911778661760256e-07
0.9999991404101894,8.43210180021652e-31,8.595898104954575e-07
1.4427995973425601e-12,0.9966573319524901,0.00334266804606713
3.1441526714719026e-05,1.4019770994434733e-08,0.9999685444535142
0.0006430426424205023,5.514846257166203e-11,0.9993569573024309
0.9999976471843781,4.792832037162257e-30,2.3528156220264785e-06
1.5951015041796416e-26,0.9999999999791915,2.0808443011679254e-11
7.58565140058474e-25,0.9999999937671109,6.232889147279354e-09
0.0005760502467816081,2.3739188276337106e-11,0.9994239497294792
0.999888241877156,1.4019082014093192e-26,0.00011175812284407483
1.2698131712542626e-05,8.158763196292328e-08,0.9999872202806555
1.6673261831902242e-07,1.5844459375952193e-06,0.9999982488214441
2.0808857698266588e-05,3.701129481334831e-09,0.9999791874411722
0.9932831153232334,2.4651513856991054e-21,0.006716884676766655
2.1179770815336636e-19,0.9999998464116899,1.5358831005740498e-07
0.9999924096519707,1.1144495556288868e-28,7.590348029335228e-06
0.9999663629359229,8.696036899092455e-27,3.36370640771053e-05
0.999999757194073,1.384958374936546e-32,2.4280592705877226e-07
4.854540081460837e-24,0.9999999995434004,4.5659974772006573e-10
1.971779757739334e-30,0.9999999999999287,7.137785391317127e-14
0.0006774400558385563,5.846414296943878e-11,0.9993225598856974
1.9543968105292234e-25,0.9999999980318208,1.9681791718372748e-09
0.00010138821625221138,5.356621829558486e-10,0.9998986112480857
0.9999999999998661,3.089143880711369e-48,1.3384039422263016e-13
6.59784254723814e-07,3.366002096590245e-06,0.9999959742136486
1.7468096773663038e-22,0.9999999955512289,4.448771088041005e-09
0.999999999999855,4.013767482608058e-48,1.4499394597555186e-13
0.9999999999999523,2.0256099357846806e-49,4.77830999235156e-14
1.0984122481743616e-06,0.002526094745525993,0.997472806842226
0.9999999999454898,8.606048781186523e-42,5.451009287463807e-11
1.5824699574643542e-12,0.9980769686206168,0.001923031377800557
0.9999999999903135,4.7662323261780135e-43,9.686421758802927e-12
1.4758473244757275e-17,0.9998478128262309,0.0001521871737690851
3.707636558022586e-05,9.03139372783881e-10,0.9999629227312804
0.9999999999999036,1.446418989247839e-48,9.645583696345943e-14
0.9999996658392809,2.4797377276341415e-32,3.341607191970548e-07
0.01938304319967196,2.4175320957246453e-09,0.9806169543827958
0.9849806654591917,4.813520865311624e-21,0.015019334540808234
0.004910078415240351,2.1978367949500245e-08,0.9950898996063918
0.9999374795020266,1.8434070536434036e-27,6.252049797351369e-05
0.9999999999999736,6.853091902610564e-50,2.6408450543801062e-14
0.9999783885087041,9.746739326676893e-28,2.161149129574909e-05
3.0253759635108e-08,0.00033207401974983075,0.9996678957264905
5.673362636276728e-24,0.9999999996107465,3.892535726819277e-10
0.9999990703712418,1.0261020123888261e-31,9.296287582222979e-07
0.004211163969354598,1.076194013345605e-11,0.9957888360198834
1.2114983789388888e-21,0.9999999902616056,9.73839436940329e-09
6.579935273992592e-08,1.701227849396967e-05,0.9999829219221533
0.9999999655508479,1.4356288098019664e-34,3.444915217572299e-08
8.209840034640316e-14,0.9997402507861832,0.00025974921373471464
8.916078873272094e-16,0.9999812832561863,1.8716743812808673e-05
0.9999999999999662,6.851188289215415e-50,3.376574066507483e-14
6.507685071220078e-36,1.0,3.89526030782722e-17
0.0024375395789831902,1.21939646983107e-11,0.9975624604088228
0.9999999866128353,3.923022367591163e-35,1.3387164658706886e-08
0.9999999654037758,1.0690162859978328e-34,3.4596224236360024e-08
0.9999947555088138,2.583884330204587e-29,5.2444911862696186e-06
5.126860399922515e-05,9.618211823628568e-09,0.9999487217777888
0.9999981367040776,3.481205782077439e-30,1.8632959224136043e-06
0.9999999999999827,2.1349113175620182e-50,1.728996343199896e-14
1.2198936148164172e-06,1.3214618774989218e-07,0.9999986479601973
2.3205145089750445e-07,0.07470104140754712,0.9252987265410021
5.518090968966458e-15,0.9946810235075003,0.005318976492494072
7.092066670713791e-36,1.0,4.63331955715334e-17
0.005849490315697678,5.4370286795104656e-12,0.9941505096788652
5.281141351807831e-09,0.001624568559142464,0.9983754261597162
1.9945533154188162e-08,0.00023087249081289366,0.999769107563654
1.0943839721101806e-10,0.9504275959295165,0.04957240396104496
0.0021904078210683003,2.4714491760458453e-11,0.9978095921542172
0.9999949886912095,3.219662600945277e-29,5.011308790416515e-06
0.9999948567339514,2.866584293257359e-29,5.1432660485524646e-06
3.1650118884179805e-07,0.03983982170892627,0.9601598617898848
3.63613862469696e-11,0.9764510417129543,0.02354895825068448
1.462488029824491e-27,0.99999999999524,4.759868910733682e-12
2.0015962688803937e-36,1.0,1.7834798357055953e-17
1.1071692183760595e-05,2.8887210074441904e-08,0.9999888994206062
0.9999991170965404,1.9369606924605046e-30,8.829034595707718e-07
3.01571781032106e-07,0.04744968090522572,0.9525500175229933
6.64998871695591e-09,0.8150100695571116,0.18498992379289966
9.050274967988927e-05,6.504977779148119e-06,0.999902992272541
1.5142282780149714e-10,0.9680060174364837,0.03199398241209347
0.0011157081847290864,1.5112227828125036e-11,0.9988842918001587
8.015733935548343e-08,0.22875392516986146,0.7712459946727991
3.841508748553808e-31,0.9999999999999771,2.289768253776732e-14
0.9999905522953225,1.1081554822406822e-28,9.447704677551985e-06
4.509953683737263e-06,0.000816071896470231,0.9991794181498459
1.4466076048529348e-07,7.999584784114398e-06,0.9999918557544555
5.198350099912439e-08,4.398496349600006e-05,0.9999559630530029
9.587199873779214e-09,0.0008516539956729453,0.9991483364171272
0.01294961715454926,1.1114895384826828e-12,0.9870503828443393
0.00011704693392038485,1.7148933076754625e-09,0.9998829513511862
4.1033179417509326e-11,0.9847299479347543,0.015270052024212354
0.9999647946878676,1.3295998535184842e-27,3.520531213233679e-05
6.2100587868525686e-06,0.0005112357831738345,0.9994825541580394
2.3900030645199503e-23,0.9999999991608168,8.391831682713455e-10
5.964206951712447e-05,2.4347751973754108e-09,0.9999403554957076
0.9998739241339891,3.33729004305519e-25,0.00012607586601101883
0.9999999999999765,2.6978215134597356e-50,2.3505146072862426e-14
0.9999999999999853,4.7745093113129415e-50,1.4557095731497615e-14
0.9999994004032622,1.4877761769999619e-31,5.995967377490418e-07
1.983099893662437e-34,0.9999999999999996,4.648541293928768e-16
3.3536056235000324e-36,1.0,3.1499329514084126e-17
5.002718001891542e-11,0.9671752340554803,0.03282476589449234
5.472385417012613e-07,0.012662165521299609,0.9873372872401588
1.9351774033868047e-29,0.999999999999585,4.15019572427016e-13
4.7557149869789505e-08,4.7319182382386936e-05,0.9999526332604678
0.9978531625757691,3.4284081640053555e-22,0.0021468374242309698
0.0009562216718427527,3.9771827865097535e-11,0.9990437782883854
0.9999999999999127,1.1787405711833075e-48,8.735194504625032e-14
0.9999582805668612,2.1692694740397705e-26,4.171943313864797e-05
5.031647206072713e-05,2.8564098082351397e-09,0.9999496806715296
3.232588483367826e-11,0.9780998316110094,0.021900168356664546
0.9999999973396512,7.353862500523053e-37,2.6603487953204394e-09
0.02973793482036588,1.9113293995133737e-13,0.9702620651794429
7.205376039944752e-28,0.9999999999964577,3.5422615114520247e-12
0.027804795653042842,3.056845352671449e-13,0.9721952043466515
0.9999999904293889,2.0791827396082066e-36,9.570610995915614e-09
7.503552655021604e-08,1.6902970320425424e-05,0.9999830219941529
0.9997734033520798,6.96357496947315e-25,0.00022659664792031866
5.521315926151793e-23,0.9999999988139154,1.1860846013527502e-09
5.319973266999876e-17,0.9999938282105684,6.171789431658608e-06
2.0037756745962032e-11,0.9934955580566169,0.006504441923345257
0.9999999999999094,6.132668408784575e-49,9.061921313638272e-14
1.441157787005013e-07,6.491045441092641e-05,0.9999349454298103
7.790999487083198e-07,0.015340431181360612,0.9846587897186907
8.896103205632867e-27,0.9999999999861306,1.3869314343543204e-11
3.808258701986937e-06,1.2615132144624724e-07,0.9999960655899764
0.00018466687157366643,7.182117492134257e-10,0.9998153324102146
0.9915695721689052,4.2845277493817375e-20,0.008430427831094779
0.9999999999521292,2.8204100168889603e-41,4.787073613625055e-11
6.135207982717787e-07,5.03441230124804e-06,0.9999943520669006
2.417771934034935e-15,0.9999580666226989,4.1933377298643025e-05
0.9404757749707321,1.1868208511308056e-18,0.05952422502926793
0.9999994421756137,2.938973299495742e-32,5.578243863146031e-07
5.2776563462915555e-22,0.9999999959674131,4.032586948534376e-09
0.9999987476428455,1.6149141683502774e-31,1.2523571544864649e-06
0.9998023861674781,2.0759238025916546e-24,0.00019761383252192447
0.00010013119520637757,2.776617401802256e-09,0.9998998660281763
6.96015390815973e-24,0.9999999994276199,5.72380126514628e-10
1.859842372465066e-15,0.9999428453363416,5.715466365658819e-05
4.2476649946072735e-32,0.9999999999999918,8.144069628809249e-15
9.447527957001463e-05,4.898267206089708e-10,0.9999055242306033
8.460065613487624e-15,0.9967833935861438,0.003216606413847799
8.174102696961824e-16,0.9999736677095308,2.6332290468233265e-05
2.3348087283638467e-07,0.07483741323985711,0.92516235327927
1.533677519965749e-05,1.587397859940974e-08,0.9999846473508218
3.466905862844361e-08,0.00023361047818539415,0.999766354852756
5.076027249571135e-08,6.38690416768389e-05,0.9999360801980506
7.580261811743234e-06,0.00023071900104973433,0.9997617007371385
0.9999999999999545,2.3949415670910288e-49,4.551701302225332e-14
1.0302175769491621e-10,0.527347538529357,0.47265246136762123
6.588840762172806e-06,2.5139865201399827e-08,0.9999933860193726
0.0007119863736466607,5.583648359641913e-11,0.9992880135705169
5.242967240201424e-13,0.9382611441004742,0.061738855899001396
2.6600667538783155e-07,1.3132360931332812e-05,0.9999866016323933
0.0009753575603880299,2.5840156119745083e-11,0.9990246424137718
0.9999999477248039,1.6194930744847004e-34,5.227519618259387e-08
0.999944140880817,1.740972793404067e-26,5.585911918297078e-05
0.0003015176876707365,6.409718402272968e-06,0.999692072593927
3.9015694564064875e-36,1.0,2.5260406966804856e-17
8.495641402101017e-13,0.9985621648049888,0.0014378351941616312
0.9988678850007549,1.9701427693249164e-22,0.0011321149992452003
0.9999999785525788,7.690984158605218e-35,2.1447421239279683e-08
0.9999999925042636,1.1057739175909044e-35,7.495736450691228e-09
0.9999981940258912,1.8124667049986755e-29,1.8059741088405208e-06
1.298219703662679e-07,4.9291714617898505e-06,0.9999949410065678
7.958640948028138e-18,0.9999976469045948,2.3530954053576268e-06
4.8800030885123066e-09,0.00147055517970842,0.9985294399402885
3.247698884207155e-21,0.999999328509621,6.714903789812755e-07
3.4157863423054806e-07,0.028856805200293534,0.9711428532210723
1.0241053754798111e-06,1.1342540656584085e-06,0.9999978416405588
1.3013555773064823e-09,0.011926449783882883,0.9880735489147616
0.9999638249324699,5.723784973171516e-27,3.617506753010609e-05
3.950061580310071e-06,1.5433721337738835e-07,0.9999958956012064
2.1899088210018925e-24,0.9999999996976776,3.0232233880916823e-10
4.5935183047184436e-17,0.9999957930536796,4.206946320526481e-06
7.647370523575963e-16,0.9982680738560786,0.001731926143920684
3.1728862938273673e-06,3.3552906237316134e-07,0.9999964915846438
1.7353563742459375e-32,0.9999999999999958,4.2750678125119736e-15
0.9999999999128375,1.02674800628427e-40,8.716254329019039e-11
0.0010113891846512233,2.997345140192356e-11,0.9989886107853754
8.256147764429918e-07,0.013039613247642582,0.9869595611375809
0.9806236049608358,3.248345093087466e-20,0.01937639503916421
1.0134488450907754e-07,6.491949311043586e-05,0.999934979162005
0.00015230945990863873,4.467714798282328e-10,0.99984769009332
1.757977608120117e-28,0.9999999999978246,2.1753129327003306e-12
0.9999342473200517,9.811282506234449e-27,6.575267994822577e-05
0.9999734523226277,5.904080911000373e-28,2.6547677372226223e-05
2.169900938302032e-17,0.9999968419829968,3.1580170033513387e-06
1.756630818780266e-07,9.836253141492072e-06,0.9999899880837767
0.00030124579299683465,3.078906588299421e-10,0.9996987538991124
0.9999999999167568,6.14075041697871e-42,8.324321624940904e-11
0.0003892179975872219,7.326232626437461e-11,0.9996107819291504
4.71771543142742e-21,0.9999985555123907,1.4444876093774454e-06
3.15913489472499e-36,1.0,3.1199993080478757e-17
0.999999999549867,1.0476187904735371e-38,4.5013302644865594e-10
1.2956079089713794e-09,0.0344254683736481,0.9655745303307439
0.9999993901055999,5.38604218916085e-31,6.098944000678137e-07
0.016127803630490038,2.238957720459896e-13,0.983872196369286
0.9999832161819211,3.5771421096258945e-28,1.678381807899037e-05
2.4800941613254396e-12,0.9060766811954762,0.09392331880204371
0.999999999996102,2.0426844428889308e-43,3.898076254731387e-12
2.0777981389013583e-06,3.082248010404598e-07,0.99999761397706
1.8823416932015977e-05,0.00011010498166704151,0.9998710716014009
1.4629198579804855e-17,0.9998742671740609,0.00012573282593909634
0.003037941927207408,1.7653255845468238e-11,0.9969620580551393
8.564339992904258e-27,0.9999999999880842,1.1915893110004275e-11
3.8115531771502494e-36,1.0,3.0214010068110615e-17
3.5318310033849704e-32,0.9999999999999947,5.348468302166093e-15
1.3614875744852248e-05,1.1290481646502918e-08,0.9999863738337734
0.999999992822393,1.086296312110319e-35,7.177606874671994e-09
9.124184068557016e-33,0.9999999999999976,2.3467183895370435e-15
0.9999975270939574,4.005522253036646e-30,2.472906042618661e-06
0.9999999985269525,1.3400955574302289e-37,1.4730474403300833e-09
5.887201683631499e-11,0.9793882001139811,0.020611799827146886
0.999999999985929,1.6550191376170373e-43,1.407099833153305e-11
4.375475514134833e-05,2.7771957833882427e-09,0.9999562424676629
1.7386185029824338e-22,0.9999999968222539,3.17774604157409e-09
0.9999999560437421,1.2948132596767532e-34,4.39562579070593e-08
6.684384923922483e-06,7.246823634766281e-08,0.9999932431468398
8.902537811153767e-15,0.9998510136899958,0.00014898630999534825
0.9999999764902298,5.393099481841522e-35,2.3509770173290288e-08
1.723898140454203e-06,0.005198461496920667,0.9947998146049388
7.004792762533178e-34,0.9999999999999996,4.390766646340982e-16
3.945182828653921e-07,4.314971144255855e-06,0.9999952905105729
4.0672264735428413e-07,1.5729147689500313e-06,0.9999980203625837
0.999998420026959,1.2819037373663207e-29,1.5799730409016083e-06
0.9999487228760288,8.361701232954797e-27,5.1277123971361934e-05
5.739208277988954e-16,0.9996561722871685,0.00034382771283067974
2.788118540491583e-07,1.3611162129133251e-05,0.9999861100260167
0.9983239129475618,1.8059685706861097e-18,0.0016760870524382483
3.358998463157973e-06,0.000269462339082362,0.9997271786624544
9.447109688443096e-05,4.00517821510635e-06,0.9999015237249006
3.1421463460828074e-05,6.284417293470978e-09,0.9999685722521219
1.6665502524494842e-32,0.9999999999999927,7.271141724618629e-15
0.9999795365706764,1.3563580185911257e-27,2.046342932347886e-05
1.2609071345666734e-06,2.681450728943869e-07,0.9999984709477926
9.681365087187962e-15,0.9998875876378779,0.00011241236211235214
7.552383006952138e-05,3.197374241027591e-09,0.9999244729725564
0.0007208825386394824,2.8283145000397342e-11,0.9992791174330773
0.9999999984693395,1.0960316868762913e-37,1.5306605859555355e-09
3.1373732131113615e-06,2.069801550352636e-07,0.9999966556466319
1.4833104622935184e-24,0.9999999996660742,3.3392568608408493e-10
0.9999999694680519,3.669676466599649e-34,3.0531948040860686e-08
1.8818187134165379e-10,0.954000113138008,0.045999886673810206
4.243057220010692e-14,0.9834230979117891,0.016576902088168595
2.7240330428867654e-21,0.9999999715412141,2.845878588403147e-08
0.9999999999999922,3.2990911550899774e-51,7.839358329504687e-15
2.8401413627496503e-16,0.9991204975389889,0.0008795024610108924
0.999830173337215,1.0092866641776042e-25,0.00016982666278497137
2.68186106248833e-05,4.087774800369557e-05,0.9999323036413714
1.963346647232472e-05,1.3048005106487432e-08,0.9999803534855226
0.095264394064768,5.710339646528796e-14,0.9047356059351749
0.999999999999988,1.351097738818174e-50,1.1942085178931658e-14
0.999779957747085,3.073123352395354e-25,0.00022004225291504976
2.6644090007959476e-07,0.06033725967645494,0.939662473882645
0.9999162914837917,7.9404885427906e-26,8.370851620828969e-05
0.0008102123994282724,1.4338376402647087e-11,0.9991897875862334
0.9999996349602571,3.137602266532151e-32,3.6503974284493576e-07
0.9999999999999845,1.0634549242888512e-49,1.5606576990538343e-14
0.9999999999606826,1.381500366002301e-41,3.931750085526276e-11
4.036870474394685e-11,0.9815035012622172,0.018496498697413957
0.9999999999999147,1.6237908620465532e-48,8.518482936163719e-14
0.9999998574100367,9.022157944638607e-33,1.4258996330866337e-07
3.845142411316425e-16,0.9999846257751459,1.5374224853690577e-05
7.800919941642013e-24,0.9999999996323778,3.6762218074795285e-10
3.044733388121671e-16,0.9999884642518305,1.1535748169146838e-05
1.3030396919408786e-21,0.9999997216891507,2.783108492105049e-07
2.8991501292996203e-23,0.9999999991633828,8.366172640956041e-10
2.0724102969178625e-20,0.9999999028635916,9.71364083903595e-08
1.0370322075161868e-21,0.9999997135367703,2.864632296300512e-07
1.759074908490423e-18,0.9999986441473201,1.3558526798755815e-06
0.006478286432327394,7.624209048677789e-12,0.9935217135600485
1.0403568050273337e-13,0.9994033222034214,0.0005966777964744971
2.739522380994282e-06,1.4180958639237325e-07,0.9999971186680326
4.263332710233242e-06,2.2750442201163364e-08,0.9999957139168476
0.9999999999837437,1.8326945348183745e-42,1.6256406485605442e-11
0.9943732753746555,9.884037729156048e-22,0.005626724625344563
1.509714044258849e-07,0.14013346474493432,0.8598663842836612
0.9999999998921991,2.571097568456568e-41,1.0780095317503173e-10
7.959015217891175e-07,1.713964618226661e-06,0.99999749013386
1.3478922540883314e-13,0.9994952839588115,0.0005047160410538082
3.8516084586693615e-06,7.733265092080131e-08,0.9999960710588903
0.9999999999994464,1.3212745646060843e-46,5.535089271562013e-13
3.213623967563755e-05,7.175766764484723e-09,0.9999678565845576
1.3575762044275747e-27,0.9999999998104618,1.8953806419367208e-10
1.5527431004128717e-07,3.565871240067292e-06,0.9999962788544499
2.715994104740205e-17,0.9999982944247832,1.7055752168531787e-06
0.999999999993618,4.940137322632266e-44,6.381908860174473e-12
0.9999999999999829,1.7947748328040757e-50,1.7124096594271798e-14
0.9999991769249097,4.013424634685482e-31,8.230750903272306e-07
4.2310813815027606e-08,4.471138970714609e-05,0.999955246299479
1.017402495707204e-24,0.9999999939519777,6.048022204113836e-09
0.0012315405667378968,1.488971314203775e-11,0.9987684594183723
9.751595934445696e-05,7.465535057392464e-10,0.9999024832941019
0.9999291815483288,2.1168200536254915e-26,7.081845167128665e-05
1.3700775495059493e-22,0.999999995918234,4.0817659127909804e-09
0.9999999366470937,2.206182571979663e-34,6.335290629616494e-08
0.00031388136848228474,8.139165792762316e-10,0.9996861178176011
0.9999999999846174,4.102432529952947e-42,1.538268111654145e-11
7.137801789974369e-08,6.672818763857887e-05,0.9999332004343434
0.0005080115500151647,3.937921871258987e-11,0.9994919884106056
0.9999822005993328,5.295419948132027e-28,1.7799400667287346e-05
0.0004973476771209245,6.398396099518431e-11,0.9995026522588951
8.617945694240804e-08,0.00014823710106322206,0.9998516767194798
0.9977676336042817,3.768880504583712e-23,0.002232366395718441
0.9999635263399455,2.7744124757330216e-27,3.6473660054571114e-05
8.41819046484107e-05,7.024439597816205e-10,0.9999158173929076
0.9999999999999356,6.057413916558973e-49,6.434962738624277e-14
8.564980527982454e-27,0.9999999999841753,1.5824621995125963e-11
0.0002694684924421704,2.4457624646166355e-09,0.9997305290617955
3.64443269789536e-29,0.9999999999882574,1.17426991368995e-11
3.036586749930015e-08,0.44981344324737743,0.5501865263867551
6.94428759856172e-08,1.6175673167265403e-05,0.9999837548839569
0.0014219140986088416,1.2695990298408575e-11,0.9985780858886952
1.3589863745046045e-08,0.0001865116940363252,0.9998134747160999
0.9999999441383631,4.59555788242557e-34,5.586163696978464e-08
0.9999995458978798,9.844535794382385e-32,4.541021202486618e-07
2.1120332463202754e-24,0.9999999998375604,1.6243968061662185e-10
0.985503083684545,2.9254907704056274e-20,0.014496916315455003
0.00013665503801263358,1.2406745476145507e-10,0.9998633448379198
1.3142665720761711e-24,0.9999999998507039,1.49296182186436e-10
2.9122664963626606e-11,0.9880646218235717,0.011935378147305744
0.9999999999139915,1.6606370144503219e-40,8.600862916868038e-11
2.0945654228393838e-06,0.0009989736175480296,0.9989989318170293
0.999790308068292,4.193207434391097e-25,0.00020969193170799097
0.9998520707315888,3.068903351679855e-25,0.0001479292684112738
7.011947246947587e-11,0.9730353010966112,0.02696469883326941
7.936051786357713e-06,1.3635597003854464e-08,0.9999920503126166
0.9999999986400729,3.7169272574925876e-38,1.359927035858436e-09
8.165358421653303e-08,1.1620707962347948e-05,0.9999882976384535
4.520576830757441e-15,0.9999399936136603,6.000638633541389e-05
4.841979489275302e-22,0.9999999940903395,5.909660515144313e-09
0.9999989005904225,1.1036751478272216e-30,1.09940957753708e-06
1.9566120337183683e-08,0.4641226011089497,0.5358773793249301
4.322013224454721e-30,0.999999999999934,6.597244623154288e-14
3.2226364741416404e-07,4.729187872289955e-06,0.9999949485484804
5.0942155507635534e-08,0.2816745499686066,0.718325399089238
5.852143132772651e-15,0.9999359156249726,6.408437502152912e-05
6.331644320129999e-07,1.5787091630707591e-06,0.9999977881264049
7.938936258456932e-14,0.9875966168186588,0.012403383181261834
8.355918654386121e-08,7.531283136405733e-06,0.9999923851576771
0.0005606791957529509,3.062957678353527e-11,0.9994393207736174
0.9999999996340918,2.905167072084743e-39,3.6590829570676285e-10
0.9985728579700381,6.47483957508738e-23,0.0014271420299618034
2.5158395778292712e-24,0.9999999995794504,4.2054954247838716e-10
3.586541347431577e-06,3.0456682247482266e-08,0.9999963830019704
0.999999999842333,2.840257877996522e-40,1.5766706466927586e-10
1.4465294531890657e-17,0.999997682066998,2.317933001881382e-06
9.65696167443365e-05,3.7762206039721636e-05,0.9998656681772159
0.9972730473072697,3.159928539687094e-22,0.002726952692730225
4.1086740914215e-24,0.9999999993347559,6.652440149486393e-10
1.6465725419028946e-22,0.9999999974159903,2.5840095738637735e-09
1.9515909521097955e-26,0.9999999999831832,1.6816727187774384e-11
0.00030715355875219805,2.839492279920097e-10,0.9996928461572986
3.647132732632253e-17,0.9997854790416582,0.00021452095834185908
0.9999999998944045,5.579370152727934e-40,1.0559561924360641e-10
0.9999999763816728,3.3815923528922726e-34,2.3618327180484922e-08
4.851542563112861e-06,7.448909706678511e-08,0.9999950739683399
0.9999999965603006,1.580439915418015e-36,3.439699413333527e-09
0.9999999992928128,6.700717081056055e-38,7.071872621046217e-10
7.609496000193524e-09,0.00038432663869640007,0.9996156657518076
0.9948472822445985,1.4676066502584282e-21,0.005152717755401434
0.9999497509183736,1.804276867041099e-26,5.024908162649622e-05
3.12469508153181e-23,0.999999999139624,8.603759301177194e-10
1.2734753990832527e-08,0.6727452857276056,0.3272547015376403
2.424245088415191e-32,0.9999999999999949,5.104507986030021e-15
0.001599372256369467,8.794977257613262e-12,0.9984006277348356
0.9998815255243448,4.106094436249804e-26,0.00011847447565521008
1.5712112203277734e-15,0.99998082185422,1.917814577840685e-05
4.9623111575309554e-05,1.7888304819036333e-09,0.9999503750995943
7.656391715276257e-07,0.020962040975598416,0.9790371933852301
1.2083215867493308e-06,4.2554695159254306e-07,0.9999983661314616
1.1887816108551456e-06,2.171644692565644e-07,0.9999985940539198
1.5868679681172927e-24,0.9999999943885292,5.611470907873147e-09
5.094233370155942e-08,0.00016531604369566957,0.9998346330139707
8.95575053138231e-14,0.9896063088714193,0.010393691128491136
1.726305681158747e-16,0.999986893153503,1.3106846496807301e-05
0.9999999999553961,6.839760330715612e-42,4.4603944964526956e-11
0.00023381644932893612,4.091048736509317e-06,0.9997620925019346
0.00027747984917603127,1.0764411576738616e-06,0.9997214437096664
0.9990975735926094,7.426637178125689e-23,0.0009024264073906175
0.9999013967991923,5.540998745642525e-26,9.860320080776961e-05
4.910581674070328e-13,0.9983327294075129,0.001667270591995996
3.90024252036519e-06,5.50673382560644e-08,0.9999960446901414
3.1226119325490005e-27,0.9999999999955127,4.4873955375780045e-12
0.9971573577933488,3.010264090682194e-22,0.002842642206651208
0.9999999964219783,2.1417235797122105e-36,3.5780215892192754e-09
0.996959409331896,1.0748799175950894e-21,0.0030405906681041134
0.029524353438846303,4.336479567257137e-13,0.97047564656072
1.9094328715594624e-08,0.0009384112092468082,0.9990615696964245
0.9995570699620431,3.4096594203779575e-24,0.0004429300379569183
2.3411747853928218e-07,0.10964897385761939,0.8903507920249022
2.414566765577875e-13,0.9988144978713113,0.0011855021284472432
2.4626629175694724e-16,0.9999887749777663,1.1225022233469176e-05
0.9999941907770504,3.1144554493142407e-29,5.809222949582555e-06
0.999999995501752,2.177358318030352e-36,4.498248046129848e-09
1.6691746461890666e-08,0.0006226663310936128,0.99937731697716
0.9999999738261856,1.198223113604895e-34,2.6173814466075022e-08
1.364487493913046e-24,0.9999999997056699,2.943301873016768e-10
0.9998533070336231,3.84567875025652e-26,0.00014669296637694328
0.004582188006691128,2.3367024381966617e-08,0.9954177886262846
6.2439835992360175e-18,0.9999970725952486,2.927404751258036e-06
0.9999999999933846,3.997284376193646e-43,6.615398623144972e-12
0.9962998445750706,1.268525560212265e-21,0.003700155424929527
0.9999990117001407,7.2629346892588815e-31,9.882998592388056e-07
3.560708479208317e-08,0.39025174645799926,0.609748217934916
2.757819207876973e-19,0.999999627849795,3.721502048316948e-07
3.9035305091787333e-07,1.2623464260496935e-05,0.9999869861826887
0.9999999536004492,8.271191948540786e-34,4.6399550698501115e-08
0.0025344188902735273,2.422508969744044e-11,0.9974655810855014
2.2215358297356503e-06,1.3028761738138052e-07,0.9999976481765529
0.0012557838770878137,2.614114901579904e-11,0.998744216096771
0.9999999999885609,1.804874766986321e-42,1.1439025229585313e-11
6.159714714485575e-23,0.9999999989106036,1.0893962610635258e-09
0.9999999999999567,1.3484571992591663e-49,4.3390214568798006e-14
2.38929393611034e-13,0.9986902900793713,0.0013097099203898523
0.9999999999993439,5.277018708545237e-47,6.561855645611717e-13
0.9999999999999394,3.058852275767307e-49,6.060988565752813e-14
9.979802082048297e-10,0.8729131095616389,0.12708688944038093
0.0004876396394759738,9.266760892836994e-11,0.9995123602678564
1.1178068837486755e-05,1.4084115072012381e-08,0.9999888078470475
6.775863255226462e-12,0.9955385218415365,0.004461478151687633
8.15342156993216e-06,2.0988089914023872e-07,0.999991636697531
0.9999999326965318,4.638319051203374e-33,6.730346817615425e-08
0.9999995181321125,4.2366194265070765e-32,4.818678874846801e-07
0.018799638260030588,8.730807701537139e-09,0.9812003530091618
4.922899330503529e-05,3.3331207873526843e-09,0.9999507676735742
1.8442529853677698e-11,0.9903960550906539,0.009603944890903705
0.9999999998821709,3.870987231844133e-41,1.1782915084148487e-10
0.9955382112204384,1.3656578931604664e-21,0.004461788779561751
1.2883005221711795e-15,0.999965755018512,3.424498148649672e-05
0.9997224730199754,4.433796433094136e-25,0.0002775269800246402
0.9865919802958174,2.3116432464254015e-20,0.01340801970418264
5.749477432187046e-06,4.63362623553032e-08,0.9999942041863056
0.9999715635100823,1.8028567690774102e-27,2.843648991769937e-05
1.1253894078247372e-28,0.9999999999985467,1.4532235581325865e-12
0.9999965720559054,5.880888559812474e-29,3.4279440946600495e-06
8.085113178548613e-07,0.009481908603599851,0.9905172828850823
3.5843171290430077e-07,1.1110087884233383e-06,0.9999985305594986
4.5982013901918916e-29,0.999999999999637,3.6309320528137095e-13
2.403335456626074e-10,0.9475129689990287,0.052487030760637876
1.0250120358252124e-05,0.0007963022219894558,0.9991934476576523
5.974142442181314e-13,0.9976354631162576,0.002364536883144879
3.680801227273017e-18,0.9999988057710623,1.1942289376773106e-06
0.00021787536123482493,3.2924553429256587e-10,0.9997821243095196
0.10547496949851375,1.1751224947176683e-14,0.8945250305014745
1.960531480543867e-16,0.9994748012415731,0.0005251987584266143
0.034804561089610296,2.247820346150072e-13,0.9651954389101648
1.1442470051400885e-19,0.9999998780503743,1.2194962579263127e-07
3.348006433479519e-07,3.8495010702532205e-06,0.9999958156982864
9.901465219758164e-36,1.0,4.263374787487778e-17
1.1427515534725372e-28,0.9999999999997378,2.6219383000749945e-13
1.9821742291209096e-26,0.9999999999868434,1.3156656544605014e-11
6.466438260910738e-07,1.6310859145808567e-06,0.9999977222702594
0.9988754618074843,1.6960540732798045e-23,0.0011245381925156601
5.16329752274321e-08,1.785184910544786e-05,0.9999820965179193
0.0002048176144754739,1.2725430860078162e-10,0.9997951822582702
3.772217541612459e-08,0.0006299938873061778,0.9993699683905184
0.9999260828730843,8.48065096838249e-26,7.391712691573739e-05
2.1204453864477286e-18,0.9999985859596014,1.4140403986257936e-06
0.0008520681057578467,1.6417179887713273e-11,0.999147931877825
4.535076312545587e-20,0.9999999383659501,6.16340499428266e-08
2.521388999714979e-17,0.9999958826986395,4.117301360570102e-06
0.9999993409899692,2.0976864232868247e-31,6.590100306847627e-07
2.4753939319110587e-21,0.9999994210550581,5.789449418806828e-07
0.9999999999461111,2.798704316009179e-41,5.388880421052823e-11
1.3280452618070574e-08,0.4830311527871624,0.516968833932385
0.9999999993748323,1.912326669491061e-39,6.251675891561944e-10
4.803658887978121e-10,0.017652248820965624,0.9823477506986685
1.6888914508970826e-35,1.0,4.889089346548158e-17
0.9999999186354731,5.2021202102431256e-33,8.136452694635403e-08
0.0009271926158651057,2.214925428951918e-11,0.9990728073619857
5.292008947058074e-07,1.0652011140694559e-05,0.9999888187879646
5.123945524747061e-34,0.9999999999999996,4.389558806445093e-16
4.8309061454163623e-26,0.9999999999861422,1.3857882307581803e-11
0.9999162277180382,3.6878907566437495e-26,8.377228196177477e-05
3.662462034037653e-07,0.08200256879477015,0.9179970649590266
1.8131253548727022e-07,0.10874443107490023,0.8912553876125644
0.00010482226808970485,1.8725793836418125e-06,0.9998933051525267
0.0016950982490124334,1.650883933128192e-11,0.9983049017344788
1.9416765920466097e-25,0.999999999948997,5.100304705839006e-11
3.745241828665131e-09,0.8036541949354458,0.19634580131931242
1.3156634197285405e-07,0.03625642568977728,0.9637434427438808
7.328140912779717e-24,0.9999999995584914,4.4150853500911915e-10
0.999995887768865,5.195342563185005e-29,4.112231134921516e-06
8.589190872562659e-36,1.0,4.300656648791297e-17
0.9999999999985543,8.915221990889931e-46,1.445622064446077e-12
2.384263382343146e-16,0.999984560775173,1.5439224826841947e-05
0.9995386120159738,2.970303274040491e-25,0.0004613879840261255
0.002199675816458045,2.4335219357807378e-11,0.9978003241592067
4.51223599668661e-09,0.006090579549777453,0.9939094159379864
0.9781987038802553,1.0056727149067935e-20,0.021801296119744778
0.9999995697510587,2.1917209586536308e-32,4.302489413114765e-07
2.1216692852723328e-30,0.999999999999923,7.710123212958563e-14
3.0116822680817974e-28,0.9999999999989582,1.0419010348000823e-12
8.173160639451204e-16,0.9999650308503376,3.496914966146119e-05
4.052471693121722e-07,0.012771212101812519,0.9872283826510181
8.619138055966072e-08,0.06575035144405604,0.9342495623645634
0.0014801060704069575,4.390192812058659e-11,0.9985198938856911
0.9975823477944611,2.8742798325023153e-22,0.0024176522055388795
1.3792690526962673e-05,8.046490354047345e-09,0.9999861992629826
0.9999999999998683,1.7897917982522215e-48,1.316006620751028e-13
1.039488819434957e-07,0.22593402636172694,0.7740658696893912
6.502703049433882e-13,0.9432865528935293,0.05671344710582032
5.171186386767537e-19,0.9999994775522675,5.22447732605465e-07
0.9992308461319839,1.3886270315211478e-24,0.0007691538680160416
0.999999999999974,6.441160516834142e-50,2.5969297154526134e-14
7.239407246993151e-22,0.9999999937799724,6.220027614907253e-09
1.1651683173079104e-11,0.9933025275433773,0.006697472444970991
3.3660942908169472e-21,0.9999999561945067,4.380549336283701e-08
2.1910140730500795e-06,2.628340373269927e-07,0.9999975461518897
1.252762975797962e-09,0.010010790301176922,0.9899892084460602
2.0129525363182633e-31,0.9999999999999782,2.1829093749529392e-14
8.924053072152194e-22,0.9999999936019008,6.398099131321471e-09
0.9999991372895847,2.3345291317385363e-31,8.627104153409698e-07
1.795934753156149e-24,0.999999999601964,3.98036071780064e-10
0.00010903434355836526,2.4954903504917867e-09,0.9998909631609512
8.978539836057112e-19,0.9999993991149168,6.00885083308503e-07
4.177895725911354e-08,0.2936874794333044,0.7063124787877383
3.0017016705647196e-08,6.647226545334631e-05,0.9999334977175299
0.9999998451175669,1.5191757920021596e-33,1.5488243309244163e-07
0.9999999999999658,1.3884794650081867e-49,3.4215432171185455e-14
1.6140169700491582e-25,0.99999999992749,7.251003486413578e-11
0.9999999999999829,2.8924567359078283e-50,1.7013673534306778e-14
9.00373900696637e-26,0.999999999970022,2.9977949288810616e-11
1.9542723553114437e-19,0.9999997724040904,2.2759590966563844e-07
6.215989714306349e-10,0.9239963743800025,0.07600362499839856
1.0382721674267604e-07,3.401906805405702e-05,0.9999658771047291
0.974236917914936,1.8345969604526964e-19,0.025763082085063865
4.074545764293178e-06,7.995607121989074e-08,0.9999958454981646
0.9999822846025065,2.7218441304681054e-28,1.7715397493555797e-05
0.9999999811054127,6.923641589825003e-35,1.8894587408662426e-08
9.414473791903485e-34,0.9999999999999996,4.013835025896565e-16
3.5643478448587375e-36,1.0,2.244329682228526e-17
0.008455314703297806,7.918865154955788e-09,0.9915446773778371
1.4577610582966528e-13,0.9995841134057817,0.00041588659407247206
5.8531927266980324e-06,1.6245325366084158e-08,0.9999941305619481
0.9912985886806022,2.7140791951085646e-21,0.008701411319397716
1.0513685629655476e-34,0.999999999999996,3.947045235763364e-15
1.0162809195391144e-20,0.9999999656462063,3.4353793642084195e-08
9.554232570149916e-07,7.211934223085776e-07,0.9999983233833207
2.306654159355087e-08,7.714552551981893e-05,0.9999228314079386
0.9999984816979739,3.4488974567563186e-31,1.5183020261289517e-06
2.2874732065626467e-08,0.4820434799736525,0.5179564971516154
1.3780674850440336e-19,0.999999837223487,1.6277651303400613e-07
9.209474377481774e-05,2.490643266673766e-09,0.9999079027655818
3.650027206499316e-05,4.612706168964262e-09,0.9999634951152289
4.09954991851191e-08,3.260245380270674e-05,0.9999673565506981
0.9999999974697538,1.648548487938164e-36,2.5302462863194332e-09
2.5953071059965757e-08,0.000178262624660545,0.9998217114222684
0.9999999109437426,1.0820186958931053e-33,8.905625734642575e-08
0.9999999999929963,5.588500660983161e-43,7.003785740010692e-12
1.8146353714729415e-26,0.9999999999800322,1.9967814806252812e-11
0.9999999999404998,1.1625875178850771e-39,5.950013411346437e-11
8.268734304367019e-05,4.787011203621123e-10,0.9999173121782553
0.999999999999915,4.963206353405883e-49,8.504904425572121e-14
0.00027299145972401525,1.519999599243854e-10,0.9997270083882759
9.550591265299074e-06,3.262770302791975e-08,0.9999904167810316
1.710543568091408e-08,0.42461588826428004,0.5753840946302843
3.9447166374698484e-19,0.9999996751733267,3.2482667335336577e-07
0.0014173388387370004,2.0649012536691066e-07,0.9985824546711376
9.875553338447419e-05,1.9464535568528493e-09,0.999901242520162
7.968727791289125e-20,0.9999954005160459,4.599483954045109e-06
0.9998561061470506,5.337004643688565e-26,0.00014389385294949584
8.100767188994186e-18,0.9999538009415404,4.619905845957568e-05
3.5272992541914484e-09,0.00775315962144413,0.9922468368512567
5.014398100189793e-13,0.9538553899558104,0.046144610043688146
5.4826725846605626e-08,9.971862434079449e-05,0.9999002265489334
0.0015735895901127803,8.063096469900539e-12,0.9984264104018241
2.107672245441767e-10,0.9166605542395289,0.08333944554970409
0.9996591462255909,1.4897612189917373e-23,0.0003408537744090065
8.366927397085213e-13,0.9977105863231699,0.002289413675993307
1.7408657959526027e-09,0.7725049022950986,0.2274950959640357
0.9825909390904888,6.72035305298907e-20,0.017409060909511137
9.008542431593778e-06,1.0732613362589189e-08,0.999990980724955
9.233734168287653e-18,0.9999986377609601,1.3622390400041996e-06
0.999999999968973,1.2125868528474469e-41,3.1026900254582814e-11
1.1280966694049869e-05,4.894019690520918e-08,0.9999886700931091
3.7427364689009003e-07,1.9712958379178874e-06,0.9999976544305152
0.0006582984077915145,3.5800535617408627e-06,0.9993381215386467
7.993337464116893e-12,0.9921981332372845,0.007801866754722062
0.9999999999999065,9.210437456472849e-49,9.340286662141559e-14
0.999999700050576,8.889724421759142e-32,2.99949423821061e-07
0.9998851085718978,4.044393221714272e-26,0.00011489142810210195
3.010474365778638e-06,0.001323242451988931,0.9986737470736453
0.999999390586502,1.6347577855083839e-31,6.094134979575398e-07
5.366605097304039e-15,0.9952998155850902,0.0047001844149045895
6.532136781483121e-27,0.9999999999936415,6.35847115614984e-12
2.752189186704792e-25,0.9999999999051428,9.485712457037061e-11
1.767217741845992e-06,0.0063701148999232415,0.993628117882335
0.9996067641054608,4.8672909456413495e-24,0.0003932358945391644
0.9999937186579961,4.2207179580986244e-29,6.281342003955284e-06
0.9999999892313,5.641895890417485e-36,1.076870000734452e-08
1.8397228069817174e-06,3.002753577714539e-07,0.9999978600018352
0.0007757610247349898,1.1804388077268869e-11,0.9992242389634607
0.9999999651377048,8.384153335377347e-35,3.486229507596902e-08
2.0156818483422706e-19,0.9999996972861726,3.0271382745375185e-07
2.5932414476591978e-08,9.692705004478734e-05,0.9999030470175408
1.0264030424015097e-07,0.12041458344684144,0.8795853139128543
8.407766858879677e-13,0.9978894002639827,0.0021105997351765315
2.536525495907405e-27,0.9999999999964546,3.5453114376922124e-12
0.9999999995081101,1.5479628352731896e-39,4.918898408943435e-10
2.69067635345096e-29,0.9999999999998934,1.0666230188062333e-13
2.5991943546846844e-07,9.677602894169163e-06,0.9999900624776704
3.6466177145532195e-31,0.9999999999999631,3.690340392129198e-14
3.592457644442557e-12,0.7543520096895453,0.24564799030686213
0.9978314558719283,1.8543100576616084e-22,0.002168544128071706
7.371588741006827e-34,0.9999999999999996,4.382909337496683e-16
3.360790916528497e-12,0.9954918179791733,0.004508182017465946
1.3702476416830296e-31,0.9999999999999878,1.2161641939924378e-14
0.9999998795947987,2.5152319150535443e-33,1.2040520119697697e-07
6.318128389324685e-05,6.277014740367018e-10,0.9999368180884053
0.9999931398149237,1.6291778247581756e-29,6.860185076378438e-06
0.003967579339619258,8.484861433606356e-12,0.9960324206518959
0.0004909744742014685,3.25101727972852e-11,0.9995090254932884
0.9999999984029837,2.806172527052019e-38,1.5970163771430035e-09
2.0342082399553472e-16,0.9999827887774184,1.721122258136393e-05
0.9994284832978624,1.2140109115769246e-23,0.0005715167021376422
1.661399674091949e-18,0.9999990956144779,9.043855221983243e-07
8.1074442202709755e-22,0.9999999921900445,7.809955437512293e-09
0.9993949137049468,8.985415275603253e-24,0.0006050862950530425
7.600457047946688e-12,0.7024407280926085,0.29755927189979114
3.681869609210805e-33,0.9999999999999987,1.3611975143954903e-15
0.9999996217807119,5.334448195809742e-32,3.78219287983329e-07
0.9999999999999709,4.336003344290763e-50,2.918982320452401e-14
2.9296684823497354e-28,0.9999999999445015,5.5498599590808674e-11
0.9999994764173722,9.585051410932253e-32,5.235826278611209e-07
2.303711302541726e-19,0.9999998242857808,1.7571421915369297e-07
7.167990266790265e-14,0.9995086646684013,0.0004913353315269489
5.466290027257395e-23,0.9999999986831118,1.3168882360266338e-09
5.57818710187464e-18,0.9999629694152302,3.703058476982073e-05
1.0795556559395502e-05,0.00018720149016606186,0.9998020029532746
1.3215705975054798e-36,1.0,1.304901580709895e-17
1.7270608168438253e-30,0.9999999999999363,6.361705586830979e-14
1.3114314676127014e-05,4.23671023654893e-05,0.9999445185829585
0.00460710036460953,1.3407763119403216e-12,0.9953928996340498
0.9999999999966764,8.250292036467298e-45,3.3236036860050647e-12
2.411987524306448e-30,0.9999999999998981,1.0184841848398454e-13
3.7711562329852796e-07,1.8939069383087956e-06,0.9999977289774383
0.9998262507585455,1.0264508126878696e-24,0.00017374924145467912
1.827605607996917e-08,0.5663923863357554,0.43360759538818855
0.0005423048347043469,3.710266234140324e-11,0.999457695128193
0.00012148268094032438,5.115808579147122e-10,0.9998785168074787
0.00047453157962025353,8.442323124829189e-07,0.9995246241880673
0.9961580509022193,8.1118851569624725e-22,0.0038419490977806277
0.9997558849964148,1.4063789494965894e-25,0.0002441150035852127
0.9999999999205627,1.0439921852446117e-40,7.943742809712713e-11
9.597954270260993e-26,0.9999999999621678,3.783223800466799e-11
6.671688970334692e-07,2.454506527633623e-07,0.9999990873804503
3.1547484482103807e-18,0.9999630651077923,3.6934892207565555e-05
0.9999999995875857,8.293160878501425e-39,4.1241434583078737e-10
2.061128685697136e-24,0.9999999995953199,4.0468017672521353e-10
2.579685183961294e-06,5.878068899864268e-07,0.999996832507926
5.9709167082421915e-09,0.7533339750963336,0.2466660189327496
0.9999999999996507,3.126182117994e-47,3.493084619186454e-13
0.9999999130187744,7.015451591787269e-34,8.698122554781682e-08
0.9999999999999325,5.110050801820731e-49,6.751639493469013e-14
1.5257385075898465e-17,0.9999971879451348,2.8120548652665293e-06
1.4077588788668712e-09,0.004547678202114239,0.9954523203901268
4.738990179434745e-06,0.0013506219074374323,0.9986446391023832
9.895673351454332e-10,0.028015759095838064,0.9719842399145947
4.406258465944775e-10,0.9549673202166333,0.04503267934274103
2.9861152447809997e-27,0.9999999999924849,7.515073165783236e-12
2.5001695749422063e-07,5.89695888656889e-06,0.9999938530241559
0.013064936703679718,3.8377702921453896e-08,0.9869350249186174
0.9999999999285558,1.1904598870211182e-40,7.144422980320722e-11
6.24360212659617e-22,0.9999998318795708,1.6812042938484552e-07
0.0002340971052914535,5.996558423777555e-10,0.9997659022950528
0.9999999910807987,3.052752012679436e-36,8.919201235098762e-09
4.4340348348049375e-30,0.9999999999998097,1.9031321197056428e-13
8.144251522921108e-17,0.9998529346146535,0.00014706538534638597
0.0047567133395987286,1.1800347758838517e-12,0.9952432866592212
4.2574245954342354e-24,0.9999999995768036,4.231963657916573e-10
0.996411015286434,1.2517658930356254e-21,0.003588984713565889
9.580664882206658e-22,0.9999999928227463,7.177253637184483e-09
1.8245845494591918e-14,0.9997880578960049,0.00021194210397696995
0.00154628076113363,3.300226598495523e-11,0.998453719205864
0.9999999999999727,3.231878847748991e-50,2.7357770950632444e-14
5.897612530190652e-12,0.9928642296158589,0.007135770378243672
0.00047504542862568166,1.1733179263862246e-07,0.9995248372395817
5.856016307878688e-16,0.9999876663704064,1.2333629592967045e-05
4.0557882328301286e-13,0.9416351400229953,0.05836485997659921
0.9999901967768642,2.9010764440903515e-29,9.803223135749167e-06
2.5640140194140412e-11,0.988320895704661,0.011679104269699045
5.36248542266026e-09,0.005159038434367249,0.9948409562031474
0.00047832145650694783,2.3334412033378955e-10,0.999521678310149
0.0011379686441207837,2.2057894170754582e-11,0.9988620313338213
1.3989840647867516e-06,2.8141602537103624e-07,0.9999983195999098
2.1375972664099066e-07,1.7600777319735256e-05,0.9999821854629537
0.9999998595502839,1.3849354649849666e-33,1.4044971617563466e-07
0.9999999999829008,4.720309453803102e-43,1.7099225216233183e-11
0.00017034617529366398,1.421491754080196e-10,0.9998296536825572
0.9999999999993219,7.288370455037852e-47,6.782037826994418e-13
1.3679438868086825e-25,0.9999999987787307,1.2212692120612268e-09
0.0004657056590624297,2.899361439137794e-07,0.9995340044047936
1.90314532131758e-21,0.9999999903159421,9.684057803811294e-09
0.0009540594219335461,8.967979502972012e-07,0.9990450437801162
0.9999996437223421,1.3552888130990363e-32,3.5627765779708165e-07
2.7015168145021563e-23,0.9999999978787362,2.12126374720552e-09
2.1042414175383494e-18,0.9999988942997731,1.105700226828437e-06
0.999999999999944,8.48207512094064e-49,5.601829151004816e-14
6.617080233534083e-07,0.04467855911880715,0.9553207791731695
0.9999999999999347,3.405476969436495e-49,6.523969560365446e-14
1.0339539193987119e-21,0.9999999915661512,8.433848835165363e-09
1.2619071430624666e-16,0.9999918495312243,8.150468775395427e-06
8.143757905322313e-19,0.9999992703718347,7.29628165242718e-07
0.9999995847632247,1.013687863797842e-31,4.1523677525336985e-07
5.4045351025708096e-05,7.591169577429485e-10,0.9999459538898573
0.9999848491708375,1.6090195337765292e-28,1.515082916250519e-05
1.4655502258571108e-30,0.9999999999999729,2.7110318268085594e-14
4.9760170171457815e-05,9.342925049931604e-10,0.9999502388955359
0.9942965683300421,4.410123269335884e-21,0.005703431669957817
0.000546249192251225,1.695818222858145e-09,0.9994537491119305
1.1387237345121395e-20,0.999999976203669,2.37963309501679e-08
0.9999999999955704,1.9257106454078774e-44,4.429665107894172e-12
9.593212856582181e-19,0.9999828545169716,1.7145483028479125e-05
0.9999999999947538,2.091938875140452e-44,5.246347690673236e-12
3.794665053549537e-34,0.9999999999999996,4.063338042424543e-16
2.1384404887185822e-07,2.1020818274753174e-05,0.9999787653376764
0.9999997988015942,1.8700838691100254e-32,2.0119840580483772e-07
0.9999999999999485,3.728811465394345e-49,5.157331736951689e-14
9.750188787421862e-17,0.9995065794064909,0.0004934205935090975
1.7678043679651194e-28,0.9999999999993383,6.617084571618607e-13
0.9992883478568955,1.0035989837929763e-23,0.0007116521431045264
3.962968373109733e-24,0.999999999853475,1.4652503576315683e-10
0.9999014116196293,7.910863941796603e-26,9.858838037066453e-05
0.9999999999999891,5.0043658896220014e-51,1.0983605098389318e-14
6.77801454936895e-06,4.80747988679631e-08,0.9999931739106518
4.791686621844816e-12,0.9969873215156513,0.0030126784795570646
0.9999999974817595,1.9580966476653107e-37,2.518240548790555e-09
0.9999999999551163,5.228110706645543e-41,4.488375856018019e-11
2.303771468864222e-16,0.9997978046551554,0.00020219534484425643
7.978141548482771e-07,1.4888228732926045e-07,0.9999990533035578
5.028803920428633e-24,0.9999999994984627,5.015371950786414e-10
0.9999999999564939,3.8029923808527676e-42,4.3506145589450764e-11
0.010601314263968042,1.2347729316707353e-12,0.9893986857347972
0.9999950910611894,6.25235086167553e-29,4.908938810688101e-06
1.7406592499962913e-05,0.00024786318395309383,0.9997347302235469
0.9999999901163273,1.58963948986606e-35,9.883672760959496e-09
5.363631849462099e-27,0.9999999999942843,5.715595973901085e-12
0.01482926424147991,3.069329966073985e-12,0.9851707357554507
1.326691995709764e-08,0.0014686104606505236,0.9985313762724295
2.7461990802445877e-05,0.0001266634473861917,0.9998458745618113
3.2731119210942384e-08,0.4387788876877376,0.5612210795811432
0.9999966166164269,2.906612139554853e-29,3.3833835731542063e-06
0.999923088823045,2.894887697676485e-26,7.691117695485036e-05
9.204561916993307e-08,0.13247614819435863,0.8675237597600222
2.2207923770969312e-26,0.9999999999779225,2.2077418882334368e-11
0.0003469219463340086,2.071339885907609e-10,0.9996530778465321
5.659664341109359e-06,1.6938163608695318e-08,0.9999943233974953
1.633457354588751e-11,0.9917584301338924,0.008241569849773069
1.1477563161842e-15,0.999973968959608,2.6031040390900316e-05
7.193290588960558e-17,0.9995623592856682,0.00043764071433189213
0.9999999999943905,1.3077108079277515e-43,5.609620481986985e-12
1.9380516773420267e-17,0.9999972742816963,2.7257183037405855e-06
0.9999999999999654,4.517263952808378e-50,3.4714548140336424e-14
1.8505352882681094e-05,1.4870864265673197e-08,0.9999814797762531
0.9999999999999596,6.510954451561452e-50,4.03632967178821e-14
4.550466389464225e-06,7.111805990519929e-08,0.9999953784155506
2.831407964468295e-07,0.03972949485865864,0.9602702220005448
4.1177836071804854e-13,0.9504535036234749,0.049546496376113344
0.9999999996669051,6.252281331834262e-39,3.330948936735889e-10
2.5868841341938728e-08,0.0003577613796466381,0.9996422127515121
0.004571473432121506,2.987801709044047e-12,0.9954285265648907
5.6669112227186844e-18,0.9999369448052604,6.30551947395281e-05
2.5591488615495874e-16,0.9996348613210165,0.00036513867898313755
3.543640592458413e-08,0.00017030422698200313,0.999829660336612
0.9999999998641138,8.617928610736872e-41,1.3588629476796878e-10
0.9999577940203923,8.156426164462618e-27,4.220597960774157e-05
0.9999980965990508,8.680853928997172e-29,1.903400949290717e-06
0.9999999460142057,3.942890811359892e-34,5.398579434054861e-08
0.9999998361919682,4.061043047470385e-33,1.6380803180003735e-07
0.9995969336713322,6.762521709092097e-25,0.00040306632866772096
1.518138450169057e-06,1.6925862441882593e-07,0.9999983126029253
4.769265995038824e-07,3.453508139635622e-06,0.9999960695652609
0.9999999999999898,6.049515398214489e-51,1.028887469724362e-14
5.884938401612905e-26,0.9999999999698035,3.019643649119791e-11
7.248578964886316e-35,0.9999999999999998,2.950834618826492e-16
0.0015094406472326524,2.022415549832209e-11,0.9984905593325432
8.193322046750823e-07,3.487333936710296e-07,0.9999988319344016
4.114992421310668e-19,0.9999994383168491,5.61683150839078e-07
0.00037352189459018484,3.1508403274631975e-11,0.9996264780739015
9.455392336173429e-29,0.9999999999995302,4.697948633764449e-13
2.552371984285651e-32,0.999999999999996,3.915759096033968e-15
5.203180733797577e-08,0.00018367306822640302,0.9998162748999663
0.00012598491519034882,5.577274945082725e-06,0.9998684378098645
0.9999999999999889,2.7039963263129797e-50,1.1144855886897983e-14
0.9999999999999842,1.2928520209294527e-50,1.5787963790204123e-14
6.786162930334522e-20,0.9999998914089789,1.0859102105879933e-07
8.310201356729912e-09,0.0007214945169245559,0.9992784971728742
1.3381992482740882e-23,0.9999999994589401,5.410598154354606e-10
0.9999999999805802,3.84330454497297e-43,1.941985256233619e-11
0.9999881210440028,9.836966199107218e-28,1.1878955997070254e-05
0.9999999191041525,6.442362607559363e-34,8.089584743272622e-08
2.1296158847926607e-22,0.999999752291909,2.477080910191139e-07
2.1167085806492336e-20,0.9999999662302537,3.376974634774498e-08
7.909964087897571e-09,0.7753241882440368,0.2246758038459991
0.9999999998958562,4.3380901307629545e-41,1.0414387959883884e-10
4.8050615479835e-06,7.626337958767062e-07,0.9999944323046561
1.5348903313225535e-13,0.9993897898730657,0.000610210126780854
1.0234904198745986e-16,0.9992969070125974,0.0007030929874026072
0.9967974816241649,5.711995867722418e-23,0.003202518375835017
1.0219500019734313e-19,0.9999998636383817,1.3636161828864472e-07
3.277845041974223e-05,2.6209183030623886e-08,0.9999671953403974
3.615105057145154e-09,0.0018780046850724154,0.9981219916998225
2.1225017440961087e-18,0.9999994624748114,5.375251885536955e-07
0.999999959023793,1.1032021190297667e-33,4.097620702830921e-08
4.8286137100605695e-31,0.9999999999999705,2.9602852169945484e-14
2.6750678526148033e-28,0.9999999999989118,1.0881618002387215e-12
0.0007898608009895293,4.3600923259509366e-07,0.9992097031897778
7.568735485373828e-30,0.9999999999997511,2.489908419665125e-13
0.0010055153636260544,1.934766240801553e-11,0.9989944846170262
1.6489987890904957e-06,0.005028325476455852,0.994970025524755
2.803040858228335e-17,0.9999979825170302,2.0174829698313274e-06
0.999651658592442,1.243805396249304e-24,0.0003483414075579909
0.004065938226623253,3.662934556403318e-12,0.9959340617697138
1.2618342858302211e-05,3.3035727673812275e-08,0.999987348621414
0.9999999986718455,1.9490476748312006e-37,1.3281543650457564e-09
3.3099268028706036e-13,0.9990009932014214,0.0009990067982476756
0.9998680415236012,1.672551096373862e-25,0.0001319584763987999
2.664690418570794e-14,0.9855139312478648,0.014486068752108484
0.9999309592541181,1.29256006885368e-25,6.904074588189102e-05
6.011031412688114e-19,0.9999993795260593,6.204739406956315e-07
1.1532865697184786e-05,1.4968718110744892e-08,0.9999884521655846
0.9999999999138913,3.210068174726669e-40,8.61087298943023e-11
5.4263653719253166e-11,0.9723974123402239,0.027602587605512253
9.498835280816318e-23,0.9999999967114421,3.288557797090186e-09
0.9999999994554023,1.2238013196030728e-38,5.445977817790029e-10
0.9999999999999476,3.791714407417844e-49,5.2365791832996154e-14
6.818259044681496e-14,0.986722401474222,0.013277598525709868
3.088483730039213e-08,5.906415070744676e-05,0.9999409049644553
8.314459099155368e-09,0.7758496801980328,0.22415031148750791
1.7419060383244913e-29,0.9999999999997211,2.7895345613161913e-13
0.9999947486853776,1.4572901830030708e-29,5.251314622460606e-06
2.3127858222359865e-11,0.988319249136781,0.0116807508400911
0.9998196886129377,5.734676074985331e-26,0.0001803113870622984
6.568944891821959e-24,0.999999999553528,4.464719654153551e-10
1.1604689843422721e-14,0.9929896548781592,0.007010345121829017
0.9999999619284187,4.746824257661462e-34,3.8071581353226874e-08
2.4324917791023774e-07,3.180855514733875e-06,0.9999965758953074
0.9999553873473438,1.4508445504745666e-27,4.4612652656199104e-05
1.0549052393217088e-08,0.6644589518854228,0.3355410375655246
3.048014257615026e-09,0.0007683744687192896,0.9992316224832664
0.9999999999955107,6.990440747064683e-45,4.489238039911223e-12
0.9998813093707873,3.507729222944114e-26,0.00011869062921258265
7.829146963960791e-28,0.9999999999969915,3.0085798882979543e-12
0.00013617070516834168,7.943011328312182e-10,0.9998638285005305
4.027741983986219e-06,2.5976660915807497e-07,0.999995712491407
0.9999999999999585,1.6708097153528115e-49,4.1459673762683247e-14
0.26280980662148545,9.00007471966878e-11,0.7371901932885138
0.999785428248567,2.4661583321671058e-25,0.00021457175143297893
0.9972825100492879,1.7202415807931015e-22,0.0027174899507120685
8.17117775383501e-12,0.8250835852289218,0.17491641476290715
0.0015767740255650264,1.4282407737388212e-11,0.9984232259601525
0.9915830185568396,3.003340824966683e-21,0.008416981443160287
2.3605329827898597e-21,0.999999987929934,1.207006587968273e-08
1.3071453113946634e-07,0.11429454537825567,0.8857053239072131
1.8631793841735714e-07,0.3314963541078383,0.6685034595742233
3.898118890618398e-05,2.5405446415810654e-05,0.9999356133646781
0.9999999999907525,1.534809489958246e-42,9.247439211714846e-12
8.67376935232439e-05,1.6935969113166607e-09,0.9999132606128799
4.077996195206844e-26,0.9999999991426987,8.573012794338434e-10
7.381163677431702e-18,0.9999959950951215,4.0049048785139056e-06
5.3380749722665207e-08,0.00011557704425241744,0.9998843695749978
1.0924291240228312e-34,0.9999999999999998,2.384497876676356e-16
2.1776051931873154e-17,0.9999968743283306,3.12567166928583e-06
0.9999999999999778,2.5795113135848087e-50,2.222815248227885e-14
0.9994879668230364,4.108567080095905e-24,0.0005120331769635217
0.0007589911826221378,1.4655542977160768e-11,0.9992410088027223
4.5705610613955064e-08,0.28608826703606133,0.7139116872583281
3.2595014238648762e-21,0.9999996205120057,3.7948799423846587e-07
2.4235497303251484e-06,4.97048300691805e-07,0.9999970794019689
0.9999999999999787,2.9295799595487764e-50,2.1281693311048764e-14
8.313545846286805e-25,0.9999999998929154,1.0708459818730958e-10
5.9466528915750884e-06,5.5418049626575245e-08,0.9999939979290587
1.4966230294465045e-06,0.013900029467646582,0.9860984739093239
0.9999999999939755,2.5872679659150463e-43,6.024484236474087e-12
1.7306415309075338e-06,0.004204529484737217,0.995793739873732
0.9999949484672762,1.5987961775991308e-28,5.051532723900413e-06
1.7501835571634763e-26,0.9999999999909506,9.04949628753401e-12
0.9999999999649796,2.0473561871925112e-42,3.502051751749175e-11
0.9999999999571687,2.3490452541420087e-41,4.283137382298191e-11
2.339664144278788e-14,0.99213153108489,0.007868468915086522
5.8313923092327e-10,0.043848413972670065,0.9561515854441907
0.9999999998369671,8.021554712933255e-39,1.6303296117889818e-10
1.0337666659675743e-20,0.9999999690122802,3.0987719907309194e-08
0.10238217191657671,5.633531830474385e-14,0.8976178280833669
1.723283722380669e-17,0.9999976590961779,2.3409038220394374e-06
7.606791892334644e-08,0.11895932488985059,0.8810405990422305
0.9999999999858109,6.869648345838408e-43,1.4189083754506345e-11
0.9999999237643753,3.983197206135246e-34,7.623562460043677e-08
0.0006184196040978297,4.426446456155064e-11,0.9993815803516376
0.9988736529901001,7.964844557215185e-23,0.0011263470098999107
0.9999999999999716,5.461611068299018e-50,2.8442920159635686e-14
5.213035072497862e-21,0.9999999785278426,2.1472157344066655e-08
2.9154703752428786e-07,0.025687796105895104,0.9743119123470674
8.752425211731623e-24,0.9999999992598485,7.401514557794557e-10
8.08205213449878e-25,0.9999999999442157,5.578424461304652e-11
0.9999379625013799,1.818597399425355e-26,6.203749861996772e-05
1.0377545844191551e-16,0.9996888920665081,0.0003111079334919225
0.0002190432182700161,1.1606638844482934e-10,0.9997809566656636
0.999999999999994,3.468470708256456e-51,6.025101407804768e-15
0.9999999999999718,1.0392899320831458e-49,2.8260274762687727e-14
1.5535746642712007e-18,0.9999802776087356,1.9722391264276168e-05
3.038414421642351e-12,0.7691192141209173,0.2308807858760442
6.90269461317953e-08,0.2196957414573376,0.7803041895157161
0.9999999999836202,2.8350704058980368e-42,1.6379702016518934e-11
5.926924391149965e-07,2.900042162061933e-06,0.9999965072653988
1.3633766996036601e-16,0.9999891943215051,1.0805678494530964e-05
0.9999999626652328,1.4928138126859902e-34,3.73347672260035e-08
0.9998170214059772,4.0268184761903323e-25,0.00018297859402279215
0.9998896774674885,1.8668242327024147e-26,0.00011032253251152617
1.3149550447397436e-22,0.9999999964788353,3.521164677285587e-09
8.791832611158802e-06,0.0002583827919002706,0.9997328253754885
1.663360960296906e-09,0.007575559144528846,0.9924244391921102
2.2851718709964043e-22,0.9999999947689993,5.231000751167361e-09
1.5630493012532032e-26,0.9999999999876714,1.2328680101207774e-11
0.9999999994084403,1.7276297539136487e-39,5.915597775381818e-10
0.9999934053558195,1.499420802548351e-28,6.594644180519213e-06
7.380892259465307e-09,0.0006214269849184942,0.9993785656341893
0.9999998389936805,2.5096887658548543e-31,1.610063193737024e-07
0.00013128670169404067,9.796094866226967e-11,0.9998687132003451
1.9101631933590007e-06,3.5804224176127433e-07,0.999997731794565
1.7548387951586443e-05,0.00033688164291754985,0.9996455699691309
2.715086791536257e-21,0.9999999846110004,1.5388999697491387e-08
8.792576624275301e-08,0.24703029009357808,0.7529696219806558
0.9999999999628704,3.799916982838546e-41,3.7129578725768535e-11
1.7821933995796133e-13,0.999567118048774,0.0004328819510477975
0.9999999999554299,1.9089445069828124e-41,4.457010409839723e-11
1.7536576715182913e-12,0.997146093392088,0.0028539066061582957
1.7732293342158385e-06,2.292496230908129e-07,0.9999979975210427
2.7083756723787756e-18,0.9999833108785396,1.6689121460338778e-05
0.999999984416694,1.986992272647224e-35,1.558330593270137e-08
0.9999999999998432,1.0705123541401652e-48,1.567929367677963e-13
3.0169119193047726e-06,8.775546713780548e-07,0.9999961055334095
2.814475165160784e-15,0.9999335455206851,6.645447931183901e-05
5.124930505143031e-07,0.027850712749684797,0.9721487747572647
0.9999999999996281,3.7329381145907043e-47,3.718597061875542e-13
0.9999999992377706,7.704865759324772e-38,7.622294102633485e-10
5.889326519431377e-15,0.9975064953090319,0.002493504690962078
0.9999999652584034,3.2299913545993125e-34,3.4741596515803424e-08
0.9999999462878688,1.4841743092568667e-33,5.3712131200637035e-08
0.9999998652038447,6.692450024613005e-33,1.3479615539471856e-07
2.99105044250319e-24,0.9999999996805122,3.194877323229457e-10
0.9999990932846653,6.692676121401434e-31,9.067153346791219e-07
3.997582568864421e-16,0.9999758391200285,2.4160879971033584e-05
1.3804824547452068e-07,2.8601773647323402e-05,0.9999712601781073
0.9911614836580973,5.27191287221289e-21,0.008838516341902754
0.9979170856556145,2.5577931430790028e-23,0.0020829143443854394
8.745120754478571e-18,0.9999985732477042,1.4267522956398613e-06
0.9929022016423414,4.638442616389146e-21,0.007097798357658414
0.9999999659620828,1.83777821514005e-34,3.403791699435542e-08
1.6196329167487335e-18,0.9999991670505669,8.329494329927716e-07
0.9999392651593677,1.1806043610276223e-26,6.073484063226026e-05
0.9999999532910318,5.387353960368377e-34,4.67089682308748e-08
0.0004348475411294489,1.3099946563201875e-10,0.9995651523278711
9.054711971077143e-35,0.9999999999999996,4.0845400409923827e-16
0.00012027434605785759,1.247494337913903e-09,0.9998797244064478
1.362457476663954e-05,2.9445536171063764e-09,0.9999863724806798
0.0011674028127957993,7.9340990720172e-11,0.9988325971078631
1.596797133306925e-18,0.9999795153580907,2.04846419093226e-05
1.1613818526006413e-24,0.9999999998854763,1.1452367984673761e-10
6.125809516444186e-09,0.00090618291726483,0.9990938109569256
0.9997944450638915,4.06138362111501e-25,0.000205554936108598
0.9999999992863884,3.9579264798136746e-38,7.136116695176185e-10
0.9950135453900857,2.4969775577635116e-21,0.00498645460991441
0.999999999999984,8.342249656154392e-51,1.6076660882905464e-14
0.99999999999999,7.040044094611259e-51,9.967281004869625e-15
9.768715425811744e-05,1.6751131046578658e-09,0.9999023111706289
0.9999999999998779,1.6482340855703685e-48,1.2209260201646176e-13
7.633912828345749e-30,0.9999999999998948,1.0522387090877038e-13
1.2983358713988918e-13,0.9991266185873765,0.0008733814124938024
1.0319853541150225e-05,1.1500644226109259e-08,0.9999896686458145
0.9999999999600899,2.0584626506214404e-41,3.991012428058847e-11
0.9999179035620127,6.914744507240745e-26,8.209643798721535e-05
0.9999999998688098,5.367209252353972e-41,1.3119014922550044e-10
0.002819167978906184,2.4052154198829415e-12,0.9971808320186887
4.226115640410008e-08,3.270743571914714e-05,0.9999672503031245
1.8910042714246744e-08,0.48533613473812615,0.514663846351831
3.436736256370803e-08,5.208276641528135e-05,0.999947882866222
0.0004392177879079297,7.519291195173509e-11,0.9995607821368991
0.9999755618633468,2.2431634429525042e-27,2.443813665332737e-05
2.150863872370309e-07,1.0917002849073224e-05,0.9999888679107637
0.9999913851666329,1.8998959831274438e-28,8.61483336707468e-06
0.9976450802213962,1.0274459706331385e-23,0.002354919778603683
0.9999999993405562,3.5064275826213363e-38,6.594438407011803e-10
2.59179205117882e-13,0.9988818205730635,0.0011181794266771393
5.127765761262723e-17,0.9999950407345976,4.9592654023627865e-06
0.010462621473407192,2.3651859136038095e-12,0.9895373785242275
0.999996626261891,6.601078627420446e-30,3.37373810886767e-06
4.944811305779846e-18,0.9999983437876466,1.6562123532780612e-06
0.00020674512605084512,3.5112812365333486e-06,0.9997897435927127
6.175042327964563e-06,1.4651082184391636e-07,0.9999936784468502
0.9999999999999716,1.2802866477750205e-49,2.8446709505094915e-14
1.8909945275213537e-27,0.9999999999943259,5.674237649459883e-12
0.9984366536342494,1.72297371953588e-22,0.0015633463657506279
5.923097765991791e-05,3.591938212345622e-09,0.9999407654304019
2.6945200291038737e-24,0.9999999997435665,2.5643350795308464e-10
0.9999994913767272,9.538420501101152e-32,5.086232729110473e-07
0.9999988523523186,4.495658200627852e-31,1.14764768144789e-06
0.0005954668598219824,1.2652149255634224e-10,0.9994045330136564
1.1846673564202265e-24,0.9999999997945468,2.0545321357077565e-10
2.6070202638886137e-35,1.0,6.363204369739851e-17
0.9993965876905782,6.918842552292653e-24,0.0006034123094218967
4.8840906426215335e-14,0.9996714627094493,0.0003285372905018662
2.5207953008192676e-20,0.9999999500932866,4.990671342379501e-08
4.242069905290928e-15,0.9985931506883191,0.0014068493116767477
0.9999988371059113,2.4920920214437807e-31,1.1628940887110692e-06
5.607922948109904e-06,8.375027029547983e-08,0.9999943083267816
0.9999999999944535,1.0564798576152465e-44,5.546562653340109e-12
0.9999999931529329,4.998660077833547e-36,6.847067189859769e-09
0.9999999999694986,2.8468834745601342e-42,3.050148399904784e-11
3.340944413173934e-12,0.7769747159524072,0.22302528404425187
0.9999999999999647,9.92417657685997e-50,3.520562133007603e-14
5.359850265298296e-19,0.9999834852458622,1.6514754137681777e-05
0.9999975165501702,4.748075157248696e-30,2.483449829644223e-06
3.6345195443569413e-13,0.998538827307036,0.001461172692600644
0.9873041234502126,3.898304407701856e-21,0.012695876549787382
0.9972163300917312,1.808280108362291e-22,0.0027836699082687917
4.376879168381192e-34,0.9999999999999998,3.0506402904575947e-16
0.9999851925105944,6.748124221860658e-28,1.4807489405522148e-05
0.9999673080258544,1.2529868608140985e-26,3.269197414552126e-05
7.304258772127272e-25,0.9999999999005003,9.949982200067636e-11
0.9999999999921978,3.196461672442971e-43,7.802219626185039e-12
6.561945703886003e-27,0.9999999999958633,4.13674101589107e-12
0.00418237448689299,3.028494106798751e-12,0.9958176255100785
7.012364819781234e-06,0.0003788611117696612,0.9996141265234105
0.017236974464037387,1.8858272296842682e-13,0.982763025535774
1.4740150626784639e-19,0.9999998609247029,1.3907529711304873e-07
2.248743711035261e-20,0.9999969404613404,3.059538659786311e-06
4.8008426554028653e-17,0.9999953260591308,4.673940869191481e-06
6.389782259482791e-17,0.9999962721120302,3.7278879696913574e-06
9.831279166953495e-18,0.9999101174088164,8.9882591183565e-05
2.7532173148967255e-09,0.0023036450609497227,0.9976963521858331
2.829248318984603e-07,3.362428342339416e-06,0.9999963546468258
1.202419182144235e-27,0.9999999999955802,4.419887073325736e-12
0.005992650877290449,3.8084723757825205e-12,0.9940073491189011
0.00029621635092839363,1.2391959892886415e-10,0.999703783525152
1.5621770584811326e-22,0.9999998410760443,1.5892395560249043e-07
8.755800322386872e-09,0.0013406953311185436,0.9986592959130811
0.9999999999999851,1.5476753992514852e-50,1.483493473911432e-14
1.9107479317987928e-23,0.9999999994190505,5.809494480757078e-10
0.9999998362277212,1.8757888437647882e-32,1.6377227896420796e-07
1.9516584962066184e-16,0.9999891531351418,1.0846864858077704e-05
8.469531532829677e-37,1.0,1.6874785315442323e-17
6.777964303424499e-18,0.9999984534799738,1.5465200261373152e-06
0.999998612773611,4.95008828246077e-30,1.3872263889363103e-06
1.9622376614618622e-31,0.9999999999999867,1.3391920446118457e-14
0.9999439000634167,2.5033778816076082e-27,5.60999365831922e-05
4.816814556624419e-35,0.9999999999999927,7.4160901830184e-15
3.2836753386498604e-07,1.9145329209621282e-06,0.9999977570995453
3.7063978185001856e-33,0.9999999999999989,1.0343134396510598e-15
0.9999999999997216,1.5043140204607888e-47,2.784240463094402e-13
2.0830577459823186e-14,0.9936086731421461,0.0063913268578331805
2.030229750054569e-22,0.9999999972138811,2.78611887027876e-09
1.0561608402652555e-15,0.9988155969261777,0.001184403073821063
2.5633395847632054e-10,0.9685591965152703,0.03144080322839576
1.9457025952730048e-18,0.9999802056791375,1.9794320862549777e-05
0.9999969939692747,4.1526566953895e-29,3.006030725312474e-06
5.74783881363211e-09,0.00039818055010762784,0.9996018137020536
0.9999999814833275,6.926032945917042e-35,1.8516672454290624e-08
0.9999999997813696,1.2569815752246301e-39,2.1863033943728373e-10
6.966820456840262e-07,4.300768549576404e-06,0.9999950025494049
0.9999999999998546,2.3255219729960136e-48,1.4543495429063105e-13
4.825783966339063e-34,0.9999999999999996,5.236833315525296e-16
0.16715805408405152,1.9298599193860263e-10,0.8328419457229624
1.9755125120267525e-14,0.995933683205851,0.004066316794129274
9.804367623909172e-06,5.646832034508997e-09,0.999990189985544
9.817652809637008e-08,0.04114570346891774,0.9588541983545542
6.1308819323035685e-09,0.6595591641736568,0.3404408296954613
0.032556106579440657,3.1543070417982987e-13,0.9674438934202438
1.4623478739810595e-05,0.0002900425967018161,0.9996953339245584
0.9976515269457081,1.563087711283688e-21,0.0023484730542917584
1.3761362891815283e-21,0.9999999902512585,9.74874151846447e-09
1.1539634479729998e-07,6.870991369161716e-06,0.999993013612286
2.6896508637161133e-09,0.006106047208972107,0.9938939501013769
0.9999999573788516,1.1217061075679808e-34,4.262114824437916e-08
2.0962887170346656e-25,0.999999999945286,5.4713970651703127e-11
1.1114164663339267e-12,0.9979113677000435,0.0020886322988450745
0.999999999975145,3.084831979383079e-42,2.485500472072265e-11
4.753463358983618e-09,0.0015929355685967677,0.9984070596779399
0.9999765750839409,1.2948332135885679e-27,2.342491605908242e-05
1.2670431384546568e-27,0.9999999999978229,2.1771628439397877e-12
0.9999338804448286,7.993246823719925e-27,6.611955517154842e-05
3.4659461448579464e-06,1.1888668704531558e-07,0.9999964151671681
1.8638361458358728e-05,4.848408443826223e-09,0.9999813567901332
0.0005437447227939027,2.0683852018869642e-10,0.9994562550703676
4.322719065790334e-07,0.02736013536730036,0.9726394323607931
5.724559760151705e-31,0.9999999999999789,2.1024016155845926e-14
1.907095648617426e-05,3.1248520895219e-07,0.9999806165583048
2.436963700324529e-22,0.9999999969708404,3.029159564793421e-09
0.9999997321763416,9.77391681095428e-33,2.6782365838739476e-07
0.9999999999999072,3.4528240524821215e-48,9.290568181294467e-14
0.9928276129123272,2.2084338620748502e-21,0.00717238708767263
9.664962662050602e-10,0.793068666586924,0.2069313324465797
4.115448262798608e-28,0.9999999999986513,1.3486045823921233e-12
0.9999997073213032,1.222893270380662e-31,2.9267869695338077e-07
0.0004333942857077465,1.0226316347430668e-10,0.9995666056120291
0.9999999945449376,2.192611450314046e-36,5.455062392411975e-09
1.1587632728506466e-27,0.9999999999965588,3.4412394880689824e-12
0.9999988204641868,1.768445115403514e-30,1.1795358133004774e-06
0.00859303943432129,1.8930597443898174e-13,0.9914069605654894
1.5823687568079716e-07,4.8510343282842785e-06,0.999994990728796
2.2143697784020983e-09,0.7442201422775901,0.25577985550804017
0.007681335611330245,2.146574866813684e-11,0.9923186643672041
7.327698354686365e-10,0.014427198088880813,0.9855728011783493
1.1549781095484774e-11,0.9877600436689411,0.012239956319509278
6.900319269189556e-36,1.0,2.7664540876508644e-17
2.4613405791067795e-10,0.9447536634637903,0.055246336290075734
2.8706483774835863e-09,0.7936515146732089,0.2063484824561428
0.9999999999998841,1.3588172029711013e-48,1.158470725593972e-13
2.313325641420359e-19,0.9999997728642959,2.271357042118667e-07
5.849679462356373e-06,0.00026296945507283726,0.9997311808654649
0.9999999995097004,2.3938564897281393e-39,4.902996731295375e-10
0.999999999995624,2.227463024801552e-43,4.376055652725057e-12
7.958092307927146e-05,1.8797845801823863e-05,0.9999016212311189
8.267982392808124e-06,0.00030063229487241956,0.9996910997227348
0.0002957852315390815,3.241328643536482e-10,0.999704214444328
1.9536286641898833e-21,0.9999999918016619,8.198338263896068e-09
1.0027597909061782e-07,1.501518132519754e-05,0.9999848845426956
0.9999999884991969,1.652226729210907e-35,1.1500802968532104e-08
0.9999999805187089,2.4026033091855303e-34,1.9481291100059222e-08
0.9998815196088017,5.445670917314143e-25,0.0001184803911984403
0.9999999967279216,1.3910159490704503e-36,3.2720784797594215e-09
4.418267397627283e-28,0.9999999999980307,1.9692748946760965e-12
4.988661700215741e-12,0.7402818248488982,0.25971817514611323
0.0006284136303949068,1.0570617843143058e-06,0.9993705293078208
1.1727059926626142e-15,0.9999421959694492,5.780403054957781e-05
1.6139359942556768e-09,0.0022738051656171093,0.997726193220447
0.9999999767907227,5.865591264915524e-35,2.3209277201016316e-08
2.9250763388594023e-05,8.916021950707314e-09,0.9999707403205894
2.6524209960125028e-22,0.9999999955627881,4.437211912652945e-09
3.0430016931379877e-05,5.127593771124438e-09,0.9999695648554748
4.278487152843272e-09,0.00718721680460399,0.9928127789169088
0.9999999972933431,2.128433016351624e-37,2.7066569689274877e-09
4.2811596437991435e-17,0.9999974505968474,2.5494031526268265e-06
0.99999999999997,5.720212173746985e-50,3.0060064604149107e-14
0.9999999999999742,2.310569896172481e-50,2.5826899111755806e-14
0.9999999999999567,1.838587724813625e-49,4.32959997886609e-14
0.0022656546051856644,1.1755328358232626e-11,0.997734345383059
3.7989432256823706e-09,0.010569322682456797,0.9894306735186
0.9999999999999818,2.1648462306366727e-50,1.8139877185500732e-14
0.005774154499202235,1.464734323439478e-12,0.994225845499333
3.666727156752262e-17,0.9999953887747081,4.611225292059302e-06
2.8516850266849195e-08,0.00039224525387962473,0.9996077262292702
0.9998931513002636,8.735503490345325e-26,0.00010684869973638451
4.548719245917099e-28,0.9999999999982634,1.7365256318127278e-12
0.9993602846519603,2.0699043973682666e-23,0.0006397153480396604
0.0011670294652285566,6.324299897214812e-11,0.9988329704715285
0.9999999934802621,1.350502266381578e-35,6.5197378798639885e-09
1.255821553858816e-07,2.6858482799232457e-05,0.9999730159350454
6.580135869237751e-20,0.9999998900748074,1.0992519256254664e-07
3.499959706558251e-23,0.9999999864002187,1.3599781267881671e-08
1.6892364731001237e-05,3.00505979974854e-05,0.9999530570372714
0.9999999778590261,1.6742447627851043e-34,2.2140973974430717e-08
0.99941229172112,3.000512131505353e-23,0.0005877082788800286
6.86366510581874e-06,6.101522822964047e-09,0.9999931302333713
8.62117658845412e-20,0.9999976910895845,2.3089104154873817e-06
2.147162890927679e-25,0.9999999949954639,5.004536051424306e-09
1.017445254088735e-23,0.9999999991276172,8.723828916492983e-10
0.9985283239054966,6.972648827864513e-23,0.0014716760945032536
0.9999996677380685,2.682293522629706e-32,3.322619315848653e-07
7.637561390932913e-08,0.3303951117810306,0.6696048118433555
9.880621730730273e-16,0.9975139247703994,0.0024860752295997627
3.831915893045967e-18,0.9999987315585335,1.2684414665692975e-06
2.964195397262091e-25,0.9999999967590802,3.2409197084055157e-09
0.9999999875608622,5.836778630672741e-35,1.2439137790111033e-08
0.0025198573828846757,2.9187865841985795e-08,0.9974801134292495
8.758789726338155e-05,1.290675637455405e-09,0.9999124108120608
0.999940215278052,2.2261879080834555e-26,5.978472194801284e-05
3.930652998400517e-06,3.595411444753147e-07,0.9999957098058571
7.216196270627743e-09,0.0007336035148242552,0.9992663892689796
0.999999999999954,1.6120112032108733e-49,4.595661621202553e-14
3.13306590229828e-17,0.9999951009467538,4.899053246107114e-06
2.696454357848374e-23,0.9999999410932839,5.890671599927407e-08
1.836265672931331e-21,0.9999995930902165,4.0690978349484204e-07
1.1644696668834258e-27,0.999999999996817,3.182933061790326e-12
2.0371266057061207e-29,0.9999999999997948,2.0510394631609123e-13
0.9999999999624245,5.442290450379642e-42,3.7575596692480226e-11
1.7052825094181402e-09,0.015098195937842345,0.9849018023568752
6.626825585238563e-13,0.9991382117171863,0.0008617882821509893
7.949873192351428e-15,0.9998140500309334,0.00018594996905848242
2.0757521338094775e-09,0.006913286103219191,0.9930867118210287
7.445110898656613e-07,3.2595616676247237e-06,0.9999959959272425
7.854143299851224e-20,0.9999998890568261,1.1094317381312256e-07
2.248225204190872e-08,0.0005587250947125089,0.9994412524230355
1.3044997753295872e-08,0.00033289816014918475,0.9996670887948531
1.081708736973469e-20,0.9999999659257266,3.407427324240483e-08
0.9999999998554934,4.694141782430015e-41,1.4450654826824767e-10
0.9999999427736485,1.8408482274720832e-33,5.7226351530320316e-08
1.4748344966609432e-31,0.9999999999999827,1.740456069272864e-14
4.009062600633629e-16,0.999984922971827,1.5077028172516391e-05
1.4961096844654341e-34,0.9999999999999998,2.655815168241641e-16
0.9999999074364895,5.062098978484589e-33,9.256351042580634e-08
0.9999999832271395,3.9184440479331836e-35,1.677286059797934e-08
3.714286446616409e-12,0.9925244336348376,0.007475566361448025
0.9998447521574313,3.664345921585726e-25,0.0001552478425686078
0.003027794168519065,1.0737052785681678e-11,0.9969722058207439
0.9899810732919918,1.4244361025169848e-19,0.010018926708008172
6.15587133611086e-06,2.3067724795033943e-07,0.999993613451416
0.9992326756191742,8.100859958957663e-24,0.0007673243808258163
4.226444008612112e-29,0.9999999999996647,3.353385505796768e-13
0.9999999981833854,5.69480803780567e-38,1.8166145457497278e-09
0.9999999998550917,9.337956803769839e-41,1.4490820313699894e-10
0.9999978901956088,1.1508934462053045e-29,2.1098043913437248e-06
0.9999999997730906,3.746720398107734e-40,2.2690943008981973e-10
6.696344695618555e-06,0.00010536666242531044,0.999887936992879
2.765560453499151e-13,0.9986026776385851,0.001397322361138511
2.948770943090143e-08,0.4669198376034839,0.5330801329088067
1.746005515879777e-08,0.0002904050095656246,0.9997095775303794
1.624185978734935e-05,2.891588273726278e-08,0.9999837292243299
6.028225353765802e-27,0.9999999999851164,1.4883732285544984e-11
5.813813894068487e-05,6.115424619000292e-10,0.9999418612495169
0.0012094855678224058,2.9685577379533014e-11,0.9987905144024921
0.9999998754265942,2.9825718105357988e-33,1.2457340574571873e-07
0.9999999999578701,2.960439940384248e-42,4.2129963481613755e-11
3.223463060584268e-05,2.3073598995606233e-09,0.9999677630620342
0.9999999999999276,4.5683078476778996e-49,7.242974093327397e-14
3.682090369061501e-12,0.9953341498761049,0.004665850120213074
3.15019751807903e-12,0.9944781373157711,0.005521862681078789
0.0014282410142790673,2.609435054911821e-07,0.9985714980422153
0.9999767195732128,2.9430067277210537e-28,2.328042678732933e-05
9.820342851392445e-21,0.9999999685343751,3.1465624881869584e-08
0.999999999988848,1.1691732435722766e-42,1.1151963385919849e-11
0.9999999892013903,3.0099997686362976e-36,1.0798609739351535e-08
7.736404443189429e-10,0.0027318048733860063,0.9972681943529735
5.502501395113116e-06,9.61773823827537e-08,0.9999944013212225
1.7031531881838097e-34,0.9999999999999998,2.1708862374956168e-16
6.853397292701754e-27,0.9999999999892644,1.0735650931492121e-11
1.7486890195953443e-23,0.9999999993536965,6.463035616704851e-10
1.271974851362442e-14,0.9999065048964496,9.349510353787323e-05
0.9999999982189518,1.7353279848587807e-37,1.7810480848630524e-09
0.9999999999926505,1.655251574364383e-42,7.349410283190105e-12
5.648472071546251e-17,0.9998475655250604,0.00015243447493962329
1.7207048789402039e-25,0.9999999999387701,6.122994117879757e-11
0.9999999480074584,1.2293350854241425e-34,5.1992541617131335e-08
8.598626974797554e-23,0.999999996677166,3.3228340499409573e-09
0.9997389497900794,4.37991700301454e-24,0.0002610502099205705
1.1930912793283976e-08,0.0009843626792775536,0.9990156253898097
0.999999999960145,3.5834554080411845e-41,3.985496503073553e-11
1.8177869255880765e-35,1.0,7.062557146064514e-17
0.9999999991995527,2.6662252728769806e-39,8.00447257778216e-10
0.9999858608124375,6.1290481954232005e-28,1.4139187562416788e-05
6.907054267498419e-06,1.1563270373198886e-08,0.9999930813824621
8.69282272035186e-05,1.4678569875954862e-10,0.9999130716260107
0.0002964579682657989,6.983762119411698e-10,0.9997035413333579
0.9999924813587183,1.620973121544873e-28,7.518641281793775e-06
0.0545488823440303,5.185920626482337e-14,0.9454511176559177
1.0596237284932733e-06,1.200831777081109e-07,0.9999988202930937
1.318702457215415e-07,0.11113459117737956,0.8888652769523748
2.6668187282745207e-08,0.3885798397419328,0.6114201335898799
0.9999932731980458,1.3320711129736563e-28,6.7268019543143236e-06
6.032386054079048e-06,0.00037409069193073075,0.9996198769220151
0.9999999999677909,1.7334342536645365e-41,3.220923353244526e-11
5.631931502476054e-07,1.9838714721848586e-06,0.9999974529353776
0.9997469048566529,4.388963098932354e-25,0.00025309514334708133
0.9973415604120327,1.534631580711377e-22,0.002658439587967338
0.9999999836984563,8.619493976134722e-35,1.6301543714611918e-08
3.782738721698057e-33,0.9999999999999991,9.561996600793917e-16
0.9998219443617757,1.0166664198956556e-24,0.00017805563822420378
2.061992644475822e-20,0.999999923572268,7.642773205277641e-08
0.004023772739850649,2.2006197338730516e-08,0.9959762052539519
2.1944657724131433e-09,0.0056644672822332345,0.994335530523301
0.9993209751058184,1.5154454408090736e-23,0.0006790248941817113
0.09317698099244556,6.937904456357989e-14,0.906823019007485
2.4507503117786315e-24,0.999999999931177,6.882296494601662e-11
0.9999920213389843,4.2588942884852104e-29,7.9786610157126e-06
1.2788556408292726e-35,1.0,5.551653443243198e-17
2.2780555855766072e-07,3.0406060550794265e-06,0.9999967315883864
0.007861565952329109,8.139884649290845e-13,0.9921384340468569
0.9999999997626097,2.5042277383685104e-39,2.3739028638741854e-10
4.940646096909934e-13,0.9975923304089362,0.002407669590569778
0.9999999765388016,7.464387328008941e-35,2.3461198441728934e-08
0.00014278955240543681,2.2334499267701867e-09,0.9998572082141446
0.9998752290967629,5.653862659961635e-26,0.00012477090323716072
2.805051007374983e-09,0.01564019022301815,0.9843598069719308
6.206450135811535e-15,0.9938131659553574,0.006186834044636382
1.6942088471274013e-05,5.154593310955085e-09,0.9999830527569354
0.9999895551018089,1.2409081729520075e-28,1.044489819112217e-05
0.9999421953079569,4.81214007953992e-27,5.7804692043182286e-05
4.535690442491832e-09,0.0009941781099136265,0.9990058173543959
4.2352411729635695e-07,1.1785270492644503e-05,0.9999877912053899
0.9999999999935627,6.631396558533696e-43,6.437373021578754e-12
0.9974626023220258,1.582947745790504e-22,0.0025373976779742295
0.9994488837705193,9.854833898383102e-24,0.0005511162294808121
1.6520223052953503e-14,0.999904819155443,9.518084454057368e-05
1.4258573855327045e-25,0.9999999999151494,8.485051608680995e-11
2.4842186772366028e-14,0.9997575053665659,0.00024249463340930805
0.9999852729621971,5.867228993645866e-28,1.47270378029962e-05
4.237114115659989e-15,0.9973025583527324,0.002697441647263451
1.123377317368499e-21,0.9999999942899724,5.7100275497866304e-09
1.7179601066685886e-35,1.0,8.657199973535429e-17
4.4087115955843644e-30,0.9999999999984734,1.5265123407435869e-12
0.9997766626695112,7.810153228605773e-25,0.0002233373304888231
0.9999589163542306,2.915727511760428e-26,4.108364576935709e-05
2.4342707096462516e-14,0.999853254273407,0.00014674572656856076
9.629665850684311e-06,1.3005642509735538e-08,0.9999903573285068
0.9999999842236338,1.4665884584323716e-35,1.577636620697547e-08
0.9999999469915931,2.4290320091557987e-34,5.3008406818482e-08
4.217857181786418e-20,0.9999999047751222,9.522487772302874e-08
0.9999999941268445,5.981904704015739e-36,5.873155396139693e-09
0.9999999967015758,4.090053612906888e-37,3.2984242022424676e-09
0.9818900543527533,1.1816937258848403e-20,0.01810994564724668
0.00020800671216228582,5.458518097448759e-06,0.9997865347697403
4.3417019920952074e-10,0.9407510006299957,0.05924899893583419
2.0161702318609905e-17,0.999994914931373,5.085068626922597e-06
4.0867924389943534e-06,1.3660364206107756e-07,0.999995776603919
0.00016248353483626238,5.830589254636613e-09,0.9998375106345745
1.1733583085735563e-28,0.9999999999993041,6.958491759480141e-13
0.00035768164050890464,3.673487776812662e-10,0.9996423179921422
5.041694954034793e-06,0.0009302191145556647,0.9990647391904902
0.9999999999453506,9.966760715781234e-41,5.464943667725721e-11
6.230026630171233e-21,0.9999999710532663,2.894673369719253e-08
4.7531597753586084e-26,0.9999999992333874,7.666125168118297e-10
4.998026305066179e-07,0.018131481891510946,0.9818680183058586
2.5283590393874278e-14,0.9995944651627459,0.00040553483722888066
0.9999999650054571,6.246633650857526e-34,3.499454289381028e-08
0.0005277839705327234,1.0519285177732478e-10,0.9994722159242744
7.328225010560692e-06,8.393038225598211e-05,0.9999087413927333
6.853996250688212e-15,0.9962988931364523,0.003701106863541015
1.8094483728723215e-08,0.4976463203842286,0.5023536615212877
0.999999969886356,4.820212258206286e-35,3.011364401380966e-08
7.72586277400185e-37,1.0,1.6088139197340376e-17
4.358568097215392e-09,0.010884404584624053,0.9891155910568079
1.5480731390656745e-17,0.9998877098916747,0.00011229010832523401
0.9999990696175575,7.861260978551693e-31,9.303824425567136e-07
7.317254132076172e-32,0.9999999999999931,6.779902375143087e-15
0.999972093461339,1.8906300730386473e-27,2.7906538660944086e-05
2.290182430802935e-08,0.00010541001191782539,0.9998945670862579
0.999999997415715,4.995153210962927e-38,2.5842850526194805e-09
6.383761473892069e-35,0.9999999999999998,1.9676575404798798e-16
0.9999999999982538,5.045633570021801e-46,1.7462655039848717e-12
0.9970485899976325,9.914837477153988e-22,0.0029514100023675977
1.9200547800409303e-26,0.9999999999872284,1.2771621111197943e-11
3.935485774265327e-36,1.0,2.631352726226457e-17
3.4890788740296728e-15,0.9999274288500681,7.257114992833706e-05
0.0021437931246145034,1.2184318429913796e-07,0.9978560850322012
0.9999999999773739,5.943449765511968e-42,2.262603236792087e-11
1.17274607687134e-14,0.9955123845587613,0.004487615441227034
1.5736278530899822e-08,0.5993643594714287,0.40063562479229275
1.6147742616101538e-19,0.9999961226262887,3.877373711236308e-06
2.40263917112442e-18,0.9999650132859086,3.498671409134847e-05
8.01272814439682e-06,2.0375611621836005e-08,0.999991966896244
1.0392060508888102e-06,1.1972924135484662e-06,0.9999977635015355
2.0448524665376518e-08,0.0002809120660685823,0.9997190674854067
5.8958359541102355e-05,1.5924613000075171e-09,0.9999410400479976
1.3325953695398209e-05,7.291615236240392e-09,0.9999866667546893
0.9999999999833509,2.5981001095396576e-42,1.6649224356696436e-11
2.9741793835241193e-05,1.4157364471009238e-08,0.9999702440488002
9.266013663385932e-37,1.0,1.9599128870204514e-17
4.776743551387668e-15,0.9999021035294551,9.78964705400707e-05
0.002234870217282598,2.6981381794484747e-11,0.997765129755736
1.3907727278817147e-19,0.9999999183621513,8.16378486324243e-08
1.5846657199247157e-23,0.9999999994402871,5.597130332011318e-10
1.2016535249383513e-24,0.9999999998847755,1.1522453734144168e-10
0.9999855389625277,1.4156774868689287e-28,1.4461037472343885e-05
0.9999999279282469,1.0072125369176632e-33,7.207175320301587e-08
0.9999999107824777,6.169342876237604e-33,8.92175222385941e-08
0.9999994688873309,4.665344655489018e-31,5.311126689928543e-07
0.005762225408761271,2.147662633101934e-08,0.9942377531146123
0.0009145653513899707,1.4368832949799877e-10,0.9990854345049217
0.00029587755212539006,9.729575544624065e-11,0.9997041223505788
8.203121306107439e-08,0.10205314029013772,0.8979467776786493
7.812886591326424e-17,0.9999885672529105,1.1432747089476891e-05
0.9999938301810876,2.0143967640131798e-29,6.169818912493467e-06
0.03352332737448289,5.160772242863769e-13,0.9664766726250011
0.999999990465169,1.0191914627098965e-35,9.534831074346596e-09
1.3970915346721932e-06,8.006344344777481e-07,0.9999978022740309
3.0041055612914693e-08,9.356775570664375e-05,0.9999064022032378
0.9999999994579376,2.759185919896533e-39,5.420624476675298e-10
0.000860522804231598,4.2513199492252186e-11,0.9991394771532552
0.00012636780431797573,3.7357875468000265e-10,0.9998736318221033
0.0002967766954438724,7.047378153911033e-11,0.9997032232340822
6.311715790595591e-25,0.9999999998799072,1.200928138731058e-10
0.0001490399470838941,1.6788286954442807e-09,0.9998509583740874
7.263277936331838e-07,9.880058786586378e-07,0.9999982856663276
6.558978131898041e-12,0.9876709187042519,0.012329081289188913
3.3242277329275187e-13,0.9493318354831725,0.05066816451649504
3.860770492348346e-05,5.058653998678811e-05,0.9999108057550896
1.354331031430289e-13,0.9920000495017707,0.007999950498093858
6.768930751648396e-13,0.9987993046762865,0.001200695323036699
0.9999978659355143,6.848184796147587e-30,2.13406448560698e-06
9.568382243208136e-15,0.9998531686956565,0.0001468313043340257
0.000379863954015032,5.975891343480327e-11,0.9996201359862261
1.2547933347433437e-19,0.9999998118612593,1.8813874079078967e-07
0.00016729996138112405,1.5062541478233737e-10,0.9998326998879934
2.909539270914153e-18,0.9999712116245262,2.878837547386694e-05
3.674645687483179e-07,0.06628996817466844,0.9337096643607627
0.9998005171998327,1.092188776744609e-25,0.0001994828001672878
0.9999999999523104,1.1257177870678369e-41,4.768971070777691e-11
0.9999999999999478,8.32465506313384e-49,5.214984305464303e-14
0.9999999819698114,1.3294528162117627e-35,1.8030188570799172e-08
0.9933873886312107,2.916766891879372e-21,0.006612611368789393
3.68883254183807e-21,0.9999999817974797,1.820252032325677e-08
8.005280323225434e-07,1.151402809795801e-06,0.9999980480691579
7.595519033873101e-17,0.9999925116298044,7.4883701955809474e-06
5.601051197453286e-21,0.9999991382937841,8.617062158596004e-07
7.937649963036262e-05,2.5848858667890463e-09,0.9999206209154838
0.9999999993727346,7.15755637777472e-39,6.27265253341621e-10
2.0762535762220142e-17,0.9999001345165339,9.986548346600308e-05
1.0684321021869734e-17,0.9998655090598698,0.00013449094013010972
3.915287168845317e-18,0.9999980521517748,1.947848225045305e-06
2.658814343165732e-07,0.00011981528651323226,0.9998799188320524
1.6817897054166953e-05,1.4734919442987862e-08,0.9999831673680264
0.9999999999736762,5.080117358281503e-42,2.6323889327865578e-11
4.2564334058616906e-36,1.0,2.3421096400672045e-17
0.9999999999993243,1.7120838770942036e-46,6.757518517961995e-13
3.1300095176668076e-22,0.9999999960043393,3.9956607068381285e-09
1.1246765518530238e-13,0.9697446719233827,0.030255328076504957
0.9999444791233283,9.430362425749658e-26,5.552087667173453e-05
0.0007718913222282422,8.644747864058029e-11,0.9992281085913243
1.4598956575316545e-24,0.99999999980886,1.9114010256648846e-10
3.8320960447301015e-06,0.00208600995173264,0.9979101579522226
1.0524022672872068e-09,0.03770419732247581,0.962295801625122
0.9998065240608319,4.016641211231959e-25,0.0001934759391681558
0.9999994361878833,1.7119308775910236e-31,5.638121165347894e-07
0.99995140654997,2.0266333896724476e-25,4.859345002996893e-05
0.9999999999814859,1.0244521923924524e-42,1.8514025474137975e-11
0.9999999999915712,6.173321011999855e-43,8.428753878614908e-12
0.9998787566572346,3.830558782784924e-25,0.00012124334276548602
6.111940110944926e-15,0.9998801659191162,0.00011983408087750298
1.7705502220306298e-27,0.9999999999966291,3.370823645980654e-12
0.0029224959703459323,7.6118249067031e-08,0.997077427911405
1.0637239553766083e-13,0.9996715498266241,0.0003284501732696512
0.999995212630103,1.4064465060206611e-28,4.78736989693371e-06
2.0863510286079934e-17,0.9999974196121131,2.580387886952151e-06
2.1386324211959464e-08,0.00011369638959584719,0.9998862822240798
0.9999999999999916,3.6555457017813045e-51,8.352725962689252e-15
4.9458342675840936e-05,1.0519786311685697e-09,0.9999505406053455
4.59197781827557e-19,0.9999993139953981,6.860046020138257e-07
1.5205515026293712e-15,0.9983829381291729,0.0016170618708256745
3.4987846923853426e-13,0.9753386705254854,0.024661329474164637
0.0033038413546968284,1.191807073409391e-08,0.9966961467272323
0.06941836406927715,1.2254300161656461e-09,0.9305816347052928
2.9933779653086164e-23,0.9999999989172719,1.0827280621865377e-09
2.8234818916638778e-19,0.9999932620296332,6.737970366828046e-06
0.9999999504942452,4.914782152671216e-34,4.950575481862393e-08
0.9999965172878905,4.898064228750471e-30,3.482712109543224e-06
5.7846472386284374e-05,2.1915700578524683e-09,0.9999421513360437
1.2184479317687107e-07,0.11332472777990536,0.8866751503753014
0.00013552335523463912,1.35638352192481e-09,0.9998644752883817
4.175380050260409e-06,4.771903749233343e-08,0.9999957769009122
8.524992551111242e-14,0.9994571520979718,0.0005428479019429992
0.999999994680389,3.6480876269449245e-36,5.319611056032601e-09
1.2324594769491506e-32,0.9999999999999964,3.4688016410610136e-15
0.9925866902271814,7.322430804258646e-21,0.007413309772818627
0.9999972761835136,2.2678678475775889e-29,2.7238164862642357e-06
0.9999999999662927,2.619435128742724e-41,3.3707315824511915e-11
0.999999999999079,6.451804812790707e-46,9.210488937537786e-13
6.8103327774536676e-09,0.00037701783981602813,0.9996229753498511
3.5186235994714376e-10,0.12413902840958524,0.8758609712385524
5.308105326984622e-16,0.9993319253430897,0.0006680746569098935
0.999999999982907,6.20055386461691e-42,1.7093027887805005e-11
9.982499249205406e-34,0.9999999999999996,5.064619590443841e-16
1.1505107722201281e-06,9.611117451476894e-07,0.9999978883774826
7.769245252121203e-34,0.9999999999999996,4.718530204722822e-16
2.319673243131485e-09,0.0105263732712141,0.9894736244091127
5.033075878537737e-26,0.9999999999832909,1.670902753380332e-11
0.9999823984902003,2.2479014334799265e-27,1.7601509799628598e-05
2.394677644563663e-05,5.982930681144351e-09,0.9999760472406236
1.1512301930584989e-06,0.0025456379270289435,0.997453210842778
0.9999999999964733,1.9548843282829966e-45,3.5267997939500896e-12
0.9999999999608002,2.768911924812136e-41,3.9199734736145495e-11
0.999998532485648,1.4425811038569941e-30,1.4675143520562865e-06
0.9999654829739393,1.5645412811243188e-26,3.4517026060760336e-05
1.1513593087926169e-11,0.9828999947175708,0.017100005270915576
0.0017318622575580196,1.6967473810190322e-11,0.9982681377254746
0.0009474394497199991,1.2819451402012649e-11,0.9990525605374606
5.147923671356854e-06,1.0307093102326934e-07,0.9999947490053975
0.999999977040357,4.996682206967467e-35,2.2959643088144506e-08
8.668371235819005e-36,1.0,3.815286001041993e-17
5.1572961457754185e-06,4.31897717456211e-08,0.9999947995140824
0.9999987974273863,1.1435430861720566e-30,1.2025726136769227e-06
4.773813088006457e-10,0.03664388125445079,0.9633561182681679
4.5657387709160254e-15,0.9981836107517963,0.0018163892481991594
0.9987055991612453,8.691395292458416e-24,0.001294400838754601
2.792759409998119e-16,0.9999885772172672,1.1422782732634625e-05
9.432415356744889e-07,0.0024600597305548593,0.9975389970279094
0.9898342271746056,5.079156616421097e-21,0.010165772825394544
1.1632635361565314e-21,0.999999550198345,4.498016549853322e-07
4.164512256136852e-10,0.01900596364842272,0.980994035935126
0.9999999481960313,2.035783369511627e-34,5.180396860361219e-08
1.936931630145253e-19,0.9999997041489526,2.9585104743973703e-07
1.9510283136568772e-18,0.9999993221816936,6.778183063283473e-07
3.479761430625916e-08,0.24290178075414676,0.757098184448239
0.9999999987063344,1.3336874255116488e-37,1.2936656552223363e-09
0.985570911884531,5.858322391967754e-20,0.014429088115468914
9.56835451912022e-19,0.9999996076450476,3.923549524564756e-07
1.920344901247505e-08,0.365289069094948,0.634710911701603
0.9999999999797262,5.0659027654847536e-42,2.027385073508285e-11
3.997030226567462e-16,0.9999859838615619,1.40161384377095e-05
1.7094056640268792e-06,0.0006809537411971118,0.9993173368531388
0.9999999999999836,3.72991002201265e-50,1.648752537519893e-14
0.9999998181418661,3.5819836703059375e-32,1.8185813396450558e-07
0.9993771347770728,2.2167804519266806e-24,0.0006228652229272604
4.697208223406822e-15,0.9999514213384343,4.8578661560910404e-05
2.1088364058862875e-19,0.9999996111814673,3.8881853268846767e-07
7.357902010235845e-06,1.0075188899534131e-07,0.9999925413461008
1.1546115129434597e-08,0.0016580289915868853,0.998341959462298
5.254337874397353e-32,0.9999999999999927,7.248986354389318e-15
0.999999999985214,1.0645560942413142e-42,1.478585516775039e-11
3.780717915718983e-24,0.9999999995660842,4.3391590115331464e-10
8.587389302249039e-10,0.9076465332381172,0.0923534659031438
6.343661551652323e-11,0.9760022311409505,0.023997768795612873
1.791052542054647e-05,7.4262026121774575e-09,0.9999820820483769
0.00011138881066324448,1.6775368875603745e-09,0.9998886095117999
0.9997768295637316,1.5179863988947687e-25,0.00022317043626838407
0.9999999999975844,1.5685794757523462e-45,2.4155324355512345e-12
2.808293799255177e-22,0.9999999973805438,2.6194562686659232e-09
6.278939765433991e-06,7.975269816313291e-08,0.9999936413075363
2.3984346831671426e-35,1.0,5.843906970577682e-17
0.9999999999797955,4.859592777240816e-42,2.020447230443566e-11
0.9999912938336617,3.013093598513455e-28,8.706166338382895e-06
0.9999516552350148,1.7958417204530288e-26,4.834476498521755e-05
0.00043424096334978874,1.148631873257852e-10,0.9995657589217871
4.6069569473583e-22,0.9999999944374973,5.562502658579134e-09
5.336602681788429e-07,0.018333737234756755,0.9816657291049751
0.999999999999976,3.534288451544306e-50,2.3906172154649135e-14
0.0003249413989643156,1.043913398586497e-09,0.9996750575571224
1.4899496304978477e-20,0.9999990704386416,9.295613583395539e-07
0.9999406304986973,1.4638651890918994e-26,5.9369501302784643e-05
3.600575753543058e-17,0.9999960227786454,3.9772213546088955e-06
1.8443496184272395e-12,0.9972155905125276,0.002784409485628159
0.001977661854371431,6.300710320626138e-12,0.998022338139328
0.04668082714116737,5.21964314025428e-10,0.9533191723368684
1.8226254073597964e-07,1.7386028085786476e-05,0.9999824317093735
3.93386178975271e-15,0.9972411499993324,0.002758850000663655
1.054080021032766e-28,0.9999999999991207,8.792364865351669e-13
2.314550256631877e-07,1.7833529053529333e-06,0.9999979851920688
2.2542021482445613e-22,0.9999999973559994,2.6440005291930113e-09
8.626457878582268e-15,0.9998350433617423,0.00016495663824905827
4.725532258241309e-10,0.024503334261188066,0.9754966652662588
3.9513472448588934e-07,0.02566426371465576,0.9743353411506197
6.340457380309044e-26,0.9999999999802396,1.9760415036580058e-11
0.0010635123196340143,1.0716970556594777e-11,0.9989364876696489
0.9999801709924766,3.360957241835089e-26,1.982900752335753e-05
4.956262008180932e-06,1.670650497461774e-07,0.9999948766729422
1.3037784761754517e-13,0.999573701934687,0.00042629806518264176
3.826985154563323e-30,0.9999999999998905,1.0951655902350393e-13
0.003546029018485528,2.0163409247054985e-11,0.9964539709613511
0.9999839240838804,4.8936242170514965e-28,1.6075916119667294e-05
0.9999999999999243,5.592988845169635e-49,7.561237706500637e-14
0.992998084995764,1.4035711476678303e-21,0.0070019150042360265
4.184266026334718e-34,0.9999999999999998,3.010417596567516e-16
2.6858012326965783e-06,0.0009437771683469984,0.9990535370304203
1.6624918226411934e-05,0.00041687780338155384,0.9995664972783921
1.922768971852292e-20,0.999999932561458,6.743854202870818e-08
8.012890981121664e-05,4.5818849626165864e-10,0.9999198706320002
0.9999999995808211,3.1911279399085604e-39,4.1917887373505266e-10
9.672319551015965e-28,0.9999999999972498,2.7501932915727872e-12
1.626783945345696e-08,0.00017400452434972573,0.9998259792078109
2.2081168910571583e-21,0.9999999870786231,1.2921377005740809e-08
0.9999996904584892,9.470574151696703e-33,3.095415107338828e-07
5.919698296912021e-11,0.9833302927396222,0.01666970720118071
0.9999999999858555,2.2681002892431303e-42,1.4144541252439306e-11
7.884787913394318e-12,0.993508341519564,0.006491658472551033
0.9999999998686615,9.45180961219583e-40,1.3133851276681944e-10
1.706985585912915e-13,0.9993265455839792,0.0006734544158501976
0.9999965572510916,1.554339960982743e-29,3.4427489083090824e-06
1.098264456844459e-22,0.9999999949910936,5.0089064445195e-09
1.4290451735808775e-07,0.21306858272476006,0.7869312743707226
0.9999817135480255,2.1302563329090137e-28,1.828645197443816e-05
0.00013923610602309505,4.5414277338328123e-10,0.9998607634398341
0.999999999982939,1.8496980906190323e-43,1.706106113744251e-11
3.991395695931195e-10,0.031469089148772625,0.9685309104520877
5.594872247817026e-07,0.029957296015904505,0.9700421444968707
7.59935455222601e-08,5.1201947409494145e-05,0.999948722059045
3.25426040590033e-27,0.9999999999970932,2.9067035007572662e-12
0.0006915744097015115,1.7426847160313174e-06,0.9993066829055824
0.9999998265031554,2.6261541954942856e-33,1.73496844536362e-07
0.00069433348843684,3.0836794390721985e-11,0.9993056664807263
0.07594811992764816,7.006375881073736e-10,0.9240518793717143
5.652544005261297e-16,0.9999759525092823,2.4047490717030546e-05
2.7197521081363415e-16,0.9996368155746418,0.0003631844253579367
0.999999912074466,2.4676297163578487e-33,8.792553396585371e-08
6.175286252089396e-14,0.9995400152712235,0.00045998472871481406
2.5222538707900015e-18,0.9999985734216009,1.4265783990959903e-06
5.506182169778262e-07,5.2670459325582e-07,0.9999989226771897
0.0009045875065814542,2.8588109777455783e-11,0.9990954124648304
1.875695053151585e-05,2.3834251772473434e-05,0.9999574087976959
2.4289859361181036e-05,8.04668453971935e-09,0.9999757020939544
8.573101464439936e-16,0.9999701426417544,2.9857358244737754e-05
1.1905232841788016e-05,3.136667173337679e-08,0.9999880634004864
0.9999975248676666,2.677430972128953e-29,2.4751323334104274e-06
0.00011417186336776866,9.159449280500857e-10,0.9998858272206872
0.9999982306884364,3.741303777999949e-30,1.7693115636631784e-06
0.9999222970900402,6.68592449581269e-27,7.770290995978361e-05
1.143615123104754e-08,0.0014666036024363438,0.9985333849614125
3.3572381416998713e-09,0.003927562913052503,0.9960724337297094
0.0010500214110968336,1.448091739430567e-07,0.9989498337797293
0.9997302673504412,2.219412542443766e-25,0.00026973264955881387
2.0139401763340878e-16,0.9999816779089462,1.8322091053497094e-05
2.4309164813861598e-05,9.772699045198655e-06,0.9999659181361409
1.8285343234217913e-16,0.9999911900062738,8.809993725994078e-06
1.8622938803380403e-09,0.8423992018991187,0.15760079623858742
0.012028783393631429,1.6042826103062142e-09,0.9879712150020861
4.245166561907911e-14,0.999555858711975,0.00044414128798253295
8.986531976513838e-15,0.9998189539808066,0.00018104601918450422
9.808423204974965e-15,0.999704634105152,0.00029536589483825185
0.0008132867811556495,6.875242396864947e-07,0.9991860256946047
0.9999312670442927,1.795248143757583e-26,6.873295570737453e-05
8.167150102196404e-09,0.0015779392120450024,0.998422052620805
1.772210955975875e-28,0.9999999999991356,8.643990394548488e-13
3.869452545287094e-19,0.9999997989666045,2.0103339539905498e-07
3.612594646869691e-07,0.01721669939133537,0.9827829393491999
0.9999999992595101,1.950136960945697e-38,7.404898112943111e-10
0.00041342824665942295,3.7188570722473115e-10,0.9995865713814549
5.7719054318375974e-15,0.9999414629048625,5.853709513174904e-05
0.996396032675806,1.221844929066994e-21,0.0036039673241940492
2.5918236510502062e-25,0.9999999999419498,5.805029261833175e-11
1.6271220615837256e-12,0.9969011354452,0.0030988645531728615
0.999999999999962,1.1080626874181465e-49,3.797295845613457e-14
3.739406079391967e-07,4.706725474288582e-06,0.9999949193339179
0.002630376740346638,2.2075772417253804e-11,0.9973696232375776
0.9999999996386753,3.1678720772053225e-40,3.613248020094663e-10
0.9999971052714052,1.6696630125828627e-29,2.8947285949566303e-06
0.9999999845284258,9.438441200180617e-36,1.547157419190597e-08
0.9999999999781524,6.95091523264283e-42,2.184767676164391e-11
1.2658990716745244e-20,0.9999999668045436,3.319545650018574e-08
2.4392898141969965e-05,4.081656355737846e-09,0.9999756030202017
7.945602731637468e-28,0.9999999999979872,2.0128501895919777e-12
0.9999997551454949,1.2148124825030756e-32,2.448545051030939e-07
0.9999999999964779,7.257527441915102e-45,3.5220508911739167e-12
3.301735378627495e-15,0.9965826938972848,0.003417306102711775
0.9999999255950531,2.1570885223065687e-34,7.440494689076599e-08
7.292619987269587e-16,0.9999477142869798,5.2285713019437436e-05
1.747740694680933e-27,0.9999999999953288,4.671195008722773e-12
6.139832410845516e-05,5.7124984510015315e-09,0.999938595963393
1.9733929266683195e-30,0.9999999999999416,5.830974967818321e-14
0.9971819247654895,7.803049435503283e-22,0.0028180752345103727
4.979819809599997e-20,0.9999999351616962,6.48383038403326e-08
4.182892355930647e-31,0.9999999999999711,2.8840042541279e-14
4.9756020927863107e-29,0.9999999999790621,2.0937825120621227e-11
0.9997611819212018,2.32995197226026e-20,0.00023881807879825635
0.9999989043980348,1.848533645456862e-30,1.0956019650721102e-06
0.9999999999911835,4.638133570990242e-43,8.816477266287237e-12
2.0923804103471173e-12,0.9963198006238724,0.0036801993740353716
4.909720934571891e-07,0.006215129897722062,0.9937843791301846
0.9999999988505435,5.296106995560273e-39,1.1494564739988842e-09
1.8705323251782903e-28,0.9999999999989821,1.017820180020749e-12
3.889259695884044e-14,0.9995721638409922,0.00042783615896889107
8.957075415744445e-05,1.5414631210290676e-05,0.9998950146146324
6.645089619218919e-05,2.5304305351499023e-05,0.9999082447984562
0.9999452713705093,3.514329130871823e-26,5.4728629490728764e-05
0.9999999999947737,3.1384301648832157e-43,5.226258432480363e-12
6.42289151684943e-19,0.9999995995730864,4.0042691362440274e-07
0.9999999999562961,3.811964227763938e-42,4.370392737931888e-11
1.0310885092694264e-26,0.9999999999899851,1.0014814920343766e-11
8.026160343697745e-12,0.7223772060900387,0.2776227939019353
0.0011152234264047186,2.0645158168940287e-11,0.9988847765529503
0.9999999999999762,1.0298305969267435e-49,2.376260810100052e-14
0.99999999999697,2.8072870138522254e-45,3.029978201060047e-12
1.6233467276474e-07,0.1112477842003224,0.8887520534650047
1.0169039092801957e-31,0.9999999999999902,9.805825704986354e-15
0.9957844492653668,3.4654813090496934e-22,0.004215550734633098
7.271206098795929e-29,0.9999999999995306,4.69365064952467e-13
8.014487775647845e-28,0.9999999999985598,1.4402867349875767e-12
2.5588984361503563e-30,0.999999999999907,9.302976103041583e-14
4.371678021612962e-16,0.999983622556996,1.6377443003520887e-05
0.9999999999528577,1.989121170993239e-41,4.7142327339799886e-11
0.9996628846855571,8.628132420709467e-25,0.00033711531444288934
6.404863800651747e-18,0.9999603446398789,3.965536012112173e-05
0.9999999987618382,1.805544762921508e-37,1.2381618446757159e-09
1.6710771203646076e-16,0.9999912237350419,8.776264957960691e-06
2.3131429024851723e-06,1.1409963928633366e-07,0.9999975727574582
2.0881024235481856e-36,1.0,3.0479297905130834e-17
0.9999995602425436,6.961251125264253e-32,4.3975745637301494e-07
0.9999989650617338,5.708904070138751e-31,1.0349382661449254e-06
0.9999996515580782,1.6979895237247247e-32,3.4844192188079525e-07
1.7680669259260825e-17,0.9999159392435274,8.406075647256611e-05
8.231074686422793e-08,3.7271509125457555e-05,0.9999626461801275
0.0007423552684640578,1.6060950985337432e-10,0.9992576445709265
0.01106165763542382,3.6604672872475796e-12,0.9889383423609157
9.530392951814428e-30,0.9999999999997533,2.467076093003088e-13
1.1848488976101875e-11,0.9895045990647159,0.01049540092343564
0.9999991005230736,1.580927347944111e-31,8.994769262581552e-07
5.912223666285324e-08,2.418034009102182e-05,0.9999757605376722
2.6746907062405787e-09,0.004415730572014236,0.995584266753295
2.236738975801526e-16,0.9999859089793111,1.4091020688681717e-05
6.303753781084176e-19,0.9999997660937933,2.3390620676308778e-07
1.0539749771864547e-13,0.9996774884342833,0.00032251156561139067
0.9999999999999563,6.066436551097378e-50,4.369419273327311e-14
2.735465328836818e-05,0.00023849523849192258,0.9997341501082198
0.0017190309007382675,7.0806941959814465e-12,0.9982809690921811
0.9999636850931377,1.889960692866772e-26,3.631490686240933e-05
7.147228987189868e-19,0.9999994441397594,5.558602406789418e-07
0.04128661589938577,9.614603801884761e-10,0.9587133831391539
0.999999999999956,2.4727022267349785e-49,4.3945848643661054e-14
3.0899412222644126e-32,0.9999999999999898,1.0123278618552573e-14
3.897497722220151e-08,0.00010888984161911707,0.9998910711834036
0.999999999879164,1.1689950207298668e-40,1.2083591775250462e-10
1.4705334452070077e-06,0.003971765919070916,0.9960267635474839
3.9467524283270523e-28,0.9999999999987361,1.2639259718663787e-12
8.997093399873574e-23,0.9999999976708107,2.329189255766177e-09
0.9999977957080045,3.5142168930235614e-30,2.204291995394606e-06
0.9999791349424596,5.9770765021085255e-27,2.0865057540362453e-05
4.223818533771841e-13,0.9421812753948843,0.057818724604693436
2.0942256960347828e-23,0.9999999989830863,1.0169135946418276e-09
1.5583324903760108e-07,1.6912687842348156e-05,0.9999829314789086
1.0457224460723386e-29,0.9999999999998574,1.4260125241359252e-13
0.9999775316089323,2.2027383167811973e-27,2.246839106772226e-05
2.2026476112317605e-20,0.9999998817733704,1.1822662955137784e-07
6.964231742371766e-26,0.9999999999685838,3.141627104669141e-11
0.999999999943556,3.045844269141389e-41,5.64438549660049e-11
1.2545079837876084e-06,5.207889137251937e-07,0.9999982247031025
0.9999999999857052,2.0143260485655746e-42,1.4294727121748795e-11
2.345270998256327e-22,0.9999999933311412,6.668858842635826e-09
8.624608966593528e-07,0.01786186282883813,0.9821372747102652
0.9997447914727562,1.726383445200549e-25,0.0002552085272437511
0.9999999998296369,2.2324157467214096e-40,1.7036301400431363e-10
2.0805733158889655e-08,0.26180786157056574,0.7381921176237012
2.8278192306752352e-08,8.877329731624428e-05,0.9999111984244915
1.2908936655979383e-12,0.9967912471642696,0.0032087528344396806
1.430238413233221e-08,0.00021287692187619983,0.9997871087757396
6.735889675444883e-08,0.00010571186860249313,0.9998942207725007
4.886286220391579e-07,4.281462214765588e-07,0.9999990832251564
0.9999999999940508,1.8011377077053819e-44,5.949255811124198e-12
0.9999997552148681,5.380801126966219e-32,2.4478513201241087e-07
5.643406290607961e-06,5.545956848386045e-08,0.9999943011341409
0.9895010052016483,4.149624164963931e-21,0.01049899479835163
0.9937963813106127,3.600101931593802e-21,0.006203618689387425
0.9999999999975424,3.3782695299435627e-45,2.4575189006244345e-12
5.6611948748533205e-12,0.9945157768499348,0.005484223144404199
5.5154754519166524e-21,0.9999999820583988,1.794160116167249e-08
0.9999999999999714,1.4499023749171385e-49,2.874195391527116e-14
0.0012418143471558073,3.0127099344826035e-11,0.998758185622717
6.397102124328902e-06,3.7922383030698936e-08,0.9999935649754925
0.001977813314798219,8.538013258289778e-12,0.9980221866766639
0.999999736121321,6.831112014176144e-32,2.638786789292322e-07
6.4660447804819644e-15,0.9973948086041031,0.0026051913958904495
0.9999999941492601,2.0746120865877934e-36,5.850739882026834e-09
2.4358814816494167e-05,0.00012709936538665383,0.9998485418197969
0.9999858390534714,5.499647925826251e-28,1.4160946528640978e-05
0.9994513230113466,1.0974276951895874e-24,0.0005486769886532318
0.05506788280446532,1.1667607624400946e-09,0.9449321160287739
1.3019216411879324e-12,0.8844719314192709,0.11552806857942709
6.502685648022792e-08,8.731936151780557e-05,0.9999126156116256
3.426619509680831e-14,0.9995210360105996,0.0004789639893662855
3.558712134178643e-05,8.34493497503716e-10,0.9999644120441648
0.9998771973939956,1.0442696703557678e-26,0.00012280260600438627
4.906974417517362e-28,0.999999999998513,1.4871130570100365e-12
0.0008314786628586089,2.6963322772110512e-11,0.9991685213101782
1.4369899246461112e-15,0.9999177499117463,8.225008825226444e-05
9.743972172505845e-24,0.9999999995030489,4.969512115567894e-10
6.7480957903239435e-06,0.0002729612263456634,0.9997202906778639
5.735794637763179e-17,0.9998663482283834,0.00013365177161655148
0.35468981724101545,3.333200351522997e-11,0.6453101827256525
7.875005815989447e-09,0.578267035892826,0.42173295623216817
9.297457682908447e-23,0.9999999459020963,5.4097903619889467e-08
0.999929106889142,1.0499994527644852e-26,7.089311085798256e-05
3.2025632949662453e-09,0.00928970126286818,0.9907102955345685
0.9999999999999618,9.437642901932402e-50,3.8209573783101523e-14
0.999999969732408,9.379844939372146e-35,3.026759189626816e-08
0.9999999658054181,5.665388316805283e-34,3.419458208374364e-08
2.2533014410786957e-24,0.9999999998798359,1.20164086421504e-10
0.9847831187960557,6.366127153499756e-20,0.015216881203944214
6.035013057680492e-06,1.3768183684071685e-07,0.9999938273051054
1.3267361561329096e-05,0.0004600426543586566,0.9995266899840801
1.4518020902697643e-08,0.00011488778650574122,0.9998850976954734
0.9999999998861648,1.414749870915098e-41,1.1383516404487052e-10
0.999962406587427,1.3111920059068926e-26,3.7593412573035344e-05
9.278433205139153e-29,0.9999999999993117,6.883247110037858e-13
2.419038063171928e-17,0.9999966955740629,3.304425937164271e-06
2.01410326321218e-07,0.07388403894592459,0.926115759643749
5.527104744408851e-13,0.9978780449491933,0.002121955050253985
1.0780758945469948e-07,4.727396419280571e-05,0.9999526182282178
0.0010089723441837673,6.214594849223088e-11,0.9989910275936702
4.822560096410296e-08,0.00014103066028815997,0.9998589211141109
0.9999595031319544,1.5727733283437616e-27,4.049686804559027e-05
0.9999993297688381,1.445134684082259e-31,6.702311618185588e-07
0.9999993268521189,1.1294033485432503e-31,6.731478810711869e-07
0.9998015751455538,6.266527921060329e-25,0.0001984248544462046
3.26735956527266e-21,0.9999999691656961,3.0834304030139504e-08
0.9997957755565146,6.649370711005729e-25,0.00020422444348542943
1.2584827603033892e-07,0.08180894644126993,0.9181909277104541
2.323785618065795e-13,0.9986219667603876,0.0013780332393800818
2.3168142979284587e-08,5.832316345898338e-05,0.9999416536683979
0.99999999997893,6.432735069913395e-42,2.106996495442807e-11
7.355747880829836e-13,0.9227243077359465,0.07727569226331805
2.3725017349144462e-11,0.9911886446003856,0.008811355375889505
0.00011432446132257706,1.48705711320781e-09,0.9998856740516202
1.0420880187260953e-20,0.9999999622426646,3.77573353957003e-08
7.172284328839349e-13,0.9976807164492687,0.002319283550014043
4.5886338844785675e-12,0.994592740469502,0.005407259525909227
6.039024303513617e-09,0.0006992979627237575,0.999300695998252
0.9996522275817789,1.798471420523636e-24,0.0003477724182211809
1.096578943050358e-18,0.9999798841310434,2.0115868956614925e-05
4.617727293571704e-16,0.9999839729926948,1.602700730485138e-05
1.0962618587332577e-16,0.9999880247818161,1.1975218183919467e-05
0.9987315294592033,1.1467599723273232e-22,0.0012684705407968212
0.9999836940777044,6.5405568775041725e-28,1.63059222957091e-05
0.9999999999690956,2.149235710045432e-42,3.09043157902443e-11
6.80372372032556e-05,3.8679074029423766e-05,0.9998932836887672
1.0395222447671194e-16,0.9999943307035376,5.6692964623714715e-06
0.9721347963960376,5.365756897470812e-20,0.027865203603962486
2.8887295117231447e-16,0.9995154849948947,0.00048451500510510306
4.66135666548116e-37,1.0,1.6663406895174087e-17
2.46951740541474e-07,0.03747734340420482,0.9625224096440547
0.9999999999949121,4.1849248790277795e-43,5.087976142518701e-12
0.9999999999919784,4.171577225445562e-43,8.021632294706098e-12
0.001322409026228971,3.1687759164450254e-11,0.9986775909420833
0.9999999400519084,3.096870086544403e-34,5.994809159990652e-08
0.0003678773233097527,1.7216206316662833e-06,0.9996304010560587
1.6233891110800628e-06,8.421045270264012e-07,0.9999975345063619
4.759389054287401e-08,1.5834547657189602e-05,0.9999841178584523
0.9999999989906667,1.703862365279346e-37,1.0093333131803055e-09
0.9999997954071241,5.7852453033152206e-33,2.0459287584190293e-07
0.9878970112007606,9.429163976940052e-21,0.012102988799239543
0.9999999999999669,8.449697258861662e-50,3.306747175168966e-14
7.318305500185321e-16,0.9992109581093884,0.0007890418906108534
7.325251729828854e-06,1.2779071192830198e-08,0.9999926619691989
0.999999999999984,2.025169812453869e-50,1.608421051392726e-14
3.5743414510147024e-09,0.005396507003047237,0.9946034894226112
1.976648875997993e-06,0.003073879471151408,0.9969241438799725
5.193599790254007e-05,3.627057637070144e-09,0.9999480603750399
0.9999950261517823,7.081500952262752e-30,4.973848217856933e-06
0.999998134838422,8.328347404988425e-30,1.8651615780929194e-06
0.005287107902018815,1.6695782577685724e-12,0.9947128920963116
0.999998302223238,1.1757066363076394e-30,1.6977767619451418e-06
3.2501599096805913e-35,0.9999999999999998,1.2955586448656143e-16
1.073011415066961e-23,0.9999999990953932,9.046068832388223e-10
0.9999774804559564,1.0682216011788168e-27,2.251954404364017e-05
1.2242054679970979e-05,0.00016450878963483794,0.9998232491556852
2.2875821731695676e-05,9.901891242473504e-09,0.9999771142763771
4.2678478998154094e-26,0.9999999999802256,1.9774379387402367e-11
8.153569851003614e-07,7.586202900519439e-07,0.9999984260227249
5.3495636986533225e-09,0.005479887522755556,0.9945201071276808
0.9999992872123384,3.97408287037485e-30,7.127876616224827e-07
4.4932924566678325e-06,1.47827167235776e-07,0.999995358880376
1.4679672116547587e-09,0.8680558573003476,0.1319441412316851
1.0664699877834776e-08,0.0005711072368638714,0.9994288820984363
0.999287690866895,1.90436835430168e-23,0.0007123091331050817
9.749060085391591e-17,0.9998362760627856,0.00016372393721454247
0.9999995776485334,4.6436443347661453e-32,4.223514665581253e-07
0.000889059624854731,7.805904524762475e-11,0.9991109402970862
0.9993645589613604,2.6245521541661586e-24,0.0006354410386395963
0.0006163737950624261,1.2517111995438362e-10,0.9993836260797664
0.017619370029327945,1.0568994182537536e-12,0.9823806299696151
0.9993882292872349,7.709501210285264e-24,0.0006117707127650459
2.8483674089519933e-05,2.0638544970258645e-09,0.9999715142620559
6.77316594411146e-30,0.9999999999998661,1.338829727182733e-13
4.996947416498346e-07,2.6768940611198332e-06,0.9999968234111972
0.9999999999928124,4.09032056917615e-44,7.1875224669366905e-12
5.887064427382369e-07,3.045213619021987e-06,0.9999963660799382
4.98658621697867e-26,0.9999999999685221,3.1477951868075644e-11
1.3174397670955225e-09,0.005037576566748051,0.9949624221158122
1.1795673364685343e-07,2.5883938721733374e-05,0.9999739981045447
2.0399800185798988e-06,7.306877715917389e-07,0.9999972293322098
6.235856573235756e-22,0.9999995221411789,4.778588210742076e-07
1.0390596746754969e-05,1.49338775385491e-08,0.9999895944693756
0.0002833092395625295,3.918922263534428e-10,0.9997166903685453
0.9999595545082328,3.493680124836605e-27,4.044549176720348e-05
1.5479619153035003e-05,3.378169396779888e-08,0.9999844865991531
4.916199096888827e-11,0.9845102307511419,0.015489769199696296
1.8790345616169257e-05,4.574109686620742e-09,0.9999812050802741
2.1057265254736572e-26,0.9999999999861988,1.380107165817955e-11
1.0546766770353311e-23,0.9999999996215325,3.7846754874631434e-10
5.198454205718832e-20,0.9999999166597519,8.33402481277378e-08
0.006580754671447413,4.0116421314288e-11,0.9934192452884361
1.4104570127617479e-05,7.075698723785351e-09,0.9999858883541737
3.4009639271555244e-07,0.022451575960510933,0.9775480839430963
0.9999999999361919,4.072055157452499e-41,6.380797994829564e-11
9.774840916489859e-05,2.9248591879694767e-05,0.9998730029989554
2.4744508039873854e-09,0.658679919313417,0.34132007821213234
0.0007205884209015796,2.1390209643939625e-10,0.9992794113651964
7.171076660782329e-07,0.01449780139267944,0.9855014814996544
2.2516738953317665e-20,0.9999974145073754,2.585492624462758e-06
0.9999999999564919,5.648731570864393e-42,4.350816033979017e-11
3.880103710183933e-10,0.9569824527319462,0.04301754688004349
3.7410037829514975e-22,0.9999999917445693,8.255430734194561e-09
3.0577031490347165e-27,0.9999999999931704,6.829580076428837e-12
5.360929498620357e-05,7.160760491614431e-09,0.9999463835442534
7.535441413944723e-08,3.176621232236664e-05,0.9999681584332634
7.6442548411654e-14,0.9995084028727166,0.0004915971272072163
0.9999999999833178,4.7103134977798615e-43,1.6682267919353814e-11
6.510850247283e-06,1.3846126019447853e-07,0.9999933506884925
0.00557968873946903,1.0177119372559175e-12,0.9944203112595134
9.612202142618635e-21,0.9999978087034832,2.1912965167471887e-06
4.1973395359594256e-32,0.9999999999999911,8.906450498241544e-15
0.9999999458241373,6.032423437495565e-34,5.417586259661832e-08
0.9999994544609431,5.246531411768599e-31,5.455390570196085e-07
0.9999999749388637,2.680139739789709e-34,2.506113641918295e-08
0.9999999985691608,2.456701236455889e-37,1.430839175766249e-09
1.3723621692565767e-17,0.9999970710485963,2.92895140387721e-06
9.659013651573294e-31,0.999999999999958,4.2008621965482196e-14
4.1289480562220706e-07,1.5271158656343193e-06,0.9999980599893288
7.323385515442017e-33,0.9999999999999978,2.2603450194889446e-15
4.6637970756250404e-23,0.9999999976367671,2.3632329068706958e-09
0.9999391771347388,4.759097072121394e-26,6.082286526115022e-05
0.9999999972592235,3.1051494839804067e-37,2.740776400731303e-09
0.9999558015791009,4.72700698019217e-27,4.419842089905797e-05
3.2020039825065886e-06,0.0018413690133990252,0.9981554289826183
6.430084196847085e-27,0.9999999999940081,5.991899915827718e-12
0.00011446682375972916,2.4007092342506146e-09,0.9998855307755311
1.0759676586731347e-06,0.004553879091627253,0.9954450449407141
0.9999999996739481,1.905609907388915e-39,3.2605189635463873e-10
0.9997800088625307,7.810565888559568e-25,0.00021999113746932244
5.628654335222214e-33,0.999999999999998,1.9089662109248055e-15
8.025829391946061e-08,0.2658311799928928,0.7341687397488134
0.9874555804224234,5.3503772605579835e-21,0.012544419577576448
7.22516315913766e-23,0.9999999972147173,2.7852825763440263e-09
6.93816324633869e-29,0.9999999999993912,6.089177268368753e-13
0.9999996624011146,3.692486690683974e-32,3.375988854990632e-07
4.325623211415988e-07,0.006905862883071246,0.9930937045546077
3.2103914788252314e-21,0.9999999874832238,1.2516776225469975e-08
0.9998762037436758,4.208734229185502e-25,0.0001237962563241229
0.0003159981590949901,1.3513423937795393e-06,0.9996826504985113
6.300353948075071e-18,0.999939812935763,6.018706423695351e-05
0.9987663277465972,4.948750738985591e-22,0.0012336722534026933
0.9999962765760614,3.5095587852454904e-29,3.723423938603591e-06
5.146743077940069e-28,0.9999999999993958,6.042421200951084e-13
0.9999999999999474,2.6034284013430572e-49,5.2668882673874694e-14
0.9999988438636617,1.2898798895871884e-30,1.1561363381801293e-06
0.0003066569157189077,5.120439956494093e-10,0.9996933425722372
0.9999999999698297,5.002082532120978e-42,3.017030606322121e-11
0.9999999202274056,5.173092721076292e-34,7.977259446943216e-08
0.9999999999999067,4.835044682359214e-49,9.319480359652113e-14
2.0716346782015716e-07,1.2008801459433862e-06,0.9999985919563863
1.48664469501922e-17,0.999998387201613,1.6127983869149863e-06
2.3798985524718688e-07,1.1428743143222704e-05,0.9999883332670014
0.00028641836243110843,5.014719885831771e-06,0.9997085669176831
4.5510868835775085e-35,0.9999999999999998,1.4991042576153689e-16
8.838497699589574e-23,0.9999999973358913,2.664108649274749e-09
0.00041805842818832054,6.809933781820693e-11,0.9995819415037124
6.984068084509913e-06,4.930276778949173e-08,0.9999929666291476
3.802861545814258e-07,1.7585148108815935e-06,0.9999978611990344
8.499744303567126e-29,0.9999999999997351,2.6479278332563735e-13
0.999999957723759,3.0004191189773587e-34,4.227624101938736e-08
4.035874298335284e-21,0.9999994052040774,5.947959226687077e-07
8.662341136495882e-09,0.0010019474659979542,0.9989980438716609
1.5577605683042545e-06,6.923035350856479e-07,0.9999977499358967
2.4777449601706585e-12,0.9952847083407587,0.004715291656763575
0.9999999999999714,1.1931564701650971e-49,2.854275205854797e-14
0.9997602399253936,4.1009668490517377e-25,0.00023976007460643398
6.343271386706741e-06,1.000693800371628e-07,0.9999935566592332
2.4003869058177927e-28,0.9999999999989446,1.0552690498034558e-12
1.09469435125265e-23,0.9999999994691793,5.308206596979801e-10
0.9999999999999563,1.8970261437343432e-49,4.3660918629276495e-14
5.180319749751415e-06,3.796266423630585e-08,0.999994781717586
2.4844880845218838e-06,5.210135511441585e-08,0.9999974634105603
4.34387413368072e-14,0.9990660650623745,0.0009339349375819848
0.9999539759377011,2.652284666467649e-26,4.602406229898718e-05
0.0009260896049578018,5.726163339610465e-11,0.9990739103377806
3.12361968034353e-14,0.9996822493762316,0.0003177506237370189
2.731414159080463e-06,1.3416488978260503e-07,0.9999971344209512
0.9950068546881663,2.7010564237835116e-21,0.004993145311833697
4.425958420158562e-19,0.9999992274247347,7.725752653267949e-07
3.42380416755345e-27,0.9999999998368618,1.631380735198176e-10
8.01320420114552e-10,0.01189831904113856,0.988101680157541
0.9999950575215895,4.729680930408762e-29,4.9424784105631235e-06
8.117983296215274e-19,0.9999994075540225,5.924459775132244e-07
3.333380727104475e-05,8.160985283341185e-05,0.9998850563398956
0.9996242076801829,7.088469942415824e-24,0.00037579231981716023
0.9967079292848935,9.780032967104814e-23,0.003292070715106539
2.0011342711967858e-06,5.613585149779612e-07,0.9999974375072139
4.183978471770487e-15,0.9999388784841975,6.112151579827514e-05
0.999401521405858,3.4161112782590454e-23,0.0005984785941419204
0.9999999221650137,1.840426566588842e-33,7.783498640573945e-08
0.000654520436905691,8.219255118123882e-11,0.9993454794809018
1.1031278957902387e-08,0.0006859142597483715,0.9993140747089728
5.638229227795186e-10,0.042451073097644954,0.9575489263385321
0.999981421824174,6.140884881904103e-28,1.857817582583258e-05
1.1753971408373005e-06,0.00167077133630456,0.9983280532665546
0.9999999999537417,4.395401776964429e-42,4.625839787994813e-11
4.323675875331578e-15,0.9977829038822383,0.0022170961177572454
0.9999990584195368,1.4551907795223012e-31,9.415804632315396e-07
0.9998592879998592,7.814897237370472e-26,0.00014071200014082242
6.6560781940289805e-09,0.0030461620744455862,0.9969538312694761
0.9999053278610963,2.6417411769031496e-25,9.46721389035924e-05
4.055923726718246e-05,5.79648463236072e-09,0.9999594349662481
5.897485605035901e-19,0.9999993194311989,6.805688010037878e-07
1.7882869138351434e-09,0.8311587668818431,0.16884123132987008
0.9999999999987332,4.672272989797548e-46,1.2667040167078409e-12
6.371781371868058e-22,0.9999999938963939,6.103606062204594e-09
1.396355357440659e-07,3.886314683383734e-06,0.9999959740497808
6.625673244647317e-09,0.0012321928092842937,0.9987678005650426
0.9999528827683957,8.124224776674849e-27,4.711723160430586e-05
0.00027247833701656064,4.681550102519973e-10,0.9997275211948284
2.0181865767694683e-05,5.974162135838377e-09,0.9999798121600703
5.7656404466872706e-06,7.617424201272095e-08,0.9999941581853112
1.3543809676042878e-07,1.9325972329288535e-05,0.9999805385895739
2.706015923126004e-06,1.576387973365785e-07,0.9999971363452795
2.3117016240056803e-07,6.9744250814627226e-06,0.9999927944047561
0.999965219656622,5.822012808604795e-27,3.478034337794558e-05
0.9999999997763787,3.836245268803107e-39,2.2362126789179685e-10
2.929371569033268e-07,2.2391479850404714e-06,0.9999974679148581
5.261040449864422e-09,0.0006390621662270222,0.9993609325727324
0.9999924974774501,5.578953467584889e-28,7.502522549827972e-06
0.9999999999999829,1.3977765265579543e-50,1.709514654691244e-14
0.9999999981778451,7.107204100701553e-38,1.8221549175930138e-09
1.6246615947130056e-08,0.00018497683827321305,0.9998150069151108
0.004658951515055076,3.3264649930932697e-12,0.9953410484816184
0.9988299234431649,1.623755666034964e-23,0.0011700765568350968
1.505922981860395e-36,1.0,1.3514364467237214e-17
2.3323414418593904e-20,0.9999978033873141,2.196612685898388e-06
3.7971289474398884e-10,0.020219425739457696,0.9797805738808295
3.766919772258139e-36,1.0,1.8620058280022597e-17
3.1365358038287353e-19,0.9999996271260252,3.728739748818301e-07
0.9999189388910836,1.1589361809807479e-26,8.106110891644272e-05
1.2235104868501546e-17,0.9999479200616251,5.207993837493972e-05
0.17785200272439278,3.442602134575479e-14,0.8221479972755729
4.767228054467401e-07,6.373225805552206e-06,0.9999931500513891
0.9999999999632405,2.2275429941911492e-41,3.67594404650346e-11
3.4441952887206402e-06,0.003805885914148125,0.9961906698905632
1.3518796948303964e-09,0.007593418113213325,0.9924065805349069
1.4253372583770914e-27,0.99999999992308,7.692004748716551e-11
3.163332339476844e-05,4.718116738659057e-10,0.9999683662047936
2.0265862616256717e-35,1.0,8.128088378221592e-17
0.9999999968944338,2.808937575305159e-36,3.1055662184021408e-09
8.738037849522307e-20,0.9999998771855452,1.2281445475274927e-07
5.366195449459391e-08,8.550436803005092e-05,0.9999144419700154
5.333552344068503e-31,0.9999999999999718,2.8158129719564804e-14
3.785686673302205e-05,2.211099077488137e-09,0.999962140922168
8.566503522656781e-29,0.9999999999643734,3.562658506453474e-11
1.4043916176755445e-08,0.000874508280055884,0.999125477676028
4.762211433860656e-08,0.30234592846580344,0.6976540239120823
0.0015934409881255083,8.338569302598906e-12,0.998406559003536
0.9999999999928084,3.639405400472025e-44,7.191611687755051e-12
0.9999999989036756,2.7187942499139556e-38,1.0963244664378826e-09
1.271843268926891e-05,8.305837076737439e-09,0.9999872732614735
0.9999985924403,4.7610294258918185e-31,1.4075596999170823e-06
1.915856305774849e-20,0.9999999041757276,9.582427248077841e-08
0.9999999999843905,1.967824105053906e-42,1.5609515278498968e-11
0.016871140704104136,1.1797147165091056e-12,0.9831288592947162
1.988041393229916e-22,0.999999994100409,5.899590952324721e-09
3.322927119300257e-17,0.9999921885888562,7.811411143746737e-06
3.152540899610968e-07,4.348640313366493e-06,0.9999953361055968
0.9999999934300379,5.1746118712157895e-36,6.569962179964921e-09
8.839638369348254e-05,6.3244371281392845e-09,0.9999115972918694
0.9877681411250131,4.394717567987722e-21,0.012231858874986914
4.7354461121651235e-25,0.9999999999066982,9.330171403382951e-11
1.2732651676738136e-25,0.9999999999378268,6.217323785679952e-11
4.386606436797392e-14,0.9998167030488493,0.0001832969511066949
0.9999999127897196,1.7754348731360596e-33,8.721028053691277e-08
4.170086512775561e-08,0.0009996555479279672,0.9990003027512069
5.030744301529681e-22,0.9999999911438354,8.856164633666719e-09
0.0004102829915098994,1.9335317112173292e-10,0.999589716815137
3.714299833193425e-10,0.905506124313806,0.09449387531476401
0.9999874787789408,1.029912953849197e-28,1.252122105910113e-05
3.47975637591424e-08,8.768970292733417e-05,0.9999122754995089
2.2896112408716186e-26,0.9999999999871421,1.285783199435304e-11
1.2462189209371795e-28,0.999999999999361,6.390473315007007e-13
4.7091400200572275e-24,0.9999999996297615,3.702385132190166e-10
0.9964747812959378,1.2501763130252855e-20,0.0035252187040622786
0.9999999999854787,1.937374058662241e-42,1.4521191656597147e-11
0.9999983073086225,1.9219331624584563e-30,1.6926913776509593e-06
0.0010032094986762992,1.4290742639204238e-07,0.9989966475938973
8.761052539044698e-17,0.9999871353425182,1.286465748190219e-05
0.9999999964970885,1.6826784097723282e-36,3.5029114049947307e-09
4.154509936227458e-12,0.9937342543756122,0.006265745620233292
1.6885234991894351e-09,0.7795034406891329,0.22049655762234352
0.999999749838004,7.05504275312189e-32,2.501619961262387e-07
0.9999999999997511,8.385143593664669e-48,2.4897649869080105e-13
0.9999681209968752,3.371617022119724e-27,3.1879003124861505e-05
1.6687603776577405e-16,0.9997230420139119,0.00027695798608793606
2.13704800760803e-23,0.9999999988684711,1.1315287686815126e-09
8.633723039237241e-23,0.9999999978964413,2.1035585727510312e-09
0.9999921191177723,6.825955421931063e-29,7.880882227629793e-06
7.001776538569783e-05,2.518003602385102e-05,0.9999048021985903
2.7122411732938236e-36,1.0,2.3225487770091293e-17
4.252641668727959e-20,0.9999999258536727,7.414632736664711e-08
0.99871925989122,1.0401234276384379e-22,0.0012807401087799866
1.8435749472601232e-20,0.9999999544801693,4.551983078228768e-08
2.6921924975252934e-19,0.9999886426085179,1.1357391482012848e-05
3.344240862802291e-08,0.00015644516001192348,0.9998435213975795
8.585586633800218e-10,0.8643701202020742,0.13562987893936726
0.9999999921689232,9.499952190819045e-36,7.831076778085595e-09
0.9988052702020334,7.254759891037263e-23,0.0011947297979667238
2.357066177380979e-06,6.994364968123654e-07,0.9999969434973258
0.0035872386416317247,9.720012986840845e-12,0.9964127613486482
6.03152016448167e-23,0.9999999978751744,2.1248256168238265e-09
0.0001475177076374705,1.9139590584897405e-09,0.9998524803784035
6.456310675730644e-37,1.0,1.006613344836182e-17
0.9999919545014014,1.6590719186329545e-27,8.045498598460647e-06
5.265647079342263e-24,0.9999999916924173,8.307582877155065e-09
0.00024275546429464815,2.78481255958871e-10,0.999757244257224
2.860522629039074e-05,4.519066460438841e-09,0.9999713902546431
7.948327148912438e-18,0.999997510380722,2.4896192779697725e-06
9.014944633478559e-07,2.824298474669798e-07,0.9999988160756891
4.268382428136019e-15,0.9998963061125623,0.00010369388743347643
7.957670582595412e-20,0.9999999116916747,8.830832530581778e-08
0.9999999876559785,3.2589677957322405e-35,1.2344021367681691e-08
1.7147614897690546e-36,1.0,1.7506351773761302e-17
1.5945943288639357e-07,1.0044571386822885e-05,0.9999897959691803
0.9981531671811331,1.4420685156383692e-22,0.0018468328188668694
0.9999669014451172,7.371145932605133e-28,3.3098554882788765e-05
1.1076563143934869e-15,0.9999514591964711,4.8540803527865704e-05
0.00794162024685002,1.4619202291467752e-12,0.992058379751688
0.9999999999693954,2.8206983947425077e-42,3.0604696770480645e-11
0.9996005538446743,5.658332259667536e-25,0.0003994461553256033
2.710037286314356e-15,0.9999570215722391,4.2978427758120626e-05
0.9999999999183249,1.5761677701573198e-41,8.167503931295696e-11
3.200610302150608e-06,0.0003355466583453826,0.9996612527313523
3.2054195235072456e-35,1.0,7.510569265078244e-17
1.1127820030715105e-05,2.4251806892428972e-08,0.9999888479281624
0.999982949834516,2.5326166741199253e-27,1.7050165484146705e-05
0.975246862420067,1.6318576576614292e-19,0.02475313757993292
1.4724453156584698e-09,0.013885615118664624,0.98611438340889
7.517324445392213e-25,0.9999999919458132,8.054186766873487e-09
0.0017425194369526424,2.0457142075595454e-07,0.9982572759916265
1.3147904349897526e-07,0.0747352866522498,0.9252645818687067
7.897897334677389e-19,0.9999996048775956,3.95122404382878e-07
0.9999812933494693,2.409550455424093e-28,1.8706650530653156e-05
0.9999999999953577,1.3371967943096941e-43,4.642237833306114e-12
0.9997878451259901,1.6519459124072142e-24,0.00021215487400992267
0.0013550947939846502,2.272611250424588e-07,0.9986446779448903
2.9282477116607345e-12,0.9958837046983596,0.004116295298712163
0.0003634305310391553,5.771609502795009e-11,0.9996365694112448
3.928022854068069e-26,0.9999999999667977,3.3202415426897126e-11
2.4732194722368292e-05,8.418741902254867e-09,0.9999752593865358
0.9999999999999893,1.098815293231263e-50,1.0757019497716768e-14
0.9999836630095438,1.629417469795385e-27,1.6336990456254177e-05
3.105818847330642e-07,0.05029316384329432,0.949706525574821
0.003287443539077909,4.558315419094424e-12,0.9967125564563637
0.9999999951721315,2.2393142285224195e-36,4.827868471004994e-09
0.9999999948497826,1.3596148188677327e-36,5.1502174265109885e-09
1.9406925415324092e-08,0.00027083503297930427,0.9997291455600953
1.251449928539852e-06,0.007980669154006357,0.9920180793960651
0.00038556548260086177,1.499358966831658e-10,0.9996144343674632
2.1303853863198927e-18,0.9999986899997745,1.3100002254167233e-06
1.5421570683383595e-06,2.667382355587766e-07,0.9999981911046961
0.9999999999901144,1.979194678590616e-42,9.885676675809765e-12
2.199215455707356e-09,0.0031401797627482633,0.9968598180380362
7.35337452196209e-10,0.06370613670969044,0.9362938625549722
7.916145693350549e-06,0.0018398224881981443,0.9981522613661086
8.771988241646397e-14,0.9996922363800981,0.00030776361981437876
0.9999999999997888,5.909056713753613e-48,2.112370952943192e-13
3.7810208599234314e-13,0.999180554257398,0.0008194457422239831
0.999976198400545,3.96452537209262e-28,2.380159945493891e-05
2.062718388696773e-17,0.9997803241683209,0.00021967583167917883
1.6152078304542918e-19,0.9999996969172472,3.0308275271959336e-07
2.1499160285171497e-33,0.9999999999999984,1.5447591214480659e-15
0.9999999999877223,1.1862809491105898e-42,1.2277715825447247e-11
0.9999278685604428,1.4362975004189078e-26,7.213143955721447e-05
2.6782967064512247e-13,0.970139893762329,0.029860106237403247
3.173337481918296e-13,0.9467735499549544,0.05322645004472826
0.9999929560257458,1.2925964633943404e-28,7.043974254183552e-06
0.003819136439633873,2.1667683358606e-12,0.9961808635581993
2.0943609182987574e-24,0.999999999683886,3.1611396553607217e-10
0.99990147559634,1.241361279475858e-25,9.852440365992247e-05
4.1316940228806216e-35,1.0,9.442082041772299e-17
1.0501862377449048e-32,0.9999999999999971,2.91245935727639e-15
2.5439709279513814e-07,3.140964489322554e-06,0.9999966046384179
2.4295088481035183e-25,0.9999999999525224,4.747749587494456e-11
8.498472116542193e-25,0.9999999998646509,1.3534908422476e-10
0.999999999979079,5.2161035323925023e-42,2.0921093219381664e-11
1.2824455013751166e-35,1.0,4.302493047023977e-17
1.5916940805896077e-05,4.507289056574856e-08,0.9999840379863036
0.013175359438438677,4.972883860481454e-12,0.9868246405565884
2.388078618525732e-05,0.00022662335791344532,0.9997494958559012
6.389785507316287e-17,0.9999950009321704,4.999067829538437e-06
1.1396006551836027e-15,0.9991713260982521,0.0008286739017468796
0.9999999014500208,5.6920433729813525e-33,9.8549979036807e-08
0.9999999624021662,5.116356509009304e-34,3.759783384871651e-08
0.994082066516071,5.0087933236587615e-21,0.005917933483928935
7.316693679211736e-06,4.231090469390311e-08,0.9999926409954161
0.9998161003108346,1.218420711128749e-25,0.0001838996891653573
7.778353988912793e-21,0.9999999515707815,4.842921857931541e-08
4.806350818462715e-08,4.425554221782074e-05,0.9999556963942741
1.5272360696180583e-35,1.0,8.378990056582564e-17
0.9999981600668552,4.7583492372856024e-30,1.839933144811777e-06
2.3120853282335125e-09,0.7953623063250539,0.20463769136286072
3.599585722522218e-24,0.9999999996770832,3.229168336746428e-10
2.346574484394666e-10,0.9599751271049141,0.040024872660428534
3.0217018194595375e-17,0.9999964644611371,3.535538862880494e-06
0.9999999999999643,1.055790328752638e-49,3.574048371737437e-14
0.9999995290267207,6.999064939518111e-31,4.7097327919407465e-07
0.5880368974931455,4.9699331170816425e-12,0.41196310250188467
0.9999999465207852,4.653681843685699e-34,5.34792147745457e-08
1.0731008280473734e-25,0.9999999999685896,3.14103981414937e-11
0.9999999999294489,1.0989002066049052e-40,7.055114003986039e-11
0.0026566848696443182,1.5324225984736704e-11,0.9973433151150314
0.9999999999954767,1.1247162258400592e-43,4.523215316417639e-12
4.296046188478217e-25,0.9999999998878883,1.1211161355220959e-10
7.246355971248138e-30,0.999999999999857,1.4309807380635502e-13
1.5199790500058713e-24,0.99999999986492,1.350798891639972e-10
0.9999999999992217,2.3999590713820795e-46,7.781825466434038e-13
0.9999999999999556,8.716837778509113e-50,4.4308155199673e-14
1.8735723050551816e-06,6.209415735250109e-07,0.9999975054861214
0.48050185285895547,2.5862192557162034e-15,0.5194981471410419
1.6286827942807838e-06,3.340575601715875e-07,0.9999980372596456
6.312324010742225e-14,0.9996249610106757,0.0003750389892613229
0.00017264616645985796,3.388494685206328e-10,0.9998273534946907
0.9998125174916002,3.9344143461561537e-25,0.00018748250839972324
6.881453974976733e-07,5.774713691533403e-07,0.9999987343832335
3.8508898510508165e-08,0.0001770760010415053,0.99982288549006
0.99999999997443,2.2253159501476576e-42,2.556997166406444e-11
5.228799645271243e-06,6.159841673963677e-08,0.9999947096019379
0.9999852147767692,5.419776451998524e-28,1.4785223230705698e-05
0.9999749983813048,8.127386929773335e-28,2.5001618695267185e-05
0.0008284512631945936,1.2129793285400267e-10,0.9991715486155076
2.402452896188726e-08,3.3469915832862795e-05,0.9999665060596382
2.8573973068133993e-18,0.9999573270064076,4.267299359233019e-05
0.9969321007592745,7.290469486621748e-22,0.0030678992407255096
4.535205771691427e-07,0.029272543421697206,0.9707270030577256
2.231215520595029e-15,0.9999463657828765,5.363421712138656e-05
8.486816352793028e-16,0.9999778446981376,2.2155301861557757e-05
6.5132017611875055e-25,0.9999999969852267,3.014773247374919e-09
3.15859235542348e-10,0.9160251284612253,0.08397487122291539
0.9999991483064865,2.0095167201406344e-30,8.516935134704823e-07
0.9999999999583142,2.2107207767290683e-41,4.168573544887761e-11
1.6754883434933328e-10,0.30663700667134147,0.6933629931611096
3.765058439000839e-09,0.7414783067690649,0.25852168946587684
0.9999830804631439,1.640525616458734e-27,1.6919536856124272e-05
0.9999994750057498,1.3800020339981643e-31,5.249942502518467e-07
6.990114315439721e-17,0.9995660689864665,0.00043393101353350513
4.0759806297591345e-09,0.007590046572833255,0.9924099493511861
2.462241959942466e-31,0.9999999999996381,3.619355668224529e-13
1.1110002033538624e-23,0.999999999197088,8.029119808613221e-10
0.999999999962452,4.7665464860190934e-42,3.754793262930619e-11
0.9999894169148327,3.552599847741588e-27,1.0583085167268591e-05
2.980920494480299e-19,0.9999994093240759,5.906759240216505e-07
0.004069641947673065,3.0931525332391436e-12,0.9959303580492337
0.9995073850019329,1.539613603535056e-24,0.000492614998067026
0.9999999999991891,1.0526256950868627e-46,8.109241352314027e-13
2.4482307158550544e-05,5.5151964474536335e-09,0.999975512177645
2.2473492605792617e-11,0.6565585913383308,0.3434414086391956
0.9999999999664151,7.186767769598721e-41,3.3584979090042255e-11
3.3236767692192293e-07,5.259921666824434e-06,0.9999944077106562
0.999999951000228,9.858339754469356e-34,4.899977210010005e-08
3.9727811551175816e-19,0.9999996546601286,3.45339871317279e-07
0.990648361213405,1.167949519278345e-20,0.009351638786594863
2.475837903845107e-05,1.7767814773802973e-08,0.9999752238531466
2.828944460066221e-09,0.0007111705203537862,0.9992888266507017
0.9999999999902982,4.6648519755903114e-43,9.701814112578404e-12
6.4234309780070234e-27,0.9999999999913751,8.624918128162321e-12
0.9999217831822989,1.930129189146313e-26,7.8216817701119e-05
0.9999998312026716,3.795415788657536e-32,1.6879732859153597e-07
0.9881933430522505,1.930072119836839e-20,0.01180665694774945
0.9999768825695196,4.986579635035506e-28,2.3117430480358106e-05
3.579746691204135e-06,0.0005334188196919101,0.999463001433617
0.9999999999915599,8.208764414334578e-43,8.440145976799454e-12
0.9999926164960681,4.676170460997867e-28,7.383503931797156e-06
0.9999456738710486,5.987560426746672e-27,5.432612895141514e-05
0.9999014271091473,1.7427182986384012e-26,9.857289085272365e-05
5.077038270899002e-08,0.0001741875858848598,0.9998257616437324
6.6028890557731544e-06,4.097037203263949e-08,0.9999933561405723
6.260838636142341e-05,8.21129198601878e-09,0.9999373834023465
5.1392111261635785e-08,4.442830253356597e-05,0.9999555203053551
1.067729885283551e-15,0.999968251780222,3.174821977696009e-05
5.949351967123334e-30,0.9999999999999098,9.024560028850079e-14
5.0689196003009393e-14,0.9994298433881588,0.0005701566117907007
1.2919048981365767e-05,2.1384205259803412e-08,0.9999870595668134
0.9999993313447436,3.37941527055522e-32,6.686552564199023e-07
0.02251689579554268,2.294614749629084e-09,0.9774831019098427
1.66543212605322e-07,0.11702333649217779,0.8829764969646097
9.188001111258008e-19,0.9999996224295067,3.775704933031654e-07
1.616753038103415e-35,1.0,6.693917789344896e-17
2.430570473144394e-08,5.904481294822678e-05,0.9999409308813471
3.1316147806864197e-24,0.9999999997119497,2.880502738438349e-10
1.6612965494225937e-19,0.9999996781718868,3.2182811321343346e-07
3.7436192182416776e-22,0.9999999953605181,4.639481848295241e-09
0.00033495745652602514,1.8235295147579884e-10,0.999665042361121
3.572083911023612e-26,0.9999999999809397,1.906030875503305e-11
7.951346216981448e-18,0.9999983335452647,1.6664547352693072e-06
0.9999398669005788,3.32398971136147e-26,6.013309942117851e-05
2.0051505968713424e-16,0.9999903335625598,9.666437439837849e-06
0.9999991677273165,2.0224788985478072e-30,8.3227268343268e-07
2.508003510911846e-18,0.9999986400189808,1.3599810191039095e-06
0.9999837922684464,1.6787925493380264e-27,1.620773155367499e-05
3.604207486448357e-32,0.9999999999999947,5.312540238338487e-15
1.4451621791223095e-34,0.9999999999999998,3.1542998105923897e-16
0.9999999999911764,5.632430292729804e-43,8.823642376587744e-12
3.0189713943237336e-09,0.012781741285358578,0.98721825569567
3.7244935140814497e-09,0.6535441953910909,0.34645580088441563
1.1982101823396672e-09,0.007920985602476496,0.9920790131993132
0.9999999780729214,4.952948296617814e-34,2.19270785148984e-08
2.2174981978156997e-27,0.9999999999955793,4.420717047002909e-12
1.4066517551738984e-06,1.2149275664978017e-06,0.9999973784206784
7.093850769352476e-05,3.734396217995404e-05,0.9998917175301265
0.006107312173585244,8.451663587339464e-12,0.9938926878179631
2.2916265339743896e-08,0.0002630525708605303,0.9997369245128741
2.8914359571909088e-15,0.99713886980448,0.002861130195517125
1.3518435486962752e-21,0.999999269019897,7.309801031120397e-07
0.9959602140589598,8.042595121757517e-22,0.004039785941040142
0.0022658592505069635,7.45484570928146e-12,0.9977341407420383
1.2738858141956324e-12,0.9971755661698861,0.0028244338288401284
4.8461881149206546e-26,0.9999999999769429,2.3057106637183603e-11
0.9999999999958984,4.4386921027718527e-45,4.101541921117306e-12
5.844603487949335e-17,0.9999861209467642,1.3879053235741523e-05
7.879589358123607e-21,0.9999999738643426,2.613565740565358e-08
1.3290351150353625e-06,0.018702514443758776,0.9812961565211262
0.9997780231806699,5.447654180438727e-25,0.00022197681933006983
4.921593791016781e-07,8.987558020287964e-06,0.9999905202826007
0.9999999992693496,3.9825284115226985e-39,7.306504787657463e-10
0.0005773604106737638,8.630106426413584e-11,0.9994226395030252
0.9999977897556844,1.0931456311854457e-29,2.2102443155128128e-06
0.9999988279992984,7.693305372609641e-29,1.172000701583683e-06
0.9999998573266072,3.5900903386027957e-32,1.426733927607452e-07
9.938703555768475e-06,5.3068960069492e-08,0.9999900082274841
0.9999999999564433,2.5001855225457204e-41,4.3556729994119426e-11
0.9926747362374521,2.0683724634221797e-16,0.007325263762547802
4.0265822110736806e-30,0.999999999996005,3.994970561157719e-12
0.9999999498378137,2.7766710847690455e-34,5.0162186241626924e-08
3.4919838597355167e-22,0.9999999950177088,4.982291182239165e-09
3.410804709412383e-05,2.771922433765156e-08,0.9999658642336815
0.9999999999611786,4.554412170809592e-41,3.8821405767892634e-11
2.2108795131637325e-08,0.0003911414245189527,0.999608836466686
0.998878749850874,3.0802127101315633e-22,0.001121250149125982
2.3535872550030004e-06,6.90764731380025e-08,0.9999975773362719
1.2445722110515651e-18,0.9999994921792,5.078207998832347e-07
0.9999985455763422,2.2635123544782065e-30,1.4544236577970861e-06
2.894825152725948e-09,0.7040015686269628,0.29599842847821206
0.9999999998792006,5.717933104689149e-40,1.207994263957702e-10
0.99997633306823,7.135089476462343e-28,2.3666931769990737e-05
6.567220408503401e-07,1.1346869538650958e-06,0.9999982085910052
8.759203398406995e-07,0.005179662908488615,0.9948194611711716
3.08460287772573e-23,0.9999999991703328,8.296672636931194e-10
0.9999603514928519,1.550696617572363e-26,3.9648507148065836e-05
8.996954643916257e-20,0.9999999122455278,8.775447227143302e-08
0.9999999999901601,7.997782160338451e-43,9.839833208770816e-12
0.9999999997699935,9.460461465890068e-40,2.30006366337685e-10
0.00016868510496197148,6.773874860139511e-10,0.9998313142176505
1.2159369735371506e-14,0.999873645201595,0.0001263547983926994
2.1267544661556096e-06,3.509766901929697e-07,0.9999975222688436
1.1031270128998446e-14,0.9999041363133627,9.586368662619657e-05
4.707467240984525e-09,0.005029082259846619,0.994970913032686
6.869878919217984e-15,0.999924754167287,7.524583270599574e-05
4.440257575961849e-08,7.079535905857591e-05,0.9999291602383655
0.009497482135211534,1.9866183664575e-11,0.9905025178449223
9.912968387602351e-27,0.9999999999876665,1.2333528090160716e-11
9.654825921728077e-25,0.9999999997355151,2.6448483532087564e-10
0.0014448752035339685,5.4402070730597214e-11,0.9985551247420639
1.261279581377902e-17,0.9999971533562589,2.846643741170015e-06
0.9999998317459232,4.986710388655192e-33,1.6825407672231267e-07
0.9999919779756963,5.023374539917176e-29,8.02202430385118e-06
0.9999999999386577,8.915838967314678e-42,6.134229920934979e-11
0.9999246692209841,1.5124648501200104e-26,7.533077901593603e-05
0.997282772850749,2.1005789121220614e-22,0.002717227149251112
5.013127103954859e-30,0.9999999999999074,9.260808074590982e-14
6.137481204785661e-12,0.9899376013421219,0.010062398651740509
1.4115070985686624e-08,0.40898126449201105,0.591018721392918
5.04714683030395e-06,0.0003057154597503216,0.9996892373934194
1.5164186354796552e-06,0.005554552807515359,0.9944439307738493
2.448265275588876e-36,1.0,1.917599334305749e-17
2.3747280400678984e-08,0.3349497721567516,0.6650502040959679
9.338336435897319e-05,1.3758075922257723e-09,0.9999066152598335
3.777948536049505e-30,0.9999999999999287,7.129526533378162e-14
2.6169988449352743e-21,0.9999989619932358,1.038006764253274e-06
4.157075332578868e-25,0.9999999999588647,4.113537226123462e-11
1.1180200106662648e-08,0.00011236729331098432,0.9998876215264888
4.14606907135703e-33,0.9999999999999982,1.796362886187678e-15
4.815495143665538e-17,0.9999913753406187,8.62465938142485e-06
0.9999999999870772,9.342170786012993e-44,1.2922751045120981e-11
5.064593259518422e-17,0.9999906195748458,9.38042515406631e-06
0.9999997071893387,6.646415711637342e-33,2.9281066130042327e-07
0.9999999999899547,8.90534400676804e-43,1.0045336000877234e-11
3.860796770473731e-23,0.9999999990521493,9.478506524148698e-10
6.581481961714792e-12,0.992358404778019,0.007641595215399538
0.9999999999661964,2.9780885564537343e-41,3.380372616214382e-11
0.03334119760283351,3.3212516079834406e-09,0.966658799075915
3.2213356257417366e-31,0.9999999999999782,2.1825704339007957e-14
9.396581944438612e-05,1.84043340282858e-09,0.9999060323401222
6.095856939542336e-34,0.9999999999999996,5.039991519806931e-16
5.6577400578404794e-06,7.079174818410612e-08,0.9999942714681941
0.9928031912335509,6.3324408075763735e-21,0.007196808766449167
6.61168244744133e-36,1.0,6.175760660549146e-17
0.9999999999999851,1.3422695998009422e-50,1.498696232769031e-14
4.067275420239258e-06,7.764950088474517e-07,0.9999951562295709
7.017714257460802e-06,3.247822059792691e-08,0.999992949807522
8.608398145738389e-27,0.9999999999917752,8.224715994102286e-12
8.113947334295955e-22,0.9999999952410219,4.758978042495227e-09
0.9999982854917967,1.1285029084023856e-30,1.714508203366583e-06
0.9999999999997011,9.459107293997753e-48,2.988802544595132e-13
1.616730212718791e-06,2.1075506031131822e-06,0.9999962757191841
2.964742804850796e-18,0.9999989320195563,1.0679804437296413e-06
1.1972003748402419e-18,0.9999993107237074,6.892762924844489e-07
0.9999476970612049,2.878199166011241e-26,5.2302938795212604e-05
0.9999999999948728,1.6259336084790633e-44,5.127153652516349e-12
1.483577430688624e-07,0.13209064776949464,0.8679092038727623
0.9999698145830438,7.29604800330291e-28,3.0185416956179046e-05
0.9999999999999549,1.817509008550553e-49,4.4978197839583365e-14
0.9999999999848357,2.5019692394594536e-43,1.5164389543394137e-11
0.00033842689345851915,2.6399401226553635e-10,0.9996615728425474
0.0006389254171659922,1.5533213650591309e-10,0.9993610744275019
1.7376774823029286e-23,0.9999999993713882,6.286117366228877e-10
0.0001407516512837727,1.288577621945107e-09,0.9998592470601386
9.514329969904392e-21,0.9999978322562002,2.1677437997567356e-06
0.9999989940119088,2.1892918173213152e-30,1.0059880911115113e-06
0.0009951746361119562,6.101188759424765e-11,0.9990048253028762
0.9999710550680914,8.692095094396793e-27,2.89449319086415e-05
0.9999999994269306,5.664965894061175e-39,5.730693886848838e-10
1.7100882274369978e-07,8.120511354867211e-06,0.9999917084798224
8.386906376223675e-10,0.004586954710132643,0.9954130444511767
1.1877528144412103e-05,0.00024279168209095909,0.9997453307897647
9.810734591559549e-30,0.9999999999998588,1.412173790120237e-13
0.9999949639858544,1.7775001218189228e-28,5.036014145612987e-06
3.144279826154298e-07,0.037221678556551785,0.9627780070154657
0.9991690022349329,4.6031283674949105e-23,0.0008309977650670509
0.9999784921060632,3.9786900024324735e-27,2.1507893936767955e-05
3.479430030993779e-18,0.9999987957012367,1.2042987631654208e-06
1.933849069757796e-24,0.9999999997524993,2.4750065028327635e-10
0.9999999999983582,1.7968469585204127e-45,1.641877330712783e-12
0.9999999994933533,1.2672478698621686e-38,5.066466883365731e-10
1.6181320286894798e-23,0.9999999985994659,1.4005342138119114e-09
0.999999977208266,5.745910557547308e-35,2.2791733972849224e-08
5.915449380302338e-08,6.098111912658144e-05,0.9999389597263796
0.00019934345112103397,1.323238430536853e-10,0.9998006564165551
4.270897960982025e-07,5.570480475563059e-06,0.9999940024297284
0.9999999999908573,5.39341983358245e-43,9.142746914748714e-12
5.264534614405257e-13,0.9989011942114692,0.0010988057880043094
0.9999987044722025,7.3227144445849425e-31,1.29552779762823e-06
1.0946239560096352e-08,0.0003333417340226907,0.9996666473197378
0.9999984797689773,3.4893257120078384e-30,1.5202310227792904e-06
8.164324718838141e-07,1.362631484709759e-06,0.9999978209360433
0.9999999999811837,4.829583493441973e-43,1.8816368943280617e-11
6.53358111089576e-19,0.9999937675074978,6.232492502219828e-06
2.035983300760143e-33,0.9999999999999987,1.3312315982658814e-15
0.999999999997895,4.2160757123357666e-45,2.1050828786220367e-12
1.3119618743008182e-07,0.14002601941430243,0.85997384938951
1.972848345643892e-08,4.54517114228135e-05,0.9999545285600938
0.002496361115736821,9.164935753989945e-08,0.9975035472349056
2.1868925771558382e-07,0.02981418301119216,0.9701855982995501
0.002750251755219789,3.569256569382672e-11,0.9972497482090877
1.0127937885262381e-16,0.9999922655149901,7.734485009842034e-06
3.651092176148796e-12,0.9965159909667979,0.003484009029550998
8.157717800367417e-21,0.9999999762221504,2.3777849580316054e-08
5.211186725532663e-07,0.025594098837169166,0.9744053800441582
1.3340331670744013e-20,0.9999999538213341,4.6178665758900435e-08
5.147365639256011e-11,0.983449915288911,0.016550084659615362
6.534607992136592e-07,1.0497974996355765e-06,0.9999982967417013
8.822517072925742e-17,0.9997529049716469,0.0002470950283529786
0.9999999999777289,3.2037438999921695e-42,2.2271032449972316e-11
2.610104308326674e-13,0.998358345350097,0.0016416546496419964
0.9999999998206399,4.3581836611155406e-39,1.7936010070052204e-10
3.216661174249899e-13,0.9995075992856842,0.0004924007139942796
0.9999999995837696,8.302383429973193e-40,4.162304465315513e-10
1.5575144866590706e-10,0.9620695863428276,0.037930413501420894
0.9999352696027003,5.1438509541299125e-26,6.473039729961072e-05
0.9998095536224619,1.3120640941804164e-25,0.0001904463775380313
4.569304845506264e-36,1.0,3.097610334675138e-17
6.867831601834984e-21,0.999998578862965,1.4211370350615973e-06
1.1357605244619035e-25,0.9999999999298659,7.013403365971989e-11
8.578196032686768e-20,0.9999999112140404,8.878595966667882e-08
1.5132265416071024e-05,6.249711651656154e-05,0.9999223706180673
0.00048762943523389857,1.2089662398686526e-10,0.9995123704438695
3.826695780842802e-06,1.900861406772409e-07,0.9999959832180785
0.9998794264683912,1.2028888270448196e-26,0.00012057353160867295
0.00010386189075781633,1.1621518652886634e-09,0.9998961369470903
8.347630753405824e-22,0.9999999905647098,9.435290208670141e-09
6.59147317446956e-32,0.9999999999999944,5.51990928146776e-15
0.9999999999999769,3.864182136176197e-50,2.310880920279289e-14
0.9999985083544781,2.3250041749885036e-31,1.4916455217939844e-06
0.9999974881566778,5.17091861382176e-30,2.5118433223070093e-06
6.386022504975975e-07,4.826249871162796e-07,0.9999988787727624
0.9999999999647777,5.124328667016983e-41,3.5222318024510954e-11
1.661829073313213e-06,0.00465481633562887,0.9953435218352978
8.417224086037087e-14,0.9992713716680148,0.0007286283319010848
0.0029850448567964845,4.107607615698129e-11,0.9970149551021275
1.8699873571799975e-08,0.0001402403029715198,0.999859740997155
2.7827628924264796e-09,0.0020495697849706837,0.9979504274322664
0.9999999972599205,1.5841510811637818e-36,2.740079514860046e-09
9.394958617703475e-23,0.9999999981785221,1.8214778413952946e-09
0.999999999980608,3.8390931070103e-43,1.9391978973087193e-11
5.7878649670217367e-05,4.3152464033032203e-05,0.9998989688862967
0.9999999776566617,5.304816352697028e-35,2.2343338302430797e-08
0.9837676474828516,6.6533033713863554e-21,0.01623235251714832
1.2066562094397114e-25,0.9999999999300162,6.998383901677776e-11
1.3309055174697169e-30,0.9999999999999394,6.056288426248851e-14
9.436348493739575e-22,0.9999999933537842,6.646215802091705e-09
9.234168132486534e-12,0.9935163003832463,0.006483699607519433
2.663321770285425e-36,1.0,1.8904402736363754e-17
0.9999998565972222,5.6385254540058654e-33,1.4340277768191914e-07
6.968386586774918e-08,0.11664333114380934,0.8833565991723248
0.9999999999620819,2.2140466286594406e-41,3.791800671667949e-11
0.9999998938311516,5.329961604732696e-33,1.061688484707388e-07
0.9999904242278209,2.1750533586821634e-28,9.575772179164691e-06
1.1014428417675689e-09,0.8926989614896262,0.10730103740893096
1.1556663723820971e-07,5.368707804238951e-06,0.9999945157255584
4.465753210510971e-09,0.002670886292434609,0.9973291092418123
0.9999999792540888,1.5824656479404674e-34,2.074591115280946e-08
1.3749704114442698e-08,0.6149941773449478,0.38500580890534813
6.460912471966145e-13,0.9991242606220117,0.0008757393773423229
0.9999997452682732,1.1299626550283273e-32,2.547317268404759e-07
6.36127348731212e-35,1.0,9.025542150941219e-17
0.9999999999999403,1.6344155960647458e-49,5.965475608995684e-14
2.4645663728831965e-12,0.8415090887831783,0.15849091121435707
0.9999418905076071,4.0370429132169137e-26,5.810949239292227e-05
0.9991791632701622,1.4933009827054117e-23,0.0008208367298378266
0.9999999999350897,2.1507176231597248e-41,6.491037737529925e-11
0.9998795552295692,3.7051791417573433e-25,0.00012044477043082394
3.184605046848279e-07,0.0579537998840084,0.9420458816554869
9.22455303268548e-18,0.9999983585627947,1.6414372051812473e-06
0.9999692831059639,3.687041636397044e-27,3.071689403611001e-05
0.9999992346261488,3.4065754116307274e-31,7.653738510484946e-07
1.5832965312333278e-19,0.9999997659420771,2.340579228515101e-07
5.226862858849165e-18,0.9999492292364405,5.077076355953922e-05
0.9999999999995863,8.202766194912573e-47,4.1361028180779004e-13
0.9999999999999589,1.7712137786715184e-49,4.113441878941128e-14
6.561765618283934e-28,0.9999999999971503,2.8496162430952003e-12
0.999999424968689,9.872793151753476e-31,5.750313108694519e-07
9.462983295668268e-23,0.9999999950219258,4.978074065914331e-09
1.6019366753917104e-08,0.4706961399045222,0.5293038440761111
5.616946200109361e-22,0.9999999976122858,2.38771426403875e-09
0.9999999999909379,1.3190235718129591e-43,9.061991803680214e-12
0.9999129530367206,3.9220738372914723e-26,8.704696327955205e-05
1.4256147698837287e-07,2.25146875712133e-05,0.9999773427509518
1.0889181604807733e-23,0.9999999803682608,1.963173927929282e-08
1.852328826380555e-08,0.443417542739519,0.5565824387371926
0.00045215576644827305,5.161649614032773e-10,0.9995478437173868
5.268309766551353e-19,0.9999992234818206,7.765181793235497e-07
0.9999999999990519,4.272719628096343e-46,9.480732283774466e-13
0.9996932208008591,1.0623638168216895e-24,0.0003067791991408083
6.408410966268684e-07,0.005407217354186536,0.9945921418047168
1.9780810045979142e-15,0.9974250031136428,0.00257499688635513
1.7764287717900708e-21,0.9999999927498961,7.25010375485726e-09
0.9999999999908382,7.804057784946345e-43,9.161728401609983e-12
3.968068579276018e-21,0.9999999588307255,4.1169274430766054e-08
5.644288314703957e-05,2.068345744134337e-09,0.9999435550485072
5.134517427920633e-07,1.2370319077537265e-06,0.9999982495163495
0.9999999771750995,2.2223948634339558e-35,2.2824900482388204e-08
3.411107039515162e-26,0.9999999999840354,1.5964528565516465e-11
0.00377127991324633,7.623552408891324e-08,0.9962286438512296
0.9999999354772241,1.1342303959692964e-34,6.45227759368671e-08
5.613832160946721e-10,0.8849467688645841,0.1150532305740326
0.9999977699612548,5.531953847752434e-29,2.2300387452058113e-06
2.357580448098089e-05,1.2796349937996894e-08,0.999976411399169
0.9986494494041729,5.870350179940287e-23,0.0013505505958270288
0.9999625730168031,2.4294095078442113e-27,3.7426983196743845e-05
1.005671354878153e-05,1.6060219849460735e-08,0.9999899272262315
0.9999936867875553,5.568411175775482e-30,6.313212444665544e-06
1.9063563250829278e-06,0.0023783381896801924,0.9976197554539947
9.767434734437033e-05,2.132785184167343e-09,0.9999023235198704
0.9998840601888643,2.1122006951568448e-26,0.00011593981113570404
0.9999999999999554,1.2505114952701328e-49,4.472983069164586e-14
0.9999999999901827,7.62448204130343e-43,9.817200741511256e-12
0.9999998029592676,5.8672713070008773e-33,1.9704073237575113e-07
0.18865476006607426,4.949969267653342e-14,0.8113452399338762
1.979050357177079e-08,0.4745493163578353,0.5254506638516612
0.030996137998401434,1.343049818784865e-13,0.9690038620014643
2.451091221272766e-25,0.9999999998993443,1.0065570228454153e-10
0.9999998435462323,1.6590022033714262e-33,1.564537677268536e-07
0.0003155767219390179,6.319051973526603e-10,0.9996844226461558
3.343343139135633e-10,0.9495186845299881,0.05048131513567765
0.9999999999913072,1.4665920863478914e-42,8.692726688076755e-12
0.9999999999869684,1.8950602408958845e-42,1.3031630618691975e-11
5.523497174792492e-18,0.9999993659479652,6.340520347445329e-07
0.9999991518961261,7.781018771788795e-32,8.48103873865059e-07
4.3572255963798173e-07,3.5665408121302295e-06,0.9999959977366283
0.00012650519375983886,6.252957752651984e-11,0.9998734947437105
0.9999999997347138,1.3515752408156069e-39,2.652862701832937e-10
0.9999999988012511,9.461710390686593e-38,1.1987489574669165e-09
0.9999999715624212,4.5349088239514305e-35,2.8437578890108527e-08
4.4656834811119324e-35,0.9999999999999998,1.3107155614793636e-16
0.9999999375021923,1.278116778801507e-34,6.24978077947097e-08
2.1332932171436405e-14,0.9916354126126812,0.008364587387297426
4.556345800395912e-06,3.276819106251759e-08,0.9999954108860085
0.9999999999999589,2.277953714223791e-49,4.097171385298097e-14
9.973741568103345e-33,0.9999999999999984,1.648756869049665e-15
8.255842696710196e-09,0.0004732020561235425,0.9995267896880337
0.0021649691925368707,3.135646096659192e-11,0.9978350307761066
1.1835714620290847e-28,0.9999999999993061,6.937861976723361e-13
0.9993928594306644,8.424565032948834e-25,0.0006071405693356506
1.771091820418517e-05,6.670078330255553e-05,0.9999155882984933
3.2614974174125457e-13,0.999229403206185,0.0007705967934887243
1.4230692584922577e-06,0.006545994367720723,0.9934525825630208
0.9999999999998708,3.024514584485649e-48,1.2925845839056946e-13
0.00011119871940976023,4.490054272306361e-10,0.9998888008315847
5.776904790530592e-07,4.081695737801182e-06,0.9999953406137831
0.9999999999948863,2.3855268673645206e-44,5.113675114865926e-12
6.4832694706535834e-18,0.999996813586131,3.186413868826538e-06
3.0994264255190648e-15,0.9999262972830492,7.370271694774945e-05
1.6500144780775822e-07,7.653588516062734e-06,0.9999921814100361
2.2415227551902433e-06,0.00221244585875288,0.9977853126184919
0.999999987702623,4.726175808047239e-35,1.2297376888842943e-08
3.868268597944577e-08,0.00010605405211963147,0.9998939072651943
3.3298088921297626e-08,0.0004068481411813517,0.9995931185607297
0.9999999999998082,1.1385575121865683e-47,1.9183483932994716e-13
0.002030904276319552,1.04704599953489e-11,0.9979690957132099
0.00033822734975310254,5.242922728336124e-10,0.9996617721259546
1.2830195458673575e-09,0.7880191439212886,0.2119808547956919
0.9999994555976857,4.9121841022122915e-31,5.444023144106459e-07
0.9999999959441264,1.7573890742577675e-37,4.055873584384763e-09
2.1916383021987094e-06,2.112821966251703e-07,0.9999975970795012
1.1949481873520229e-33,0.999999999999998,2.1076058495855553e-15
5.260908443802229e-07,3.465899650680147e-06,0.9999960080095048
8.37688707683779e-17,0.9999936593393206,6.340660679529932e-06
2.233847378613483e-11,0.9872564569971812,0.012743542980480312
1.3719648095011043e-07,0.19244497056116483,0.8075548922423542
1.6465935574011996e-05,5.640207364241363e-09,0.9999835284242186
0.9999999999862903,5.790075126612982e-43,1.3709712640847506e-11
0.9999992746100028,6.864117435626383e-31,7.253899972470597e-07
1.7799734714574936e-35,1.0,5.0373857862123173e-17
1.5784576191391097e-19,0.9999970416331211,2.9583668790367313e-06
1.89306659896282e-05,1.6611356499546753e-08,0.9999810527226538
0.9999998268287471,1.137270411128617e-32,1.7317125293100676e-07
0.9999999794040992,1.553490941290414e-34,2.0595900701712543e-08
0.9999996793986565,2.601440492029046e-32,3.2060134350025067e-07
0.9999769199140259,8.590960364047375e-28,2.3080085974044784e-05
0.9999728664796435,1.732239544733229e-27,2.713352035652281e-05
6.855816764007057e-07,2.729572949262087e-06,0.9999965848453745
6.088297424174553e-06,1.8768080540600145e-07,0.9999937240217703
5.08266066105589e-06,4.2636191429996994e-08,0.9999948747031475
8.814063112207625e-07,3.637219668262757e-07,0.999998754871722
2.695565940836535e-07,7.5528044877445155e-06,0.9999921776389181
0.9999998394191085,4.01622638393423e-33,1.6058089146514232e-07
0.9999999999866729,2.2219969546055526e-42,1.3327198588505147e-11
0.9999999913939687,1.696270209839609e-35,8.606031464382201e-09
1.5030235820325754e-05,1.6163855862488322e-08,0.9999849536003238
2.6624435827683563e-07,4.20124070859052e-06,0.999995532514933
6.388443416556069e-09,0.0004630193014319261,0.9995369743101247
6.451391356592252e-06,1.277118510507385e-07,0.9999934208967924
2.1522785279233416e-20,0.9999999169870231,8.301297688004571e-08
6.64892412316293e-25,0.9999999952146628,4.785337117105028e-09
0.9999999856472792,6.665123549378216e-35,1.4352720731391767e-08
0.9999999999992037,1.0367684623199478e-46,7.963212603469493e-13
0.9980476841271828,2.1044656305987533e-22,0.0019523158728172684
0.9960776598617147,2.2666509998849193e-22,0.003922340138285254
0.0008561944374051579,1.86328580682906e-11,0.9991438055439619
1.2325410388636e-14,0.9999096045323657,9.039546762184224e-05
7.122364085959753e-22,0.9999998221965843,1.7780341568308338e-07
5.905529291215554e-34,0.9999999999999998,3.0677518979862753e-16
9.380159489095538e-07,9.322737887415601e-07,0.9999981297102624
4.3834192114016496e-20,0.9999964211599782,3.578840021715131e-06
4.9086083734925656e-31,0.9999999999999498,5.012751995599214e-14
6.34539094308203e-26,0.9999999999743392,2.5660785699127996e-11
1.9016915903370867e-16,0.9999834399977499,1.6560002249895546e-05
3.243072247994703e-35,0.9999999999999998,1.12935620944193e-16
0.9988400368404868,7.555775554335963e-24,0.0011599631595131487
1.9643031595603595e-23,0.9999999994188973,5.811026445286306e-10
5.24878358455778e-06,0.00180767186023726,0.9981870793561781
0.9999948463927014,1.5658416668780007e-29,5.153607298601723e-06
0.9999995851731802,2.2808123560763963e-32,4.1482681978180433e-07
1.9081503545957153e-20,0.9999999623346122,3.7665387897978506e-08
1.558004323333072e-07,1.1658776909976926e-05,0.9999881854226578
7.911613554896109e-08,0.38168769834843597,0.6183122225354285
0.9916422042495625,2.3107770509053843e-21,0.008357795750437472
1.114462848252044e-23,0.9999999994818174,5.181826082426144e-10
0.0002640754433404318,1.3427190085315706e-10,0.9997359244223877
8.11740163390167e-16,0.9999719092092748,2.809079072418887e-05
3.2429009770043256e-28,0.9999999999987845,1.2154230916409928e-12
0.9998047484977782,1.739679685817425e-25,0.00019525150222179087
1.0495602334212332e-13,0.9995857275634161,0.0004142724364790238
2.590559207102018e-07,1.7603968620239884e-05,0.999982136975459
3.168024903003446e-34,0.9999999999999998,2.1705406647386315e-16
0.0015914768758139432,1.7806831625691098e-07,0.9984083450558698
0.9993778036741875,1.5032446039661727e-23,0.0006221963258126258
2.9154380580961116e-17,0.9999962876042717,3.712395728387249e-06
0.9991426491871159,2.234800220161372e-23,0.0008573508128840277
1.0824213443604429e-21,0.9999999933296027,6.6703973265944e-09
0.9951876101686523,2.1399102171873766e-22,0.0048123898313478285
0.9999946878223918,1.158306966363007e-28,5.312177608359889e-06
0.9972827009759219,7.185763103609588e-21,0.0027172990240780194
2.1296729420746747e-08,4.4440600411907036e-05,0.9999555381028586
2.2128959974797682e-17,0.9999015459108478,9.845408915231832e-05
0.9999999999909293,5.831770526400848e-44,9.070637227437862e-12
4.661648790659602e-36,1.0,4.186633289811439e-17
0.9999999997803273,1.0993459731916675e-39,2.196727154797886e-10
4.608869109349339e-05,2.6522232570242745e-05,0.9999273890763363
2.091154926041644e-27,0.9999999998875524,1.1244757790865536e-10
0.9997739768692964,1.5916529928018228e-25,0.00022602313070357774
1.2952987716007863e-12,0.9980764296083707,0.001923570390333872
8.781510196920842e-25,0.9999999998334754,1.6652448565322761e-10
0.9999999999746849,5.6810272605735475e-42,2.531505547527048e-11
1.752929027215093e-38,1.0,5.728273695662875e-17
2.3515151243418887e-17,0.9998730547177945,0.00012694528220545285
3.4937012344281976e-16,0.99997857855825,2.1421441749479675e-05
0.9978806537962751,3.8226289862981243e-23,0.0021193462037248645
5.02421655418778e-15,0.9999051187966883,9.488120330649453e-05
0.0003142367099610391,5.311293736859556e-10,0.9996857627589096
2.0003208618730257e-23,0.9999999990019366,9.980633771789145e-10
5.935961706020829e-08,0.00022577483893532202,0.9997741658014475
0.0004834346338493044,3.3865170826861847e-10,0.9995165650274989
9.297471345425876e-36,0.9999999999999973,2.5726916347790634e-15
3.0417729987616194e-08,0.2589106623297923,0.7410893072524777
3.934782138169771e-07,1.5697229233024784e-06,0.9999980367988629
5.793848769670233e-07,1.9782748174986477e-06,0.9999974423403055
0.9999999999175158,2.850845898596701e-41,8.24841934640938e-11
5.750672915514918e-14,0.9891678328041782,0.010832167195764396
1.474341235123291e-19,0.9999998275648645,1.7243513557065177e-07
5.208376802037773e-05,1.9820446403868615e-09,0.999947914249935
3.991230356320389e-09,0.004605969358824847,0.9953940266499449
1.476689130928848e-07,7.541416264258909e-06,0.9999923109148225
0.9999999999859865,5.841681455793305e-43,1.4013377021753397e-11
2.550911024938423e-08,4.7689451743161863e-05,0.9999522850391466
0.9999009394434506,6.622294618256607e-26,9.906055654940243e-05
3.5837233722874295e-11,0.9740798106020823,0.025920189362080556
2.6592869656245483e-08,0.0001846284833783076,0.9998153449237521
2.3468577569834535e-05,0.00012411004974506674,0.9998524213726852
7.787424360035191e-06,4.478034184535196e-08,0.9999921677952982
0.000162845247868424,1.0319709784167881e-10,0.9998371546489345
0.9999991030425547,5.529321815833774e-30,8.969574454125985e-07
0.0007075980805298094,8.014524098241065e-11,0.999292401839325
0.9999999998762943,6.420862785608578e-40,1.2370570336552826e-10
0.9999995910386565,1.859682634669937e-31,4.0896134345041213e-07
0.9937761124243951,1.5355594753431834e-22,0.006223887575604932
0.9999999743166246,1.0022807448764973e-34,2.5683375530617887e-08
0.0018738293140411367,2.2835168259052386e-11,0.9981261706631237
9.339542533235576e-08,4.2673576496910556e-05,0.9999572330280778
8.335343257117724e-10,0.008807276834773232,0.9911927223316924
1.1407616904620302e-13,0.9992918654935072,0.0007081345063786682
9.965887409801098e-09,0.6993631820675619,0.3006368079665508
0.9993452692048533,7.09605031213015e-24,0.0006547307951467117
1.1226941357341036e-34,0.999999999999994,6.03733867539927e-15
2.442558271944386e-07,2.6131414062859004e-06,0.9999971426027664
5.341937761174327e-23,0.9999999989156325,1.0843674182967234e-09
0.9999999999876983,3.85285930516293e-42,1.2301801742602815e-11
0.00046856533616907597,2.2706321139503787e-10,0.9995314344367677
2.8399804384119785e-06,7.385700427986745e-08,0.9999970861625572
6.263849946657632e-20,0.9999999244487502,7.555124973113652e-08
4.0166743509045216e-24,0.9999999997724105,2.2758955600531982e-10
0.99999999999999,9.444240779565874e-51,1.0051024934439168e-14
0.9999958162399544,2.3478255254336953e-29,4.183760045604564e-06
1.35788759930212e-05,1.0139779100104618e-07,0.9999863197262159
0.9999999998402453,9.382975648867347e-40,1.597545701740082e-10
6.58816030400156e-07,0.03087670317083079,0.9691226380131388
0.0177263819959425,5.55875589680923e-13,0.9822736180035015
0.0003036917961058338,1.0421990172648438e-10,0.9996963080996744
4.604531355043515e-30,0.9999999999998337,1.663502222184397e-13
8.31511896227285e-16,0.9993458974805927,0.0006541025194064399
1.2432246152348954e-16,0.9999899505815204,1.0049418479355687e-05
1.6346615189843e-21,0.9999999861362456,1.3863754470102355e-08
4.514330352161358e-06,1.9826788836768626e-07,0.9999952874017595
0.9999998605840329,1.9535286958276162e-33,1.394159671347029e-07
0.999999917412261,1.446677185058529e-33,8.258773887745084e-08
0.9999999999999831,2.0030345022728476e-50,1.6895796371493418e-14
1.1485057046283385e-07,3.718891117423949e-05,0.9999626962382553
5.612436284269905e-23,0.9999999989258384,1.0741616423396456e-09
0.9999999999959233,1.3490479677493112e-44,4.0766657979107145e-12
3.981269729206238e-13,0.9992154164692633,0.0007845835303387018
1.418964152650267e-26,0.9999999999837432,1.6256671155802565e-11
4.8597408092475544e-11,0.9578163340975231,0.042183665853879455
0.9986994156207966,2.220200391705562e-22,0.0013005843792034213
0.998427581512968,3.2821722181210006e-23,0.0015724184870320732
0.9999994580640202,1.2092978636024652e-31,5.419359798125514e-07
0.9978650458329504,6.7132913321588755e-22,0.0021349541670494477
2.291552810325432e-11,0.9897355377223018,0.01026446225478254
1.3695908510729031e-14,0.9999138926304916,8.610736949469486e-05
0.9999999999835305,6.344308451548862e-43,1.6469450931144603e-11
3.665874034609602e-05,5.043819363722745e-05,0.9999129030660167
3.327650638309409e-30,0.9999999999999059,9.414114260466742e-14
1.0964724903556454e-09,0.8576933138763186,0.1423066850272089
0.0002065551510325778,1.3006290959929422e-10,0.9997934447189045
6.73893079804573e-07,0.005876016839454942,0.9941233092674652
0.9999995937455594,7.623889132493277e-32,4.062544407698512e-07
1.1522811993232296e-08,0.6329367185465288,0.3670632699306593
0.9971419668728188,6.220516280035899e-22,0.0028580331271811452
0.9998603410562196,3.5397705962306193e-25,0.00013965894378036568
1.010364682735495e-30,0.9999999999999512,4.8868754421706405e-14
2.8440751742287545e-17,0.999995825151559,4.174848440910998e-06
0.121341810287164,1.8364609912162427e-14,0.8786581897128177
9.685491696863776e-36,1.0,3.203593904243008e-17
2.412101692584332e-05,1.4135041234200378e-05,0.99996174394184
1.498693523853152e-32,0.9999999999999964,3.4593366573980765e-15
0.9993883193708214,1.8826694355127603e-23,0.0006116806291785179
0.9999999037264206,7.479499898439548e-34,9.627357935306956e-08
4.3196534787606426e-24,0.9999999996275459,3.724541659836402e-10
0.9999999999999192,1.2607859122075087e-48,8.08427521789807e-14
1.8418089105235478e-08,0.48188201407690323,0.5181179675050077
0.0002641481970064147,4.983539888575609e-10,0.9997358513046395
0.999999852711898,1.1921217906146972e-33,1.472881019013977e-07
3.634495646751997e-33,0.9999999999999982,1.7327773547845986e-15
1.9075316843635255e-08,0.00047310759277511454,0.9995268733319079
6.426874633698976e-08,1.65322593891803e-05,0.9999834034718645
2.5744743366775423e-12,0.9940368306644779,0.0059631693329477015
0.9578027477505282,2.7594988937448607e-19,0.042197252249471795
1.3385517255869981e-20,0.9999999415649766,5.843502340556236e-08
9.58767483055308e-06,7.886482136373746e-09,0.9999904044386874
3.647436178593398e-35,0.9999999999999998,1.3933238695236485e-16
6.670597750278203e-10,0.029578766594762503,0.9704212327381777
0.000385843825960962,7.855641938530518e-11,0.9996141560954825
0.0006963776841913975,1.1562052204637954e-10,0.9993036222001882
0.9846153801649353,2.782209276204502e-20,0.015384619835064733
5.0562110784245934e-05,1.0386033986214503e-09,0.9999494368506124
1.679198391389614e-11,0.6051567313666534,0.3948432686165545
0.9999999994926223,8.177121551426397e-39,5.073777553466807e-10
9.658752394678552e-26,0.9999999999667848,3.321513523363158e-11
3.549240492905907e-12,0.7904907584261179,0.20950924157033277
1.0265612569252895e-13,0.9998357496617125,0.00016425033818496333
5.1472854243708183e-17,0.9999879268644648,1.207313553523361e-05
1.0207015890691273e-07,2.6592013407621034e-05,0.9999733059164335
0.9999999968896425,5.268719964715299e-37,3.1103574942506212e-09
0.9999999997973743,2.4734153657942082e-39,2.0262574776564578e-10
0.9997004669643161,1.0796728972922353e-24,0.0002995330356838283
0.9999999999022591,7.617298648104788e-41,9.774103719228354e-11
0.9999999999760412,4.3152338948176705e-43,2.3958819339527993e-11
3.3914512093019276e-23,0.9999999988686714,1.1313285267598261e-09
5.735239027962629e-14,0.9998671884893914,0.00013281151055143277
0.00037686668806247647,2.7095714712600326e-11,0.9996231332848418
0.9999999999999918,1.736422428839119e-50,8.133230305261338e-15
8.021874054911587e-11,0.9689325696270356,0.03106743029274557
4.103141508181513e-06,0.0009669320887581064,0.9990289647697338
2.6812814752434315e-19,0.9999998334152647,1.665847352551206e-07
0.9999999999987861,9.096343049491764e-46,1.2138072740755832e-12
0.0037730630298875158,5.257510012378068e-12,0.996226936964855
0.999999991233156,4.4138526312415015e-36,8.766844129871805e-09
0.9999892752804771,2.7422274754500327e-28,1.072471952294341e-05
3.63785708643764e-12,0.9951895816808929,0.00481041831546912
0.9999999999999329,6.5882135021869775e-49,6.698506876691879e-14
1.5032216888316753e-16,0.9996668092765568,0.00033319072344290614
0.999999999978026,1.0385953911737268e-41,2.197407896918945e-11
6.154120844364235e-14,0.9996889670057901,0.00031103299414836306
0.9999999999999556,2.2765474936905373e-49,4.439928568970616e-14
0.9999795021033382,1.7860365425042392e-27,2.0497896661808144e-05
0.9995331610105441,2.2224162660232414e-24,0.00046683898945580935
0.9999999999232416,5.488910882639295e-42,7.675832066445708e-11
8.998827934603978e-18,0.999997761988086,2.2380119140583777e-06
0.9999999999945064,1.931264585232775e-44,5.49370393438278e-12
5.635831014979038e-22,0.9999999945316962,5.468303880987944e-09
3.2068142600002083e-07,1.679829140669886e-05,0.9999828810271674
2.634114239524102e-17,0.9999963226561215,3.677343878626657e-06
0.00036384380267030883,8.222285294775353e-11,0.9996361561151069
2.3707312461023826e-07,3.10245010764335e-06,0.9999966604767676
4.957140827702598e-05,1.398333901594686e-09,0.999950427193389
0.9999999390626481,4.769976979011504e-34,6.093735181992199e-08
0.0002285185396508858,1.6159840588088702e-09,0.999771479844365
1.0002914116585728e-09,0.9605357368090984,0.03946426219061022
5.307182584097134e-32,0.9999999999999936,6.467280512008404e-15
0.9999999317077544,7.557594052978915e-34,6.829224566204666e-08
4.547035280394478e-16,0.9999724310319463,2.7568968053321824e-05
0.9999999940375763,1.1644736524088435e-36,5.962423596721285e-09
0.9999998609506073,3.000943281566452e-32,1.390493926170452e-07
1.339789381544686e-07,2.420719418173028e-05,0.9999756588268802
4.317149573899485e-27,0.9999999999952571,4.74287647542726e-12
2.393858850842826e-10,0.10127398540985617,0.898726014350758
0.9999999999999243,2.6867213694739304e-49,7.56993043558877e-14
3.952220828920781e-12,0.7694124313047397,0.23058756869130795
9.420388243775621e-22,0.9999997987856349,2.0121436505939728e-07
2.5033557873844123e-09,0.8268518679961443,0.17314812950049988
0.9999092023577345,5.699817036654641e-26,9.079764226559389e-05
2.9116567042556692e-05,1.3406174064138958e-08,0.9999708700267833
4.482502337431877e-18,0.9999980083744735,1.9916255265306142e-06
2.4675844556088413e-09,0.02264313746664757,0.9773568600657679
0.9995039947017837,3.9886325056882676e-24,0.0004960052982162991
0.0001722860664138471,5.879572318945671e-10,0.9998277133456289
0.9961830808924661,3.9715410832172395e-22,0.003816919107533881
0.9999999999662099,1.64034500808901e-42,3.3789979967296725e-11
0.9999906833474985,2.1614060928364986e-28,9.316652501552174e-06
2.6635463765300407e-17,0.9998686026806402,0.00013139731935974866
7.392063639387245e-19,0.9999991876323235,8.123676763381057e-07
1.429545845641755e-25,0.9999999999459321,5.406792712185407e-11
1.1533714295785163e-33,0.9999999999999996,5.408349383484009e-16
3.171759174117908e-28,0.9999999999981242,1.875745074555283e-12
0.9999985833513251,2.3381898433780815e-30,1.416648674977167e-06
7.061573674947935e-05,5.935006450315664e-06,0.9999234492568002
0.9999992832138676,2.643463269516293e-31,7.167861323866223e-07
8.054567478784104e-09,0.591027504278217,0.4089724876672155
0.010355879904536349,7.846953806249314e-13,0.989644120094679
1.3970678643409186e-08,0.0002565473058775104,0.9997434387234438
0.9999999982864616,3.616790698246895e-37,1.7135384294072638e-09
0.00036110167800355424,6.879034192962132e-11,0.9996388982532061
2.1603875255284367e-09,0.8209351526180244,0.17906484522158797
0.9998458862721241,1.0643311460377968e-24,0.00015411372787602475
0.9999999999433236,3.017563367172097e-41,5.6676343552292017e-11
1.928380793910403e-08,0.5139317017940094,0.4860682789221827
2.0259031653448795e-06,0.0019581681819456414,0.9980398059148889
1.730890442824115e-05,6.6322224947797716e-09,0.9999826844633493
2.7965110641733894e-08,0.49188178262903015,0.5081181894058592
2.641326009652692e-32,0.9999999999999953,4.634215004276569e-15
0.003101785822280513,4.060008715654488e-12,0.9968982141736595
1.2781126691608351e-07,0.10250268876832677,0.8974971834204064
1.5559962165887088e-12,0.9957561568411699,0.004243843157274106
2.3424656096538864e-13,0.998976429637597,0.001023570362168716
0.2606087823039617,5.629037231173178e-10,0.7393912171331346
0.00018850923644764825,6.502869530861084e-10,0.9998114901132654
0.9999983126177994,2.4827148844073968e-30,1.687382200709858e-06
0.9999997130297211,6.116394494352805e-32,2.8697027896222555e-07
0.9999219813939565,9.775650889891067e-27,7.801860604351015e-05
0.9986718700654631,2.5118447952015172e-23,0.0013281299345368643
0.9999999999905276,8.592832442940454e-44,9.472332069766784e-12
0.9999999999720464,1.6877543568742267e-41,2.7953626260198648e-11
0.9999931858841477,9.862363117923206e-29,6.814115852424574e-06
4.607757040355161e-07,1.1852450123017027e-06,0.9999983539792836
6.1983932413570635e-09,0.0007504508670002448,0.9992495429346064
1.2173205896783823e-20,0.999999957506466,4.2493533936996584e-08
2.0383520215513573e-16,0.9999858947781416,1.4105221858084262e-05
0.9999938795179666,1.4226602675378528e-29,6.1204820333972886e-06
1.327240792142312e-07,4.286479336376551e-06,0.9999955807965843
7.115509067904505e-07,8.633656880356465e-06,0.9999906547922128
3.26217504884433e-16,0.9999791762191983,2.0823780801433305e-05
1.5953178233901028e-10,0.9689634024215196,0.031036597418948757
0.9999968578872712,1.9809075486878304e-29,3.1421127288155097e-06
6.733106206909982e-07,2.87684765382064e-06,0.9999964498417255
4.867694147966319e-18,0.999968256691829,3.1743308171035156e-05
2.5828816611214037e-27,0.9999999999948834,5.116678092086854e-12
8.005348208515452e-08,0.2905035659185159,0.709496354028002
0.9999966004817051,5.212978131161349e-30,3.3995182948887056e-06
0.9731579421180951,4.0635913090838273e-20,0.026842057881904823
6.585436272741455e-10,0.04872364708594847,0.951276352255508
2.2463026842356178e-07,0.03398996884424027,0.9660098065254914
0.9999993648170649,1.0233004820655626e-30,6.351829351826975e-07
6.563965577906856e-14,0.9995228413466282,0.0004771586533061299
2.9809065106928864e-28,0.9999999999989044,1.0955866893804462e-12
6.705342430246825e-05,1.8070871522846188e-09,0.9999329447686104
0.9999999999999842,3.3809607898874246e-50,1.5866243921080096e-14
9.443009239604867e-06,6.923463227676001e-08,0.9999904877561281
8.724606234836261e-19,0.9999861567158339,1.3843284166139947e-05
0.9999977006006443,9.191123498801165e-30,2.299399355634285e-06
0.9999999999999807,9.251058257598638e-50,1.9421255665666286e-14
2.5048461621479558e-05,0.00010804673939496201,0.9998669047989837
5.486570274873469e-05,1.6317842887602647e-05,0.9999288164543637
8.941370904338743e-26,0.9999999999566407,4.335941995139465e-11
0.9999999946120586,2.523030259994977e-36,5.387941358188943e-09
0.9999973727750858,2.524776911526923e-29,2.6272249141962977e-06
0.00010066548657087284,2.778098871193987e-09,0.9998993317353303
0.9999999999700333,2.4908493311859784e-42,2.99665858986058e-11
0.0005012609739101282,2.728250595269853e-07,0.9994984662010304
6.106173352307112e-06,1.4579684011065233e-07,0.9999937480298076
0.9632364903328974,1.737307562234405e-19,0.036763509667102665
2.2808329162473372e-07,1.4735323205924984e-06,0.9999982983843878
0.9999790260191709,2.045597596805693e-27,2.0973980829100072e-05
0.0011548263825533322,2.594697410678944e-11,0.9988451735914997
6.53277883657653e-32,0.9999999999999947,5.27339502084666e-15
6.173424479790967e-07,7.830839216865281e-07,0.9999985995736304
0.9999999993387976,5.474406117900434e-38,6.612023650127552e-10
0.0026059721664913474,1.108782492493318e-11,0.9973940278224209
2.562601810473594e-19,0.9999998240338565,1.7596614355612403e-07
4.174667311046405e-06,2.8677622372075523e-08,0.9999957966550667
0.9999999964895818,8.992481916388578e-37,3.510418247413382e-09
1.252566093181735e-35,1.0,4.9865574561978036e-17
7.872586080610348e-06,1.8634198942567332e-08,0.9999921087797204
4.188857968210721e-25,0.9999999998379057,1.6209428240019203e-10
3.2073873823288715e-25,0.9999999998424955,1.5750442665482125e-10
0.9992987577986359,1.1901434422673449e-23,0.000701242201364036
1.9955006502847808e-13,0.9990101312825987,0.0009898687172016027
1.5144383490946989e-07,3.081357473342605e-06,0.9999967671986919
0.00010960417384597419,2.0240590177689656e-09,0.9998903938020951
6.081907819920999e-09,0.0028135428339297257,0.9971864510841625
7.521783862170164e-20,0.9999947204657592,5.279534240688304e-06
0.00032745388423251036,8.377404671096969e-11,0.9996725460319934
0.9999895903316841,2.2494977239436797e-28,1.0409668315905368e-05
0.9999999999693874,8.610510305734055e-42,3.06126614107123e-11
1.5693955043618059e-13,0.967195980922804,0.03280401907703896
0.9997091785321383,4.27998407631641e-25,0.0002908214678617941
1.4587148860363594e-08,0.6807944101233774,0.31920557528947374
0.9999999611906372,1.226119375894373e-34,3.880936287139929e-08
0.9999999999999654,9.445484587251699e-50,3.471620060675156e-14
3.308210360800132e-22,0.9999999960418371,3.958162881871888e-09
0.9999925232487599,5.4517351440648e-28,7.476751240137175e-06
0.9999999999996392,9.09309769376725e-47,3.6076929298468424e-13
1.9820071858355996e-05,5.0114110130748135e-09,0.9999801749167306
6.168540320849626e-24,0.999999999564193,4.358069963455e-10
7.563096940376811e-05,2.8990412070576777e-10,0.9999243687406922
0.9999999951399348,1.7850486348866545e-37,4.860065260283417e-09
7.514640200600498e-20,0.9999998186615779,1.8133842210231896e-07
0.9995047042819932,1.724894690703226e-24,0.0004952957180067673
3.0644724808964216e-28,0.9999999999982474,1.7526698967162777e-12
1.529160350230078e-09,0.007851596281615901,0.9921484021892237
1.1862678891205242e-18,0.9999743252286485,2.5674771351472717e-05
2.411521721747199e-07,0.048791715545272146,0.9512080433025557
2.5332611413272415e-08,0.30925011216385034,0.6907498625035382
1.8396710766102926e-09,0.879499587838692,0.1205004103216369
4.317631290008653e-06,0.0008373254647800603,0.9991583569039301
4.964567146501186e-10,0.016032423596281802,0.9839675759072616
2.5755019862152542e-15,0.9999566416034363,4.3358396561036166e-05
2.1190073455927195e-34,0.9999999999999998,3.2050123497664524e-16
1.777962705114209e-23,0.9999999615876883,3.841231167928072e-08
5.093208315213342e-25,0.9999999999304847,6.951537705855843e-11
0.9999999999020088,2.1754571124069446e-41,9.799123918164678e-11
4.146885475105439e-06,0.003441965834270886,0.996553887280254
1.0395095160102355e-26,0.9999999999876243,1.2375559130736588e-11
0.000644068736262921,2.0142304695453392e-11,0.9993559312435948
7.224295633799958e-34,0.9999999999999993,5.927806944228929e-16
2.0022689351312454e-16,0.999990922965816,9.07703418369844e-06
0.9999999999144078,2.4645929755938226e-40,8.559229114980053e-11
0.9999999999923201,9.345971695552633e-43,7.679957224261257e-12
1.0485801863258836e-07,2.6347979881850418e-05,0.9999735471620994
4.4132629769147145e-12,0.8726336123201118,0.12736638767547492
1.4855107794816254e-22,0.9999999968969513,3.103048743187028e-09
0.99999999545615,8.000840322315963e-36,4.543849835284962e-09
1.2448931781394552e-18,0.9999990912945262,9.087054737783764e-07
1.180020353221401e-27,0.9999999999984222,1.5777946116065837e-12
0.9999965187737077,6.867552954581648e-29,3.4812262923109673e-06
6.056100930735813e-19,0.9999993994153792,6.005846208048363e-07
0.999994898161446,1.6715137724701682e-29,5.101838553951394e-06
0.0006309861243579509,5.050240484110444e-11,0.9993690138251397
0.9999970185523264,4.272481571341569e-30,2.981447673674236e-06
2.156821951990526e-16,0.9999908112448859,9.188755113866872e-06
2.1254785965418044e-05,4.8987802206268644e-09,0.9999787403152542
1.8133952517461057e-06,0.0025023054017583733,0.9974958812029898
0.024060148793742946,2.5486026061867214e-13,0.9759398512060021
0.9999999998692384,1.4259979750178862e-40,1.3076161810324508e-10
9.337101700435559e-19,0.999999021514101,9.78485899058354e-07
0.9999999999042923,2.8937429179330783e-41,9.570768554523318e-11
6.645139196940759e-19,0.9999992663476616,7.336523383309418e-07
5.248563834729095e-33,0.999999999999998,1.952244509103538e-15
1.475058804185052e-14,0.9999084672172116,9.153278277364062e-05
1.201028134108881e-05,4.540355054953359e-09,0.9999879851783038
4.8251805274919584e-33,0.9999999999999982,1.7951686784203334e-15
5.129213546256282e-13,0.9488761383456011,0.05112386165388601
0.9999999999999536,1.820589975350701e-49,4.646228266734258e-14
4.926464101705702e-13,0.9985191490211924,0.0014808509783148913
8.934781649175218e-06,2.091364603084069e-07,0.9999908560818904
1.4693557886665437e-19,0.9999998579239162,1.4207608372104518e-07
2.576230216046284e-13,0.957567724230925,0.042432275768817404
4.352948668627036e-24,0.9999999993755144,6.244855496441788e-10
0.9999997058356475,6.921548608441358e-32,2.941643525558554e-07
3.790109883162035e-08,0.238808775297038,0.7611911868018632
0.0015793920364818898,5.6904811701660664e-12,0.9984206079578277
0.999999999999206,9.846080258929474e-47,7.939713407192246e-13
5.573268627627032e-05,3.896594172666093e-05,0.9999053013719971
1.8679374467226073e-27,0.9999999999962437,3.756274618288062e-12
0.999976152220931,5.201138912412993e-27,2.3847779069158954e-05
0.00010448261371366582,1.9557741883893962e-09,0.9998955154305121
1.5427130250684554e-16,0.9995185299740971,0.0004814700259026629
0.001622875869702765,2.7106776699851942e-11,0.9983771241031903
0.9828539709602718,3.4978867465610587e-20,0.01714602903972809
1.1461539328237061e-17,0.9999989227177709,1.077282229087983e-06
1.6291748887225291e-12,0.9945756879332204,0.005424312065150475
0.9999999997260913,6.604904455976791e-40,2.7390862020477827e-10
0.0002695677902383509,1.102181688425362e-06,0.9997293300280733
0.9999630355121238,6.1744940951073805e-28,3.696448787607789e-05
3.833381713092343e-09,0.0005782198172145042,0.9994217763494039
0.9994969057096554,3.846704986375671e-24,0.0005030942903446368
2.0306386067313687e-32,0.9999999999999973,2.5590072446706275e-15
5.6659911130142335e-18,0.9999975798306354,2.4201693644780755e-06
6.778177518761701e-09,0.0006833044986471988,0.9993166887231753
1.6819359971837027e-13,0.9995182725888606,0.0004817274109711438
5.1389349483297514e-17,0.9997791384383858,0.00022086156161402263
0.9999983873271475,4.7965070749192975e-30,1.612672852398431e-06
0.0035869849932443788,4.573583000410832e-12,0.9964130150021819
0.9999990424009406,3.364122968929312e-30,9.575990594988287e-07
0.9999999999942581,3.799088156219058e-43,5.7419221869801245e-12
0.9980776897328895,6.466685919352181e-23,0.0019223102671106014
2.0966088479647652e-10,0.9567482297332797,0.043251770057059574
0.00024403958070132295,2.4430365283201368e-11,0.9997559603948684
1.0753522975649905e-07,8.888215352148553e-05,0.9999110103112488
4.164991540547171e-18,0.9999985249941046,1.475005895473951e-06
9.984292951335734e-29,0.9999999999993345,6.65465207389817e-13
1.66335748921692e-11,0.9843458165838095,0.015654183399556976
0.9994802897229784,8.639249543082465e-23,0.000519710277021657
8.600187312941144e-06,1.1817058748442512e-08,0.9999913879956283
0.00010218928621919604,1.5423534562781507e-09,0.9998978091714275
0.9999999898630364,3.545304899479882e-35,1.013696356487874e-08
2.242204492698466e-06,2.6555315698079825e-07,0.9999974922423503
6.007653313946485e-08,0.22310995682936446,0.7768899830941023
0.9998015485105558,6.93434713212502e-25,0.00019845148944412278
0.9982034475656312,3.8130155445509965e-22,0.0017965524343688242
1.1731884573137177e-06,3.7975256508003094e-07,0.9999984470589776
7.644825379495318e-06,7.098397742701635e-09,0.9999923480762228
2.783213595289638e-18,0.9999978877459949,2.112254005190942e-06
0.9787693392802553,9.831348691017952e-21,0.02123066071974455
3.9310509702303864e-10,0.9469001890331564,0.05309981057373845
0.9999641468638008,2.3443575797318424e-26,3.585313619928942e-05
1.0182774509571922e-28,0.9999999999994056,5.943870014453678e-13
2.1080127674275607e-09,0.86602845781022,0.13397154008176723
0.9999999999966995,1.122050898953899e-44,3.3003763650305794e-12
2.2418494596235533e-06,2.0133208978068893e-07,0.9999975568184506
8.145261035526913e-30,0.9999999999998213,1.7872598067036802e-13
4.6278114968931483e-07,1.6086410793489924e-06,0.9999979285777709
4.622113974818878e-06,0.00048041722070449723,0.9995149606653206
1.4762014901003026e-05,1.1564648037967643e-08,0.999985226420451
6.102874148063032e-12,0.593938392325897,0.4060616076680001
0.9923824878121753,1.9486441767334033e-21,0.0076175121878247236
2.5688309922737185e-21,0.9999999811164358,1.8883564224899138e-08
0.9999936473005884,1.119974151816343e-28,6.352699411541568e-06
7.943618279295687e-07,0.01998248776843028,0.9800167178697418
4.619514245646109e-24,0.9999999965813866,3.418613309234955e-09
8.614371819633824e-19,0.999999237845896,7.621541040293475e-07
4.961590809448606e-08,0.20736981380026065,0.7926301365838313
3.918670132812615e-08,5.01809832760722e-05,0.9999497798300226
1.150840095017436e-16,0.9997962306607688,0.00020376933923098978
0.9999999990730111,2.4296300826177533e-39,9.269890169039837e-10
6.642842082041829e-29,0.9999999999995839,4.160383977089511e-13
2.3719209847849022e-05,2.6952518580998493e-09,0.9999762780949003
1.5902163950911649e-21,0.9999999885468637,1.1453136369243367e-08
3.737383444138879e-24,0.9999999996229458,3.7705416088147755e-10
0.9843119475983808,3.138690143336887e-20,0.015688052401619267
0.9999989752418815,2.6831436359413917e-31,1.0247581186089646e-06
8.285027957025425e-30,0.9999999999997202,2.798185901428937e-13
0.00020809612223724618,7.069210479908485e-10,0.9997919031708417
0.006484403496962437,7.164221322342518e-12,0.9935155964958734
5.374188341232399e-10,0.8292128504813826,0.1707871489811986
0.9999998527861907,1.3206519051397328e-33,1.4721380915684383e-07
5.14504369950802e-28,0.9999999999964329,3.5670929039349955e-12
0.9999999999750406,1.046395007399861e-41,2.4959391958385605e-11
0.0005866066605606169,1.2770588437185491e-11,0.9994133933266688
0.00011307005753367281,8.308690635669706e-06,0.9998786212518306
9.69518663214005e-14,0.9993371104442839,0.0006628895556193018
3.610019838379155e-07,0.03738567504168652,0.9626139639563296
0.9999940102703968,2.6276767656366354e-29,5.989729603187931e-06
9.969981542618503e-24,0.9999999994285689,5.714311056645265e-10
0.9999999925553029,1.6490720000455472e-35,7.444697095849853e-09
1.388429807371675e-05,1.5404597899672152e-08,0.9999861002973284
4.877632077870106e-06,0.0004648055865443946,0.9995303167813776
1.101027484479693e-28,0.9999999999992446,7.554134519180421e-13
2.7071771247525556e-05,6.204059651606162e-09,0.9999729220246929
0.09199586384129765,3.994157720019455e-10,0.9080041357592865
3.8427672784719397e-13,0.9757950827525906,0.02420491724702501
0.9999866857227754,2.776184556825272e-28,1.3314277224526936e-05
1.2170583078152803e-07,0.06639711036183177,0.9336027679323374
0.0010372266836829766,2.865010543372223e-11,0.9989627732876669
2.9076978364671125e-08,5.946358935612558e-05,0.9999405073336656
0.9999979205078873,2.931656981138444e-30,2.07949211272918e-06
1.433888942357174e-07,4.91377541060028e-05,0.9999507188569998
2.2395665871144915e-36,1.0,1.5849987910459117e-17
1.1847170218080076e-27,0.9999999999956557,4.344238208503196e-12
1.3796842097421793e-19,0.9999998686669981,1.3133300190523005e-07
0.0007306574811398172,2.1803019213313588e-11,0.999269342497057
0.9999786710128977,2.0631090815923875e-27,2.132898710227872e-05
6.665862416850956e-11,0.9553348292566118,0.044665170676729565
0.99999999881072,2.9238486857809567e-38,1.1892800004202878e-09
1.4465985926772575e-05,1.9275725425763912e-08,0.9999855147383477
0.00023532947497058594,6.66065726667802e-10,0.9997646698589637
0.9920348263740898,1.3092825733126115e-20,0.007965173625910258
0.0012342206297275974,2.6098455106725695e-07,0.9987655183857214
2.2573132707542293e-25,0.9999999999159326,8.406742941112063e-11
1.8501369677805487e-07,9.353934279243717e-06,0.9999904610520239
4.895647914462632e-16,0.9999807080550613,1.929194493823936e-05
5.3062922665299525e-05,5.306684054412166e-09,0.9999469317706506
0.9998670696287911,2.1351707845883127e-25,0.0001329303712089046
0.9999999999053875,2.198614140747421e-40,9.461250842677882e-11
4.950526080198829e-07,0.014412048054460148,0.9855874568929318
3.150419708966018e-36,1.0,4.154044689533106e-17
2.4667536374859455e-15,0.997827815116944,0.002172184883053469
0.9999999999998663,1.4837381962387816e-48,1.335815084206034e-13
3.6532573281716203e-06,2.910551676965156e-07,0.9999960556875042
1.815080853215494e-12,0.9974179822404431,0.002582017757741759
0.9999999999999905,7.567536235954328e-51,9.575075683086734e-15
8.597074435841199e-14,0.9994217185994038,0.0005782814005103673
0.9999999997712821,9.603914591297993e-39,2.2871785550009527e-10
1.633233334596925e-29,0.9999999999997904,2.095203359227058e-13
0.9999999992373172,2.164238616591405e-38,7.626828100368683e-10
0.16472376739301492,1.250798788216498e-10,0.8352762324819052
0.9999963912676791,2.4180698365276996e-29,3.608732320827207e-06
5.5279505894777634e-08,0.20929366252406573,0.7907062821964284
0.9999700007501148,5.602078819943413e-28,2.9999249885240187e-05
0.9999999632990102,1.394159251296137e-34,3.670098983293309e-08
0.9999977423317541,1.2763928947589657e-29,2.2576682457785477e-06
2.56644506091909e-15,0.9999523103295445,4.768967045276563e-05
1.5802025134112807e-15,0.999965808746298,3.4191253700409474e-05
5.280371870140825e-19,0.9999802862331901,1.9713766809827643e-05
0.9999999999990685,4.7925607974914835e-46,9.315815541465078e-13
0.9999501365889346,1.9069878340725392e-26,4.9863411065425575e-05
5.495685714910976e-08,2.8912736466846807e-05,0.999971032306676
0.9999999997771161,2.6656351539915184e-39,2.2288382740505967e-10
0.00018889794878463546,9.240909359883254e-07,0.9998101779602793
5.174039900844927e-07,0.006493059823264016,0.9935064227727458
1.4507573173982873e-21,0.9999999912236684,8.776331592968437e-09
7.972671012258153e-32,0.9999999999999893,1.05492493075595e-14
7.477259172987442e-08,2.416947856031553e-05,0.9999757557488479
4.151886061593414e-06,3.3886017216143e-08,0.9999958142279212
9.190635333345906e-18,0.9999983051344756,1.6948655243092847e-06
1.9862095394666307e-13,0.9994929089244856,0.000507091075315685
7.05975158801168e-09,0.0006798595798323735,0.999320133360416
1.75797964669042e-18,0.9999990575505482,9.424494516904018e-07
0.999999921428038,3.3569521536335305e-34,7.857196218045815e-08
2.421046054247529e-10,0.9665842725619513,0.033415727195944094
0.9999990948214716,4.849151187275518e-31,9.051785284303873e-07
7.519174765962656e-24,0.9999999998037197,1.9628032567034517e-10
0.9999999999872968,1.2329777225762778e-42,1.2703088457401066e-11
0.9999892782024301,2.5627726805863635e-28,1.0721797569935949e-05
2.0054298249343494e-05,5.7786845166459725e-05,0.9999221588565842
0.9999999785983191,3.0890112515980705e-35,2.1401680913348972e-08
1.9264279369726102e-15,0.9999482219646694,5.177803532867371e-05
7.446532533308916e-09,0.00038076467241301336,0.9996192278810545
4.175053239835879e-09,0.003191683115055305,0.9968083127098915
8.456499887550157e-05,6.63112872395043e-06,0.9999088038724007
0.9909019914211766,4.090200601978669e-21,0.009098008578823357
4.219708657748451e-06,0.0003726643458292961,0.9996231159455129
0.9986188011440053,4.6090296870374384e-23,0.0013811988559947611
5.1066583764383386e-05,6.767984442079304e-10,0.9999489327394371
4.734921791507436e-05,1.4479428341871923e-09,0.9999526493341422
0.0001467974546556398,6.366829927166928e-10,0.9998532019086614
3.323683324330501e-06,5.154998003345524e-08,0.9999966247666956
0.9999999892441463,1.8871016421862822e-35,1.0755853636882149e-08
5.531667966321755e-08,0.2516414131781963,0.748358531505124
1.25574431236058e-11,0.984472436317075,0.01552756367036753
0.9994558677394104,4.997038885480776e-24,0.0005441322605894892
8.91164589566603e-25,0.9999999998463667,1.5363337655807702e-10
0.9999999966216206,4.794784091389398e-37,3.3783794473610113e-09
1.6784079661621277e-07,4.3283571562833045e-06,0.999995503802047
0.9999879998095792,3.235940282243618e-28,1.2000190420812069e-05
2.1654281482125046e-20,0.999999902992527,9.700747305426527e-08
0.9999999745746149,2.2218506284078345e-35,2.5425385195444175e-08
3.71763633202403e-05,1.5751107645635772e-09,0.9999628220615691
0.999999999900318,3.3076950676345957e-41,9.968210790056647e-11
0.9999999999985092,8.482841761257428e-46,1.4908289137888354e-12
2.0796610946280527e-09,0.8309347099836915,0.16906528793664732
4.06129029717449e-18,0.9999682462917338,3.1753708266110385e-05
0.9999999149333197,1.0098750546020527e-32,8.506668017096857e-08
1.3303940966112526e-14,0.9931768135568639,0.006823186443122749
6.249423703062477e-09,0.0013880206154678581,0.9986119731351084
0.0004084613573376434,1.1118942704346028e-10,0.9995915385314729
4.2389451137408295e-32,0.9999999999999933,6.554575733540834e-15
1.894116453991135e-17,0.9998262421395274,0.00017375786047258085
2.6950086901434095e-20,0.9999979237811,2.0762188999122017e-06
8.940157098241626e-17,0.9998673515306428,0.00013264846935722577
0.9999999999997027,2.3504586794727575e-47,2.973536061987163e-13
0.9393440606578305,2.2512243850733203e-19,0.06065593934216955
6.679293266391727e-33,0.999999999999996,4.035544412954415e-15
6.461980698923125e-23,0.9999999513281216,4.867187837116959e-08
0.001821337584050172,1.3861448356105013e-11,0.9981786624020883
9.657296838269364e-07,2.3133480042624703e-07,0.9999988029355157
2.1660029304437483e-09,0.0009967185857313755,0.9990032792482657
1.6109366144288348e-19,0.9999998647326266,1.3526737342185512e-07
5.587832772109348e-35,1.0,9.797955840400224e-17
6.07165494257136e-23,0.9999999962915984,3.7084015077876997e-09
8.191223733491928e-05,1.6062970108055264e-05,0.999902024792557
9.644871560677498e-06,1.3581817958972916e-08,0.9999903415466213
4.826813154687071e-12,0.9943136891811448,0.005686310814028545
0.9999704554873998,3.7195186714075e-27,2.9544512600145335e-05
2.234971185181262e-21,0.9999999809982011,1.900179882982136e-08
0.0012669566259626882,9.507802642833828e-12,0.9987330433645294
9.585722449267564e-20,0.999999924204904,7.579509594987774e-08
0.999999999802951,3.189167811476956e-40,1.970491500405594e-10
8.198134560984742e-07,0.007358573407487684,0.9926406067790563
4.00132730703058e-10,0.8468701978209588,0.15312980177890853
0.999999991104728,6.031640354074904e-36,8.895271946107162e-09
0.9999998487986945,4.907216561445573e-33,1.5120130540029814e-07
2.3208396501570352e-07,0.13675667212448397,0.863243095791551
1.6122359116580446e-07,2.5074659541577845e-06,0.9999973313104548
1.9928095761671263e-05,8.670282723680222e-09,0.9999800632339556
0.0002463522957866713,6.188070621682081e-10,0.9997536470854064
1.5833678231168715e-29,0.9999999999998042,1.9584494826432058e-13
3.897165451034756e-09,0.7961791570355804,0.20382083906725415
2.776305099946102e-09,0.5844594047291042,0.41554059249459074
0.0035599627349122884,1.73592526787792e-11,0.9964400372477284
1.1387804233532674e-06,3.5436319984506557e-07,0.9999985068563767
8.097555995733506e-25,0.999999990463977,9.536022883169147e-09
0.9997550271468634,3.77315777096451e-25,0.0002449728531366728
1.5660540634942107e-08,0.0008211338603133748,0.9991788504791459
7.20838906814215e-16,0.9989209068034381,0.0010790931965611885
4.9202356015455595e-32,0.9999999999999953,4.758861018941351e-15
3.3682294309841e-06,1.0860554897992868e-06,0.9999955457150793
1.7781414505407875e-28,0.99999999999918,8.200451836673004e-13
0.9999995085083215,1.8172501012833467e-31,4.914916785649823e-07
0.9999779884427427,4.991260567396873e-28,2.2011557257259448e-05
4.542028287879153e-22,0.9999998568065792,1.4319342072313372e-07
0.0002012408980139756,6.492119141946479e-10,0.9997987584527741
2.3725816083503952e-24,0.9999999932426411,6.7573589384202606e-09
0.999998022926258,3.58991840143666e-30,1.9770737421382306e-06
0.9993786104740804,6.38693357642104e-24,0.000621389525919551
3.311674861699486e-25,0.999999999863141,1.3685890915780935e-10
4.822118854521149e-18,0.9999983771833599,1.6228166401642587e-06
5.2935290903833816e-08,0.00012340469568495688,0.9998765423690241
8.200604510440936e-05,1.1492597297764793e-09,0.9999179928056359
3.0400420546037307e-18,0.9999987823656715,1.2176343285287548e-06
0.0006087740648167092,7.536460966420634e-07,0.9993904722890867
0.9999999999511442,1.9620695399361093e-42,4.8855886447141776e-11
3.5099045495716356e-05,1.3002142019716543e-08,0.9999648879523623
0.002725321850306064,1.2650675624040472e-11,0.9972746781370433
0.9999999999999845,1.6069804016338276e-50,1.5640886651690257e-14
2.0011140905218701e-19,0.999993438154669,6.5618453309861474e-06
5.625712157090444e-19,0.999999572866665,4.2713333499830976e-07
2.9804733406760797e-09,0.0016946509984457885,0.9983053460210809
0.9999999815966073,8.309517866186762e-36,1.8403392714653293e-08
0.9993658594918572,5.5148693007893685e-24,0.0006341405081427874
7.07460846444814e-17,0.9999947306389653,5.269361034860142e-06
6.304530690723886e-32,0.9999999999995506,4.4938650286294906e-13
0.9999999999999922,3.900513887183803e-51,7.661039632817386e-15
3.207197749764637e-30,0.9999999999999405,5.956269220240039e-14
0.9999775665042565,3.1628394937708136e-26,2.243349574336594e-05
0.977451797214725,6.996193799189168e-20,0.02254820278527505
3.832205247432817e-06,1.19784893204071e-07,0.9999960480098594
1.2865914676898508e-08,0.0011084289983033973,0.998891558135782
6.122198556016079e-06,0.0010089771616998812,0.998984900639744
2.980393083418812e-13,0.9872808596141891,0.012719140385512702
1.89005857755556e-22,0.9999998532122694,1.4678773065217673e-07
0.9999991552603164,9.661774933634482e-31,8.447396836053839e-07
8.143856821911112e-33,0.9999999999999973,2.742824058933898e-15
1.2746606265216174e-08,0.0012985764799675848,0.9987014107734261
3.624712740343969e-16,0.9999694028430395,3.059715696009953e-05
5.700730735521445e-30,0.999999999999839,1.6104838312700756e-13
0.9999999995589519,1.5056990940150188e-39,4.4104806547542775e-10
0.0032628343340026316,1.026333218617135e-07,0.9967370630326756
5.422537945764328e-12,0.9955111454862602,0.004488854508317378
2.056900019798151e-29,0.9999999999996632,3.369428587795922e-13
3.759760627975542e-20,0.9999964106836681,3.5893163320349694e-06
2.1868398171385315e-09,0.006112505373636549,0.9938874924395237
5.098242261163172e-07,4.443301249798481e-06,0.9999950468745241
8.456551381399476e-09,0.0015525102584575288,0.9984474812849911
5.83270444830199e-19,0.9999996757035704,3.2429642946543373e-07
0.9999992778576255,6.554065653229914e-31,7.22142374516346e-07
0.9997320036654126,1.2955611088283757e-25,0.0002679963345875065
0.9999999999999734,7.973939244441492e-50,2.6580618956299537e-14
0.9999999998124596,1.939549876092671e-40,1.8754035812295682e-10
3.049804250800924e-14,0.9940823836087742,0.0059176163911954
0.9999929141667543,5.27633816961411e-29,7.085833245605848e-06
6.028226251004405e-36,1.0,3.345691653703192e-17
9.457372062217472e-30,0.9999999999998168,1.8326796910845178e-13
0.9998515863162007,3.4276622073421747e-25,0.00014841368379915092
2.6226021574204e-07,1.6187830638938118e-05,0.9999835499091454
9.325082825396566e-05,1.4541236780883397e-09,0.9999067477176223
3.5642545026090906e-25,0.9999999999059048,9.409517032639983e-11
0.0003759221329351395,4.33982874311604e-10,0.9996240774330819
0.9999999999925855,4.045790253662413e-43,7.414513229794255e-12
0.9999999885360366,1.3350909088524265e-35,1.1463963385271067e-08
0.9999692441383002,5.642219844565052e-27,3.075586169984201e-05
7.297524324453868e-32,0.9999999999999927,7.230301272494142e-15
0.9999995546203441,1.1850538547894196e-31,4.453796559744441e-07
0.9999995124269855,4.416649131174746e-31,4.875730145116623e-07
1.3400445563964767e-08,0.00027751842581879584,0.9997224681737357
3.1638489250529374e-21,0.9999999695229111,3.047708881286278e-08
0.0004726909027124328,2.0535357916682328e-10,0.9995273088919341
3.824784072319334e-05,3.85677447291034e-05,0.9999231844145476
1.6743768332998648e-08,0.0003816692853158359,0.9996183139709157
2.395477798370487e-06,6.734315682384335e-08,0.9999975371790447
1.2869369577191321e-20,0.9999984196409395,1.5803590604223047e-06
0.9831198128885693,2.1877603021642918e-20,0.016880187111430578
1.1090662841135151e-30,0.999999999996767,3.232902739853242e-12
2.3253572926604792e-30,0.999999999999954,4.597933921008183e-14
1.8670148364893465e-16,0.9999838832396494,1.611676035032561e-05
5.070781873749793e-14,0.9997658681874815,0.0002341318124679573
8.902923493859526e-08,3.673209079154699e-05,0.9999631788799734
0.9999999999160898,5.670568246046892e-41,8.391022588984489e-11
6.243932708104227e-06,1.4840570061385884e-07,0.9999936076615912
0.9999999967924602,1.2111654637760975e-36,3.207539749068512e-09
5.385026748402312e-23,0.9999999981578243,1.8421757334295321e-09
1.1198150617461511e-07,1.9283205177985718e-05,0.9999806048133159
5.167408266403881e-22,0.9999999907092129,9.290787090200719e-09
1.8122119148446035e-06,1.1210603084229592e-07,0.9999980756820543
0.9999132908450388,7.503780493008326e-26,8.670915496133573e-05
0.0008308563020087015,2.136608532932434e-11,0.9991691436766251
0.9999999999968541,2.1996788808674033e-44,3.1459464044751185e-12
0.995939015562033,5.446718917423252e-22,0.004060984437966944
2.2062041517277195e-36,1.0,1.859837202817253e-17
3.658489277680803e-18,0.9999987991946193,1.2008053807716644e-06
0.999999999106342,1.9046602762121988e-38,8.936580965753463e-10
2.84000357232421e-07,1.4231246971612269e-06,0.9999982928749456
0.9999988011513301,9.488646837141297e-31,1.198848670020902e-06
0.0001437419671605966,1.5554582200112764e-09,0.9998562564773813
0.00011436270763906669,1.580045807336274e-10,0.9998856371343564
2.4763381623386295e-24,0.9999999995522828,4.4771718902223547e-10
6.939304264040031e-09,0.001081913089884635,0.9989180799708111
0.9999999186882813,3.8258767717694067e-33,8.13117187150105e-08
0.0010511018830031834,2.1800692385783522e-11,0.998948898095196
1.2285991600317232e-25,0.9999999999616291,3.837082823927213e-11
0.010024178396443739,6.591122930229578e-13,0.9899758216028971
6.016552269657988e-14,0.9997242784126246,0.00027572158731514415
0.0024934488115570187,1.7810037149574844e-12,0.9975065511866619
2.7270011606668775e-07,1.2256531727478114e-05,0.9999874707681565
0.00033712929974260663,4.221293047963236e-06,0.9996586494072093
0.9990431383078279,8.067551021364482e-23,0.0009568616921720686
0.9999994557717049,1.079829741802489e-31,5.442282951694057e-07
0.9792263577764242,3.733592022880042e-20,0.02077364222357581
5.258822222551117e-06,1.0411479787258141e-07,0.9999946370629795
3.346357823622949e-06,7.57221311475652e-08,0.9999965779200453
0.9999927868737878,2.8935861699661927e-29,7.213126212186571e-06
0.9999999999955234,1.6207748457064716e-43,4.4765882331084034e-12
2.1166882849281538e-14,0.9998135262458248,0.0001864737541542044
1.6328480244549897e-22,0.9999999985222496,1.4777504048067748e-09
4.67508262029138e-27,0.9999999999865063,1.3493745771760607e-11
1.0577143677340853e-07,5.953725508246951e-05,0.9999403569734807
7.534798169958057e-07,7.035078780466712e-07,0.999998543012305
0.9999781852233292,4.526387251586443e-27,2.1814776670880405e-05
0.9999999999997258,1.1406496380156806e-47,2.741253761429359e-13
0.0005503538751219364,7.728405566514522e-11,0.999449646047594
0.9999879744267484,7.7261072547789445e-28,1.2025573251550135e-05
5.082925242355652e-09,0.7345204061611725,0.26547958875590233
0.9925646558490878,1.827663782876036e-21,0.00743534415091224
0.9999999999861671,2.44594939463808e-43,1.3832893450002403e-11
3.478117981654609e-23,0.9999999986506223,1.3493777377895643e-09
2.651465019064502e-21,0.9999999768382121,2.31617879170111e-08
1.3378333913494096e-33,0.9999999999999989,1.0566057164955006e-15
0.0001961551227700369,1.0117148222557547e-05,0.9997937277290074
0.9999999999994713,1.0664744243148544e-46,5.2864762006781e-13
0.9999781904463635,3.174629530872065e-28,2.1809553636528672e-05
6.275867706012412e-23,0.9999999989584263,1.0415738206426858e-09
0.9999999999996061,8.39370193938592e-47,3.937977269340344e-13
4.1047020550568396e-07,2.010950460661172e-06,0.9999975785793338
0.999999986066914,1.2612996690423705e-35,1.3933085950257466e-08
4.840199577166612e-20,0.9999999097528275,9.024717250653864e-08
0.9993636202924383,1.24994084016719e-23,0.0006363797075616864
0.9999999976596261,7.940789914570996e-38,2.3403737960037087e-09
4.6495713049335017e-08,0.16782065985742955,0.8321792936468575
3.5055033727379597e-07,1.9012859339134967e-05,0.9999806365903235
2.134193921607069e-05,4.916058397977295e-09,0.9999786531447254
2.4552644449405824e-08,0.0004224572108123157,0.9995775182365433
1.4727088724167662e-22,0.9999999979446088,2.0553912455896184e-09
0.00028192251330187056,2.716206815399817e-10,0.9997180772150773
0.9997790153595103,9.493316380560401e-25,0.00022098464048980531
0.9999999999774856,1.3953177292384401e-42,2.251445191113732e-11
0.0007416088917109342,1.9656232995095528e-10,0.9992583909117269
1.0542990443893752e-11,0.9854589629753996,0.014541037014057408
1.3974843380820753e-29,0.9999999999998899,1.1020612434633746e-13
0.00021680924020519394,1.598868536822264e-10,0.999783190599908
0.0009641484000320903,1.0262622481906151e-11,0.9990358515897053
0.9994775477285955,1.1628178042563785e-23,0.0005224522714045391
4.6846269619432405e-24,0.9999999993105979,6.894020701275629e-10
0.9999999999999674,1.0880519391655074e-49,3.264600868700814e-14
0.999728873960297,4.711655632705346e-25,0.0002711260397031365
0.9999902700969526,4.968372429339659e-28,9.729903047308731e-06
0.0046706496719259825,2.3141746628216205e-12,0.9953293503257598
3.692703828682459e-05,4.1330841056782285e-09,0.9999630688286292
0.0018279523314802756,2.784534721232087e-11,0.9981720476406744
4.267336887377107e-16,0.9999797865324691,2.021346753043253e-05
2.386810799939854e-07,4.305447592041736e-06,0.9999954558713279
0.9999999997790276,1.5216482630676473e-39,2.2097228109660764e-10
7.510061636415334e-06,1.441260476884022e-07,0.9999923458123158
1.2316213593147037e-19,0.9999996603157976,3.3968420232848454e-07
0.9998618658168705,7.47462605781141e-25,0.00013813418312934466
0.9999740385994124,8.189488691206351e-27,2.5961400587648706e-05
6.569373943264764e-09,0.48194118242255773,0.5180588110080684
0.999984867875449,1.3979079866082497e-28,1.51321245509931e-05
0.9999511304459977,1.3383453040216142e-26,4.886955400224235e-05
1.73245654202815e-17,0.9999975371109475,2.4628890524416314e-06
1.3967994721511207e-06,0.009189894087272932,0.9908087091132548
0.0010797917000564773,5.508629580413031e-10,0.9989202077490805
3.4126621912642727e-07,0.030194648539569876,0.9698050101942111
7.400595810551887e-19,0.9999994449466668,5.550533331045148e-07
1.558169186836794e-08,0.00012634696305806765,0.99987363745525
0.9998220404970979,4.494383765002638e-25,0.0001779595029020758
0.9999999983667451,1.1359731973644771e-37,1.6332549474783286e-09
0.9999999999023248,2.5131669339517974e-41,9.767511270573079e-11
1.5031444757913674e-16,0.9999866463425372,1.3353657462693612e-05
1.1725615199142047e-07,1.4616982266606693e-05,0.9999852657615815
6.652487461645965e-12,0.989196946375645,0.010803053617702608
8.0066849596889e-16,0.9999661209254797,3.3879074519475347e-05
8.774655468278773e-20,0.9999998744450775,1.255549223810628e-07
0.9999999984849748,1.6039749187977515e-37,1.5150252067412426e-09
0.00027210460776387293,2.374829368800967e-06,0.9997255205628672
0.9999999437095307,1.867460626079263e-34,5.629046933043274e-08
2.4221276763043033e-05,2.012547353102445e-09,0.9999757767106896
2.0380289260301597e-22,0.9999998313793179,1.686206821405015e-07
0.9984145890389772,9.989792567368606e-23,0.0015854109610229127
5.343153246195e-05,2.8706847351940338e-09,0.9999465655968532
3.2286143460270886e-08,0.00055181389354738,0.9994481538203093
2.909997499745323e-06,1.0683372687442969e-07,0.9999969831687733
1.4196092638881546e-16,0.9997767281480008,0.00022327185199902446
0.9999999826665217,5.347649477016784e-35,1.733347841550374e-08
0.9999998735656086,1.1046754231246904e-32,1.2643439143181144e-07
0.9999999961926731,3.5046237036252655e-36,3.807326815507222e-09
0.9999999999999793,3.0427424214146603e-50,2.070167161891339e-14
3.2656815009864445e-24,0.9999999916678469,8.33215314248398e-09
4.563111855671431e-22,0.9999999904027029,9.597297015031205e-09
3.2929001416510156e-21,0.9999987553466985,1.2446533015607039e-06
0.9999999999881337,1.5053690023568316e-42,1.1866393371836294e-11
0.9999974910935744,2.581929140651202e-30,2.508906425688478e-06
0.9996323542235502,8.006300521991654e-25,0.00036764577644981915
1.4964936901626735e-15,0.9999316462545307,6.835374546776124e-05
1.2166251826876406e-05,5.17480230749742e-09,0.9999878285733709
1.4701707118244706e-10,0.9668335121452789,0.033166487707704057
3.159975807879772e-35,0.9999999999999998,1.3172144805457578e-16
1.219705531719548e-10,0.9697286489395402,0.03027135093848914
0.9999970096466259,3.253397279026979e-30,2.9903533741332318e-06
8.130883583211036e-06,7.498698296559173e-09,0.9999918616177185
0.9999999999894946,5.595093742378037e-42,1.050542703782379e-11
0.21193953239339372,1.0803701159857915e-10,0.7880604674985693
0.9999999999949205,1.8609945903948502e-44,5.079452268161459e-12
0.00027881141477266945,1.673995796828989e-10,0.9997211884178278
0.001953977274205245,4.806240283388972e-07,0.9980455421017663
0.9999992674254314,3.9109971104303026e-31,7.325745685154698e-07
0.9999999999742293,1.960114821977929e-42,2.5770773044258327e-11
4.4238482981351044e-16,0.9996008770385651,0.00039912296143437316
5.7475493728894045e-06,1.7587168065150977e-07,0.9999940765789465
7.226394402927081e-18,0.9999976682835167,2.3317164832256752e-06
0.9999999999960865,3.031988709830875e-44,3.9135252225550426e-12
2.819189005510528e-24,0.9999999815028887,1.849711117580421e-08
0.9999999999999685,9.127892700237597e-50,3.158881634717618e-14
0.9999999999824949,2.3973490881933924e-42,1.7505134509444828e-11
1.8318673504888413e-33,0.9999999999999993,5.760619730939556e-16
4.990086842050909e-24,0.999999999731382,2.686179634210531e-10
0.9999999999901379,1.0413215165696555e-42,9.862187729183851e-12
9.527408384502185e-09,0.6394722049796537,0.36052778549293796
7.200855478004936e-09,0.0009144562146707902,0.9990855365844736
2.0975101015742279e-10,0.9511753369829378,0.04882466280731122
1.8820308912359682e-21,0.9999999789941214,2.1005878636810577e-08
2.694896128448378e-06,1.0163540559643805e-07,0.9999972034684659
0.999999999998024,3.8515115819726426e-45,1.976067859991527e-12
1.6034358544407079e-09,0.8643468853693801,0.135653113027184
1.1260328640420612e-06,1.6795107549909193e-06,0.9999971944563809
1.121366454000591e-05,5.7438248628662534e-08,0.9999887288972112
2.5049922453115217e-15,0.9985290769352638,0.0014709230647337616
1.4713469678013885e-05,2.7605069452619437e-08,0.9999852589252526
2.216150554201479e-36,1.0,3.467465917538904e-17
5.5365882849802374e-05,9.241452141244716e-10,0.9999446331930051
1.0371966107644095e-18,0.9999837759028926,1.6224097107288555e-05
0.9999997140550887,1.5160100908156434e-32,2.859449111558122e-07
0.9999999999991687,1.769222595914676e-46,8.312944807649988e-13
5.668043039966417e-07,1.150228831371171e-06,0.9999982829668647
0.9942724816478579,4.084694531520669e-17,0.005727518352142249
0.0032852826796131536,1.0582732494831376e-11,0.9967147173098041
1.923316235139987e-06,1.8893523210962429e-07,0.9999978877485328
2.9540571451018424e-13,0.9750717253421407,0.024928274657564056
1.034544717530519e-05,1.2220196364814112e-08,0.9999896423326284
0.999474116620338,1.1271123546791551e-23,0.0005258833796619609
4.374269097884996e-07,1.536275193093487e-06,0.9999980262978971
1.189672949394417e-19,0.9999998634478358,1.365521642319307e-07
0.9917211595899029,2.8700498375398265e-21,0.008278840410097152
0.9990577622758353,7.158744058168927e-24,0.0009422377241647303
0.9999999999731117,3.6970649933748496e-42,2.6888194477790063e-11
0.0003893703078980466,1.0686252318357134e-10,0.9996106295852395
1.3480867206033116e-22,0.9999999979744745,2.025525575817932e-09
0.9999993846041136,1.207496304169729e-30,6.153958863411532e-07
0.9999999999997586,3.131552854695804e-47,2.4131844572408187e-13
5.071681966368082e-07,4.819494838045678e-06,0.9999946733369653
1.1020391566801888e-21,0.999999993764322,6.2356778934717205e-09
1.7655360234161527e-26,0.999999999982027,1.7972959495192316e-11
2.487574899978281e-26,0.9999999999723401,2.7659915607841046e-11
6.0877072522806716e-05,1.6920043472300001e-09,0.9999391212354729
0.00010000787773700079,6.178698213951241e-10,0.9998999915043931
6.339861274964766e-20,0.9999952424268519,4.7575731480955135e-06
0.9996551952630687,5.220776856713294e-25,0.0003448047369312491
2.184433578660194e-13,0.9994623247283714,0.0005376752714103851
4.456440557839204e-16,0.9999633988851665,3.6601114833174156e-05
0.9999999662093078,4.562575908378242e-34,3.3790692259305236e-08
7.484158485332678e-07,9.026897074751332e-07,0.9999983488944441
4.807583016727702e-05,1.687321406741057e-09,0.9999519224825114
0.9961364837498164,7.782893238455269e-22,0.0038635162501834807
1.7341352274340202e-13,0.9616592467341365,0.03834075326569015
6.739156291432935e-21,0.999999972602914,2.7397086093023115e-08
1.330536532216295e-18,0.9999993741639228,6.258360772353555e-07
0.9999928192632103,9.602116261167505e-29,7.180736789657906e-06
3.5396144571368056e-07,3.4434402339652094e-06,0.9999962025983203
0.9999999999753013,2.2903885694334258e-42,2.4698768200806e-11
0.999999999999936,5.1746823101356265e-49,6.392451968334689e-14
0.0006335387833768826,6.120294863886943e-11,0.99936646115542
0.9999999999999722,1.0854130579677679e-49,2.7649860919234686e-14
0.9998965882964287,4.154202355398208e-25,0.00010341170357141198
0.9999999994100155,1.0250314517078543e-38,5.899845138507189e-10
3.9422004728529703e-28,0.9999999999987998,1.2001719224293586e-12
0.00036261198687968137,3.060432871834865e-10,0.9996373877070771
0.004862431073735862,2.162706882019419e-12,0.9951375689241014
7.31884847204078e-32,0.9999999999999902,9.807255807708274e-15
0.0008992186695425737,1.209286547144874e-11,0.9991007813183647
0.9997569980067695,3.113515290513508e-25,0.00024300199323053134
3.759043692290708e-08,0.3954480359914289,0.6045519264181342
3.101535845785709e-19,0.9999997688969974,2.311030026856273e-07
6.2263406077466e-17,0.9997216807655801,0.0002783192344199276
1.0964469607922901e-15,0.9999767848905208,2.3215109477974294e-05
1.3764562183587037e-07,2.4988228768005067e-05,0.9999748741256103
0.0004274304491203398,7.464380770540516e-11,0.9995725694762359
0.0004294942866759936,4.935954508094618e-11,0.9995705056639645
1.1632590609800466e-06,1.750210843874575e-07,0.9999986617198546
0.999999999999766,1.6416814708424108e-47,2.3399044833170595e-13
5.763567877328292e-14,0.999743933853142,0.00025606614680024573
1.162273758292034e-06,6.712036444859905e-07,0.9999981665225973
0.0002978956960865279,1.6272765451877609e-10,0.9997021041411858
0.9999999999653455,2.1903914488138313e-41,3.4654532798294984e-11
3.643953840991616e-07,0.060112172337370914,0.9398874632672449
6.171742742551898e-15,0.9999170013449451,8.29986550487036e-05
6.586272310340808e-23,0.9999999361066872,6.389331276561452e-08
0.9999999999999123,8.350903418097983e-49,8.771239657390606e-14
0.00013060013377751614,2.7376601907905126e-10,0.9998693995924565
0.9999999999886517,2.7319594032077662e-43,1.1348329711684886e-11
1.768766538616084e-21,0.9999999776534971,2.234650291482019e-08
1.5596218158892752e-18,0.9999519204150311,4.80795849689185e-05
2.376351862500498e-08,0.00010838806609099104,0.9998915881703904
0.9999999999922085,1.1413936734224025e-42,7.791436474052579e-12
3.347114233045619e-17,0.9998407450980403,0.00015925490195967985
0.019238450570870563,3.9322092675675875e-13,0.9807615494287361
0.9999999982891918,3.4907107732902503e-37,1.7108081359108918e-09
2.619385300082311e-13,0.9600707484552746,0.03992925154446327
0.9999999999538156,7.660398316939862e-42,4.618445392236463e-11
1.7992769370823433e-18,0.9999992496233043,7.503766956844145e-07
1.7183368856399657e-08,0.0003468608427136825,0.9996531219739173
3.666207286805303e-25,0.9999999954157002,4.584299867558393e-09
0.9999999996077922,5.918463731218569e-39,3.92207836463564e-10
0.9999377732501361,2.238168632300234e-26,6.222674986402108e-05
1.4547966889136672e-05,5.508533741991551e-08,0.9999853969477733
0.999999999995757,7.947827247338141e-45,4.242998704301052e-12
6.93445000543892e-05,2.9022207798874242e-05,0.9999016332921468
0.9999883534921213,5.19600641296767e-28,1.1646507878750167e-05
0.0009707189211303458,1.5793227850277776e-11,0.9990292810630764
3.7112765074981373e-16,0.999991547137765,8.452862234613392e-06
1.2992018637082938e-12,0.9980886643968797,0.0019113356018212258
1.2590025254603158e-29,0.9999999999998586,1.4138102036286084e-13
3.938050486728982e-26,0.9999999999775901,2.240991918391079e-11
0.9999999999999756,4.811205080480077e-50,2.4436831962177657e-14
0.999999999987986,8.860119535246537e-43,1.2013979773954363e-11
1.9370138565008748e-10,0.0961856641734542,0.9038143356328444
1.0184785376232735e-17,0.9999958256948549,4.1743051451189365e-06
0.0009198721473637706,3.9778267485554857e-11,0.9990801278128579
1.8489761661668745e-22,0.9999999975591443,2.4408557982841198e-09
0.9994205841334637,3.261253699384387e-24,0.0005794158665364035
6.410994388386365e-15,0.9973507626866557,0.0026492373133380626
4.110004773236824e-08,2.9058103152460066e-05,0.9999709007968
0.9942170693330206,8.035642580599629e-22,0.0057829306669793116
2.9158180302347345e-29,0.9999999999996061,3.9384639717594745e-13
2.6930915259573596e-06,3.042351611088898e-07,0.999997002673313
7.999001621774451e-16,0.9999652927539445,3.470724605449198e-05
2.8964455040087734e-37,1.0,5.4155723852810556e-18
0.9999996897464113,1.2854840784734538e-32,3.1025358877020013e-07
0.9999995579610639,3.689015649287361e-32,4.42038936077123e-07
1.812699715884337e-05,2.4122755040448813e-08,0.999981848880086
0.9999999995487674,1.8210383644964686e-35,4.512326549409609e-10
1.6687560980412667e-05,2.919893859207621e-08,0.999983283240081
0.01873150409149066,5.4086754550392315e-14,0.9812684959084552
2.451276962801484e-07,0.07634714947949585,0.9236526053928078
0.9999999999975588,2.4591330919457772e-45,2.441157599979158e-12
0.9994310013034908,2.0935476806398478e-23,0.0005689986965090419
3.4464882489292404e-20,0.9999963601746097,3.639825390377017e-06
0.9999999205946736,6.913679698970785e-34,7.94053264308875e-08
5.445817571141056e-09,0.6685341465355132,0.3314658480186693
1.9969482177402693e-25,0.9999999999434446,5.655542943895039e-11
1.0708529841501144e-09,0.8533426132592671,0.14665738566987999
0.999999999667849,1.0238392798991421e-39,3.3215093912099976e-10
0.9999999980520202,3.0106434594994892e-37,1.947979784043402e-09
4.451842907072159e-06,1.0561393847348454e-07,0.9999954425431545
0.9999999999892057,8.89141368737237e-43,1.0794263424292052e-11
1.908033275835928e-24,0.99999999981503,1.8497005623937288e-10
1.1667613059997783e-13,0.9993186655968318,0.0006813344030516141
4.08559419610844e-37,1.0,1.0944481036571919e-17
0.9999999999999669,1.8347037813071905e-49,3.307323496841728e-14
0.9999999977814478,9.568886369913652e-37,2.218552159465613e-09
1.3833321288086506e-09,0.01606523477415646,0.9839347638425114
0.9999999999933176,7.222612139453943e-43,6.682432234432778e-12
0.9999999999977045,5.2917425482134245e-45,2.2954505362638066e-12
0.9999867407334813,4.373469987493507e-28,1.3259266518658528e-05
0.998568668777442,6.577615823287141e-23,0.001431331222558046
1.0545447288459159e-23,0.9999999990495554,9.504445547085712e-10
0.9999795600743473,3.84864793378093e-27,2.043992565263912e-05
2.789225245184617e-09,0.006839361835204191,0.9931606353755706
0.9997819777220776,1.9873132822404287e-25,0.00021802227792245993
0.0008372805049028366,1.9848307626985846e-10,0.9991627192966142
0.999999999980349,4.309743089406951e-42,1.965092352949035e-11
0.9999539838078569,5.192790961903746e-27,4.6016192142957904e-05
9.764577490496243e-22,0.9999997038555881,2.961444119805249e-07
0.999999953222791,5.514936961745008e-34,4.677720904862319e-08
0.9999999999855222,1.2145352251324204e-42,1.447768737384751e-11
3.8268995439790346e-10,0.02385760394742855,0.9761423956698816
1.2260415763039281e-05,1.1907918213968209e-08,0.9999877276763187
0.9999999973948612,1.4797721304498191e-36,2.605138873357698e-09
4.018928997142036e-10,0.9526205694287788,0.04737943016932835
0.9999999999707714,6.070207444103989e-42,2.922858963188237e-11
0.0008713443074432418,8.096694973622325e-11,0.9991286556115899
1.6482053098521677e-06,0.001582914385179446,0.9984154374095108
0.9999990835892452,3.8157460935753357e-31,9.164107548355725e-07
0.00045454318284318337,7.962317324562547e-11,0.9995454567375337
0.9999999999639226,1.8151693110754532e-41,3.607728530793546e-11
3.272379186477968e-06,7.456517529437408e-08,0.9999966530556382
0.9999069791381487,1.9308032887017437e-26,9.302086185133178e-05
2.2960915712087972e-07,6.003248432174618e-06,0.9999937671424106
2.5092294114138153e-19,0.9999998274572801,1.7254271990310846e-07
0.9992244283532243,1.6981070088710728e-23,0.0007755716467757927
7.0498454800245195e-06,3.548467726365271e-08,0.9999929146698427
0.9999486369950392,2.2188275308291544e-26,5.136300496090226e-05
3.8676473670288564e-17,0.9999959170053894,4.082994610611271e-06
2.1156692166505423e-12,0.9226975140176545,0.0773024859802298
0.9999999999917715,8.768560323961016e-43,8.228597801169296e-12
1.5814306125385978e-10,0.9715435967455536,0.028456403096303356
0.999997999914753,6.072222987732254e-30,2.0000852470753305e-06
5.049191089924621e-07,9.226696815363587e-07,0.9999985724112096
2.2636435018109602e-07,1.9018083357262156e-05,0.9999807555522925
0.00010111920595926548,6.91517849828744e-10,0.9998988801025229
2.8099923116759268e-05,8.218944018479744e-09,0.9999718918579393
0.9999986059751373,3.730605449735568e-29,1.3940248626450453e-06
3.259071997403832e-10,0.953427192246344,0.04657280742774885
1.9620205454336404e-19,0.9999998126023477,1.873976523232464e-07
0.006371290364991594,8.92762942104433e-12,0.9936287096260807
6.164954073147769e-06,0.0010355317544396031,0.9989583032914873
4.533115951326002e-06,3.55138109416637e-08,0.9999954313702378
1.9145839830743473e-20,0.9999987526161197,1.2473838804168347e-06
0.9999999999999405,2.0664466728822183e-49,5.950996592123742e-14
6.212086946456182e-07,0.030412446818548367,0.969586931972757
1.3500632454686381e-05,0.00010320098308973598,0.9998832983844557
1.3443308293048445e-06,1.1444958178929653e-07,0.9999985412195889
9.301078645353448e-05,4.458757354644755e-10,0.9999069887676708
2.309395776162437e-13,0.9994434588426718,0.0005565411570971904
8.434733936769825e-05,1.9569742911223824e-10,0.999915652464935
9.527282788532612e-08,2.547975800762713e-05,0.9999744249691643
4.907670012814235e-08,7.621028788898276e-05,0.9999237406354109
1.7829561840277053e-12,0.9329206759874364,0.06707932401078068
9.934820094655028e-23,0.9999999965669037,3.4330962045840845e-09
0.999999999999102,2.136929003695409e-46,8.978835770211852e-13
6.630321857132166e-16,0.9999758381116199,2.416188837950224e-05
1.5284324039589893e-14,0.994848462405095,0.005151537594889787
1.640895334190922e-06,1.985542576780117e-06,0.999996373562089
4.927360930014194e-07,8.110955235044589e-07,0.9999986961683835
0.00014697276454504507,7.797805913795706e-10,0.9998530264556744
0.9815965738516175,1.6095589138913416e-20,0.018403426148382546
5.669487051147644e-14,0.9997219261648262,0.00027807383511703276
0.9999456050017809,2.1309049140327593e-25,5.439499821917949e-05
0.9995676696430462,1.8020471683822912e-24,0.0004323303569538166
0.9999999963392794,2.966510449139316e-36,3.6607205714200673e-09
6.312883135902469e-21,0.9999988407611609,1.1592388392024777e-06
9.135149619693911e-07,0.008372837544588287,0.9916262489404496
0.0002070201973431702,5.709069871823688e-06,0.9997872707327851
2.56116939382572e-22,0.9999999949250742,5.074925871556777e-09
1.3465448987864484e-09,0.008628128578411477,0.9913718700750437
6.750037051597911e-24,0.9999999997049225,2.95077568725181e-10
0.9999999999970306,2.2955251512440892e-45,2.969402195484459e-12
1.2882304592699127e-05,4.939356194133271e-05,0.9999377241334659
0.9999999999011364,1.4507951325806316e-41,9.886366296153998e-11
1.7875182752059406e-08,7.91541358726234e-05,0.9999208279889445
0.9997084431609156,1.3779882792982745e-24,0.0002915568390845109
3.783048283343314e-28,0.9999999999988949,1.1050420363029484e-12
8.874136021675767e-27,0.9999999999874898,1.2510293838204263e-11
0.9999858350948861,1.729131082746962e-28,1.4164905113847153e-05
1.9258631546106133e-10,0.9411891933779933,0.058810806429420374
4.533274687352393e-18,0.9999673456319857,3.265436801418416e-05
0.0005123576637264016,1.613053743429913e-10,0.9994876421749682
0.002369583679991723,9.001032864052128e-12,0.9976304163110071
3.4486756377513394e-26,0.999999999971118,2.888201911067268e-11
2.666857752081694e-08,0.330888367169059,0.6691116061623635
3.7437744794024545e-25,0.9999999999340028,6.599727624913083e-11
2.0788890082677123e-30,0.9999999999999118,8.815276456865106e-14
0.9802781280184137,6.388897136323127e-20,0.019721871981586196
0.9999890351850349,1.0061762654474257e-28,1.0964814965182982e-05
1.2853077561933388e-25,0.9999999999314264,6.857359121563547e-11
2.51086575291699e-19,0.9999997308982231,2.69101776745392e-07
4.449751909008291e-18,0.9999990235115338,9.76488466185551e-07
2.823375479135159e-07,8.926150775212728e-06,0.9999907915116768
0.002052148357911907,4.838176947968481e-11,0.9979478515937064
0.9999858189248065,3.482714406467155e-28,1.4181075193621348e-05
0.9999999999822322,2.926501328716233e-43,1.7767770226189607e-11
1.401427352258563e-34,0.9999999999999998,2.520962663230401e-16
3.504609529427456e-19,0.9999997825356679,2.1746433203163306e-07
6.828049957420859e-30,0.9999999999964075,3.59242612591298e-12
0.9999904426779774,4.8343330077058656e-29,9.557322022651324e-06
0.00049260602037982,1.015986773235892e-10,0.9995073938780215
7.530457266396793e-13,0.9265963851134608,0.07340361488578624
0.999998782575445,2.7107574358145853e-30,1.21742455494933e-06
3.812260668708659e-07,9.78696615902668e-06,0.9999898318077741
0.9999999993350981,6.905766209103617e-39,6.649019399611374e-10
3.0012958906254534e-25,0.9999999999175573,8.244261888982055e-11
1.2090624541556599e-30,0.9999999999999527,4.7228230731881306e-14
9.394564499846932e-32,0.9999999999999858,1.4111522929240562e-14
0.9998305046922678,1.9035871515886535e-25,0.00016949530773222168
1.2579794448242155e-22,0.9999999977411138,2.2588861194432052e-09
0.9999999999930531,8.338184983494922e-43,6.946911282682325e-12
0.00042914155719435344,2.151409577654373e-10,0.9995708582276646
3.407275268393657e-05,7.838841251073856e-09,0.9999659194084748
0.9999999995693278,5.234145820759508e-39,4.3067212503509927e-10
1.4723037403081325e-21,0.999999983966064,1.6033936031094708e-08
0.9999999999939579,4.24727465837335e-43,6.042115611841972e-12
1.290600038269252e-07,8.418424804891918e-06,0.9999914525151913
1.2715589535020376e-12,0.9978980336425041,0.0021019663562244282
0.9999999999998583,2.946150637532575e-48,1.4168626881129648e-13
7.724234580886586e-07,0.007424551294483526,0.9925746762820585
5.703491760400236e-07,1.281201968519574e-06,0.9999981484488555
0.9952838547521063,1.0496042427707848e-21,0.0047161452478937035
0.9890777102116236,4.2079113396559975e-21,0.010922289788376439
0.004918354888238571,2.615435436922726e-12,0.9950816451091461
1.2700859424674714e-16,0.9999899131358939,1.008686410577756e-05
1.4266384712271396e-07,1.5779806688889552e-05,0.999984077529464
2.952050204379294e-10,0.07563982688753866,0.9243601728172562
3.063381668193572e-23,0.999999998730243,1.2697570727891996e-09
0.9999999999999056,2.7140699346799705e-48,9.444310020405417e-14
0.9890020161360605,6.891832338242772e-21,0.01099798386393948
2.41886679100948e-26,0.9999999999848652,1.51348091481733e-11
0.9999964618939605,5.7689836866326955e-30,3.538106039350998e-06
5.206626360465424e-30,0.9999999999999014,9.851993677905648e-14
0.9999999999995879,3.6903651537887175e-47,4.121989409407642e-13
0.00012061887396821871,6.065880340728007e-10,0.9998793805194438
4.0564795973231185e-07,2.2867189522663434e-06,0.9999973076330879
1.0860176352145008e-08,0.0009799687845941146,0.9990200203552295
0.9999999999999323,3.036897623398555e-49,6.771694123981461e-14
1.7923637407099559e-06,0.0012237025434581382,0.9987745050928013
1.368384466882281e-26,0.9999999999821496,1.7850418497476984e-11
1.6889663621619535e-26,0.9999999999909965,9.003501218659577e-12
0.9999995756326105,8.490884575824775e-32,4.243673894972726e-07
0.9944973048360689,7.0521838814704425e-22,0.005502695163931158
0.9999199868292519,6.678110615668234e-26,8.001317074804488e-05
2.2978306397039672e-21,0.9999999880520395,1.1947960512460546e-08
0.99942321504898,4.086464983993797e-24,0.0005767849510201032
4.885588280597716e-09,0.0006283633212016236,0.9993716317932102
3.6280274297200984e-07,1.6979788223663588e-06,0.9999979392184346
3.018766680491341e-09,0.751505769250936,0.24849422773029725
8.64107966920973e-09,0.000673011303018311,0.9993269800559021
2.9470161498280367e-10,0.09774400198302169,0.9022559977222768
0.9999999999744655,7.40459172451215e-42,2.5534454956546756e-11
0.9999507408789776,1.6721741004696248e-27,4.925912102228058e-05
0.999999999993731,4.051932359539185e-43,6.268981749009238e-12
3.2798493645275726e-06,0.00032981495121210425,0.9996669051994234
5.1686360170292265e-06,2.2638182816738393e-08,0.9999948087258
0.9998710489026505,1.4076957601725315e-25,0.00012895109734940342
1.7295793513980933e-06,0.0032692012694435233,0.9967290691512052
0.9999999999873503,5.059693447090352e-43,1.2649769335764688e-11
5.298816561757998e-32,0.99999999999999,1.009994447182949e-14
5.8012298562843945e-09,0.005047461392268076,0.9949525328065021
0.9999390496587645,8.389674405509965e-27,6.095034123554129e-05
0.9999999999445117,4.04242869017265e-42,5.5488250426313066e-11
0.9999999999999489,2.445539050283442e-49,5.116585156050932e-14
0.9999999985146648,1.5216599927507645e-37,1.4853352883648332e-09
0.9999999999966,7.847464591218981e-45,3.4000437047902516e-12
0.9875740014953552,1.8133573524681612e-20,0.012425998504644667
0.9999989657154992,1.0959369590501252e-30,1.0342845007717894e-06
1.395104167947258e-05,1.972443363213779e-08,0.9999860292338869
2.4265290123539053e-08,0.00028838948533831257,0.9997115862493715
1.5200141381946118e-22,0.999999914532907,8.546709307891384e-08
0.9999999838473146,6.85734737572797e-36,1.6152685275782782e-08
4.754849315558471e-31,0.9999999999999778,2.225227973737881e-14
2.4376232411159825e-05,5.613529163794911e-09,0.9999756181540598
0.0001254863170706672,1.9470589553203163e-05,0.9998550430933761
1.9299098117538376e-08,0.0002965442764061334,0.9997034364244958
9.033250163951424e-07,0.009838589311011076,0.9901605073639724
0.9999999999738021,4.5101420756881205e-42,2.619794711750231e-11
2.287385822430932e-05,2.7118336367041677e-09,0.999977123429942
7.864852386719106e-09,0.00035701105661587666,0.9996429810785317
5.877920929675603e-06,0.000942604819428285,0.999051517259642
3.282816120771684e-17,0.9997794504147776,0.00022054958522231663
0.9999686884088783,1.7181805970014728e-26,3.13115911216623e-05
0.9999553456364064,4.690281638576891e-27,4.4654363593492814e-05
0.9999999988528641,3.0336820699427964e-37,1.1471359292906586e-09
0.9999977104754875,2.5185737320677296e-30,2.289524512578104e-06
4.595261495327992e-13,0.9987625066829502,0.0012374933165903734
0.9999999999726408,3.4144981840023952e-43,2.7359115315275127e-11
0.00022753598970500185,1.3692116102530953e-10,0.9997724638733737
0.9999999999766618,4.7336717072381074e-42,2.3338192254718137e-11
6.11690348440623e-28,0.999999999998592,1.4079811775731102e-12
0.9998077975645506,2.5833796148086068e-25,0.00019220243544935346
0.9999986791628084,3.3032503624245565e-30,1.32083719155629e-06
0.9999625787571393,3.383508505083775e-27,3.742124286073797e-05
2.515981912416191e-16,0.9999740295311407,2.5970468859105407e-05
4.1184951239535425e-26,0.9999999999681093,3.1890748095580433e-11
4.658200594985021e-30,0.9999999999998834,1.165324673502151e-13
2.4823624324123565e-07,0.04778812157762097,0.9522116301861359
0.9999999999999332,4.7003549356751265e-49,6.673686355125877e-14
2.87071803595601e-05,2.1346978327771842e-08,0.9999712714726621
1.5330133011934304e-32,0.9999999999999958,4.166115862468711e-15
0.002124539716260614,3.582820315615638e-11,0.9978754602479111
0.9999999999912266,1.825071421647213e-42,8.773328730458465e-12
2.0549023902160086e-05,4.905247977710363e-09,0.99997944607085
3.107838479409138e-23,0.9999999978595762,2.140423773058621e-09
2.3974288499027367e-28,0.9999999999141138,8.588612613345165e-11
0.0014946779826009906,1.4604051526474836e-11,0.9985053220027948
2.784488202327629e-13,0.9990520333237803,0.0009479666759413711
0.9999999999992957,4.934882215750897e-47,7.043504968549575e-13
0.9984765273791885,4.0765260136817586e-23,0.0015234726208114703
0.000920578497464468,3.211098795911315e-07,0.999079100392656
0.9999999997855069,5.423177024381649e-40,2.1449319409743872e-10
5.5536246571174314e-06,5.5088657514661465e-08,0.9999943912866854
4.141785351638751e-19,0.9999910675482516,8.932451748471591e-06
2.5563359250435846e-11,0.9892614650159496,0.010738534958486926
2.0668623025228804e-19,0.9999950210675211,4.97893247878057e-06
6.597411473865821e-26,0.999999999974488,2.5512080112584823e-11
3.705966766038076e-06,0.00019029501859291168,0.9998059990146411
1.5974811464246276e-18,0.9999992646145267,7.353854733717883e-07
6.51956141863944e-06,2.6273047568212877e-08,0.9999934541655339
1.6867248962515806e-13,0.999451824183506,0.0005481758163254511
5.34916468989282e-17,0.9998347797832867,0.0001652202167133396
0.9999999999404905,6.989456294707886e-41,5.950956952640531e-11
3.192246439831836e-20,0.9999998913877128,1.0861228718805427e-07
1.6377364032578545e-14,0.9998615714833835,0.00013842851659991552
3.971020049920795e-31,0.9999999999993392,6.607398504956757e-13
1.4287489278028865e-09,0.00918436135305219,0.9908156372181989
9.836444810606006e-22,0.9999999895659571,1.0434042760471e-08
0.9999997303872982,1.5763643392810667e-32,2.6961270192091026e-07
4.250585815769394e-05,6.486094112806088e-10,0.9999574934932328
7.514901753660243e-26,0.999999999977236,2.276392609484177e-11
0.999999999368427,5.284224102492984e-38,6.315730075692634e-10
5.039133259247188e-35,1.0,9.809809746889623e-17
9.527918218394779e-06,1.1087673289910494e-08,0.9999904609941083
0.0006991656635162575,9.680581419012786e-11,0.9993008342396779
4.587729517826477e-36,1.0,2.1290992025160385e-17
1.6829166855197695e-16,0.9997998696886203,0.0002001303113794019
3.349477622565292e-26,0.9999999999664893,3.3510667433194674e-11
1.009771915439503e-15,0.998303115767257,0.0016968842327418749
4.375500018967882e-07,1.8956891130934427e-06,0.9999976667608849
0.9999999999462266,1.0500415340523704e-41,5.3773351503485505e-11
7.31944670594881e-14,0.9996989834369995,0.0003010165629271512
0.9999999998611362,6.529334966965769e-41,1.3886376295076208e-10
0.9994650560975191,1.212144044832001e-23,0.0005349439024809634
0.9999999858496393,5.188145611023238e-36,1.4150360747563514e-08
1.493893502549475e-32,0.9999999999999944,5.643633776101054e-15
0.9999999999945728,4.574390067359969e-43,5.427169144476795e-12
8.082596459287938e-31,0.9999999999999689,3.116434949992841e-14
0.9999994797378904,2.036178550487093e-31,5.202621095828667e-07
6.754612741449562e-23,0.9999999977403287,2.2596712750043554e-09
1.885843224306828e-05,3.910327370314213e-05,0.9999420382940539
1.2850597166842164e-33,0.9999999999999993,6.725902195060093e-16
2.622020626441912e-06,9.733532163764405e-08,0.9999972806440519
2.143147728643467e-17,0.9998750855598831,0.00012491444011679097
0.9999999999998965,1.065740371272532e-48,1.0340434710042323e-13
7.501729703939443e-25,0.99999999985249,1.4750993211739226e-10
6.700692057190192e-08,9.080405852487957e-05,0.9999091289345545
1.9395197572814395e-16,0.999618454011111,0.00038154598888874396
3.2514442584268727e-07,1.5426538007334302e-05,0.9999842483175668
3.5068670404969997e-06,6.550397049592354e-08,0.9999964276289891
0.9999999999928006,7.200565760508347e-43,7.199273560312479e-12
3.364550421083857e-10,0.09831646524285782,0.901683534420687
4.3574040183312934e-11,0.9795453462163659,0.020454653740060082
0.9998950071279704,5.044503661525341e-25,0.00010499287202967763
0.9999999986074448,8.567000648873125e-38,1.392555079109121e-09
5.259437282655549e-07,6.899193964028062e-07,0.9999987841368754
0.9732977917515777,5.2437108394171046e-20,0.026702208248422232
0.9212650881952738,1.1860682227977948e-18,0.07873491180472611
1.2774195104670965e-07,0.14814927728367044,0.8518505949743785
4.9589374035541526e-09,0.004266617531127681,0.9957333775099348
3.3569989436587173e-21,0.9999996313640427,3.6863595736094006e-07
2.392342545951523e-19,0.9999942638780481,5.736121951757165e-06
0.00010197715615501404,4.2582089277791535e-10,0.9998980224180241
0.9317288629982395,9.320921486567033e-19,0.06827113700176046
0.9999999998260589,2.6037437169242503e-40,1.739410191810878e-10
3.5608598043173425e-06,0.0009432841440103536,0.9990531549961853
0.9999999843432192,6.971877782403416e-35,1.5656780675148666e-08
0.9999999999999527,2.3411167660176494e-49,4.739438776690513e-14
8.423910618039451e-36,1.0,5.746087984275145e-17
3.1530989269200905e-18,0.9999983317582978,1.6682417022941183e-06
6.454431445245987e-20,0.9999999406157549,5.9384245056263237e-08
1.9049820075171104e-08,0.44406414834855423,0.5559358326016256
1.6568814909505328e-05,0.0005741167449124413,0.9994093144401781
3.3729730131142963e-09,0.7433448264529596,0.2566551701740674
0.00015824195470129257,1.7687140696300073e-10,0.9998417578684273
1.0029559929922257e-10,0.12264342173234773,0.8773565781673568
9.612046748379776e-10,0.004855557550581557,0.9951444414882138
0.0001470115368112787,5.596564833917454e-06,0.9998473918983549
1.156029266340914e-05,3.215947077730392e-08,0.9999884075478658
0.9999999999999705,4.690808516363443e-50,2.9446552299253904e-14
0.9999999395044467,3.1868576004649077e-34,6.04955534126528e-08
0.999999999995411,5.915596248363782e-45,4.5890625717958906e-12
4.021052799428341e-14,0.9996069563090981,0.000393043690861671
3.985614640726977e-19,0.9999994599197212,5.400802788312409e-07
0.00012672305664636845,2.236378340729267e-06,0.9998710405650129
4.471865716234672e-09,0.7810556971932892,0.21894429833484505
2.030870081716631e-30,0.9999999999999416,5.84993940957914e-14
6.594881606844263e-37,1.0,9.267338897059273e-18
0.9758948530936176,3.975509969313135e-20,0.02410514690638243
1.6727210375976278e-14,0.9998387504615008,0.00016124953848246516
6.223241037196759e-05,4.594992999593381e-09,0.999937762994635
0.9999840698137609,3.2090273615873944e-28,1.5930186239106224e-05
0.9991776445040446,9.206642204316603e-25,0.0008223554959554309
0.9911882753843331,6.3882579203099224e-21,0.008811724615666825
0.00019804064042709983,6.561823973767886e-10,0.9998019587033905
6.506784465265438e-30,0.9999999999997451,2.5492392701636284e-13
4.139909871509237e-09,0.0020313429708734188,0.9979686528892168
2.791588493606245e-18,0.9999398673579569,6.013264204300332e-05
1.8337780267507415e-07,0.04211063057600998,0.9578891860461873
0.999999827584166,5.656134263209569e-33,1.7241583399837018e-07
5.434813779440832e-22,0.9999999962096568,3.7903432129213955e-09
0.9999506394282538,3.4448320650643755e-27,4.936057174607339e-05
0.9999999999996987,1.1406638486290225e-47,3.0121375182223126e-13
3.4268944354411814e-26,0.9999999999847999,1.5200000310656196e-11
0.9854750677057373,1.7872528028005222e-20,0.014524932294262579
0.9997297859126961,3.056961577223246e-24,0.0002702140873038059
1.1026949135633557e-19,0.9999999174836435,8.251635656619145e-08
2.7560051403529755e-09,0.007106584856944213,0.9928934123870508
2.6659029531356927e-05,5.46794818935689e-09,0.9999733355025204
0.9999900307285057,5.875871893012069e-29,9.969271494361783e-06
1.2573214728176054e-18,0.9999727326395347,2.726736046531937e-05
7.97003689151798e-06,1.8967159489684707e-08,0.999992010995949
0.9999999486094484,2.266630996516133e-34,5.1390551701943435e-08
0.999572778236356,3.716629053889393e-24,0.00042722176364386535
4.025105216206668e-21,0.9999999737608412,2.62391589101993e-08
0.9997821083569383,1.4962827752249907e-24,0.00021789164306177332
0.0024339458766701855,2.190689362718095e-11,0.997566054101423
7.498226472985292e-20,0.9999970788480632,2.9211519369036777e-06
2.2270355911319146e-08,0.00013238168648956115,0.9998675960431546
0.9999551683635806,1.7367827927421645e-26,4.4831636419518815e-05
1.0630910589945926e-05,4.149610333631674e-09,0.9999893649397997
7.005008183024595e-21,0.9999992196576161,7.803423839514516e-07
0.9999955180593103,5.551313961674027e-29,4.481940689783621e-06
2.3647000128303566e-09,0.7669050199635324,0.2330949776717676
1.8216567995556925e-06,1.7923005582921943e-07,0.9999979991131446
1.2593930132496775e-17,0.999998020735003,1.979264996990812e-06
7.436916585368475e-07,3.7606787194480455e-06,0.9999954956296221
0.999997215463,8.357745527698415e-30,2.7845370000737378e-06
8.479263935873566e-22,0.9999999927611318,7.238868143032412e-09
0.9999999999999727,4.489860857034692e-50,2.740972137018902e-14
1.6199381135804445e-23,0.9999999992764819,7.235181762938975e-10
5.321514530966065e-19,0.9999825094588854,1.749054111454118e-05
0.9999999999991072,4.512715177272935e-46,8.929473872260442e-13
0.9864013679566128,2.8836160844062987e-20,0.01359863204338712
1.3994722161417909e-08,0.0003072241538707661,0.9996927618514072
0.9995848419819275,2.2734307372890884e-24,0.0004151580180725531
0.0020507268179419114,1.5356474319546287e-11,0.9979492731667016
1.2513919745198112e-22,0.9999999970862523,2.913747754958209e-09
3.3103507511985855e-13,0.9993111945913465,0.0006888054083223464
2.5087279483347574e-30,0.9999999999999463,5.3725885370559324e-14
5.429361236245591e-05,8.487280961257459e-06,0.9999372191066763
0.0002864746582469731,5.671367495621046e-11,0.9997135252850394
0.999982320954389,1.96089288814087e-28,1.76790456109526e-05
5.462440402154243e-19,0.9999997131830999,2.86816900067099e-07
1.548632501678706e-24,0.9999999998255795,1.7442045673414322e-10
7.077095516871797e-18,0.9998595849978578,0.00014041500214216306
1.0859205933840183e-25,0.999999999966904,3.309605152434607e-11
0.9999999999999736,1.0462910045998336e-49,2.6381902719703715e-14
1.9758758861425124e-09,0.0027287437463928334,0.9972712542777313
6.296685187059932e-05,8.922283307205502e-10,0.999937032255901
6.493817849264249e-16,0.9999698453865546,3.0154613444693632e-05
1.6349652356645147e-08,0.0001599622065978746,0.9998400214437497
8.93831571245101e-07,0.010338207571571093,0.9896608985968576
0.999603642990414,1.0109772129421407e-24,0.0003963570095858819
0.999524831537257,3.320134223018563e-24,0.00047516846274284907
2.4192543543451936e-26,0.9999999999886893,1.1310724967191184e-11
4.0264923035211377e-32,0.9999999999997986,2.0137514640008932e-13
0.9999922450276555,1.994131161853608e-28,7.754972344475372e-06
0.9997800151503563,2.862301249777494e-25,0.0002199848496436876
0.9999999999999893,1.2924485934429283e-50,1.075311131896618e-14
0.9999999999920666,6.8551271105570984e-43,7.933519225282428e-12
0.9999999982645142,1.9516525155765879e-38,1.7354857295077402e-09
0.9999979676691128,5.72457461457709e-31,2.0323308872012605e-06
3.603032807010626e-24,0.9999999997665805,2.334193953701853e-10
0.999999999999927,3.475827053830304e-49,7.312458793619795e-14
1.4300861451718852e-10,0.9875173839032545,0.012482615953736688
1.956051845598226e-06,0.0015706060345473526,0.998427437913607
1.9477930184245097e-06,0.0005532526790822764,0.9994447995278992
0.00014440987171636496,1.015819879071475e-09,0.9998555891124637
1.776778066330106e-07,0.2296774627810973,0.7703223595410961
0.9999773709771284,4.996321871857648e-27,2.2629022871636276e-05
5.614387773000915e-27,0.9999999999931108,6.88919708352806e-12
4.692525184752518e-20,0.9999999365050289,6.34949709362091e-08
0.9999999948074036,3.173269307295428e-36,5.192596265247066e-09
4.401098814382746e-13,0.998510979632968,0.0014890203665920718
2.494787710385338e-32,0.9999999999999969,3.133822194665904e-15
2.7855310747395425e-06,4.933168553056049e-07,0.9999967211520698
0.5144407352206493,6.808724777892083e-12,0.48555926477254197
0.00018497100981870518,3.4782243085606035e-10,0.9998150286423589
0.999999999963854,4.175721630088206e-42,3.6145930315577225e-11
2.7618722322334523e-11,0.2893046534909226,0.7106953464814586
3.6281403042268224e-06,1.4020676606135354e-07,0.9999962316529297
2.8821591763454465e-09,0.0029105284449687475,0.997089468672872
0.9999999929824641,1.885362628747235e-36,7.0175358264566105e-09
1.2638458920936957e-35,1.0,4.182731264774875e-17
0.9999380039756895,2.707310949561404e-26,6.199602431038017e-05
1.7351098910529793e-06,0.002657312184251881,0.9973409527058571
0.9988491413157289,5.4571388759552814e-24,0.0011508586842711812
0.0004509997706269251,3.8968086621901723e-10,0.9995489998396921
8.7306891011683e-05,2.0444118710799404e-09,0.9999126910645764
0.9999478823237806,2.6148357954552064e-27,5.211767621940679e-05
1.7787443770073013e-23,0.9999999992174613,7.825385909193136e-10
0.9997107384573445,4.139867491008462e-24,0.00028926154265543146
0.0016526777660383798,1.8780386399202448e-11,0.9983473222151812
0.000541465852327954,3.4135676714542856e-11,0.9994585341135365
5.748732994450109e-21,0.9999999811014145,1.8898585339978295e-08
2.23592293502824e-15,0.9999731582204588,2.6841779538892634e-05
0.9999999999999793,4.188090780151234e-50,2.0609222144885843e-14
4.439132125333948e-08,6.443892075465509e-05,0.999935516687924
1.994678934010851e-07,2.3603523263466545e-06,0.9999974401797801
0.9999998420578852,4.550992179906855e-33,1.579421148271439e-07
8.001485925706056e-07,4.808971441882537e-07,0.9999987189542634
7.6077504163969924e-06,0.00015205849037503452,0.9998403337592086
0.9999710927862634,1.4546128232425884e-27,2.8907213736586968e-05
3.255765271522915e-05,1.329175901255893e-08,0.9999674290555257
9.19900502358598e-06,1.3171232070570815e-08,0.9999907878237444
5.722539202229077e-07,3.3195840849549205e-07,0.9999990957876712
0.9999719343611192,9.475132621084955e-27,2.806563888078507e-05
3.7962878805541617e-20,0.999995596943899,4.403056100910647e-06
2.6010083544556103e-12,0.9980611168830997,0.001938883114299246
1.8107983179689146e-08,0.00010345500377394938,0.9998965268882429
0.9999884329730939,4.441665098016908e-28,1.1567026906040068e-05
0.9999999989629724,5.297171574063865e-38,1.037027624889435e-09
3.025726016303718e-09,0.8209922236224255,0.17900777335184848
1.4348927810341564e-06,3.4880148655333946e-07,0.9999982163057325
7.956257756472727e-10,0.8136731361593237,0.18632686304505056
0.9999930938744747,3.1570332331600716e-29,6.9061255251847895e-06
0.9999999999838618,1.0618624078351021e-42,1.6138135304866958e-11
0.9999860925260743,4.914100169379479e-28,1.3907473925611753e-05
0.0013255722848283735,4.55026658502647e-11,0.9986744276696689
0.9999999994112825,3.260121340828516e-38,5.88717542553902e-10
4.3669584214990864e-26,0.9999999999758002,2.4199842366069633e-11
0.9999995634249289,1.751097179944474e-31,4.365750710408862e-07
2.416186694454462e-17,0.9999965128911615,3.487108838324269e-06
8.117662194746337e-37,1.0,1.0581696404525966e-17
0.9850041275995639,5.944021882476969e-21,0.014995872400436207
1.3839308892188787e-09,0.0045431824853811665,0.9954568161306879
0.9999999999405977,2.0100317049422467e-41,5.940225747482636e-11
2.649715651288519e-35,1.0,6.881403359406059e-17
3.526186669120704e-05,2.3614530831070843e-05,0.9999411236024778
0.9999999999967419,4.152800858885014e-45,3.257958880777869e-12
5.7847408964840355e-33,0.9999999999999971,2.9293113552487227e-15
0.9999999999999836,3.830894740419149e-50,1.634710805199153e-14
0.9999999819403528,4.674441940204043e-35,1.805964727741176e-08
3.1470930953284886e-07,0.04161907674117922,0.9583806085495113
3.3205567053615903e-06,8.286393375859428e-08,0.9999965965793608
0.9999898462344807,8.360861264097241e-29,1.0153765519213865e-05
1.5115842030983814e-10,0.9718684485214066,0.028131551327434945
1.2986976292465616e-09,0.8547577006617969,0.1452422980395056
0.999999999999986,2.7984512631226515e-50,1.3901722695596522e-14
0.9999999999875226,3.1926955844584976e-42,1.2477429189739389e-11
3.4149030831114877e-10,0.9235605342003967,0.07643946545811299
0.9999999999999796,5.766489780594722e-50,2.0428020782539123e-14
9.577011606951183e-19,0.9999995105629884,4.894370117150444e-07
0.0009779005266976936,3.4593531468498565e-11,0.9990220994387089
0.9999999999999878,1.430533113008986e-50,1.210920113720297e-14
2.330692754678273e-10,0.9448960759470107,0.05510392381991989
4.570858400469594e-05,7.13499678103886e-09,0.9999542842809984
7.684384753290008e-10,0.07576855417892454,0.9242314450526369
5.669218219010959e-09,0.776706723818559,0.22329327051222267
3.7353725996700315e-06,9.370968921606935e-08,0.9999961709177111
0.9992574430484634,4.903726164009727e-24,0.000742556951536549
1.05239854279933e-06,5.7502287063816e-07,0.9999983725785866
1.2643113425721822e-05,0.00010755965901603993,0.9998797972275582
0.9999999324234657,2.8920232261165395e-33,6.757653424306309e-08
7.224414097016657e-19,0.9999992309567792,7.690432207407598e-07
3.938410776266317e-08,0.0009001554912162722,0.9990998051246761
6.328251270120107e-19,0.9999996498140661,3.5018593406778705e-07
0.9999999999999891,2.169011039862537e-50,1.0835831117661317e-14
1.532259472246615e-14,0.9945800052853767,0.005419994714608055
6.146370833880407e-08,0.15760582787039845,0.8423941106658932
2.640320944886187e-08,0.00010061111387427923,0.9998993624829161
2.657546878312814e-10,0.0936589120658611,0.9063410876683843
2.2173080909301135e-27,0.9999999999945526,5.447461041634159e-12
0.002705258172978333,8.894061588902291e-12,0.9972947418181276
4.361151985744299e-08,0.19636183451255282,0.8036381218759273
2.3895704397945804e-14,0.9998497592169024,0.00015024078307346975
7.909914173850676e-10,0.015278346721000414,0.9847216524880082
7.426368697474853e-17,0.9999939577672348,6.042232765133503e-06
6.082560629283443e-21,0.9999999428078926,5.71921072782366e-08
0.9999999774113112,1.5853649594992897e-34,2.258868894012877e-08
0.9999999999949656,2.0513246097428103e-43,5.034384016653213e-12
0.9999999999982285,8.26075899162606e-46,1.7715734168943054e-12
3.250136701516994e-07,3.824517413360283e-06,0.9999958504689164
2.4734177943522905e-34,0.9999999999999998,2.013580688502669e-16
0.9974179284810044,2.867614222135007e-22,0.002582071518995656
7.335045397295954e-14,0.9991650489435995,0.0008349510563270367
1.857087291198764e-19,0.9999998374235981,1.6257640193201564e-07
0.9999999327458237,1.6146674012249064e-34,6.725417635302899e-08
0.9999981914630819,8.006310626892943e-31,1.8085369180704842e-06
0.9997528625600383,8.641475125136706e-25,0.0002471374399617375
0.9999988708069668,2.352736747703642e-30,1.1291930332560351e-06
0.00044669161937584123,1.3680480564974338e-10,0.9995533082438193
1.2092504707385877e-05,6.420023695976084e-08,0.9999878432950556
0.9999990049757637,3.0167503898692626e-31,9.950242364383688e-07
3.0380065742911344e-06,3.4589997340476014e-08,0.9999969274034284
7.043200121579653e-30,0.9999999999999212,7.873198112985264e-14
3.046085378091268e-12,0.9944086279430999,0.005591372053854195
0.9999998612936877,6.897653280101265e-32,1.3870631228711168e-07
0.9999935620781846,1.618449398816649e-28,6.43792181533741e-06
3.419291268923977e-23,0.9999999980368215,1.9631784865470734e-09
4.672190950412908e-13,0.9983039516306675,0.0016960483688651209
3.1820485796329196e-28,0.9999999999988671,1.1327880083208193e-12
1.0419949901880067e-22,0.999999993818147,6.181852958558867e-09
1.034221486918873e-06,0.005570321804605544,0.9944286439739075
0.9999503312654591,7.464654729357953e-27,4.966873454099071e-05
0.9999999385044112,3.1901000396937113e-34,6.149558887930759e-08
0.9996465556121008,4.439357984189517e-25,0.00035344438789908727
0.9367028385605228,1.3298398033618107e-19,0.06329716143947725
7.899765920959887e-10,0.020754235789167918,0.9792457634208556
1.2390889700946462e-19,0.9999945371949794,5.462805020412059e-06
0.001028147435129873,1.637471289997811e-10,0.998971852401123
0.9997803181717781,4.441354018145329e-24,0.00021968182822185755
1.7048370039699404e-11,0.9895230488425345,0.010476951140417268
5.66309002435025e-12,0.7929032369641708,0.2070967630301661
2.0873977549841468e-07,0.047787075148199215,0.9522127161120253
2.3576900141227633e-19,0.9999858064378665,1.419356213345679e-05
0.9999999988526682,1.7666589488166934e-37,1.1473317365279721e-09
4.715438269306875e-19,0.9999846296741619,1.5370325838021546e-05
1.7134743083694823e-06,1.541885421062694e-07,0.9999981323371495
0.9999998681257029,1.6558097596765191e-32,1.3187429713664918e-07
0.9999999998061133,1.279089670853754e-39,1.938865849133861e-10
1.3622477297062102e-13,0.9995229154447294,0.00047708455513439447
1.2695057765817145e-27,0.9999999999953366,4.66334803499478e-12
0.999950480800383,2.155586116488607e-26,4.9519199617115024e-05
2.19199761331033e-11,0.9828787758838953,0.017121224094184803
0.9999999998486899,6.011651889867605e-40,1.513101452891549e-10
0.0030116855846507797,9.686167551790956e-12,0.996988314405663
4.1524939558837544e-07,1.9121249907511417e-06,0.9999976726256136
0.0011176898466164456,1.6965967931140465e-07,0.9988821404937043
2.4302232885488143e-08,0.00016831175845472763,0.9998316639393123
5.639712004306182e-09,0.0032390916323455183,0.9967609027279425
1.2732932082716172e-15,0.9999482947895827,5.170521041601392e-05
0.9999999999980476,2.476729146415408e-45,1.952388741493293e-12
3.0033258479337524e-08,0.43474847064675315,0.5652514993199884
1.717749857108519e-07,3.226829050182574e-06,0.999996601395964
0.008491710746418071,2.2432241172694157e-12,0.9915082892513386
0.9998795048583816,7.243580864486895e-26,0.00012049514161846608
7.728526093948271e-08,4.30654770300857e-05,0.999956857237709
9.579326538385949e-09,0.0021443204190779316,0.9978556700015955
4.468153430599841e-07,0.024907927363865278,0.9750916258207917
3.3223304182471647e-20,0.9999999289006203,7.109937972319938e-08
4.997737368858123e-09,0.0016129341722372391,0.9983870608300253
0.999999997336358,2.4248268812283627e-37,2.663642003629112e-09
0.9999996851296448,1.7889763892094863e-32,3.148703553037601e-07
1.70690007275444e-09,0.8411788662656402,0.15882113202745962
8.608819216351191e-19,0.9999620872354948,3.7912764505040314e-05
6.866927006347477e-15,0.9999368318668387,6.316813315448268e-05
0.9999999835868061,3.3802678530586707e-34,1.6413193972225768e-08
0.9999999999997662,2.6356014758057464e-47,2.3385483866592114e-13
5.879533477998154e-19,0.9999899323485119,1.0067651487996e-05
1.0795797307931836e-06,4.548494274587201e-07,0.9999984655708417
6.104616194487925e-21,0.9999999653245589,3.4675441100482496e-08
0.0003615951410850566,6.57847971169323e-11,0.9996384047931302
0.00016542349687776118,2.6278223505208697e-10,0.9998345762403401
0.021882771169990302,2.0132310252512003e-09,0.9781172268167787
3.660021862431166e-07,7.80655431094012e-06,0.9999918274435029
2.0101396710646737e-22,0.999999801088489,1.9891151093704907e-07
1.0360831622759888e-22,0.9999999974427387,2.5572613714870197e-09
0.0017545816797571072,9.521617419552488e-12,0.9982454183107212
2.0243290562796333e-05,4.733300327433234e-09,0.999979751976137
8.686902238722022e-22,0.9999999932876871,6.712312877869864e-09
0.0024355454273720474,3.9926313358233863e-11,0.9975644545327016
0.9999999999725828,1.296952145891723e-42,2.741710541990968e-11
2.553594984800716e-06,0.0030328720387485433,0.9969645743662666
4.420842474410525e-22,0.9999999956835046,4.316495273975476e-09
3.8442231221409845e-08,9.000874862076736e-05,0.999909952809148
0.9997224438669554,7.317799948397057e-25,0.00027755613304467937
3.8901232667434504e-22,0.9999999922180668,7.781933267331749e-09
0.9999999999908347,1.1473843810621242e-43,9.16538596365667e-12
0.00029573333079116807,1.2851088145638976e-10,0.999704266540698
1.6403755433566097e-13,0.9994447100279343,0.000555289971901634
1.5862787520653622e-16,0.9997275613246507,0.0002724386753490996
1.0520504309497395e-26,0.9999999997692757,2.3072431918994106e-10
7.722999535898032e-19,0.9999889833348374,1.1016665162585579e-05
0.009895269066218336,3.5425467179491943e-12,0.9901047309302391
1.886537812981138e-07,2.5148297942919906e-05,0.9999746630482758
0.9945683490174568,6.186897894821449e-22,0.00543165098254327
0.0032009598907264524,3.903577316700275e-12,0.9967990401053699
2.921514391606802e-23,0.9999999981456993,1.8543006419168666e-09
0.9999999999870137,3.4921308386908274e-43,1.2986387297710224e-11
6.424788555719257e-30,0.9999999999998961,1.038713347402321e-13
5.146572501544008e-06,0.00033586026027847314,0.9996589931672198
1.2236036216961256e-12,0.9969534322423176,0.003046567756458896
3.915013530677777e-06,0.002716663480099574,0.9972794215063698
1.3385210465052948e-16,0.9999864239973242,1.3576002675615977e-05
0.9994478550601492,3.0396056650037703e-24,0.0005521449398507083
3.2968096320977736e-06,5.354325653577439e-08,0.9999966496471114
0.000242514452686808,2.984895727188073e-10,0.9997574852488235
9.466650509230316e-28,0.9999999999966451,3.3548043140148034e-12
2.302101842548141e-08,0.5101748056241797,0.4898251713548019
2.8383690996496898e-05,2.4961519320373488e-09,0.9999716138128516
0.00010462975326091808,5.829626498635335e-10,0.9998953696637765
5.491418599349016e-08,0.00023951361971962168,0.9997604314660944
7.956212418348053e-14,0.9993541071298695,0.0006458928700509421
0.9999999999915663,1.51520339303052e-43,8.433795575601583e-12
0.9998088599066342,4.510962238372803e-25,0.00019114009336585212
7.125712476493236e-06,0.0002856523800674257,0.999707221907456
0.9999999999687743,3.78180478116633e-42,3.122559923816381e-11
3.3816998747333276e-06,0.0014468019606573884,0.9985498163394679
0.9999999999871498,1.7041349918800571e-43,1.2850266143261478e-11
0.999999999647087,1.1528213600108327e-38,3.5291299499594896e-10
0.00231865928722115,1.7329887359424845e-11,0.9976813406954489
2.39910702769075e-33,0.9999999999999989,1.1457069128865852e-15
1.4989219379646028e-06,1.6821903242735328e-07,0.9999983328590296
6.913303443325279e-08,3.6929385674403524e-05,0.9999630014812911
1.1645174084376865e-09,0.004221326105478218,0.9957786727300044
0.9999999656873301,3.7319301211361086e-31,3.43126699589131e-08
0.0006611553551500201,1.2907450217527781e-11,0.9993388446319424
0.00017959939226520183,1.6491044683661809e-10,0.9998204004428243
1.9719348648694218e-13,0.9483262178972253,0.0516737821025777
0.9999985814321422,3.063419470031722e-30,1.4185678580068617e-06
1.441242079243978e-07,1.5548038969268023e-05,0.9999843078368228
1.1613100161373753e-05,2.7722775045657012e-08,0.9999883591770636
6.003161067477725e-10,0.9396662076047438,0.060333791794940125
0.9999999999722606,8.027330597998098e-42,2.7739408787609885e-11
9.66174426920143e-06,6.65962071798991e-08,0.9999902716595236
0.0013890811330813972,1.0692202233736108e-10,0.9986109187599965
0.0001243153114465909,3.583805549223008e-10,0.9998756843301729
1.6445334425530493e-09,0.008118408373310624,0.9918815899821558
1.9605941151126963e-21,0.9999999718384304,2.8161569624350774e-08
0.9915027378421913,2.6839461152159736e-21,0.008497262157808569
3.6400683968750145e-25,0.999999999892063,1.0793710322085927e-10
1.1410019074693685e-24,0.9999999999027145,9.728562226892406e-11
2.2889135676716203e-09,0.001779258263612567,0.9982207394474739
4.8122632372278e-16,0.999251707811372,0.0007482921886275631
5.556897754685371e-06,2.445731369878712e-07,0.9999941985291083
0.9999999997386586,2.794313982874584e-40,2.613413035340773e-10
9.558882008961453e-09,0.6954523615307171,0.3045476289104009
1.0280747621684941e-21,0.9999999926940628,7.305937236203861e-09
6.054619847539221e-08,4.180893803839911e-05,0.9999581305157631
0.999999967755871,9.350211401274558e-35,3.224412896270806e-08
0.9999999999999727,4.4861634270813005e-50,2.734430197376756e-14
6.246305070591704e-23,0.9999999984826358,1.5173643281844321e-09
0.9999999980813596,1.2576655544487099e-38,1.918640372449252e-09
7.1442088481198695e-09,0.00028782550636220663,0.9997121673494289
0.009323018154547317,1.6521659452529653e-08,0.9906769653237933
2.6685264471460236e-09,0.004979173752715172,0.9950208235787584
0.9999999170122325,1.1431351452160205e-33,8.298776744881963e-08
1.1843099926557386e-19,0.9999998353587112,1.6464128878116733e-07
0.9999999996949742,2.423524055241158e-39,3.050257143877215e-10
0.9997160500949015,3.320001607456599e-24,0.00028394990509853185
6.940281053200612e-08,1.872847231854023e-05,0.999981202124871
0.9999988423095518,2.770511429976984e-31,1.157690448140281e-06
2.1553738356585555e-20,0.9999998889159206,1.1108407932769725e-07
1.6752282306129277e-16,0.9999893873303654,1.0612669634446854e-05
0.999999995820188,3.426187753960489e-36,4.179812050838286e-09
4.859454888247416e-07,1.1675994187918058e-06,0.9999983464550923
9.331255532837494e-15,0.9915996910010718,0.008400308998918988
0.9998037088705223,3.7708526223638504e-25,0.00019629112947761423
0.9997915375771155,3.7246844088306013e-25,0.0002084624228845059
3.988549902837366e-10,0.04030155809359536,0.9596984415075496
0.0002546069687089196,2.361705225655001e-10,0.9997453927951205
5.542335720712313e-07,0.009058353738929641,0.9909410920274982
0.9999693004437451,2.0919173393853388e-26,3.0699556254741425e-05
9.644726409333592e-15,0.9998921318201849,0.00010786817980562788
0.9999864779003024,1.4362470074160416e-28,1.3522099697521367e-05
2.9536954291566666e-07,2.2667944788238087e-06,0.9999974378359784
0.9999999999737217,5.4142438580884775e-42,2.6278322614253663e-11
0.020195331716648803,3.8519197694876295e-09,0.9798046644314314
2.4080514871820392e-21,0.9999999820131081,1.798689188081128e-08
0.9999328242775313,5.970624877319942e-26,6.717572246879871e-05
1.0615590932321483e-07,6.422839008956879e-06,0.9999934710050816
0.999996276174933,5.3200194117995846e-30,3.7238250669808755e-06
7.61493031903096e-05,2.0965017243024312e-09,0.9999238486003079
4.238555803286346e-27,0.9999999999940614,5.938668312880182e-12
8.725839327358127e-07,1.5298549651531907e-06,0.9999975975611021
7.466216612511088e-18,0.9999986365765867,1.3634234132106049e-06
0.00016266151942559106,1.5797744687071602e-09,0.9998373369007999
2.6109686520123228e-05,1.9484263752150135e-08,0.9999738708292161
0.9999999999540394,1.9003176557440173e-41,4.596049584481381e-11
0.9998242445915378,3.21302725537925e-25,0.00017575540846220637
1.7546851913786996e-07,6.294957120432631e-06,0.9999935295743605
6.114668044079468e-34,0.9999999999999996,4.829970962572407e-16
8.240178768644127e-05,1.7602764668267543e-09,0.999917596452037
2.4857993888107757e-32,0.9999999999999971,2.8643651233817983e-15
0.9999999999803009,8.207530908834526e-42,1.9699037535074068e-11
0.9998411507094638,7.056138034430469e-25,0.0001588492905362383
0.9999951501823064,8.230395180538173e-30,4.8498176936674605e-06
0.00020410912879353373,1.1805950607445804e-09,0.9997958896906114
4.241542191921185e-08,0.36336767715080986,0.6366322804337682
0.9999999967665867,5.595448426163274e-37,3.2334132071456834e-09
0.9971783026228717,4.2305558368921693e-22,0.00282169737712836
0.9999999999995675,5.451412039659605e-47,4.325942304835854e-13
0.9999995952665818,5.310454926341848e-32,4.0473341818472376e-07
3.435868394205094e-05,5.08860137536907e-09,0.9999656362274566
0.9981182565714065,2.0401235559178642e-23,0.0018817434285935384
1.7680207458031577e-08,7.866544352711356e-05,0.9999213168762653
0.9999999672498068,4.04348080200248e-35,3.2750193179349735e-08
1.2538595262157651e-11,0.9948160721845399,0.005183927802921424
0.9999992194038627,3.7197223824575444e-31,7.805961373127922e-07
0.9999572732925671,1.3261848020690305e-26,4.272670743290258e-05
2.0581121158907734e-18,0.9999788385858637,2.11614141363123e-05
1.4299503257184676e-05,0.00019800246117887985,0.999787698035564
0.9999999556467436,4.057768217877353e-34,4.4353256488717955e-08
1.5527670283862771e-06,1.258757001784793e-06,0.9999971884759699
0.9999784450299098,3.5415354799690124e-27,2.1554970090098834e-05
0.9999968012669244,4.696419156763068e-30,3.1987330756969825e-06
4.660060987343333e-06,2.619940744433189e-07,0.9999950779449381
0.9999994375388834,8.101416261757504e-32,5.6246111666902e-07
0.9999999966143205,1.8460416832999688e-36,3.3856795589663257e-09
5.053182805475683e-06,1.0724897099132694e-07,0.9999948395682235
2.210395201791124e-24,0.9999999997329276,2.670723964995226e-10
1.3769657484566861e-18,0.99999924511895,7.548810499757391e-07
1.2388494409323242e-33,0.9999999999999991,9.758062305680892e-16
0.9999999999999682,9.940303641418806e-50,3.176047708215957e-14
0.999998303417351,1.2007671729992802e-29,1.696582649018844e-06
0.0009505821986903446,9.378967786271018e-12,0.9990494177919307
0.9999998847327807,7.026513189096196e-34,1.1526721936215056e-07
0.9999999999922367,1.0916968535305592e-42,7.763329849864742e-12
3.0612261424832614e-23,0.999999998979058,1.0209421061334932e-09
0.9999999999302145,1.8006243174436116e-41,6.978551590255484e-11
2.428710819252231e-30,0.9999999999999118,8.811981115196606e-14
0.9999999997260873,2.0306620861844484e-39,2.739127142441849e-10
0.00039550677579297625,5.74261761180156e-11,0.9996044931667808
2.9352437120901214e-06,0.0019856941564458867,0.9980113705998419
4.209098575160201e-08,7.379997005521843e-05,0.9999261579389591
9.42355624539323e-09,0.0009953430017979263,0.9990046475746458
0.9999991888032401,1.1547040957810888e-31,8.111967598827824e-07
2.2494170997121278e-07,0.05918487160522959,0.9408149034530605
0.00121638547871493,4.3417401724095826e-07,0.9987831803472679
2.1367517590293508e-09,0.0031262154939562755,0.9968737823692919
3.9017421574019886e-27,0.9999999999936597,6.34026879514695e-12
6.161958247522095e-07,4.649198064247638e-07,0.9999989188843688
0.9999999999999727,7.748220447806548e-50,2.7349196210743343e-14
6.521682835204886e-14,0.9885199996822399,0.011480000317695008
0.00043357274067168876,2.956180295269017e-11,0.9995664272297665
0.9985598260965148,1.1662166888079967e-22,0.0014401739034852529
0.0005057585733684184,2.729637116160799e-07,0.9994939684629199
2.445652351915568e-06,6.682781929763819e-07,0.9999968860694551
0.999999999024735,1.0507077408961229e-38,9.752649266155933e-10
0.003869651157150504,8.239277839706119e-12,0.9961303488346102
1.0463407493140034e-15,0.9999329831563081,6.701684369087126e-05
1.0691199726425586e-35,1.0,6.032125663252035e-17
9.518158858512632e-08,0.18897446290142544,0.811025441916986
0.9999999999999118,5.421970094378557e-49,8.82602380437957e-14
0.9999999274099068,3.019328352073403e-33,7.25900930046298e-08
0.9999999999953637,2.6867094856780306e-43,4.636252513157876e-12
0.9999797138201965,2.1912221010285376e-27,2.0286179803505874e-05
0.9999952041681054,5.925096961239887e-29,4.7958318946846014e-06
6.026794978654637e-11,0.26745648056009447,0.7325435193796376
2.1687599933592895e-08,0.0001940151773776778,0.9998059631350225
1.9283852114875245e-19,0.9999905552984213,9.444701578786733e-06
0.9999999969520263,1.144189241833175e-37,3.047973569035702e-09
9.85068242203577e-11,0.16589729564841474,0.8341027042530784
4.0673722715133436e-20,0.9999955614282977,4.438571702326732e-06
1.6143999509894724e-07,0.05978338405633396,0.940216454503671
3.256275374753747e-12,0.9966818863198368,0.0033181136769068584
9.697928224382464e-25,0.9999999998819253,1.1807472431860823e-10
1.4045779905237162e-29,0.9999999999997713,2.2860884481861376e-13
0.0023260577044849147,3.3734783234862766e-11,0.9976739422617803
2.568245931694132e-35,1.0,8.010106800187494e-17
1.2279123702962097e-35,1.0,4.5137892786421136e-17
2.333659782834058e-19,0.9999997375379928,2.624620072502714e-07
6.883441317641367e-22,0.9999999919845824,8.015417646422933e-09
3.95667852881884e-05,1.2086966405970696e-09,0.9999604320060153
3.312157654064123e-29,0.9999999999997273,2.7276619577253014e-13
2.0421679272890512e-35,1.0,7.280109551322034e-17
0.9917835704246043,4.740875420737948e-21,0.008216429575395761
9.111702632158012e-18,0.9999982588867299,1.7411132700079096e-06
5.93743922133826e-09,0.003331611554431077,0.9966683825081298
1.3029930622713366e-08,0.0007397946401028423,0.9992601923299665
0.9999900040898226,3.025984937023304e-28,9.99591017732231e-06
8.130211675043413e-08,3.476960822394709e-05,0.9999651490896594
3.035075769656687e-12,0.9945741813826421,0.005425818614322947
1.1064694383161067e-19,0.9999998674983326,1.325016674606494e-07
2.986078075166721e-30,0.9999999999998654,1.3445152052827392e-13
7.33782045162331e-08,3.3806583013850896e-05,0.9999661200387817
2.4658786657974723e-05,2.418934665696553e-09,0.9999753387944074
6.26455429437439e-34,0.9999999999999993,7.511868487300446e-16
0.9999946486545237,2.4450997562570136e-29,5.351345476357926e-06
0.9999994860390055,1.6412847642569434e-31,5.139609944131596e-07
3.236541932655297e-05,5.811255034219638e-09,0.9999676287694185
0.9998627763002219,6.244057875864251e-26,0.00013722369977808773
0.9999999947159854,1.1566099049473893e-35,5.284014595632811e-09
5.771911879516337e-12,0.9941588182405069,0.005841181753721235
2.7287862726654915e-36,1.0,3.029423561574019e-17
0.9996993963434088,2.1985005676196093e-24,0.0003006036565912142
1.0228140194955492e-05,1.1867385717500488e-08,0.9999897599924192
0.9990256387908584,4.6937709456454006e-24,0.0009743612091417245
9.647673692389123e-16,0.9999594612245617,4.0538775437335556e-05
0.9999999999662301,8.836027519456424e-43,3.3769865112458593e-11
1.1895491414924752e-06,9.106434687918083e-07,0.9999978998073896
2.54704508504122e-06,5.012034505676112e-08,0.99999740283457
1.2124518053324871e-08,0.0007809491607380161,0.9992190387147438
6.99724293786746e-06,3.294308523601444e-08,0.999992969813977
6.1197883206879545e-06,0.00018341485697364517,0.9998104653547056
4.097846602894323e-06,4.8607980436221804e-08,0.9999958535454168
3.45584990120996e-08,5.267178921097711e-05,0.99994729365229
3.411539280688349e-13,0.9990553717018955,0.0009446282977632679
0.0006937254930235175,7.23076476577221e-11,0.9993062744346689
6.175176423269159e-05,3.6976560987225703e-06,0.9999345505796686
8.626196349687461e-36,1.0,2.951916627743264e-17
0.9999856008740095,2.1485603073585816e-27,1.4399125990615595e-05
1.1531927308819927e-20,0.9999999715953131,2.840468699003083e-08
3.1871725114948137e-34,0.9999999999999996,3.617255524903954e-16
0.9999164222598692,3.106028927846697e-26,8.357774013067874e-05
7.2803971815613514e-09,0.001191833606271165,0.9988081591133318
0.9999996804005762,7.914258566199325e-31,3.195994238313747e-07
3.1140227009412392e-30,0.9999999999999143,8.560348680768184e-14
0.9874222458662985,2.362417890552202e-20,0.01257775413370149
0.000621812975277145,1.0541367098413185e-10,0.9993781869193092
2.540390521605407e-19,0.9999879760570788,1.2023942921179484e-05
0.00011169717867243539,5.984603169663452e-10,0.9998883022228672
1.2137095870700173e-05,9.6588318288411e-08,0.9999877663158109
0.0018794653727165194,1.2988102426128518e-11,0.9981205346142953
2.7208476729053833e-22,0.9999999946416027,5.358397189692147e-09
0.9960433352550853,1.9518848599920295e-21,0.003956664744914638
9.157217010119471e-24,0.9999999991026185,8.973814661978723e-10
0.9999993347795544,4.17992752175017e-31,6.652204455773286e-07
0.999999999975445,9.884452512389937e-43,2.4555028130634016e-11
2.317446310458108e-05,2.1715288024511154e-08,0.9999768038216073
3.2839299400111284e-07,0.025192680642015533,0.9748069909649903
7.967815374836147e-22,0.9999999940108137,5.989186192696096e-09
2.5991107434097463e-07,5.765716850524137e-06,0.999993974372075
0.9999929687508776,5.288086075489211e-29,7.031249122276334e-06
0.9999999999995233,4.0360075861987737e-47,4.766881164344462e-13
0.9999999999816889,3.5530647239167963e-43,1.831102419463759e-11
0.9999199621187326,5.319988069904322e-25,8.003788126747447e-05
0.9999729038064347,1.871773549524012e-27,2.7096193565286527e-05
1.8545466289759587e-36,1.0,1.7443780332303503e-17
1.037205069037746e-26,0.9999999999833267,1.6673386937826943e-11
7.74706168134115e-22,0.9999999930786097,6.9213904100209126e-09
0.9999999999872389,4.450089394417115e-43,1.2761164986540358e-11
2.7979119687274254e-18,0.9999993081822912,6.918177088577222e-07
0.9999854358836546,2.1485739562515987e-27,1.4564116345434512e-05
2.8387591821766624e-33,0.9999999999999731,2.695924042927491e-14
0.9999999816079567,5.335175641558416e-35,1.8392043343015896e-08
8.007795729815562e-15,0.9999061861655358,9.381383445620417e-05
0.9999333729075066,1.1109157432924173e-25,6.662709249340962e-05
8.809279387699209e-16,0.9999744360390568,2.5563960942271714e-05
0.9999999989434802,1.202052116529425e-37,1.0565196677217917e-09
1.2741404238525473e-22,0.9999998767732322,1.2322676785253651e-07
5.485762036118589e-06,4.6044361081710805e-07,0.9999940537943531
0.9999999999999762,3.9397583472223664e-50,2.3854901629983608e-14
0.9991927625106402,7.674229794615036e-24,0.0008072374893597893
7.963868546093572e-05,1.0917247861123432e-09,0.9999203602228142
0.0001298744176950803,2.835579137922933e-10,0.9998701252987469
3.631862668948863e-11,0.9762066845158739,0.02379331544780751
0.9999999999935771,9.617386821262997e-43,6.422879081418564e-12
1.587518687619915e-26,0.999999999990933,9.067067602388899e-12
0.9999999998146658,4.974946278907781e-37,1.8533429399711573e-10
1.3494620321088468e-22,0.99999999670917,3.290829945147105e-09
0.999696015830792,2.813597300056821e-25,0.0003039841692078641
2.1151035861735474e-18,0.9999992512022051,7.487977948574734e-07
7.063277435711789e-10,0.006506221827973858,0.9934937774656986
0.9999999561847798,4.530310927190644e-34,4.381522029077985e-08
9.19857187359447e-09,0.0010646881015576707,0.9989353026998705
0.9999561864064623,1.968956517512226e-26,4.3813593537561245e-05
0.9998528404242522,1.70745951385443e-25,0.00014715957574770288
1.7596407594101565e-08,0.0001501489541528497,0.9998498334494396
0.9999999880122302,1.031888997195944e-34,1.198776978431942e-08
3.37825493011153e-15,0.9979920524954271,0.0020079475045695814
5.5012319382918276e-21,0.9999999546075836,4.5392416524807453e-08
0.9999190764718009,1.047511684230227e-25,8.092352819910812e-05
6.740558459718063e-07,1.8043718704953515e-06,0.9999975215722836
0.9999999999999818,5.354161904724538e-50,1.8317254915553604e-14
1.0184940181437413e-06,5.232551843816492e-07,0.9999984582507975
2.0530480360820032e-36,1.0,1.441717653495643e-17
0.9999999999999525,3.4183376117687473e-49,4.75053963824969e-14
7.973995747070563e-05,7.481546145525436e-09,0.9999202525609832
0.9999999999983942,7.770527196599152e-46,1.6057226336119765e-12
3.4514705936955333e-06,1.1550410581226318e-07,0.9999964330253006
3.305231709238876e-14,0.9998082140369937,0.00019178596297322588
9.745420376210713e-27,0.9999999999819289,1.8070991236804292e-11
3.295256693250444e-36,1.0,2.338874371283294e-17
0.9999998107549689,3.483981372261639e-32,1.8924503114535266e-07
9.354721898630264e-18,0.9999988599028273,1.1400971726432919e-06
0.9999959924780699,4.7020855889873054e-30,4.007521929989058e-06
2.7352450256967153e-06,6.236473884255201e-07,0.9999966411075859
4.742365136681527e-34,0.9999999999999993,6.406790686301387e-16
4.310720896343744e-22,0.9999999950212726,4.978727311343809e-09
0.9999999997640476,1.7304756126316097e-40,2.3595239808774747e-10
1.640907331845471e-35,1.0,8.616851321589084e-17
0.9998521251499338,9.804154252180285e-25,0.00014787485006609189
4.991723525674061e-13,0.9428448721222518,0.05715512787724913
4.899087927679407e-08,4.516477272091093e-05,0.9999547862363998
0.99999999966133,7.6965911217367e-40,3.3866990796019607e-10
1.2907435927720334e-15,0.999936822044375,6.317795562364357e-05
1.573999754103498e-23,0.9999999991583892,8.416108320078444e-10
9.687672458674724e-19,0.9999994897649659,5.10235034051901e-07
1.5987223553671247e-07,6.028896706279558e-05,0.9999395511607017
5.11025690555311e-06,0.0010903721241327276,0.9989045176189617
0.9994619158549976,7.552849870645023e-25,0.0005380841450025651
0.9999998115933886,3.7645783394427405e-32,1.8840661136870205e-07
3.902029099362933e-27,0.9999999999961977,3.802345083547614e-12
5.5025956350644135e-06,3.810963068994377e-08,0.9999944592947342
0.9999999999604623,3.380884717853141e-42,3.953774156645367e-11
8.429920084083803e-17,0.999987916702493,1.208329750699463e-05
0.9999612947840818,1.0118490803310148e-26,3.87052159182064e-05
0.0002927005502278502,1.3368475990036227e-10,0.9997072993160873
2.451154533158408e-18,0.9999770602163509,2.2939783649113433e-05
5.93195172919492e-08,0.05044846303674992,0.9495514776437328
0.9999828909766734,3.0635407217294622e-27,1.710902332657377e-05
0.9999999999834321,7.358910624757074e-43,1.6567748458943914e-11
0.9999999999999378,3.608483451992047e-49,6.206435889126788e-14
0.9839345956454312,6.819270287324606e-20,0.016065404354568817
1.0668596572691294e-08,0.6439419033126312,0.3560580860187722
0.9999999520680664,3.208010017442214e-34,4.79319337708354e-08
0.9999999999849769,7.927246229866682e-42,1.5023017482569583e-11
1.088541657171619e-09,0.8566933424999914,0.143306656411467
0.9988959438121954,3.6522177688301215e-23,0.0011040561878046529
5.070489740112413e-14,0.9830293405187506,0.01697065948119881
0.9999999994712623,2.0337707041379978e-39,5.287376419152472e-10
0.9999999999830773,3.4980093949001837e-42,1.692278701749112e-11
0.0015648789172209821,1.0166937618611567e-11,0.998435121072612
6.567143615454701e-05,1.3338716522862924e-09,0.9999343272299739
0.9910232063936443,6.41621663359107e-21,0.008976793606355823
0.9989780613763223,1.3286609955815236e-23,0.0010219386236776508
1.0173341575086792e-06,4.628643000974292e-07,0.9999985198015425
0.9999594496878846,4.4221850838549105e-27,4.0550312115478004e-05
4.728000939566529e-25,0.9999999998765483,1.2345174756042423e-10
5.2877125321383776e-08,0.00011391470715865407,0.999886032415716
2.9423752347761747e-21,0.9999990833756864,9.166243135416564e-07
3.813868947109423e-10,0.9362059261185881,0.06379407350002501
0.00014040646682857705,2.170695377589806e-10,0.9998595933161019
0.9999999999933986,2.88185132944082e-43,6.601342997157694e-12
1.2888512458255564e-22,0.999999998895758,1.1042419776631035e-09
1.560584921133171e-17,0.9999981792357447,1.820764255297751e-06
1.0731493776852887e-10,0.11581493300181381,0.8841850668908713
0.9999999999813298,1.5530940379539788e-42,1.867021872828927e-11
0.99976104518283,3.431936806789542e-25,0.0002389548171698497
0.9999921512142173,5.414807245460742e-28,7.848785782668153e-06
3.755426828922248e-21,0.9999999847526073,1.5247392673315645e-08
0.00028831472896137576,2.2263115887875615e-10,0.9997116850484075
8.829991334175005e-05,2.1494256084687156e-09,0.9999116979372326
3.624115852496753e-34,0.9999999999999996,3.438917585827622e-16
0.9989201332758313,5.318176518566192e-23,0.0010798667241685932
2.2554417274834515e-19,0.9999918528100854,8.147189914672405e-06
2.1469059853998903e-32,0.9999999999999936,6.48110157733187e-15
0.2122794722116642,3.9329325737910566e-15,0.7877205277883319
0.9999993605526661,2.025295085334365e-31,6.394473339475991e-07
2.6822647714707424e-07,5.250573279336486e-06,0.9999944812002436
1.315685459849256e-15,0.9999553528964605,4.464710353821136e-05
0.00021576310752096124,5.0331661013284575e-06,0.9997792037263777
0.0001442414204998697,1.3967052601552796e-09,0.9998557571827948
5.250997467118395e-12,0.9964693107820464,0.0035306892127027014
1.5324109573828984e-14,0.9933704784476464,0.006629521552338361
0.0004317951613643802,2.5437676914051864e-10,0.9995682045842589
0.9999999998105233,1.068887794511612e-40,1.8947658488504585e-10
1.1229801525132445e-24,0.9999999998471627,1.5283739686141194e-10
0.0026184136789164526,9.71650621225097e-12,0.9973815863113671
0.8980373100199803,4.347043299974343e-18,0.10196268998001966
1.8311260004250209e-34,0.9999999999999998,2.790330154148217e-16
3.310119767139291e-20,0.999998273900611,1.7260993888737255e-06
4.1451474834441315e-06,4.4904129142434587e-08,0.9999958099483874
0.9999999999917659,5.102478042906754e-43,8.234175321429044e-12
9.002455370183428e-05,6.952832102062239e-10,0.999909974751015
7.987584500895093e-35,0.9999999999999998,1.9203509058710665e-16
2.9724477854351974e-31,0.9999999999999774,2.2662958118398012e-14
3.0244237599606737e-09,0.0038428728027938676,0.9961571241727822
4.910855960836896e-36,1.0,2.6060133332898035e-17
0.9999999348488675,2.0166255801136538e-33,6.515113242244414e-08
2.745939816006795e-15,0.9999585603017912,4.143969820606214e-05
0.00011042128228525537,5.914972480128079e-05,0.9998304289929135
0.9999999495334341,1.4138554458580185e-33,5.0466565861373825e-08
4.8515296058194615e-14,0.9994867799645547,0.0005132200353966433
6.432320924667296e-15,0.9951460184262934,0.004853981573700302
0.9999999999999745,1.3555896104123438e-49,2.5628052342964404e-14
2.1175024376104693e-13,0.9991490137710293,0.0008509862287590637
0.9999999999999842,1.0404142563540898e-50,1.5869685420725234e-14
0.999998079268828,1.5019559406452019e-30,1.9207311718609105e-06
2.5353294048503532e-08,0.17985126346359911,0.8201487111831068
5.348426138015708e-16,0.9999833806557731,1.6619344226373013e-05
2.9542551413887e-28,0.9999999999991767,8.233635296214752e-13
3.8490937852519254e-31,0.9999999999999685,3.148520179948998e-14
1.5327416937807576e-14,0.9943690774785461,0.005630922521438784
0.9999999999860596,5.405536871025392e-43,1.3940413782498373e-11
9.366196267912936e-35,0.9999999999999998,1.3761896482538208e-16
0.0006042082969219586,1.7857922344430072e-10,0.9993957915244988
8.331703800475901e-11,0.9781632257696073,0.02183677414707561
4.650003246335972e-09,0.7501663663879556,0.24983362896204117
0.9999999999930234,7.244737623288105e-43,6.976582777257347e-12
1.435442429642769e-06,3.8613251823454184e-07,0.9999981784250521
3.300279071950693e-24,0.9999999996161442,3.8385584855146497e-10
8.913759260806534e-20,0.9999925087600405,7.491239959486342e-06
0.9937925421893965,3.891338383719427e-21,0.006207457810603569
2.8275005399128094e-05,3.2556902455407657e-09,0.9999717217389107
9.017719681900208e-09,0.0002658184220000496,0.9997341725602802
1.8503741497214413e-16,0.9999856007862242,1.4399213775499261e-05
0.01604617743630986,2.374991603830387e-12,0.983953822561315
0.9999999514972638,8.517413109297236e-35,4.85027360503492e-08
0.9996047686902968,2.974564144268937e-24,0.0003952313097032234
0.9968108785419522,3.0004823301397243e-22,0.0031891214580479416
9.893213748859919e-36,1.0,4.6655556765069147e-17
7.686567274180552e-35,0.9999999999999998,1.6025709264769527e-16
9.153519084113996e-17,0.9997089622223473,0.00029103777765271415
5.467336269179152e-06,0.01907841900316705,0.9809161136605639
0.9995238960529311,1.4891290113942949e-24,0.00047610394706875476
4.5348720966109534e-21,0.9999999468778703,5.3122129551066846e-08
6.129446875565e-05,8.796507685046086e-09,0.9999386967347368
0.999995373081807,1.0374357290795152e-28,4.626918192906356e-06
0.9999999622711367,3.876601693051648e-35,3.7728863166066215e-08
0.9998633009129761,1.1777427348092795e-25,0.00013669908702381158
1.3947328727054465e-08,0.0002754117948794095,0.9997245742577919
0.9999999999999762,4.2617580531167533e-50,2.3816894157857445e-14
0.9999999999971303,5.400713922331939e-44,2.869636595421794e-12
0.9903244070212136,9.527102161991764e-21,0.009675592978786247
0.999999841124057,6.083745422453081e-34,1.5887594286861492e-07
0.9999998768569595,5.270328768082906e-33,1.231430406461335e-07
0.9999999999999298,4.629520039344181e-49,7.026039586024998e-14
4.794923275769754e-16,0.999979184192474,2.0815807525508647e-05
2.8899352385412792e-06,2.9028562794225486e-07,0.9999968197791335
4.720441696642697e-18,0.9999811135624201,1.8886437579854433e-05
0.9999992069350222,2.552775892376183e-31,7.930649777308848e-07
0.00011375417730900848,3.6947551408877897e-06,0.99988255106755
1.1564406720505713e-26,0.9999999999884557,1.1544220905728743e-11
0.9999999998814195,3.608152758273167e-41,1.1858055211742056e-10
0.9999016889471989,8.423875170314003e-26,9.83110528011299e-05
0.9999999896275228,1.6696882318857164e-35,1.037247717656797e-08
0.002603217510916955,5.043904056934088e-12,0.9973967824840392
1.362617426612393e-06,3.8411913939517954e-07,0.999998253263434
9.927729364993213e-06,1.0617869365812262e-07,0.9999899660919414
0.010150449254812486,2.4450847059298605e-12,0.9898495507427423
3.71528884007116e-18,0.9999340408273305,6.595917266948216e-05
2.5731322341468426e-05,4.0217277190165394e-09,0.9999742646559308
0.9999999996331788,5.770956437416076e-40,3.668213507755155e-10
2.528704546944362e-18,0.9999750407918997,2.4959208100360775e-05
0.9999999999999742,1.187383801394194e-49,2.5814076817344808e-14
3.5946865285763076e-06,5.620661897806825e-08,0.9999963491068524
2.7626512424813713e-09,0.0029980226958624787,0.9970019745414863
3.314938049179884e-27,0.9999999999902331,9.766748259994328e-12
1.534749653114258e-18,0.999999249854333,7.501456669736962e-07
5.4983789821815875e-18,0.999998428819625,1.5711803750017813e-06
6.183737754218208e-35,0.9999999999999998,1.9275830670114424e-16
2.9614389787262404e-07,1.6458890385850638e-05,0.9999832449657162
0.999999999989627,1.3145239472034211e-42,1.0373075065004819e-11
6.78087019141727e-08,8.454344682841363e-05,0.9999153887444697
2.223334759097169e-19,0.9999890472079551,1.0952792044894387e-05
3.558166244906518e-05,3.734953397559794e-09,0.9999644146025976
6.969197457146274e-14,0.9877178147906793,0.012282185209250958
9.978109941455473e-22,0.9999999917947672,8.20523280299942e-09
1.4289845572509706e-26,0.9999999999938964,6.1036649291878485e-12
0.9999999999993461,2.689597673023709e-46,6.538629070164924e-13
9.472529047775268e-07,1.0404138941391426e-06,0.9999980123332011
0.00014139151366814677,7.005133209376489e-10,0.9998586077858185
0.0011030170597419158,4.855496544676232e-11,0.998896982891703
0.9868719935770767,5.183619805863041e-21,0.013128006422923276
1.349029098853641e-14,0.9997978477105961,0.0002021522893903454
0.00028315339206431587,6.936377089890446e-10,0.9997168459142981
0.9999999999499076,1.4265683244613283e-41,5.009244095923033e-11
2.3312419343855636e-22,0.9999999926530299,7.34697007079551e-09
0.9999864106418803,8.030500448935176e-29,1.3589358119582893e-05
3.703126998824063e-27,0.9999999999957667,4.233210000415533e-12
1.3165606194121005e-18,0.999999636111437,3.6388856300227003e-07
9.877700391741628e-05,1.8395056255097027e-10,0.999901222812132
7.479378246406256e-25,0.9999999999153273,8.467261800946208e-11
0.9995962588770524,4.39228712858935e-25,0.00040374112294756255
0.9999999999849929,2.0569334610484597e-42,1.500701259829846e-11
8.772635793093347e-29,0.9999999999993354,6.64523029386895e-13
0.9999999999884432,3.245092532295614e-42,1.1556800599044267e-11
0.9999999802660477,2.961643210667277e-35,1.9733952229137e-08
0.9999999995912461,3.2304406843516226e-39,4.0875389374091555e-10
8.640366245367433e-05,5.28151447735942e-06,0.999908314823069
0.9999999999999825,2.861244125023722e-50,1.7478586039563628e-14
1.094074068950149e-05,8.979444680411115e-05,0.9998992648125063
6.788136673799334e-15,0.9977596403593418,0.0022403596406511744
0.999999999835832,1.8533502010462982e-40,1.641679549055943e-10
0.9999998866803903,9.581482553148868e-34,1.1331960974443187e-07
0.9999228007269441,1.3946870949097436e-21,7.7199273055877e-05
0.9999982327359096,2.9694791837112884e-30,1.767264090446105e-06
6.673156993837634e-24,0.9999999773586427,2.2641357329695252e-08
0.9999999999999545,1.8613621260280126e-49,4.547090922820948e-14
0.9999999595478025,9.720728576435286e-34,4.045219748458292e-08
0.9999981327971638,2.2798002004879963e-30,1.8672028361696904e-06
0.9999999999999629,1.8521468568564464e-49,3.7101630510615563e-14
1.3023794289679435e-14,0.9946223904857239,0.005377609514263017
0.014318639508549032,2.5633364813460176e-13,0.9856813604911946
4.247394421583263e-09,0.0051280470120295485,0.994871948740576
0.9999999987915673,8.496578338831921e-39,1.2084326006559837e-09
0.9999943224032106,1.75579807946357e-29,5.677596789521903e-06
0.00010223647397649157,3.5070013066730304e-10,0.9998977631753234
9.375775421293045e-11,0.9742997623551986,0.025700237551043906
0.9999346721830727,1.220433506145845e-26,6.532781692729323e-05
1.5285557194673224e-05,1.6368959029934488e-08,0.9999846980738463
3.607011946730705e-09,0.0029471824448217073,0.9970528139481664
0.9999857360140064,5.44386173660866e-28,1.4263985993704075e-05
3.888683222900493e-25,0.9999999999348297,6.517038047968145e-11
0.9995055247417277,3.8094841010357625e-24,0.000494475258272331
1.1344707859374774e-17,0.9999545695616083,4.543043839178312e-05
0.9999999999963005,9.794809679675171e-44,3.699560260935069e-12
1.2790081431205463e-08,0.6071684920730006,0.39283149513691795
0.9999999973111946,5.006521801839119e-37,2.6888053928540753e-09
1.3903662906063383e-06,2.440190899068476e-07,0.9999983656146194
4.770960121861289e-05,5.400723499808454e-05,0.9998982831637834
1.045433880909294e-05,2.5045946275474537e-08,0.9999895206152446
0.9991706958896228,8.105621796673677e-24,0.0008293041103771674
3.0306211650488188e-15,0.9999401987821576,5.980121783925807e-05
1.894094264985988e-10,0.9200327187613652,0.07996728104922544
0.9999999999591367,3.554995407259063e-42,4.086322094344516e-11
2.9618329272793003e-07,0.021167793532355116,0.9788319102843521
4.290472393105948e-10,0.037176411660532045,0.9628235879104207
0.9999994305663181,2.274507858059167e-31,5.694336819507958e-07
3.696172598543269e-15,0.9999115595264787,8.844047351749422e-05
2.9627693079681965e-08,0.41446211782555864,0.5855378525467483
0.000400120392730518,1.4085966651201869e-09,0.9995998781986728
1.2845022761648376e-08,0.4168459503976523,0.5831540367573248
0.000413647388730029,1.3674942872970415e-06,0.9995849851169827
6.1435792432554995e-09,0.0004671341158625026,0.9995328597405583
1.8516081288797535e-10,0.0798800255846263,0.920119974230213
8.413675413633167e-19,0.9999993875951496,6.124048503568339e-07
2.424715383840946e-13,0.9990473037441708,0.0009526962555867148
1.2740644105795723e-17,0.9999966457005148,3.354299485174187e-06
8.329488449483557e-23,0.9999999982255927,1.7744072898486597e-09
7.717448414725785e-20,0.9999974037591023,2.5962408977046237e-06
0.9999999999567075,3.437667679635363e-41,4.3292565019074204e-11
0.9999999782120241,1.788780477681359e-35,2.1787975919469115e-08
7.064779183280045e-09,0.0002863524503957318,0.9997136404848251
0.9999998545172389,3.7211709853813976e-33,1.4548276109998598e-07
0.9920116637434168,3.247941026407607e-21,0.007988336256583139
3.76585563048698e-10,0.9688618933570368,0.031138106266377544
0.9618096601604121,1.1207468713927876e-19,0.038190339839587736
0.9551776901644922,2.3697554030527807e-14,0.04482230983548406
0.13995871669600976,2.20227011487682e-14,0.8600412833039682
0.9999203479437639,1.404123233196386e-26,7.965205623614293e-05
0.9999988565578665,2.153367521105822e-30,1.1434421335610032e-06
5.32822389539321e-13,0.9987191947263764,0.0012808052730906604
0.9999999999999494,3.1328058463811467e-49,5.057643605174994e-14
9.147834627180673e-28,0.9999999999975571,2.4430445380642764e-12
1.438994596529795e-15,0.9999728454836662,2.7154516332537443e-05
2.945640497222398e-21,0.9999999825326408,1.7467359270295793e-08
7.78286992324658e-07,2.001201668770342e-07,0.9999990215928407
1.021347437604175e-06,3.7840668297159723e-07,0.9999986002458794
2.7990345186389096e-26,0.9999999994401072,5.598928421743466e-10
3.2609231553353987e-07,6.1385568359361825e-06,0.9999935353508486
0.003629265375109878,2.4720300332526456e-12,0.9963707346224182
6.833859453869525e-30,0.999999999999881,1.1912295201234533e-13
0.9998960154861272,3.361564121060218e-25,0.00010398451387282515
7.330759006266793e-22,0.9999996834236838,3.1657631611863366e-07
0.9975009094686555,7.935704159190716e-23,0.002499090531344441
0.9966726766504845,2.877228049084368e-22,0.003327323349515379
0.9999900214211168,1.9106116250540972e-28,9.978578883062066e-06
1.6971546020679353e-09,0.8580606494491336,0.14193934885371176
2.0797093402579588e-10,0.061981574290477764,0.9380184255015512
4.074957133733513e-19,0.9999997352325171,2.6476748290873324e-07
2.9738362867701603e-07,2.0003951580057835e-06,0.9999977022212132
1.7257784646975617e-15,0.9999610722742461,3.8927725752005193e-05
9.781702031113205e-24,0.9999999990453006,9.54699365806495e-10
7.107324575281808e-15,0.9943637763127241,0.005636223687268852
0.999997394415275,1.7501517486655796e-30,2.605584725096129e-06
5.922371976907743e-14,0.9995286893709129,0.00047131062902776777
7.12231978920243e-33,0.9999999999999969,3.0182192444380767e-15
0.9928471229725291,5.5687909206383995e-22,0.007152877027471018
0.998739083721546,6.163838830005868e-24,0.00126091627845396
3.2242959979403346e-22,0.999999835623748,1.6437625196129804e-07
1.4398402082420417e-08,0.0005903402905233814,0.9994096453110746
6.790291437917971e-05,1.0711685649551381e-05,0.9999213853999713
1.6833695338825268e-06,3.542586919536644e-07,0.9999979623717742
0.9999322065943693,1.686536741346024e-26,6.779340563068555e-05
6.538818347496548e-07,4.550372159909563e-06,0.9999947957460055
0.9999999999999554,8.764744424455948e-50,4.471925546316969e-14
0.0016037818646916248,3.837808701984436e-11,0.9983962180969302
5.775250579971017e-05,8.288680121206757e-09,0.9999422392055201
0.9999916644064949,3.223999006534164e-28,8.335593505253907e-06
8.06768958134724e-09,0.0038471531499647948,0.9961528387823456
0.9999999999093443,7.419926058531364e-40,9.065578807388898e-11
3.478525158378467e-09,0.001549050958283648,0.9984509455631911
0.9999999552855734,6.4436617201116585e-31,4.4714426565491474e-08
0.9997850597959577,1.356758257991647e-25,0.00021494020404236758
1.1293714632620623e-07,2.3200025799386443e-05,0.9999766870370542
3.193609898184587e-36,1.0,2.646877996802719e-17
0.0011309616127563938,1.5984778975604035e-10,0.9988690382273959
0.9999999627073272,9.014733516136713e-35,3.729267292225863e-08
2.2787834149208404e-14,0.9998769591364646,0.0001230408635125425
5.23393512359964e-30,0.9999999999958196,4.18035876699544e-12
5.095574355376293e-15,0.9999166261157305,8.337388426425976e-05
0.9999889205546862,3.6947371376848775e-28,1.1079445313854663e-05
1.891686575533773e-07,0.02749142838668013,0.9725083824446623
6.164193207036972e-34,0.9999999999999996,5.405787975328723e-16
0.9952396831001095,5.41448315905955e-21,0.004760316899890637
3.8685562608633526e-20,0.9999984777210807,1.5222789193612868e-06
0.9728723850468047,3.634838517614914e-20,0.027127614953195146
3.839412197481412e-11,0.6612142333586744,0.33878576660293164
0.9999999999999725,9.23708764419057e-50,2.755855124271793e-14
4.684716344231115e-10,0.9379190892131369,0.06208091031839139
2.0897920454090803e-08,0.473269309196875,0.5267306699052045
0.00012650287069210654,1.0826878418629487e-09,0.9998734960466201
3.4023926607636626e-36,1.0,1.7761902977521342e-17
5.027522411105088e-14,0.9994730896485119,0.000526910351437755
0.9999999999999145,1.0670557222299937e-48,8.558530022390416e-14
3.0375314935792434e-05,4.160291494282972e-09,0.9999696205247727
1.9171380940359396e-19,0.9999967024803279,3.2975196721010654e-06
0.9999999999832392,6.7618996561018815e-43,1.676092306583036e-11
5.616226215847678e-19,0.9999996738266013,3.2617339875240667e-07
0.9998808153334807,1.0062568575647822e-25,0.00011918466651929763
0.9912937993971751,4.2707656978599945e-21,0.008706200602824891
1.8275546056920522e-11,0.9870423393217744,0.012957660659950087
2.5263330306659974e-09,0.0014311140542810409,0.9985688834193859
0.0002520861874621188,3.215121260428642e-10,0.9997479134910258
0.9997096858656104,9.28575132638974e-24,0.00029031413438960823
0.0007695090589042634,4.969652334867429e-11,0.9992304908913991
0.9999939081284507,1.3003868122077145e-29,6.091871549204093e-06
1.3934105196070874e-07,7.395348158344757e-06,0.9999924653107897
6.641832582751154e-05,6.173616045633736e-10,0.999933581056811
2.3792186757460434e-06,0.0015983607514732038,0.9983992600298511
0.9999999999999585,1.3519494713079217e-49,4.150111208570276e-14
1.2860922903850462e-11,0.9929109743622947,0.007089025624844413
1.9010980388461758e-05,4.905129567900195e-05,0.9999319377239325
0.9999999999999643,1.2021718426707465e-49,3.564470290717015e-14
9.29331146710749e-24,0.9999999994918161,5.081838950446021e-10
0.9999999998615812,1.2842884744031817e-40,1.384188711028536e-10
5.653936590306475e-09,0.6485449115902719,0.3514550827557915
1.4225939292511482e-05,2.3699982779293335e-08,0.9999857503607248
2.993177038841815e-08,0.00031003922431403487,0.9996899308439154
8.725741494388394e-06,6.175137325494687e-09,0.9999912680833682
0.999999972429339,2.672169276462313e-35,2.7570660921367864e-08
0.9999939358617999,7.933164896923402e-29,6.064138200237424e-06
0.9999988460832651,7.078067674796043e-31,1.1539167349185338e-06
1.8430441585191232e-05,9.668579825368821e-09,0.9999815598898348
5.260378460438239e-08,0.17461590309689673,0.8253840442993187
6.61086274388943e-07,1.2954229000644556e-06,0.9999980434908254
3.0481931261697877e-18,0.9999798052347247,2.019476527516976e-05
0.9999999999858775,9.596656874331787e-43,1.4122574398604104e-11
2.278185206933128e-07,2.3558690417109283e-06,0.9999974163124375
2.0544746239767065e-07,0.021589108555583894,0.9784106859969537
0.9999916858190853,2.569668627510172e-29,8.314180914789192e-06
2.100002977592893e-14,0.9996261378102689,0.0003738621897099554
0.004336723354500359,2.0433217310147033e-12,0.9956632766434563
1.365455126235604e-05,0.00033919661992871193,0.9996471488288089
5.114375595831961e-16,0.9999845326402116,1.546735978807201e-05
9.3888535062093e-06,0.0004896252149237094,0.9995009859315701
1.207507593394237e-13,0.9800904455171335,0.019909554482745593
3.3929404293565314e-05,5.75906451028381e-10,0.9999660700198001
2.625455798475707e-08,0.5230237272866111,0.47697624645883097
9.29294431707345e-14,0.9989568354952174,0.0010431645046897792
0.0003013837753042915,5.5970414042082343e-11,0.9996986161687254
1.1607797607679703e-21,0.999999493818599,5.061814010806891e-07
6.589634884118323e-05,1.616589316534693e-05,0.9999179377579935
1.9865432764152307e-20,0.9999999468845285,5.3115471438940484e-08
6.058106639783097e-07,1.9094471585256886e-06,0.9999974847421775
0.9999999999324061,5.821471012669402e-41,6.759400787488073e-11
0.9996805837607313,5.149289834357504e-25,0.0003194162392687875
0.9981630157396524,1.98330396430539e-22,0.0018369842603475437
2.653515955367762e-10,0.9420241587177167,0.057975841016931685
5.522370842894518e-19,0.9999997143402001,2.856597998783576e-07
6.378030419488411e-09,0.0003147966988456397,0.9996851969231239
0.999999999991706,2.501076730403115e-43,8.293995124125103e-12
5.778679642098444e-23,0.9999999508577901,4.914220987574552e-08
3.8229267492412046e-19,0.9999997722238417,2.2777615823292316e-07
6.092297211470587e-18,0.9999986240189027,1.3759810972909183e-06
0.9999999989158124,1.6919064170651483e-37,1.084187543172064e-09
2.343577486377051e-08,0.00019482585226189862,0.9998051507119632
3.9648830181515725e-10,0.9515562513521748,0.04844374825133686
0.9999999999826343,4.619463979538614e-42,1.7365598833224584e-11
0.00044109436017139906,1.7709457704294588e-10,0.9995589054627341
4.90087308995728e-10,0.022159242941770747,0.9778407565681418
0.9961159049871282,1.3369930301229474e-21,0.003884095012871878
1.8883689631580254e-17,0.9999956402943656,4.359705634517643e-06
2.854309875816802e-13,0.9830616625577123,0.01693833744200222
1.3196193006314997e-07,0.09786407886777193,0.9021357891702979
2.3614029135249794e-06,4.793592457232223e-07,0.9999971592378407
5.636235228107094e-21,0.9999999809720027,1.9027997257398158e-08
7.118985171268165e-05,6.71650380101093e-10,0.999928809476637
1.6806018248782964e-18,0.999968965184706,3.103481529396014e-05
2.4839433235925552e-06,4.0783761945671045e-07,0.9999971082190569
0.9999997975842235,1.247684308934024e-32,2.0241577646153548e-07
3.912613343739837e-12,0.8343727777001427,0.16562722229594465
1.4125219370750044e-18,0.9999994336788326,5.663211673517497e-07
0.9996621044905749,5.843843650607103e-25,0.00033789550942497465
0.9999999999828677,1.8414493069064277e-42,1.7132331993734933e-11
2.787380930430589e-05,0.0001036735635667182,0.999868452627129
1.5323530346721592e-33,0.9999999999999984,1.6454465801121482e-15
0.9969571497766405,4.2172422785063386e-22,0.0030428502233594626
1.5536791774947083e-08,0.46394236625417423,0.536057618209034
0.0025558550914436136,1.681286808061511e-11,0.9974441448917436
0.0020425081034572776,5.26145328934351e-11,0.9979574918439281
9.030233961064725e-09,0.0012472728072199187,0.9987527181625461
1.0626412599779279e-11,0.9818668674709645,0.01813313251840907
7.370269405252524e-07,0.02040035837767909,0.9795989045953805
0.9993965490544555,5.3953095346054435e-24,0.0006034509455444839
2.49551587576861e-11,0.9891725638803155,0.010827436094729316
0.9995136357788461,5.294420947591893e-25,0.00048636422115390707
6.082727840086506e-33,0.9999999999999993,6.482666440268931e-16
3.3591103691190183e-08,7.43925974939995e-05,0.9999255738114023
0.9823987184889578,6.771314050307518e-16,0.017601281511041643
3.0473604011707047e-06,1.8900404532374679e-07,0.9999967636355536
1.0588106226614784e-24,0.9999999997469597,2.5304035809286886e-10
0.9993971415253231,8.493952548708669e-25,0.000602858474676778
0.00010416180480308817,1.613579280989571e-05,0.9998797024023869
3.8792155063072553e-11,0.975325303794185,0.024674696167022878
2.2797068664977502e-26,0.9999999999791729,2.0827136323620287e-11
1.0125052653788052e-07,2.040619171009229e-05,0.9999794925577634
2.849823425634453e-35,1.0,8.090631100651573e-17
1.9713236388658862e-15,0.9999562069666,4.3793033397961e-05
1.371149455010488e-17,0.9999477541001875,5.224589981235876e-05
3.6833042976876944e-09,0.007379265960447328,0.9926207303562483
0.9999998340978677,4.8325490235819185e-33,1.659021321869755e-07
6.583332227721638e-07,7.4008775051441334e-06,0.9999919407892721
7.841890744587222e-33,0.9999999999999962,3.842592516008343e-15
9.018128890950049e-05,1.4276272634982204e-09,0.9999098172834632
0.9999999999990401,2.2387883531860563e-46,9.599601527119409e-13
0.9999999999734064,4.496894830285686e-42,2.659372718603078e-11
0.9999995074453233,4.8804219206506283e-32,4.925546767862716e-07
1.0882839071829628e-10,0.9621848180639373,0.03781518182723432
3.3176448696535795e-10,0.05957308310576126,0.9404269165624742
2.8494316760288134e-06,0.003957739361963153,0.9960394112063607
0.9999615097441397,3.245151173158983e-27,3.8490255860448624e-05
0.9999962510218187,2.299883983643241e-29,3.748978181234871e-06
2.058391285647394e-33,0.9999999999999989,1.035082588871607e-15
0.004662507351144698,6.543778939362333e-12,0.9953374926423116
0.9999999937171173,1.3150070181248502e-35,6.2828825676141954e-09
0.9999998594277881,1.4393251668757591e-33,1.4057221179119722e-07
6.710537677679881e-19,0.9999996331970562,3.6680294385162716e-07
4.661058663326117e-05,8.641204594284498e-09,0.9999533807721622
9.064364609452436e-09,0.6642204960269813,0.3357794949086541
2.0374626700788332e-05,0.00017431457544649572,0.9998053107978526
1.2562236276588427e-26,0.9999999999891389,1.0861183704028879e-11
0.9999999967358302,2.0079369953238736e-37,3.264169901657066e-09
4.356781228698021e-27,0.9999999999942324,5.7676432373944005e-12
5.055399153915531e-10,0.026856809039205704,0.9731431904552544
2.752280233987904e-05,8.849342126534968e-09,0.999972468348318
0.0004824363256956402,2.620377486660581e-10,0.9995175634122667
3.3341578091559934e-10,0.9517918200496879,0.048208179616896274
9.002533356432926e-18,0.9999987868059074,1.213194092706431e-06
5.142821329454371e-28,0.9999999999983245,1.675616196226447e-12
0.9999999986158319,1.7813782323860578e-37,1.3841682162035827e-09
2.977481296354235e-05,5.207327476139704e-09,0.999970219979709
0.9999998048939257,6.925480552630594e-33,1.9510607423428463e-07
0.9999999983889807,5.093216945541491e-38,1.6110193707866345e-09
6.192565902517747e-20,0.9999974228888769,2.5771111230336485e-06
0.0003531160855295288,3.7406400733882206e-10,0.9996468835404064
2.8690332803132168e-05,2.6487337386884214e-08,0.9999712831798595
1.0300627069272096e-14,0.9998526443857663,0.00014735561422348333
0.9861200254303005,1.439159406974696e-20,0.013879974569699374
0.00015495427456977233,4.866789345357659e-10,0.9998450452387514
0.9974393582177712,6.213148139967343e-22,0.002560641782228925
2.0179199891119984e-05,1.772822446750264e-08,0.9999798030718845
9.934789216796724e-06,1.131108543373827e-08,0.9999900538996976
2.1269284748624154e-08,0.4757653707800907,0.5242346079506245
2.9080158547731943e-25,0.9999999999202887,7.971139996406348e-11
0.9999999999827633,4.01057958405416e-43,1.7236633528200935e-11
1.562600911412963e-08,0.3214277689917224,0.6785722153822685
0.9999999997108366,6.823643846773792e-40,2.8916332176361205e-10
0.999999999999877,2.4690270202943677e-48,1.2299951640771511e-13
1.2294377021825564e-17,0.9999976041206764,2.395879323617675e-06
0.9999963946133198,5.76533202918094e-30,3.605386680256082e-06
3.446216817491002e-11,0.985957799028673,0.014042200936864872
0.9999989568177952,5.938489284293585e-31,1.0431822048748773e-06
4.679257129370245e-16,0.9991917174275138,0.0008082825724857909
5.552098727398795e-11,0.9846105004485017,0.015389499495977297
5.075510446891282e-36,1.0,5.2703227077959184e-17
0.9999999999768139,2.4823611827574473e-42,2.3186113568339286e-11
1.7956915050209602e-10,0.949684086439623,0.05031591338080801
0.9999999999999847,1.145915516471544e-50,1.5402084481978456e-14
1.33262613783564e-08,0.3478514710366174,0.6521485156371212
0.00011011103680219622,5.982757362109126e-06,0.9998839062058356
0.9999999443858214,8.261998094808118e-34,5.5614178656228156e-08
2.1805796659273598e-11,0.9895921713666459,0.010407828611548518
1.9745863426111067e-08,0.0003083825789625151,0.999691597675174
1.0043363822043438e-13,0.9994963666936787,0.0005036333062208052
0.9999999999826032,3.0198349313076386e-42,1.7396665932284162e-11
0.9999999999999769,8.165743161465442e-50,2.3165823819082127e-14
3.589921544780102e-06,1.3625031159013062e-07,0.9999962738281436
2.234721749363732e-06,1.6843108455060863e-07,0.9999975968471662
3.559958746130914e-14,0.9915429851994568,0.008457014800507489
0.00020382164227922723,6.140803039104281e-10,0.9997961777436404
0.9998488952063797,3.8883667215434753e-26,0.00015110479362044683
0.999999912844201,3.881658359828192e-33,8.715579888226193e-08
1.4939718730768869e-05,4.3151648728603e-09,0.9999850559661044
1.7015256832515176e-08,0.0002047044800286019,0.9997952785047145
5.9192768134581265e-08,4.434500823708495e-05,0.9999555957989948
1.9221955623039455e-15,0.999955070868504,4.492913149407483e-05
3.018425578385172e-17,0.9999970807244797,2.9192755203695464e-06
1.3902308123093668e-16,0.9999867008974515,1.329910254836596e-05
2.9293424100619673e-28,0.9999999999988383,1.1616949446905063e-12
0.9997225905152418,2.373954148353229e-24,0.0002774094847580712
1.2989877518922061e-16,0.9999887962854855,1.1203714514176572e-05
1.6445413432362926e-36,1.0,1.2339321845140497e-17
2.8366535658400413e-27,0.9999999999958955,4.104524456531934e-12
0.9999999806257617,6.948675411587054e-35,1.937423823021741e-08
0.9999999732398568,5.488609828186947e-34,2.676014319786324e-08
0.9993550885991845,2.7536603946214707e-24,0.0006449114008154198
0.9999997998710702,2.3831972459971488e-32,2.0012892971618318e-07
2.62378792139999e-31,0.9999999999999822,1.777554753461627e-14
0.9999997524371724,3.1314260116306096e-33,2.475628276709907e-07
1.816330579847544e-16,0.9999937203936254,6.27960637421892e-06
2.130505046346483e-06,0.0014524072016986315,0.9985454622932551
0.9999980500582601,4.022991895645837e-30,1.949941739803966e-06
0.9999999999997882,9.545452728647936e-48,2.118847655664337e-13
0.0014306992800408942,1.5761916623790943e-11,0.9985693007041971
0.9999999987477126,1.0716051624612463e-38,1.2522874541174262e-09
7.138550991957843e-16,0.9999805194542046,1.948054579475153e-05
3.321395559459326e-10,0.012856763242086188,0.9871432364257742
0.9999999503232826,8.698165625144075e-34,4.9676717389205155e-08
7.134613672350782e-06,6.026127941008697e-08,0.9999928051250482
0.9999999993314095,4.0646549429391726e-38,6.685904487230468e-10
2.161175601634728e-30,0.9999999999999698,3.0151972709587845e-14
6.662904394510824e-37,1.0,1.4342828453165713e-17
1.8461819460688932e-12,0.997665617863997,0.002334382134156877
0.9996111628768338,6.535011444862387e-24,0.00038883712316619616
0.9999939968562844,6.820452309070501e-29,6.003143715583631e-06
8.930446108882817e-14,0.9995791252771725,0.0004208747227382192
0.9999999550391203,2.201288427841769e-34,4.4960879610085505e-08
2.4828636959629064e-05,6.630928595388293e-09,0.9999751647321117
2.4306291192319433e-10,0.9696735048672991,0.030326494889638206
6.717590903077102e-05,6.680852334339082e-10,0.999932823422884
2.7785411868421067e-21,0.9999999776184968,2.238150323799773e-08
0.9999872237401876,1.9308438000965446e-27,1.2776259812488473e-05
0.9985589645575503,1.183324652973946e-22,0.0014410354424496446
7.749383736079745e-14,0.9996112765570466,0.00038872344287580303
0.9995491257216992,7.584809105968276e-24,0.00045087427830072283
0.9999978374171391,3.25048070501029e-30,2.1625828608636864e-06
0.9999999999893547,5.151696391039421e-43,1.0645367512482391e-11
0.9999999999999254,4.3835096893172256e-49,7.450208698175768e-14
8.495666599399129e-31,0.9999999999984726,1.5274315551760562e-12
3.7454117155731356e-12,0.9929892612271232,0.007010738769131382
7.614186852879332e-08,2.4703714729567052e-05,0.9999752201434019
0.9998153619727395,2.5423523929067868e-25,0.00018463802726057156
5.5063000209526e-13,0.9709861428460027,0.0290138571534467
0.9999999922159372,7.104040177487798e-36,7.78406291753393e-09
0.9999999999999747,3.394718778572233e-50,2.5214630404944432e-14
1.4972423012078262e-08,0.00014421782931043866,0.9998557671982665
2.1594301408834967e-24,0.9999999996851698,3.1483010223611085e-10
0.99999999935878,5.528621283224122e-38,6.41220008914648e-10
0.0003496580267311015,4.068437163829081e-06,0.999646273536105
2.104170816727413e-19,0.9999997404925031,2.5950749702015536e-07
0.9933830028805011,3.094800285217637e-21,0.006616997119498912
0.0109218328131841,1.2316087612693573e-12,0.9890781671855843
0.9957637766389613,5.948472047139495e-22,0.004236223361038651
0.9999999999976612,5.703220739775938e-45,2.338736046648969e-12
6.256157393137318e-25,0.9999999998769957,1.2300435965645718e-10
7.196452627838264e-08,0.14336745585992866,0.8566324721755451
0.0005537181120710591,2.776148901760378e-11,0.9994462818601675
3.960283581114105e-05,6.893253283506514e-09,0.9999603902709356
0.00023555556512241192,4.3146409722686546e-10,0.9997644440034135
2.3258501558491233e-08,0.5049899206279768,0.4950100561135218
2.2762620588230013e-13,0.9989583734503701,0.0010416265494024252
1.2090991202840185e-17,0.9999965455066286,3.454493371404708e-06
0.9999999780433653,3.3498896575034357e-35,2.195663475102001e-08
1.1812054449357826e-13,0.9993449111278847,0.000655088871997363
0.9999987315959328,1.04954649063603e-30,1.2684040671602064e-06
5.5198334860235646e-27,0.9999999999921201,7.879918847559833e-12
5.3037684465198326e-05,1.057325311850213e-09,0.9999469612582094
0.9999997419898878,8.7632677967227e-33,2.5801011220054e-07
0.9984353557707627,8.669947341179583e-23,0.0015646442292372225
0.9999999804147536,2.545823805307437e-34,1.9585246319639283e-08
8.160022971915535e-17,0.9999930788051121,6.921194887915702e-06
0.9977647709641164,2.2555320857631945e-23,0.002235229035883663
4.8327887218918896e-27,0.9999999999923184,7.681596599918093e-12
1.8448842421815973e-15,0.9983215094502874,0.0016784905497107957
4.6085238131399626e-23,0.999999996368516,3.6314840700784987e-09
4.419264008696227e-25,0.999999999904732,9.52679937616241e-11
0.996262706934192,1.040875268389228e-21,0.003737293065807981
0.99999999999997,5.765529062700299e-50,2.9997666806399614e-14
0.9999999553647432,5.255549488608326e-34,4.4635256756905615e-08
0.0005318902851770142,2.626109147929991e-10,0.999468109452212
6.857495678441163e-08,8.238138140915065e-05,0.999917550043634
0.9999906409559228,1.2444061242769052e-28,9.359044077211583e-06
2.605021768699999e-05,1.1987564425400274e-08,0.9999739377947485
1.675128578508312e-27,0.9999999999973097,2.69022191171173e-12
1.6376971395498287e-06,5.656898806042919e-07,0.9999977966129797
1.8192122025308842e-12,0.996696451433709,0.0033035485644718455
0.0004052704790422092,5.887816276936723e-10,0.9995947289321762
2.0184060979965148e-14,0.9997882107330979,0.00021178926688201366
0.9999958673718942,7.197440113296137e-29,4.1326281057888865e-06
3.1655006018969e-14,0.999586432714947,0.00041356728502125957
4.212810131839074e-08,0.00017647477264233667,0.9998234830992563
8.36414572701575e-09,0.0008610134801493388,0.9991389781557051
0.9999999999879607,2.224940559488389e-42,1.2039282412497572e-11
0.0033377944164357663,8.482208178107417e-08,0.9966621207614824
0.9997710771709272,1.2485604929653225e-25,0.00022892282907296282
8.946261615520299e-24,0.9999999995139841,4.860159629451898e-10
0.9999973834445569,2.951628124659882e-30,2.6165554431643882e-06
1.113507216107361e-06,0.015717585419512247,0.9842813010732717
2.509444960045833e-07,0.04454339854006777,0.9554563505154362
0.9999997993257267,4.745389415183495e-33,2.0067427324939522e-07
1.4354734401086376e-19,0.9999997999177243,2.0008227578214143e-07
0.0031200863915153048,5.746574726137068e-08,0.9968798561427373
0.9999999989877573,1.0336992084072174e-38,1.0122427937411043e-09
2.8475702208095126e-05,1.8124300937709535e-08,0.999971506173491
0.9999999999938745,5.263260353699666e-44,6.12546767574894e-12
8.953785366050352e-16,0.9999681857002252,3.1814299773954274e-05
3.400887990005673e-14,0.9994690688503006,0.0005309311496653768
7.634363081483505e-09,0.0009075421113568002,0.9990924502542801
1.8473315440283226e-18,0.9999989563068958,1.043693104322106e-06
3.5122368400644334e-07,5.428495904432123e-06,0.9999942202804116
0.9998951482232745,2.5306284502320994e-26,0.00010485177672555146
3.3062228715091234e-12,0.9971429007378013,0.002857099258892364
0.00013715409399442475,2.124426041787496e-10,0.999862845693563
0.9999614803477003,3.588460566272433e-27,3.8519652299784664e-05
1.9260829632526009e-19,0.9999881983578207,1.1801642179358805e-05
4.04409136111928e-25,0.999999999899118,1.0088189354196559e-10
0.0005001016683849195,2.6154096455833954e-10,0.9994998980700741
8.591666213266359e-22,0.9999999899844586,1.0015541464170683e-08
1.6263723612286007e-06,0.006489472535309301,0.9935089010923296
0.9999999999769704,2.7663042406912795e-43,2.302955371067552e-11
0.9999926975614064,1.36969879630035e-28,7.302438593502894e-06
0.5198541122357797,1.5086001918613892e-15,0.48014588776421874
0.9999999999877711,7.85840213193169e-43,1.2228926509759116e-11
7.021829396678508e-08,0.15984333131690592,0.8401565984648001
9.786472478270976e-30,0.9999999999998679,1.3201812747397615e-13
0.9999999775629907,3.3189334785770725e-34,2.2437009237622984e-08
0.9999999999997873,6.976296870670874e-48,2.1276460651974184e-13
0.9999999962449071,4.909282969338228e-37,3.755092844537571e-09
2.0207648662107655e-06,2.2890036586786815e-07,0.9999977503347678
7.782500744772132e-23,0.9999999986110251,1.3889750073943581e-09
0.00014302369622197446,1.834143971548893e-09,0.999856974469634
0.9999999999540157,3.268604929787725e-41,4.5984334309800536e-11
4.258916543462667e-07,3.1370008959481163e-06,0.9999964371074497
3.228233319110428e-05,0.0001530870179087959,0.9998146306489001
2.8945981473431667e-09,0.001964286016928647,0.9980357110884733
7.225692289592213e-07,8.094195144290161e-07,0.9999984680112566
0.9788007593982551,2.860959712154588e-20,0.021199240601744992
1.3254749171704818e-36,1.0,1.638170448367138e-17
0.9998074494746562,1.3004534168751889e-25,0.00019255052534393488
0.9998206451962643,1.234077084878688e-25,0.00017935480373571652
4.8808816540317173e-08,0.00018602535997919387,0.9998139258312043
2.950575074352605e-13,0.9990837301107576,0.000916269888947525
0.999999970790616,1.2786852148504957e-34,2.9209384083738048e-08
6.478912664293088e-09,0.0005799240169858067,0.9994200695041016
1.0998590368467337e-08,0.0004452676094427597,0.9995547213919669
1.385178199966354e-27,0.999999999996231,3.7690134052636276e-12
0.0006625266246793009,1.273332633727022e-10,0.9993374732479875
0.9999999999820728,5.262927599242409e-42,1.7927148011026177e-11
1.1715810673034678e-08,0.0015304228310805154,0.9984695654531087
2.424018592352096e-08,0.0003668057059991142,0.9996331700538149
0.9999999995754318,4.131010354424238e-39,4.2456807102091577e-10
0.00032371293558105483,4.0606656197122295e-10,0.9996762866583524
0.9999999999767406,3.612355157033095e-42,2.325933562147239e-11
1.6225508564977295e-19,0.9999998608635146,1.3913648545520426e-07
1.0648268873444546e-08,0.000837888303223001,0.9991621010485081
0.9999999156420412,1.6689510153229358e-33,8.435795887735828e-08
0.9995870250228065,2.2700405035022088e-24,0.0004129749771934594
1.509897481327327e-08,0.3063167721414778,0.6936832127595474
0.9999999999754572,5.1086676817823085e-42,2.4542724939419938e-11
0.9999776509329892,4.811826983762855e-28,2.2349067010841218e-05
1.227362144765994e-14,0.993160844144377,0.0068391558556106105
0.9999999987623422,2.104018495896615e-37,1.2376577101457314e-09
1.0395855229303973e-07,1.7157324893122752e-05,0.9999827387165546
0.9999999998696534,4.1326480658131104e-41,1.3034660802929574e-10
0.9999762878008167,1.9538043001538992e-27,2.3712199183282558e-05
1.066851306873168e-22,0.9999999977466614,2.2533387248869583e-09
3.411538491549252e-22,0.999999993589944,6.4100560794063705e-09
0.9999999999999811,4.350519710682355e-50,1.8876917083511962e-14
0.9999999999766271,5.201542658870983e-42,2.3372940038996923e-11
0.003332401759959217,8.145478145824578e-12,0.9966675982318953
0.9989294839257927,3.0131359589461524e-23,0.0010705160742072132
0.000222997808827584,3.6401964589535665e-10,0.9997770018271527
0.008717937139890981,2.4472592050427836e-12,0.9912820628576617
5.189003535286845e-06,0.001095243113679377,0.9988995678827852
0.9999999999920077,5.624899493063531e-44,7.992173285988057e-12
2.842815859575992e-07,0.027594055638910927,0.9724056600795031
1.6137006765369495e-29,0.999999999999752,2.481329515030156e-13
1.1468339160474236e-13,0.9992528037256619,0.0007471962742233772
2.0086325026512164e-06,7.393249136676409e-07,0.9999972520425837
3.21980678142793e-17,0.9999964302995114,3.569700488579249e-06
6.965855626594139e-09,0.0016832234215044856,0.9983167696126398
0.999999978725701,1.2799819222710636e-34,2.127429895482119e-08
4.364502098527061e-07,0.04996489063922341,0.9500346729105668
8.291080523515751e-24,0.9999999851705219,1.4829478014558088e-08
0.9999999996891791,1.1377885461641332e-38,3.10821004610941e-10
2.867284229446408e-32,0.9999999999999944,5.534073010463407e-15
1.3634454082206192e-26,0.9999999998605831,1.3941694757561756e-10
0.9977728726562465,1.3316947993163303e-21,0.0022271273437535336
1.0283965924451697e-06,0.017904745319317465,0.9820942262840902
0.0001413759062973123,2.4723335296431213e-09,0.9998586216213692
0.9998001096067757,5.62474061134774e-25,0.0001998903932243952
3.4879967580686213e-07,0.20859648167801056,0.7914031695223137
0.9992861059939792,1.6253420800094706e-23,0.0007138940060207626
1.3225597173172203e-07,5.873188882154375e-06,0.9999939945551461
0.0007109365167742556,6.940998472605408e-07,0.9992883693833785
5.6392457524523025e-08,3.6715397354806736e-05,0.9999632282101877
4.425622470643266e-08,5.4082980374098677e-05,0.9999458727634012
4.798796542922531e-09,0.0016180711909748223,0.9983819240102286
0.9996742531633621,5.98089265696756e-25,0.00032574683663785065
1.4445874006806977e-34,0.9999999999999998,1.6483241926868543e-16
8.91089220015665e-33,0.9999999999999962,3.710939189945175e-15
5.970056658254212e-07,7.297293030863104e-07,0.9999986732650311
3.486200664551431e-10,0.9160099486572776,0.08399005099410223
0.9992791460516766,3.0139160287759043e-23,0.0007208539483233139
1.2714060583563435e-08,0.7035624204924086,0.29643756679353095
2.502301148717425e-09,0.007938875260018807,0.9920611222376802
0.9999840434006709,2.9236337265970614e-28,1.595659932905315e-05
2.993896123455626e-05,6.909308717415703e-09,0.9999700541294567
0.9999999930073986,2.6438654962778158e-36,6.992601262660693e-09
0.004660064279972483,5.702400638674912e-08,0.9953398786960211
3.494970526923305e-08,0.4677755116915025,0.5322244533587923
0.0003233620928427917,3.4574155099298364e-11,0.9996766378725831
0.99620638966675,1.2795993605616388e-21,0.0037936103332499773
2.3142470489825175e-32,0.9999999999999964,3.5788969082264e-15
1.8630664189125208e-33,0.9999999999999987,1.2555741297000676e-15
0.9999999984529813,3.876053960144356e-37,1.5470187305651848e-09
7.11700596021918e-05,1.719617637998665e-08,0.9999288127442215
2.550753961756287e-16,0.9995417779222958,0.00045822207770386476
4.872168027583795e-09,0.0013980927482345794,0.9986019023795975
1.2082104776786651e-32,0.9999999999999976,2.4638524002712115e-15
0.9999493036460757,3.184934572909617e-26,5.069635392425644e-05
0.9999726179669322,5.037076049723159e-28,2.7382033067890165e-05
1.1318081760015861e-08,0.5753269572633808,0.42467303141853746
2.416551481848206e-26,0.9999999999638547,3.61452591533465e-11
5.61287758394003e-05,4.462082963437464e-09,0.9999438667620776
0.08648152604443347,2.3560645346738e-10,0.9135184737199601
0.00028419017487339704,2.697472513714762e-10,0.9997158095553794
0.9999998315562673,1.2816061996814546e-32,1.6844373288985812e-07
3.0674143952327175e-13,0.9989254384507725,0.001074561548920696
1.49167762310786e-11,0.9909403606067559,0.00905963937832727
0.9999999720377793,3.079348918212261e-34,2.7962220739265223e-08
0.00048441105833108754,1.1285315175804561e-10,0.9995155888288157
3.3889851489188517e-35,1.0,8.434171143549685e-17
1.1467640362593587e-12,0.9040929491811659,0.09590705081768738
0.9999241510851725,5.05660863970337e-26,7.584891482742894e-05
5.3325910060711434e-33,0.9999999999999976,2.4120225999662636e-15
4.624615794405268e-31,0.9999999999999818,1.8269027600604197e-14
0.00014247700870862883,7.269702863963802e-10,0.9998575222643211
1.2488149062893582e-27,0.9999999999978766,2.1234787650011137e-12
0.9999999999999758,5.937412318895608e-50,2.4301342721196215e-14
1.5830814275719516e-22,0.9999999955251686,4.474831406219048e-09
0.9999999999998748,3.033873269669645e-48,1.25193079087557e-13
4.059680797084434e-07,1.0056532583314724e-06,0.999998588378662
2.900962291068016e-30,0.9999999999999305,6.948369556050069e-14
0.9999999964692556,3.3107531170938416e-36,3.530744320529902e-09
6.499397458189391e-27,0.9999999999879106,1.2089505583124302e-11
0.011363343964779362,5.753311819233001e-12,0.9886366560294673
0.005082300461212848,5.543476751060093e-08,0.9949176441040196
6.527480760439486e-20,0.9999999562391283,4.376087172864521e-08
0.9999998022596439,4.655291269314028e-33,1.977403561105346e-07
0.0004182837691225042,1.3887924824272922e-10,0.9995817160919982
0.9999999997941078,2.1164039587002077e-40,2.0589229729394078e-10
7.573941677684924e-27,0.9999999999935512,6.448889323446211e-12
9.067606291163764e-07,0.004087624263429062,0.9959114689759418
4.4426801396528805e-14,0.9995857906096175,0.000414209390338134
4.748614394833399e-06,0.0013055112856715826,0.9986897400999336
0.9999999990911133,1.433438950685648e-38,9.088866767846121e-10
1.7273026985377313e-35,1.0,6.58556737558141e-17
2.031548384049533e-06,0.00033402121169031577,0.9996639472399257
0.9931588729554001,1.7213233794937376e-21,0.0068411270446000596
0.9902602191864895,3.437874402767478e-21,0.009739780813510542
0.9999999999121323,8.962319971149435e-41,8.786777031897591e-11
7.927144950696034e-15,0.9998055762486602,0.0001944237513319333
0.9999998984266113,6.0522969811161164e-33,1.015733887974873e-07
2.541919544197812e-07,2.120517075022493e-06,0.9999976252909706
0.0013759540550073994,2.4753684914860222e-11,0.9986240459202389
1.4916256362626503e-08,8.109146676358904e-05,0.9999188936169802
7.272404331135381e-35,0.9999999999999998,1.4576155274473516e-16
1.7126388766237464e-08,0.00012400815284703854,0.9998759747207642
9.045961309993999e-08,2.9047274437577472e-05,0.9999708622659492
9.43399863931627e-05,2.2893837997660607e-06,0.9999033706298069
5.437482734362588e-05,3.226998478905139e-05,0.9999133551878674
0.02126592912486937,1.704359771097909e-12,0.9787340708734263
4.7029265196391094e-07,2.2040713616802483e-06,0.9999973256359864
0.9971799986678447,2.6883515668112754e-21,0.0028200013321552204
2.090882198153034e-09,0.015124086584579022,0.9848759113245387
2.432143522559134e-10,0.0804494269007159,0.9195505728560697
9.240634067259108e-16,0.9978008556797185,0.002199144320280574
2.4014768462486823e-15,0.9954154224723484,0.004584577527649207
1.171278170827523e-05,2.3138467474230472e-08,0.9999882640798242
6.540428899080383e-05,5.252942536116399e-06,0.9999293427684731
2.836285074342284e-20,0.9999999421727161,5.782728377917086e-08
0.9999987647619794,1.753157728279493e-30,1.2352380205115498e-06
4.873999863310031e-26,0.9999999999725557,2.7444178319040317e-11
0.9999999999933509,3.447327866577289e-44,6.649187678253678e-12
3.414821420934864e-10,0.9276216134626866,0.07237838619583133
0.9999999924024009,9.342315259622512e-36,7.597599111937016e-09
0.9976382479311345,6.414200337085837e-22,0.0023617520688655105
5.852182092164516e-05,6.9733985207292804e-09,0.9999414712056798
2.24020257140275e-06,1.364338267174221e-07,0.9999976233636019
2.804591434746141e-15,0.9979986284216253,0.0020013715783716987
0.9998575457943926,1.6838691484615788e-25,0.0001424542056074752
0.9999999999999769,3.394028184617558e-50,2.3021350977614477e-14
2.6213001676462035e-26,0.9999999999878348,1.2165108825507957e-11
8.312863851040276e-18,0.9999972887939012,2.7112060988359972e-06
0.9975835170251469,1.2218569571898405e-22,0.0024164829748530457
0.9999999999755149,5.50489298623495e-42,2.4485121965833346e-11
0.9999999999411582,2.3677021822775125e-41,5.884186502183653e-11
0.9999999531375967,9.373381473196662e-35,4.6862403414055856e-08
0.9999999339593578,3.7468262976510464e-34,6.604064203999093e-08
0.999999999999982,3.0140348020727227e-50,1.7903457035414885e-14
4.670280289369325e-21,0.9999999672553277,3.2744672376254174e-08
0.9998649579694879,6.977632493852522e-25,0.00013504203051204614
2.4767961092418593e-05,7.959851111164177e-09,0.9999752240790566
0.9999999999957108,4.131890430503512e-44,4.2892787829923824e-12
3.0074006623327807e-22,0.9999999976651921,2.3348078163315168e-09
0.9999996830778325,2.536336815660995e-32,3.1692216764327894e-07
1.9272703868212357e-18,0.9999992037509574,7.962490426683785e-07
1.658431260735179e-23,0.9999999993411197,6.588801964944469e-10
2.59212783223952e-21,0.9999996079513926,3.920486073707503e-07
2.61640092804128e-05,2.048263374526711e-08,0.9999738155080857
0.9999904830638475,9.888064927217649e-29,9.516936152528554e-06
1.719470790414934e-14,0.9997961281597559,0.0002038718402269364
0.959164002453032,1.0200642914792531e-19,0.04083599754696795
1.9042838906360108e-05,2.867832050322822e-08,0.9999809284827732
7.24666372755669e-15,0.9927256306453786,0.007274369354614128
7.31602824373454e-10,0.1256812661128519,0.8743187331555452
5.151071027996248e-12,0.9949451671938062,0.005054832801042713
6.483172637039574e-07,0.012509599897176161,0.9874897517855601
3.3950359302289294e-11,0.9870179702785543,0.012982029687495218
0.9999651517447514,2.2336098656390015e-27,3.4848255248533134e-05
0.0003586420916002594,1.8512079838280778e-06,0.999639506700416
0.002571147357030548,1.3925150202778393e-07,0.9974287133914673
1.381734556130413e-07,2.700541163921768e-06,0.9999971612853805
0.9999999997329467,3.3739067946043144e-40,2.670532887520838e-10
9.419400746133746e-22,0.9999994517243291,5.482756709388647e-07
1.5121802362232063e-05,3.0600428625210424e-08,0.9999848475972091
4.135017080585834e-05,6.924217039334387e-05,0.9998894076588007
3.459185849435464e-24,0.9999999935469368,6.4530632216762186e-09
0.9878356333432734,4.4330975721277343e-20,0.012164366656726558
1.2462500269320996e-07,0.20307224906332508,0.7969276263116722
2.3619912246609537e-06,5.602758241211563e-07,0.9999970777329513
0.9999999999999867,1.897165022025985e-49,1.3267495131644388e-14
1.8546575935867867e-07,0.11105148390478001,0.8889483306294607
6.652544475108633e-08,2.5635377754903195e-05,0.9999742980968004
9.425250770607473e-29,0.9999999999992362,7.638435129724859e-13
8.446035411097202e-16,0.9999733841803421,2.6615819657076938e-05
5.153856913933216e-25,0.9999999998922848,1.0771520356019471e-10
0.000179161381892729,1.9460602190836982e-10,0.9998208384235013
7.501354432555189e-23,0.9999999969123152,3.087684826232958e-09
0.20322763016135728,1.4736183006940038e-10,0.7967723696912808
2.7105985235712577e-14,0.9998047954068989,0.00019520459307391594
0.9995956965714639,9.119658920900056e-25,0.00040430342853614977
3.089666428389456e-13,0.9986503232159494,0.0013496767837416466
0.9999548261675371,3.409782465700552e-27,4.51738324628354e-05
0.9999999940131035,8.641240887243765e-37,5.986896512196343e-09
0.0014750264717426661,2.7340558293721753e-11,0.9985249735009168
5.262011355959115e-21,0.9999988646230847,1.1353769153512683e-06
4.260215548020084e-06,1.5789696847502038e-07,0.9999955818874836
1.4479911376787606e-24,0.999999999716495,2.835050058633773e-10
0.0059241669013664,3.1850347391861044e-12,0.9940758330954487
6.763755024750942e-18,0.9999985421758341,1.4578241660372595e-06
0.9999999178708657,6.052747791352388e-34,8.212913439612765e-08
0.9999987078292002,3.8342814004102136e-30,1.2921707998231519e-06
5.782009022904841e-05,3.265858578504243e-09,0.9999421766439124
2.0287944188220925e-19,0.9999912642512679,8.735748732056596e-06
2.729038524018092e-08,0.5258999503265782,0.4741000223830366
0.0008873205339205055,1.6251173468874397e-10,0.9991126793035678
2.081242121875735e-22,0.9999999978287681,2.171231766633307e-09
0.0005563826154699488,2.222085322009423e-10,0.9994436171623214
5.16182711211297e-16,0.9991393984004721,0.000860601599527556
4.4785045123215795e-15,0.9974507049251322,0.0025492950748632523
0.9999999844489122,7.441109448502314e-36,1.5551087780388494e-08
5.674639362189605e-21,0.9999999827899847,1.7210015387386037e-08
1.0007009164284551e-24,0.9999999998846962,1.1530370575678985e-10
9.077051518524304e-16,0.9999590784576081,4.0921542391091015e-05
0.9999999881967324,4.376267966973299e-35,1.1803267475869991e-08
5.947051444606158e-11,0.9811174138655004,0.018882586075029045
7.17668905174741e-09,0.6024050155594566,0.3975949772638545
0.9999999992950879,1.1872946717112064e-38,7.049121969967545e-10
0.999999950925607,1.8751308769304598e-34,4.9074393105253415e-08
3.746019535458957e-15,0.9999531467718207,4.6853228175614904e-05
0.9999995156684999,6.664246389422598e-32,4.843315000567647e-07
1.3673730846071612e-09,0.9340549965810748,0.06594500205155203
0.9999999999999429,4.2863689325427275e-49,5.706659711016309e-14
1.057181968333973e-17,0.9999978604736742,2.1395263256686793e-06
0.9999999999761868,6.303965539318788e-42,2.3813267476028977e-11
0.9999997291455359,1.3278955940111103e-32,2.7085446402109193e-07
4.647164646427566e-08,0.2601805189935128,0.7398194345348408
0.9999999999896056,2.1949631038537947e-43,1.0394306192244329e-11
1.586447998948125e-06,9.24446535863884e-07,0.9999974891054652
5.536642863284274e-21,0.9999999822597802,1.774021978503123e-08
1.8084772938986796e-07,3.221035490112935e-05,0.9999676087973695
7.342198562163496e-24,0.9999999869372971,1.3062702965150048e-08
0.9999999998723907,8.323156820912766e-41,1.2760922114528827e-10
3.576158527518592e-24,0.9999999998113389,1.8866113348689262e-10
4.0913002471261095e-19,0.9999997534183063,2.4658169377409455e-07
3.994217217074838e-05,7.452174796728247e-09,0.9999600503756545
0.9999451674967809,4.658517920687148e-27,5.4832503219217835e-05
5.3621383028426786e-05,1.881156408823482e-09,0.9999463767358152
2.1223056634773817e-18,0.9999990965001503,9.034998496662279e-07
0.0001279481609790162,1.6768157039665e-05,0.9998552836819814
0.00030900197916482636,8.44059099004993e-11,0.9996909979364291
0.9999999998584204,5.051533842877096e-40,1.4157974184627943e-10
1.9684280885336587e-13,0.9996690320105912,0.00033096798921185554
0.9999999999815563,5.179751965126742e-43,1.8443645749771345e-11
0.9999672545396463,1.7321409381096646e-27,3.2745460353702016e-05
2.050339584077636e-06,0.0044042827506746525,0.9955936669097413
0.9999999999989422,7.79074699646758e-46,1.0577589143160903e-12
2.4114029963780593e-12,0.9972929845607298,0.002707015436858879
3.7993948647485366e-06,3.313881375635264e-07,0.9999958692169977
1.6040721650764817e-05,1.2079611058254307e-08,0.9999839471987382
0.9999999015268007,1.1618800547133547e-32,9.847319933440203e-08
2.487956229116594e-19,0.9999998852350139,1.147649861725087e-07
1.2803761643888095e-05,1.8864518267335413e-08,0.9999871773738378
0.9999999999918969,5.1523023221749096e-43,8.103081103547402e-12
1.6616375879178368e-16,0.9997413326272313,0.0002586673727684581
2.9868499088884203e-09,0.7345197374398948,0.26548025957325533
1.3624960007516013e-06,0.00598001554544808,0.9940186219585512
0.9999999999893494,1.5526623113758502e-42,1.06504986141136e-11
0.0002727970631227171,6.668071385081671e-10,0.9997272022700702
0.9999999767836375,3.735999494542415e-35,2.3216362417810483e-08
9.360131052537491e-32,0.9999999999999847,1.5403557931545335e-14
6.171721466176946e-28,0.9999999999977747,2.2253484731102864e-12
0.9999999999999696,1.2097526465825127e-49,3.033324274667733e-14
2.2039276914424e-27,0.9999999999911842,8.815898257400149e-12
0.9999999689243219,2.0372231230784905e-34,3.107567808272364e-08
0.012863643921178171,6.028025702422854e-09,0.9871363500507961
1.7907917026156476e-22,0.999999998079141,1.92085898698595e-09
1.4670544370280198e-07,0.1531790756785401,0.8468207776160162
1.7097882770119776e-05,8.613069750979258e-09,0.9999828935041601
0.9999999999999416,3.195340058210014e-49,5.847997713375549e-14
0.9943384660649955,1.5166650493709512e-21,0.005661533935004491
3.4133677501085056e-16,0.9995096182722384,0.0004903817277612274
0.9994179185453098,2.7292782514855345e-24,0.0005820814546901097
0.9997841706273175,1.5006563748636173e-25,0.0002158293726824438
8.361968523903722e-20,0.9999998873978337,1.1260216630436e-07
5.121780908237325e-11,0.9831433875770005,0.016856612371781817
0.0005841546290162829,1.6580871456199074e-10,0.9994158452051749
5.793808317625886e-06,3.0123067443210927e-07,0.9999939049610079
0.9999678485936436,1.0367349277579727e-26,3.215140635646483e-05
1.9735578727132527e-11,0.9929804815426115,0.007019518437653019
6.1596845145077635e-21,0.9999989096927623,1.090307237740509e-06
2.5699697343453918e-08,8.60970797923892e-05,0.9999138772205103
6.464446048024214e-05,4.602873168046858e-09,0.9999353509366466
0.006067638651726017,1.223843163989309e-12,0.9939323613470501
5.489066157963071e-22,0.9999996972697555,3.027302443922556e-07
1.705419570665328e-13,0.999429847710624,0.0005701522892056454
1.6924957526970027e-25,0.9999999999551832,4.4816825318370356e-11
2.940955380687383e-06,0.0008034803957399206,0.9991935786488795
0.9999999985069163,1.207499511301671e-37,1.4930835718464786e-09
0.9999999972003926,8.926149352111657e-37,2.799607523937915e-09
0.9983478711373734,7.490850399671661e-23,0.001652128862626651
1.2874513099626534e-27,0.9999999999971789,2.821086147076218e-12
3.4187951266221128e-06,1.4657646804533972e-07,0.9999964346284053
0.9999983583408777,1.3971299751215016e-30,1.6416591224331342e-06
4.5574043415800856e-08,0.4607026442699454,0.5392973101560112
1.2658556615219637e-05,0.00015702422139139056,0.9998303172219933
9.4676722372415e-13,0.998021813470015,0.00197818652903833
9.904792016313495e-10,0.004833460291448435,0.9951665387180724
4.013326002274905e-11,0.9916476355782218,0.008352364381645116
1.2460788465306584e-20,0.9999998902834362,1.0971656382434073e-07
0.9999998689048234,3.669647012455393e-33,1.3109517655991488e-07
0.996653789378206,1.9032768602775032e-21,0.0033462106217940226
0.9999413349880479,4.605179405525687e-27,5.8665011952069015e-05
9.768164248397957e-06,0.0001677908251025843,0.999822441010649
0.9997067172744378,7.45051384527116e-25,0.00029328272556224924
0.0001346720020740292,6.219072489694493e-06,0.9998591089254363
0.9946916211175134,8.525679428988112e-21,0.005308378882486577
1.272595399974747e-17,0.9999980814834867,1.9185165133117856e-06
0.0032033316532324827,5.429193869672599e-08,0.9967966140548288
6.959538740145085e-14,0.9996779813835515,0.0003220186163789803
0.9999824233006702,7.524397874163979e-28,1.7576699329783436e-05
0.9999999999998224,8.192361292317965e-48,1.7765173884743332e-13
0.9999999999676266,4.344389345787816e-42,3.237336875298282e-11
0.9999996640046499,7.893789689497702e-32,3.3599535022035754e-07
3.2707289643177214e-19,0.9999997211535363,2.788464635495905e-07
0.00019573932222321244,7.733167124766664e-06,0.999796527510652
3.0544042921321705e-09,0.0009994266384886713,0.999000570307107
6.914224719334025e-23,0.9999999413213384,5.867866163686281e-08
5.042701116637412e-18,0.9999989320229975,1.0679770024087033e-06
2.360473521606849e-06,2.6295606102345765e-07,0.9999973765704174
3.93648058139097e-17,0.9999923594783322,7.640521667669462e-06
3.247118148751482e-20,0.9999980104329516,1.9895670485444337e-06
1.5875008892027212e-35,1.0,6.247129969405156e-17
3.112504615900364e-08,8.36519412305643e-05,0.9999163169337233
5.657809633826742e-33,0.9999999999999987,1.2911531652283041e-15
2.7015261494307135e-06,0.0006840242474402956,0.9993132742264103
0.9999999998538687,1.5368274035323156e-40,1.4613138839607071e-10
0.9999988602864935,2.5015342635524365e-30,1.1397135064357757e-06
0.9902755439942141,2.319597991665502e-21,0.009724456005785942
3.117514061169324e-13,0.9989546314150288,0.00104536858465957
3.9279521961611766e-10,0.9371569000878596,0.06284309951934539
4.041811806749662e-36,1.0,2.3372170591459956e-17
0.9999999756520205,4.249161346976248e-35,2.4347979551000343e-08
0.9999955217776743,6.060683535424202e-29,4.4782223258029315e-06
1.8070155211857686e-28,0.9999999999989118,1.0882782353720555e-12
5.807845159093408e-07,8.385506105904846e-07,0.9999985806648736
2.4976454318882846e-14,0.9998572063124885,0.00014279368748641404
1.6644766075150359e-12,0.9967720537523884,0.003227946245947291
0.9997924487515432,3.186548448811166e-24,0.0002075512484567594
7.753783053054924e-21,0.9999999816816564,1.831834365828059e-08
0.9999999995976521,5.825275622343559e-40,4.023479937387842e-10
3.3959125614043074e-24,0.9999999793289323,2.06710677633759e-08
0.9999900704690842,3.300710300621765e-29,9.929530915900467e-06
0.9999999994776998,2.2800647031412577e-39,5.223001381034673e-10
5.012813366584659e-20,0.999999932005974,6.799402608623864e-08
4.182849107443731e-07,2.47858756323223e-06,0.999997103127526
0.9999999943493365,6.169755028432906e-36,5.650663501368798e-09
0.999999999986052,2.4677627498656812e-43,1.3948047571358724e-11
0.9999999998229381,2.5622218620126653e-40,1.7706199216636302e-10
0.9987694426569615,6.634939191139593e-23,0.0012305573430384067
1.4796166085283881e-06,0.0012686293066169758,0.9987298910767745
2.359543346614727e-09,0.8358110672280757,0.16418893041238095
9.395696361363131e-24,0.9999999546789401,4.5321059914199115e-08
6.838041564171742e-06,0.0006127213684471695,0.9993804405899885
1.5473278504152023e-35,1.0,6.306882666542781e-17
0.0003916466969302197,8.585805327806609e-10,0.9996083524444892
0.014836420709950912,1.0496975492576115e-12,0.9851635792889993
5.5738836073500124e-21,0.9999999780462578,2.195374222645648e-08
8.610998737683158e-21,0.9999999527443963,4.7255603553867365e-08
0.9999999164884507,6.890417855850413e-33,8.351154944610874e-08
2.230050040540427e-06,0.0019794060610803838,0.998018363888879
0.9999998225765983,4.571766892893068e-33,1.7742340186248093e-07
1.0964245470783747e-06,0.012542920593815584,0.9874559829816373
9.6086265828548e-19,0.9999750745430027,2.49254569972009e-05
0.9999999946433074,2.9267151299670796e-36,5.3566926604066435e-09
4.531063680765861e-09,0.5399736445931582,0.4600263508757781
2.2471870213824767e-14,0.9932034275708517,0.006796572429125692
1.1360558287762437e-25,0.9999999999307083,6.929160735420723e-11
1.329962959828475e-10,0.9503899186949479,0.04961008117205582
0.9989459376085971,3.0362998627450964e-23,0.0010540623914030137
0.98656247894893,4.633866070561883e-21,0.013437521051070107
5.365371536222838e-07,2.7417770904611098e-06,0.9999967216857559
1.879270537499671e-36,1.0,2.0844130859279088e-17
2.0748252092781445e-23,0.9999999984905661,1.5094338424454068e-09
0.9995920818230235,2.8796636695255304e-24,0.00040791817697645883
1.8104643852792728e-28,0.9999999999990072,9.926552557283651e-13
0.9999997342252378,1.5960547375045274e-32,2.6577476227207534e-07
3.6812119792826386e-08,0.00020089809138082972,0.9997990650964993
1.471513967413808e-18,0.9999681645042882,3.183549571181045e-05
0.9999990541563086,7.447734765889152e-31,9.458436914180758e-07
0.9999991631820554,2.2711644699289455e-31,8.368179446307797e-07
1.4975197276490421e-09,0.8748376316864971,0.12516236681598325
3.5465920319476283e-06,0.001571123992625851,0.9984253294153423
7.264593797751882e-11,0.9846542843670786,0.015345715560275513
0.9998789369480544,6.48544461653968e-25,0.00012106305194551144
1.3662469207395834e-08,0.00044100366079046166,0.9995589826767403
5.888531224223274e-10,0.9083886038668724,0.09161139554427444
0.9997474448653856,5.172081817420308e-25,0.00025255513461437315
0.0010307579474477027,5.213568625208959e-11,0.9989692420004166
2.707512224661382e-31,0.999999999999968,3.199182265097993e-14
4.6289013913489795e-07,0.032527503301422636,0.9674720338084382
0.9999999999997748,1.3920982438655297e-47,2.2513029264941437e-13
0.9998334259209852,6.235826058543632e-25,0.00016657407901475446
5.728596510740437e-15,0.999877697634703,0.0001223023652912406
6.927736252187229e-06,0.0004895507560602464,0.9995035215076875
0.9999995592478172,3.020992481640223e-31,4.4075218271456716e-07
4.983032138981499e-22,0.9999999956074472,4.392552746139352e-09
7.035606683696207e-11,0.9789859837514939,0.021014016178149925
0.0004781955580546004,2.819853359775127e-11,0.9995218044137469
7.637776119068437e-06,1.1144286933553537e-08,0.9999923510795939
0.002390066577400847,3.754041632611267e-12,0.9976099334188451
1.6919951937188123e-18,0.9999783105549637,2.168944503643953e-05
1.9221656450733482e-14,0.9997882953440476,0.00021170465593318248
7.728040401641056e-09,0.000665204452328813,0.9993347878196308
1.4413056104734876e-08,0.5196223848126064,0.4803776007743376
1.7609076300324503e-27,0.9999999998762412,1.237587938090182e-10
0.0018761288067892833,2.0463901301468662e-11,0.9981238711727468
0.9999667038921817,7.709315297672853e-28,3.329610781829596e-05
4.221416364725455e-23,0.9999999978758225,2.1241773855866843e-09
1.455948859768037e-06,2.350536470051237e-07,0.9999983089974933
0.06516698093335567,8.22853664714156e-14,0.9348330190665621
0.9999999997577622,4.927825175986906e-40,2.42237782305366e-10
5.479764823846155e-25,0.9999999971697486,2.8302514408756088e-09
0.9999101818621859,1.745993714925755e-25,8.981813781418781e-05
2.8036774795379345e-08,5.9424678720843456e-05,0.9999405472845044
0.999858259414103,7.987727162124443e-25,0.00014174058589710517
0.9999999999999702,2.829754353839925e-50,2.967865621679339e-14
0.000450578397508634,9.541596850496308e-11,0.9995494215070753
0.9999997930478395,3.7559859102516854e-33,2.0695216047147718e-07
0.9999999999765143,4.7897607495457334e-42,2.3485565139550158e-11
5.218848278699987e-16,0.9999576044410708,4.239555892880583e-05
0.9988160440081674,1.4214339064340447e-23,0.001183955991832616
0.9999973611628395,1.5821698688397242e-29,2.6388371603613084e-06
0.9999914014625986,1.7181929990886808e-28,8.598537401393207e-06
1.8625511773833887e-07,7.523079493809678e-06,0.9999922906653885
6.790900670751786e-17,0.9997367811190175,0.0002632188809823747
0.9992962400068015,9.778642411681151e-24,0.0007037599931983818
0.9996527281018759,1.26459087938293e-24,0.0003472718981242588
2.5642477379233822e-23,0.9999999984186605,1.581339604849412e-09
0.999935219445935,5.976591441673814e-26,6.478055406488594e-05
1.6072148560510925e-06,2.532655612793297e-07,0.9999981395195826
0.0006482786841025981,3.421857819867278e-07,0.9993513791301155
1.1692742572775817e-20,0.9999999184303514,8.156964857617855e-08
0.003162518430424013,8.668672034036364e-09,0.996837472900904
4.141241510652505e-05,1.2957896216046227e-09,0.9999585862891038
1.651346434016787e-05,1.5465451371088203e-08,0.9999834710702084
8.078092697546637e-25,0.9999999997621563,2.378436787489078e-10
3.932182868829135e-18,0.9999988656795599,1.1343204400851822e-06
2.684822777374163e-26,0.9999999992003816,7.996182856931896e-10
0.9999999999999669,9.014882851199774e-50,3.313941881051145e-14
0.9992183548059745,1.2314810389029661e-23,0.0007816451940254282
1.2991752704088978e-06,2.281700619014626e-07,0.9999984726546678
2.1585279109765958e-08,0.4634786126575666,0.5365213657571541
0.9991070999527483,5.842012356762824e-23,0.0008929000472516276
9.971904150034158e-09,0.00012517942807607725,0.9998748106000198
1.8971110170430442e-06,2.461155782780546e-07,0.9999978567734047
0.9996623441848246,1.3455904539692153e-24,0.0003376558151754896
1.6280017037606084e-24,0.999999999678272,3.2172807342366103e-10
0.9999999985262411,2.7065204643866037e-37,1.4737588058430249e-09
0.9999856151655429,8.908686672059265e-28,1.4384834457275947e-05
3.55814670849656e-05,1.0635000685047906e-08,0.9999644078979144
4.375768041682811e-21,0.9999993196823002,6.803176998004546e-07
7.033750196953342e-26,0.9999999999770302,2.2969822558171386e-11
0.0011434298208857876,1.4057526289808283e-07,0.9988564296038512
0.9999999780550268,1.856793241492859e-34,2.194497317037341e-08
0.9983343015571365,4.935660135294686e-22,0.001665698442863464
0.999935164848496,1.3613794554246785e-26,6.483515150414083e-05
1.21942603187811e-09,0.017230722014799187,0.9827692767657747
0.999999999984265,6.439179121580397e-43,1.5734956711579203e-11
0.9999972243724901,1.3497322867000792e-29,2.775627509968192e-06
8.751661887871445e-15,0.9998988258764558,0.00010117412353544925
0.00019107657999920297,2.8759508127064716e-10,0.9998089231324057
0.9999996005546602,4.298596259043964e-32,3.9944533987938254e-07
8.295829077882628e-08,3.7997906241614922e-06,0.9999961172510851
3.140762942569803e-08,0.00015079848993104373,0.9998491701024395
0.9999999352663915,5.322300974790187e-34,6.473360845603471e-08
0.9999944480865718,1.5156470702281456e-28,5.5519134281261894e-06
0.0006271600637612454,1.6507992696307245e-07,0.9993726748563119
2.274487086926317e-28,0.9999999999988476,1.1523981160146922e-12
0.9999999999522664,1.6554196368110255e-41,4.7733487465179696e-11
0.9999999999580311,2.4314885741123875e-41,4.196877572538785e-11
7.458831025329071e-21,0.999999969090286,3.09097140235581e-08
2.124240497033645e-06,4.5677256860263803e-07,0.9999974189869344
1.3881253906797316e-10,0.9673748250628537,0.032625174798333836
3.9780445448532946e-16,0.9999811486528483,1.8851347151354842e-05
9.517382301486481e-35,0.9999999999999998,2.3041019890464523e-16
3.711491605370363e-26,0.9999999999709361,2.90639154583849e-11
1.3165833266714212e-18,0.9999990888800084,9.111199914969101e-07
0.9999999999999787,6.072443530381647e-50,2.1416896245630983e-14
7.217831304170795e-12,0.9933416205926787,0.006658379400103556
1.6675518217818262e-05,1.5025839818022635e-08,0.9999833094559425
0.9941936576240633,5.4722335944889026e-21,0.005806342375936733
1.956901142896539e-05,7.009383457307656e-09,0.9999804239791876
8.016281499978556e-06,1.95357717461215e-08,0.9999919641827283
2.8559378620295835e-08,0.3015555486204875,0.6984444228201339
1.0759969693933795e-15,0.9999803226303599,1.9677369638998427e-05
0.0001100656720360035,6.573461699479449e-10,0.9998899336706178
2.1507952766737995e-05,4.536998947234955e-09,0.9999784875102342
7.598832118635898e-27,0.999999999995659,4.340928162129423e-12
2.6971577645137923e-13,0.9789116775363017,0.021088322463428604
1.1002380993515609e-23,0.9999999995790787,4.2092138864560804e-10
4.4738345471023023e-23,0.9999999428373773,5.716262276225955e-08
2.0852529209566708e-19,0.9999996493144199,3.506855802144168e-07
1.9611276604241094e-20,0.9999980846679707,1.9153320293556134e-06
6.952315188271934e-07,0.007657406652555694,0.9923418981159254
0.0006570806637214719,4.6128891297213897e-07,0.9993424580473657
4.487779199739588e-16,0.9999824232419131,1.757675808637281e-05
0.9893766584114829,9.221565485374225e-21,0.010623341588517143
0.999999999893785,7.958225594627525e-41,1.0621509496337565e-10
1.9573315588269415e-08,0.5350100609485364,0.46498991947814794
0.0025631676225483313,2.009549041933747e-12,0.9974368323754421
0.3056897910651882,9.563287051445851e-16,0.6943102089348109
0.9999790022031577,3.093478997830386e-27,2.0997796842204083e-05
0.999999999681817,4.24763502163609e-40,3.181829482162865e-10
0.9999812701459725,6.183178305405719e-27,1.8729854027643218e-05
3.053506738122942e-06,2.372487467802857e-07,0.999996709244515
0.00013615411159266603,3.3900971616065576e-10,0.9998638455493977
5.72689253843319e-05,4.4546384819152786e-10,0.9999427306291518
1.2079652085492725e-23,0.9999999992120094,7.879905073743773e-10
0.9999999997119231,4.944658902581911e-39,2.8807680653225907e-10
2.240082228836536e-21,0.999999717188343,2.8281165699263394e-07
5.690210228098403e-18,0.9999985763864282,1.4236135717580388e-06
6.193880707155497e-05,3.658146080354264e-09,0.9999380575347823
0.0007184057973433767,3.0933324313430085e-11,0.9992815941717234
7.530763233202101e-14,0.9996791191836352,0.000320880816289708
1.9820536721405062e-23,0.9999999991267237,8.732763776284088e-10
9.696682846891958e-22,0.9999999906373022,9.362697911545647e-09
7.159684479980334e-05,2.2222703009698636e-09,0.9999284009329299
0.9990907797488802,3.600925115666658e-23,0.0009092202511199065
2.2407603803400435e-22,0.9999999971583124,2.8416874429891608e-09
2.923151749412335e-13,0.9990916196620051,0.0009083803377024886
1.0873523432169267e-12,0.9149897024235446,0.08501029757536811
0.9999962611780955,3.692207080939454e-30,3.7388219043895267e-06
0.999999999999656,4.02170826533793e-47,3.4403947639886053e-13
5.9767469393158196e-12,0.9924548133868633,0.007545186607159813
1.9384002466425276e-15,0.9999394191026394,6.0580897358501484e-05
3.5839156011817774e-06,1.2432649109847531e-07,0.9999962917579078
5.668929308172652e-06,0.001030261734825069,0.9989640693358667
1.9125444243045895e-12,0.9979674622768749,0.0020325377212125004
0.999999999957272,1.0047068101696519e-41,4.272794188551038e-11
0.9999997065214465,9.907751784622007e-33,2.9347855357242645e-07
1.3855579542355764e-14,0.9999057253155188,9.427468446745271e-05
0.9999998748358544,5.3281431077796445e-33,1.2516414567647886e-07
0.9999999999999261,3.283717940093081e-49,7.393205324782743e-14
0.9998098398381368,9.928047248803021e-26,0.00019016016186321918
2.7506806284879026e-09,0.0045715393048541605,0.9954284579444653
7.502616789612976e-07,1.041775018315209e-06,0.9999982079633027
9.278536021169366e-21,0.9999986479971759,1.3520028241925556e-06
0.9999999999998748,3.264269922724589e-48,1.2518608702802678e-13
0.9895139892409534,1.7110861594030304e-20,0.010486010759046547
1.466863405305367e-23,0.9999999990848978,9.15102284071817e-10
0.9999999997819473,2.4688726687403072e-39,2.180527367012405e-10
0.9975055546237778,4.508086328559131e-22,0.002494445376222313
5.7098212567547386e-08,1.568318223200712e-05,0.9999842597195555
1.6551615238573063e-07,2.335259408877807e-06,0.9999974992244387
9.232310134609529e-10,0.01615694743856993,0.9838430516381991
9.833466673716828e-23,0.9999999985971042,1.4028958278981144e-09
5.673085869553041e-35,1.0,1.0288898423078198e-16
0.9999472195962812,1.361325095287099e-26,5.278040371880632e-05
7.155591930116886e-22,0.9999999929395111,7.060488829734045e-09
5.0725722190122295e-12,0.9945158764742043,0.005484123520723201
0.99999999998754,3.522748378357155e-43,1.2460067643539637e-11
1.7854373101825956e-09,0.0012410449005625882,0.9987589533140002
5.1633665628027374e-09,0.0013570118277106873,0.9986429830089228
0.9999861869425848,9.356669774867851e-29,1.381305741521776e-05
2.885177619095833e-18,0.9999987479879106,1.2520120893616803e-06
4.8579331233406424e-17,0.9999923279452141,7.672054785946054e-06
2.178199005779404e-31,0.9999999999999813,1.8654920947649823e-14
4.271939480785242e-20,0.9999997841983951,2.1580160486241402e-07
1.824941314628043e-09,0.016594825232657467,0.9834051729424012
1.2272424946614077e-16,0.9996759359209155,0.0003240640790842568
0.9999999999999305,4.118996748625262e-49,6.945063322237621e-14
0.9999999999493032,2.343764533593837e-42,5.069673993827399e-11
8.21929506316251e-15,0.999850388769304,0.00014961123068790561
0.9999999848137231,2.3462996713500117e-35,1.5186276840194893e-08
1.8730612742209524e-07,4.721461194759343e-06,0.9999950912326779
8.326591300929547e-05,5.4801453541810375e-09,0.9999167286068453
1.1487024415817386e-13,0.9991074749630258,0.000892525036859324
6.823453057799383e-09,0.002369878448454667,0.9976301147280924
9.909336368697406e-19,0.9999991344865343,8.655134655469977e-07
7.168715356016475e-27,0.9999999999941704,5.829645764762354e-12
9.461523720456737e-08,3.5869225796889966e-05,0.9999640361589658
1.2307424296280515e-08,0.000644308955265559,0.9993556787373101
0.9999999999403548,5.499184766771778e-41,5.964506718406438e-11
0.9690530520859935,8.544480191481433e-20,0.03094694791400643
0.9999999822618825,3.6060470425829557e-35,1.7738117527707605e-08
3.8088500594591515e-32,0.9999999999999962,3.785104410558561e-15
7.666108133545681e-08,0.06661946313723463,0.9333804602016841
1.8451346734585292e-22,0.9999999948539935,5.1460065153681446e-09
4.937413208380024e-35,0.9999999999999998,1.2272782967677698e-16
8.456074505733987e-08,0.11554213711195714,0.8844577783272978
8.029622060595681e-17,0.9998194563031744,0.0001805436968256256
0.9999932920363845,4.8963435854892323e-29,6.707963615607155e-06
1.0164921084709597e-19,0.9999957830334145,4.2169665854128005e-06
5.796430067769712e-26,0.9999999999765505,2.344955810937686e-11
0.9999999995379818,1.0554005759601023e-38,4.620180945790557e-10
3.7846774579432295e-05,1.330064002592365e-09,0.9999621518953565
1.183842645028928e-06,0.002750491201855409,0.9972483249554995
0.999976241645291,4.485210038954678e-27,2.3758354709020736e-05
2.385391994383381e-25,0.9999999998781295,1.2187050404724623e-10
1.0012642273541659e-25,0.9999999999614679,3.8532095941326615e-11
0.9999999999841118,8.511898394377142e-43,1.5888093426224208e-11
0.9997071528782314,3.054666198966232e-25,0.0002928471217685548
0.999911017336022,8.832125530395394e-26,8.898266397806645e-05
5.758804141171385e-29,0.9999999999995381,4.618035783505813e-13
8.531757221456873e-23,0.9999999982235257,1.7764743725429213e-09
0.9999530225781855,1.9108520697945824e-26,4.6977421814495064e-05
0.9978674996646058,1.8279934095887606e-22,0.002132500335394159
4.4581239481260035e-06,0.002550836080367177,0.9974447057956847
1.7087979918496734e-06,5.430097297853318e-08,0.9999982369010351
4.135340096209737e-07,5.723753716554501e-07,0.9999990140906186
0.9999768380947035,6.8021560377727e-27,2.3161905296544977e-05
1.939832044644059e-08,0.0007039558063916299,0.9992960247952879
0.9998462508711805,8.5770446130814e-26,0.000153749128819536
8.360936896800711e-05,2.472348353071648e-09,0.9999163881586836
2.9229399124055232e-08,0.335576445079223,0.6644235256913779
0.00035675361716550725,1.5966409085633535e-05,0.9996272799737489
8.342410508119548e-12,0.9952338738290427,0.004766126162614923
1.792270591194277e-25,0.9999999999573905,4.2609385683511776e-11
0.9999999999448457,3.2875310523651387e-41,5.515438467044809e-11
1.7834461867250366e-30,0.999999999999958,4.1953898785678273e-14
0.999895163309444,2.053767509245224e-25,0.00010483669055606525
0.9999978792294041,8.63299664552767e-30,2.1207705957844904e-06
5.6059026110796425e-06,6.55166468352671e-08,0.999994328580742
0.9999999999307994,1.2576168689404278e-40,6.920065478145896e-11
6.012563309874986e-06,4.170822410889972e-08,0.9999939457284661
0.024483722992792615,2.001035887780481e-09,0.9755162750061716
0.00012476224695722588,4.055753567496983e-10,0.9998752373474674
7.233301083280829e-20,0.9999999097159605,9.028403943377026e-08
0.9999980078703457,2.1338280423290383e-29,1.992129654391992e-06
9.826670167266327e-20,0.9999998614703532,1.385296468142624e-07
2.2465042244215027e-06,2.0548819913736977e-07,0.9999975480075765
0.9999333046071068,4.26172922858115e-26,6.669539289311638e-05
2.401056332200564e-07,5.416256441402942e-06,0.9999943436379255
0.9999999999999847,1.0261454521216743e-50,1.5295191747466748e-14
2.500424630632144e-35,1.0,7.452988955099957e-17
0.9999342057518408,2.2434963107988702e-27,6.57942481592978e-05
1.5748321208181379e-22,0.999999811649152,1.8835084801590293e-07
0.9999996823676379,1.2005887304151065e-32,3.1763236215097755e-07
4.568723602187287e-16,0.9995321698707375,0.00046783012926201204
1.0494267066948986e-20,0.9999999524564716,4.754352837074082e-08
2.8049982714339295e-07,0.023995122742671644,0.9760045967575012
5.2803813899255663e-17,0.999992658791214,7.341208785979648e-06
0.9999999999992555,6.024125190343163e-47,7.445495524770637e-13
0.9998942282780506,4.553642540860761e-25,0.00010577172194937551
0.04567607956086404,3.4054309530711145e-14,0.9543239204391019
3.909054647904587e-09,0.0026513938149037098,0.9973486022760417
0.9993580522597796,1.0241785467320823e-23,0.0006419477402202672
0.9999999993628981,2.404640637680949e-38,6.371018626409445e-10
6.974110213481935e-20,0.9999999069332426,9.306675747666405e-08
1.310623759100743e-10,0.9720777757370299,0.0279222241319076
0.9999991291218716,2.1075311720688414e-31,8.708781284154519e-07
0.9996756192532996,2.86879447525509e-25,0.0003243807467004514
9.567729255047782e-08,0.06235967112882149,0.937640233193886
4.773069861311958e-12,0.9957432238144939,0.0042567761807329445
4.380538896575787e-34,0.9999999999999791,2.09569537210102e-14
4.117202594933339e-17,0.9999941467423274,5.853257672626413e-06
0.9999999999993705,1.2870863202740087e-46,6.295057795694536e-13
4.685353722761503e-18,0.9999565508995253,4.3449100474630376e-05
4.75272482833053e-07,9.138160027596646e-07,0.9999986109115144
0.9999924402492153,3.9539550512953324e-29,7.559750784665927e-06
3.1797698757825704e-05,8.441945000358743e-09,0.9999681938592972
0.9999999417835793,5.132692310008368e-30,5.82164206499238e-08
7.432261850985268e-17,0.9998296166273145,0.00017038337268548834
0.9668018970321447,4.1082436866772444e-19,0.033198102967855365
3.84243214782712e-19,0.9999856339169717,1.4366083028279403e-05
1.6908743171429485e-07,4.9425300390415494e-06,0.9999948883825293
0.9999063332427987,3.2034735434888733e-25,9.36667572014083e-05
1.8322751403639973e-21,0.9999999886294403,1.137055971087221e-08
5.179822343863243e-05,1.2733521829567604e-09,0.9999482005032092
1.4919594616504325e-27,0.9999999998610312,1.389689333809299e-10
3.777051648438894e-25,0.9999999998760107,1.2398927416724908e-10
0.9994123483442754,1.993411297725792e-24,0.0005876516557246941
0.9999956264987919,2.081504727407176e-29,4.373501208077404e-06
5.862547415276031e-05,1.5130987562002827e-09,0.9999413730127485
1.0257000534200698e-19,0.9999998811281842,1.1887181581989363e-07
4.6328925993563364e-10,0.9604123990677977,0.039587600468913214
0.9999999999290388,5.206606944499737e-41,7.09611759532242e-11
0.00018334056824476587,7.756793178827053e-10,0.9998166586560759
8.65165204205621e-14,0.9996017362712715,0.00039826372864183214
1.3515877086218537e-21,0.9999999911275467,8.87245341661113e-09
0.0001220869504118602,4.626458438478778e-10,0.9998779125869424
5.56523668102225e-28,0.9999999999980254,1.9746428275626453e-12
1.2323756739424458e-21,0.9999999891729309,1.0827069124494726e-08
4.2302920374265e-10,0.06942910541424727,0.9305708941627235
0.9999999988833872,6.136205277351751e-38,1.1166128096674153e-09
0.9999999999946247,3.646475527861889e-43,5.3751710396542164e-12
0.00011266578675759412,2.7275215787314384e-09,0.9998873314857208
0.00022907597378489525,1.14293265312396e-06,0.9997697810935621
0.9999999999997866,8.262367645292191e-48,2.133034353823096e-13
1.4864412559555827e-06,5.116229425843414e-07,0.9999980019358014
0.9999999807898686,1.4560801777666462e-34,1.9210131280967274e-08
0.0007502055571696513,1.2122888718521578e-10,0.9992497943216014
1.4708512625000965e-27,0.9999999999970459,2.95413791782808e-12
0.010369400230048488,4.2527945209485e-08,0.9896305572420062
6.171019743932706e-13,0.9980336289175731,0.0019663710818097727
1.8575740622937107e-19,0.999999684562022,3.154379779200607e-07
9.09630607799166e-31,0.9999999999999669,3.316173149188054e-14
1.070467179875141e-06,0.03371755707432965,0.9662813724584904
0.987147192277368,1.6892742801029407e-20,0.012852807722631952
3.285226572825399e-20,0.9999971787005969,2.8212994031545247e-06
0.9999999997236815,1.2280860477154656e-39,2.7631845063786917e-10
3.658884934644353e-17,0.999994967788651,5.032211348904801e-06
0.9999981263162536,6.394837693376095e-30,1.8736837464969151e-06
0.9999999999968039,5.5377197844181555e-45,3.196036566407989e-12
7.277514946743152e-07,6.074888033255702e-07,0.999998664759702
0.999986831896275,8.714939504512782e-29,1.3168103724997143e-05
3.2778616852884204e-23,0.9999999992918498,7.081502143127465e-10
5.685392165611875e-19,0.9999835048696447,1.6495130355183232e-05
1.0483187717692772e-11,0.9932857975489078,0.00671420244060903
6.753204445731196e-25,0.9999999973490983,2.650901605478949e-09
2.0817100178869526e-09,0.012197584399025711,0.9878024135192642
1.1841866470954791e-09,0.7230004788465942,0.276999519969219
2.6759327354127866e-36,1.0,3.8402393318004884e-17
0.9999860125831006,1.691796052789189e-28,1.3987416899348404e-05
0.9999988350294147,1.068270020557378e-30,1.164970585400532e-06
4.664901776755671e-06,9.792322765760221e-08,0.9999952371749955
0.9999999999011036,2.0952932187899418e-41,9.889652383950437e-11
0.003695425461982568,3.850647705649585e-12,0.9963045745341669
0.9999999999999889,9.252566987712324e-51,1.114225501883947e-14
1.9690107185285974e-09,0.03478275618153974,0.9652172418494495
0.9999999999816833,6.327818434216821e-43,1.8316656881529002e-11
6.782496623419962e-08,1.1970790372734343e-05,0.9999879613846611
3.777571812572392e-05,1.473286744774716e-09,0.9999622228085876
0.9999999999704821,1.9691049286885018e-41,2.951785599755955e-11
1.2512517255856155e-09,0.018970067514083148,0.9810299312346652
0.9999999998730329,4.978759033132727e-40,1.2696710135609903e-10
1.1578615211964606e-07,0.04053509194995054,0.9594647922638972
2.6719710791582335e-07,0.061323375855989966,0.9386763569469022
0.9996841955696255,1.4607036581030993e-24,0.0003158044303745327
4.977500324911408e-19,0.9999892910839187,1.0708916081393248e-05
4.5334695768496994e-13,0.9990062025537547,0.0009937974457918282
4.0974038586300956e-27,0.9999999999934652,6.53466614674311e-12
1.537918682373687e-07,1.5070414551491862e-05,0.9999847757935804
3.285530075561433e-11,0.9879062067962898,0.012093793170854735
0.9999819306536127,4.198498346371476e-28,1.8069346387327668e-05
0.9999999986313897,1.103539603727038e-37,1.368610443787271e-09
0.9999999999999207,1.8940137993984725e-48,7.932728824129657e-14
2.048935547312843e-10,0.34463682334452295,0.6553631764505835
3.1318051691638243e-20,0.999999920270226,7.972977402079176e-08
9.420094406487022e-05,2.36888358633574e-09,0.9999057966870515
3.8860082771724854e-08,0.000155541726273261,0.9998444194136439
0.9998968634182713,7.208470765382265e-26,0.00010313658172874273
3.6417530598621653e-10,0.9076012243695196,0.09239877526630509
0.9999989692831383,3.2248779076277917e-26,1.0307168618381721e-06
1.178566461032574e-06,4.1700192224885936e-07,0.9999984044316167
5.3532315615823945e-17,0.9999906174878234,9.38251217656578e-06
1.0529978795847557e-19,0.9999961270130385,3.87298696159379e-06
8.858613894300162e-07,8.529032263831994e-07,0.9999982612353842
0.0006551856460077499,2.6758187763547117e-11,0.999344814327234
2.1005460789514888e-13,0.9509751677995388,0.049024832200251
0.9979454969844931,3.209362589890778e-22,0.0020545030155070254
0.9957704615423243,2.213857419663417e-22,0.0042295384576756636
0.9999482231110047,4.2299761241642083e-26,5.1776888995403564e-05
2.285782047442926e-16,0.999985047496581,1.4952503418762008e-05
8.332912581683801e-12,0.990868829178796,0.009131170812871006
0.9896469481761195,1.352325138805335e-20,0.010353051823880546
1.6273993406891265e-06,1.610017601308813e-06,0.9999967625830581
3.705912790258758e-27,0.9999999999968914,3.108724959249734e-12
0.9999821454239509,1.7844053292806902e-27,1.785457604895143e-05
0.9999999968994584,4.630419653555028e-37,3.10054152243905e-09
0.020096649034241548,2.9832389063220815e-13,0.9799033509654601
1.3846206926927893e-18,0.9999861150577493,1.3884942250826164e-05
4.803180842822486e-34,0.9999999999999996,3.78330768509633e-16
0.9999999999610798,2.867585628020101e-41,3.892011944763146e-11
0.9999998128501367,1.9041226348478045e-32,1.8714986311343784e-07
2.319435577130908e-21,0.9999999770567835,2.294321648642161e-08
0.999999666244482,1.219121249413039e-31,3.337555180696031e-07
5.630141147146093e-25,0.9999999998843079,1.1569220423697052e-10
0.9999999999999765,3.0703165815178637e-50,2.3525702538440828e-14
3.504594214486293e-05,4.2870543543320025e-09,0.9999649497708006
7.733564785850381e-07,0.008376924320574025,0.9916223023229473
0.9999945476252038,7.154588830296464e-30,5.4523747961472755e-06
0.004302416006311268,1.64477749051824e-12,0.9956975839920439
4.7566279030453247e-17,0.9999912382423986,8.761757601418577e-06
1.4727203334643754e-07,1.9959995576418895e-05,0.9999798927323902
0.999999999595711,2.505651120711393e-39,4.0428898768419264e-10
9.510123332344843e-10,0.009036158867802771,0.9909638401811849
7.47028961704891e-11,0.9845973061355775,0.015402693789719509
0.9999979980827076,4.618789143384424e-30,2.0019172923494543e-06
9.621554138362683e-15,0.9998814448118718,0.00011855518811850182
6.350863168934767e-37,1.0,8.645225348769771e-18
5.50922772156186e-09,0.7383776941537044,0.2616223003370679
2.4130257714653262e-05,3.314549616141758e-08,0.9999758365967891
8.023842820914376e-23,0.9999999393550941,6.064490575013248e-08
7.356903054721339e-35,1.0,1.0178503833333813e-16
2.4616840919390224e-16,0.9994606121724178,0.0005393878275819772
0.9939706843216184,2.7539445541800432e-21,0.0060293156783817175
0.002910477691074557,4.45423326531131e-08,0.9970894777665928
2.5563751184268575e-06,9.705413796554037e-08,0.9999973465707436
0.9961545478437719,1.1731706919510082e-22,0.003845452156228077
3.191175569274936e-26,0.9999999999812303,1.876960282825666e-11
3.141962527842562e-05,6.084025790405313e-08,0.9999685195344638
5.619646291969539e-07,7.098737133074627e-06,0.9999923392982377
3.794024708949206e-14,0.9994175096972688,0.0005824903026931828
7.429456797673102e-08,4.2294951079012636e-05,0.999957630754353
0.9999999999961551,3.1807608022424926e-44,3.844877650884318e-12
2.487575794794229e-09,0.007062435042745319,0.9929375624696789
1.0091350471434742e-08,0.00028395532110521275,0.9997160345875444
0.00021483494680101095,3.433544913089913e-10,0.9997851647098445
0.0008565837179079209,3.157205436483876e-07,0.9991431005615484
2.1868849442278464e-16,0.9990684087295018,0.0009315912704980508
1.1358679867602734e-27,0.9999999999982727,1.7273591748115563e-12
0.9999623195707179,7.950086711986845e-27,3.7680429282124454e-05
1.563382192447476e-19,0.9999998655282648,1.344717352108967e-07
1.0141135299566988e-24,0.9999999998919931,1.080069125048146e-10
5.632223781441235e-23,0.9999999979687106,2.031289310034584e-09
2.7715851446438144e-25,0.9999999998924227,1.0757730174669716e-10
0.006912209215220443,7.901220697747765e-12,0.9930877907768784
0.9999997029253217,3.0759817021408185e-32,2.9707467829400156e-07
9.747213312466654e-24,0.9999999991220927,8.779074124838466e-10
1.551658113194676e-27,0.9999999999971549,2.8449543127252952e-12
0.9990046853494788,5.785213539935238e-23,0.0009953146505212308
4.898429145816302e-09,0.003632611221783785,0.9963673838797872
0.9999951705063167,5.2154093967253676e-30,4.829493683230845e-06
2.0253011860417227e-05,0.00018606338598678153,0.9997936836021528
1.207081835908687e-07,1.8689778249500234e-05,0.999981189513567
0.0009612638838151315,2.7197812674884872e-11,0.9990387360889871
1.6285367203351165e-08,0.0001981416124584788,0.9998018421021743
0.9999654804322398,2.2051501083907727e-27,3.451956776013589e-05
9.938230544647078e-25,0.999999999859635,1.4036498841207735e-10
0.9999999999938753,1.9252940197702206e-43,6.124748972696736e-12
0.999999999981618,6.416696936917611e-43,1.8381971670486115e-11
5.344584027807593e-15,0.9999303056223195,6.969437767519408e-05
0.9999976498114707,6.2125576852891884e-30,2.3501885292852656e-06
2.6242866972252404e-06,0.0005455224109897583,0.999451853302313
2.3227987704324634e-19,0.9999999040059225,9.59940774817179e-08
0.9999999999733284,7.158012970841862e-42,2.6671567526153564e-11
1.9574476131060507e-07,8.170030097463111e-06,0.9999916342251413
2.0019550933222812e-05,1.9127161558513125e-08,0.9999799613219053
3.7805192662573587e-19,0.9999997121289121,2.8787108784256164e-07
0.9999999999756779,4.2275891172073056e-42,2.432204736152991e-11
2.049903446807898e-35,1.0,5.225690083720575e-17
0.9999999997710378,6.819582988392216e-41,2.2896215308472506e-10
2.4121823471181997e-36,1.0,2.6605460470372937e-17
1.1145292633431539e-14,0.9945240543285526,0.005475945671436481
1.2598982631564022e-24,0.9999999997701641,2.2983596218927628e-10
1.3647796017529582e-18,0.9999591320167415,4.086798325851715e-05
9.572969814585026e-26,0.9999999999384201,6.157983358617775e-11
3.342994381438386e-06,1.1338754818521459e-07,0.9999965436180704
0.9999999997806595,2.5577009943951115e-40,2.1934062981640566e-10
5.0923008190449665e-06,0.0015602038099145552,0.9984347038892665
4.972711936503768e-12,0.9956627962150026,0.004337203780024628
2.0998087038678847e-07,6.365889277793073e-06,0.9999934241298518
1.9472387316429367e-07,0.05340632322486383,0.9465934820512631
5.88863997363859e-06,3.8780187675967295e-08,0.9999940725798386
4.3096570654170005e-18,0.9999989271772883,1.072822711633118e-06
1.3730951556586794e-18,0.9999992916271541,7.083728459788849e-07
6.962510069169046e-08,0.001598354244985267,0.9984015761299141
0.9994307387521372,5.487966793906855e-25,0.0005692612478628825
0.9999695494264166,1.2327416286789237e-27,3.045057358340726e-05
4.3445636258158405e-32,0.9999999999999936,6.404269963895189e-15
3.9151193904272895e-36,1.0,3.6361804904243826e-17
1.1291098032223384e-05,1.0516089826492805e-08,0.999988698385878
0.9999868087177569,2.172165015754117e-28,1.3191282243143358e-05
8.887811601853946e-11,0.16118209741926284,0.8388179024918591
6.5848736763141415e-15,0.9999046765797369,9.532342025646373e-05
3.4483080938224517e-06,1.3530016231214025e-07,0.9999964163917437
1.0418977111957898e-08,0.001299806779151737,0.9987001828018711
3.3321586211369965e-18,0.9999992092635903,7.907364096850648e-07
7.751072620753082e-21,0.9999999502935961,4.970640391346801e-08
0.9999937513693942,2.9880306774746576e-29,6.248630605877944e-06
0.001764318476345669,7.884763532163863e-12,0.9982356815157696
4.588192835808436e-12,0.9930584929025591,0.006941507092852753
1.837076115539817e-05,2.0634032635295468e-09,0.9999816271754414
0.9999991149259615,2.452238836062461e-30,8.850740385350526e-07
0.9986149000363971,1.4882048046004425e-23,0.0013850999636030442
1.5481405897629157e-24,0.9999999997965712,2.034288491910474e-10
2.6467933911194124e-24,0.9999999995971265,4.028736041855817e-10
0.9999999730897161,6.031173303167195e-35,2.69102838569648e-08
0.9999999999999862,1.7047483276429145e-50,1.374122888410658e-14
2.679198656067966e-21,0.9999999875486704,1.2451329546401405e-08
9.835460764014083e-22,0.9999999913447798,8.655220226891626e-09
0.013737337664076026,3.220248710999894e-13,0.986262662335602
2.3534440239975466e-15,0.9999340556793684,6.594432062918682e-05
1.8683656420096016e-09,0.013172576765566262,0.9868274213660682
0.9999999999929992,3.188368761997877e-44,7.000902552576842e-12
2.1431725006546864e-06,2.1386579544811838e-07,0.999997642961704
1.0547466043261993e-41,1.0,8.653137673073446e-19
0.9999993505305441,1.545107233350496e-31,6.494694558072387e-07
9.668370207174004e-05,1.3935497368646483e-05,0.9998893808005596
0.9999999999999742,6.888628697728921e-50,2.5860033856499225e-14
2.944089736457976e-09,0.8194883699670796,0.18051162708883065
1.0099290655513696e-08,0.6060446872820284,0.39395530261868095
1.958556682308071e-36,1.0,1.9179075609184918e-17
3.5196367655794703e-15,0.9999137100972347,8.628990276178064e-05
4.700026234389167e-06,7.313708279489284e-08,0.9999952268366828
0.0012910686547676336,1.1593874923581333e-07,0.9987088154064832
5.514664498796838e-07,2.1057090287615743e-06,0.9999973428245212
9.351703187181005e-25,0.9999999998528257,1.4717432493121024e-10
6.335173658584815e-16,0.9999812490898956,1.875091010375296e-05
9.874589828525874e-08,0.11122817250387665,0.888771728750225
0.9999999999974432,8.477977123287324e-44,2.5569185337484854e-12
3.160186750613729e-10,0.9484896804606007,0.051510319223380535
1.356042615206959e-05,2.8231571667411375e-08,0.9999864113422764
0.9999999999999749,4.135257493562479e-50,2.5084749647085585e-14
1.2060494049695437e-33,0.9999999999999989,1.1046440730063712e-15
1.1645808498063115e-06,1.1424497298997046e-06,0.9999976929694203
0.9984694201855113,2.6282416745325866e-22,0.0015305798144887406
2.785244738795381e-23,0.9999999988986545,1.1013453733909682e-09
0.9999999999811784,1.0590090483972751e-42,1.882171941009518e-11
0.00011969376873566725,8.42329088028179e-10,0.9998803053889352
0.9999999969971196,1.4720428741103808e-33,3.0028803470620133e-09
1.2813120945327596e-33,0.9999999999999987,1.2596853344922645e-15
1.2305042354776265e-18,0.9999991945177336,8.054822663498263e-07
0.9999999999976017,2.854712717909716e-45,2.398386252523065e-12
1.6668043186167366e-07,1.577121158107791e-05,0.9999840621079871
1.0242600908605824e-16,0.9999891738757869,1.0826124213043156e-05
8.802917061168052e-33,0.9999999999999984,1.5440319467264304e-15
1.4599263735462912e-25,0.9999999999573583,4.2641560674606615e-11
4.2730230419575084e-10,0.9568097462670896,0.043190253305608065
0.999997540482095,1.9456815046560468e-29,2.459517904988576e-06
1.4927010006865714e-06,0.010400120487536755,0.9895983868114625
2.3438056076576022e-07,0.11455261516174405,0.8854471504576952
0.9999999999999785,2.651988676069256e-50,2.1491432446595132e-14
8.465424325293258e-07,9.10310465202267e-07,0.9999982431471023
2.468513314777142e-09,0.0030192608647243587,0.9969807366667623
0.0005165923755201794,1.1559392201469467e-10,0.9994834075088859
0.9999999999966886,1.2600496866434976e-44,3.311382803676368e-12
0.00022503454427642584,9.766860517037227e-10,0.9997749644790375
1.1170588587054656e-28,0.9999999999992562,7.439506463750932e-13
0.9999999999979534,2.0712180401449197e-45,2.0465055970332846e-12
3.375485261490432e-12,0.7572400743457962,0.24275992565082843
0.9999997269823789,2.948985268249077e-32,2.7301762095338136e-07
0.9989914947032293,6.210252432832791e-23,0.001008505296770739
1.5216428679444082e-13,0.9990650050530133,0.0009349949468344537
0.9999991919194089,1.95734775436255e-30,8.080805912505088e-07
1.1051550721407955e-08,0.6092766233982,0.3907233655502492
0.9999999999996227,7.38437123772856e-47,3.7736387315949616e-13
0.9999999456219381,1.5756233607990665e-34,5.4378062043417604e-08
4.6804303577161415e-08,1.1399168634077008e-05,0.9999885540270622
4.113334724788467e-18,0.9999991300181933,8.699818067340094e-07
2.5484829637252075e-06,2.6142701476782843e-07,0.9999971900900214
0.9999999999990856,1.2428541536732909e-46,9.142999791289355e-13
0.999993581873335,1.8818194678572592e-28,6.418126665073647e-06
0.00042951711272841246,6.943157819131055e-07,0.9995697885714897
5.093160832195241e-06,2.2770701042322633e-08,0.9999948840684667
0.9999997090939883,2.1788065718538017e-32,2.909060117212349e-07
0.07001958348965728,1.601664488854753e-13,0.9299804165101826
0.9989245870821496,1.2485911457077396e-22,0.0010754129178504209
8.813820704600794e-06,1.189633265622906e-07,0.999991067215969
1.1763274332622983e-09,0.003878846125665376,0.9961211526980073
1.4376497942885236e-05,1.1829403776767763e-08,0.9999856116726534
1.1668809692365633e-19,0.9999946522980155,5.34770198445086e-06
0.0013415497927364286,1.0823270957364374e-10,0.9986584500990309
1.0827141604047103e-10,0.9676323028220081,0.032367697069720563
6.143966614168427e-25,0.9999999998680094,1.3199070625203858e-10
1.5537771864063387e-12,0.9970973593928217,0.0029026406056245524
6.953952658491284e-05,3.183252159165004e-10,0.99993046015509
0.9999999999960836,2.617386608089172e-43,3.916348197713484e-12
0.99989301449232,4.420667738671916e-26,0.00010698550767991007
4.722460631961993e-06,0.0013102000721050388,0.9986850774672631
1.3004210544948142e-13,0.99946836348711,0.0005316365127599497
1.2767912491610484e-18,0.999999380585376,6.194146241657698e-07
6.069090716209088e-09,0.5377620875559297,0.46223790637497963
2.556455256642128e-07,7.355761342987943e-06,0.9999923885931313
3.74763313077189e-05,1.6716179294379224e-09,0.9999625219970744
1.4029662701887307e-31,0.9999999999999871,1.2902583044311293e-14
1.5788103140014387e-21,0.9999999772708724,2.2729127549336536e-08
1.315896189596804e-06,1.5622647812233189e-07,0.9999985278773322
0.9979147738159512,2.021602757269546e-22,0.002085226184048732
3.872116301747502e-09,0.007223756252585143,0.9927762398752986
2.2811158720189253e-20,0.9999999435686523,5.643134777734056e-08
6.574079547312312e-08,0.00010868605522532511,0.9998912482039792
0.9999999985131156,1.0926057094957333e-37,1.4868843414325662e-09
0.9999999956831906,2.7633253619026798e-36,4.3168094343203385e-09
0.9990388363635962,3.4110189541648116e-23,0.0009611636364037505
1.5139601404785395e-09,0.024969537674680766,0.9750304608113591
1.322116207795005e-09,0.00591377465029692,0.9940862240275868
5.549273805885497e-24,0.9999999807944834,1.920551659272581e-08
0.9999999999999765,4.993527226565208e-50,2.3509250543792498e-14
0.002110244109793919,3.991077622097942e-12,0.997889755886215
2.794568114835062e-21,0.9999999853375605,1.4662439592350578e-08
7.706068732699466e-16,0.999975816057743,2.4183942256499956e-05
0.0003162606641754186,4.908463992024885e-10,0.9996837388449782
7.030330756306689e-25,0.9999999998750577,1.249423672254724e-10
7.393704572976812e-05,4.978494559985343e-09,0.9999260579757758
1.7717040529108063e-24,0.9999999997989089,2.0109124394338333e-10
1.332507934834753e-20,0.9999999426564798,5.734352015393252e-08
2.4296039086874323e-07,0.07635659662861367,0.9236431604109954
6.201106617319184e-17,0.9999962449899865,3.7550100134361824e-06
1.4430854836594317e-23,0.9999999991595907,8.40409230094456e-10
7.765595672141119e-12,0.6780883683431469,0.3219116316490875
0.9998777684125221,2.8812530825428927e-25,0.0001222315874779161
9.808050582457354e-27,0.9999999999930795,6.920358429376474e-12
0.9994641310485378,6.074264246409352e-23,0.0005358689514622844
0.9999999999999609,1.6408932425160563e-49,3.9021291143468525e-14
2.609849676202125e-18,0.9999531181282587,4.688187174134756e-05
0.9999999079869493,3.716862337626153e-34,9.201305077384834e-08
0.9999991923666082,1.3231432945221296e-30,8.076333918618332e-07
0.000958036317371092,1.5154055385207702e-10,0.9990419635310883
0.9999999869438267,1.3710346184137324e-35,1.3056173203020248e-08
1.4602531328415684e-16,0.9999761612893123,2.3838710687389304e-05
0.9999999999998639,4.1317799967871844e-48,1.3611930843219576e-13
0.003680720918108528,3.1308099627112535e-08,0.996319247773792
0.9999999999999529,3.2174086462045723e-49,4.702663468672905e-14
2.791727194865199e-08,0.0001230811317178491,0.9998768909510103
1.4915108672291592e-24,0.9999999995176647,4.823352859208619e-10
6.037800321702174e-20,0.9999999227531393,7.724686063826573e-08
6.664329235711325e-15,0.999900749325287,9.925067470628913e-05
3.07219523441297e-07,0.011478372603578946,0.9885213201768975
0.9999996703154818,1.7498864454427787e-32,3.296845182303215e-07
2.0703034705308865e-25,0.9999999999489861,5.101374950686544e-11
0.9999999612292478,4.214206689932098e-35,3.877075215122926e-08
8.749319655957848e-18,0.999954058044547,4.594195545311464e-05
3.929928428057461e-07,4.772519591971083e-06,0.9999948344875653
2.2180313990839635e-08,6.749003543217433e-05,0.9999324877842538
1.1817935451755491e-07,1.3571961327286453e-05,0.9999863098593182
0.9999999999999496,4.0424595620490456e-49,5.0493633794787905e-14
0.008490137152425997,2.941821425493493e-12,0.991509862844632
0.0022045604161371646,1.0797963588088552e-11,0.9977954395730648
0.00012402031717823278,1.3962156943371497e-09,0.999875978286606
2.413142120078821e-16,0.9995809562574092,0.00041904374259075025
1.4029714259246973e-05,1.3251499991728756e-08,0.9999859570342408
0.9999968550241579,9.426450893940527e-30,3.1449758420893563e-06
1.9129422977402112e-07,0.07607808015460567,0.9239217285511646
9.863144804990925e-06,0.00020166107018824877,0.9997884757850068
0.9999999688873501,2.1359146160113506e-34,3.111264998876946e-08
3.624579536739785e-19,0.9999997331984484,2.6680155167006155e-07
0.9999553469919412,3.2063888673463802e-27,4.465300805890598e-05
0.9999286043553488,8.369278329062859e-27,7.139564465130092e-05
0.005913598379665867,3.7586793438392866e-13,0.9940864016199582
2.8716956616350644e-06,0.0008452540781620074,0.9991518742261764
1.0208894762527945e-05,1.514159031891817e-08,0.9999897759636471
2.5744338337222174e-07,0.05555723944451794,0.9444425031120987
9.086653525968377e-17,0.9996589431528685,0.000341056847131579
0.9999993797560017,2.0425237900136018e-31,6.202439982593403e-07
0.0003025141214146365,6.191301690182339e-07,0.9996968667484163
0.9999999999854658,7.996900086420902e-43,1.4534221153791504e-11
8.156974234488894e-09,0.00045275440906823744,0.9995472374339576
0.9999900105631897,8.361339378848629e-29,9.989436810198044e-06
4.609706453897189e-08,2.7078456989606646e-05,0.9999728754459457
7.92452866912914e-10,0.06327397780874902,0.9367260213987981
4.008407156031322e-05,9.384006241734266e-09,0.9999599065444336
0.9965878318267315,3.647029857182642e-22,0.00341216817326858
0.0010060302627528722,2.9104961559185805e-10,0.9989939694461974
4.582050252111962e-36,1.0,3.6125576424285477e-17
3.3464762481735313e-07,2.3959254434705546e-06,0.9999972694269317
3.546759377191825e-08,0.00023953993246072472,0.9997604245999455
2.96386697528452e-05,2.6296919476593978e-09,0.9999703587005553
5.015123613842524e-33,0.999999999999998,2.0732865587665904e-15
5.2273272494578165e-09,0.004635113339112735,0.9953648814335601
2.7034485231193552e-36,1.0,1.3161831421098361e-17
6.853832525095276e-30,0.999999999999849,1.5104458310080685e-13
1.5315516938479963e-11,0.9865133437095058,0.013486656275178546
1.2397865420312113e-15,0.9992821860070253,0.0007178139929734019
2.4891569742915e-16,0.9999813855537659,1.861444623373466e-05
0.9999999998506139,2.3368874957910414e-39,1.4938600399932756e-10
1.1955087756736342e-22,0.9999999162560901,8.374390993528947e-08
5.863737118106417e-29,0.9999999999870348,1.2965236284485945e-11
2.593790248636879e-20,0.9999999352005029,6.479949709894682e-08
8.069338241685684e-06,0.0005149079139386339,0.9994770227478197
1.1972721646639211e-30,0.9999999999999534,4.670801595837964e-14
1.1033175903185181e-14,0.9998336681666642,0.00016633183332475518
1.336911555170668e-09,0.01280912774581659,0.9871908709172719
1.1034496111126447e-14,0.9998996445622478,0.00010035543774122101
0.9999999999803058,3.6215869063032247e-42,1.9694271722699028e-11
9.56062507825179e-06,1.4615158170546366e-08,0.9999904247597636
7.14787863692617e-07,3.7372966964048684e-07,0.9999989114824666
6.2829749825285486e-09,0.6548812798835437,0.34511871383348125
0.9972647104345503,2.1634234269615106e-22,0.002735289565449729
7.513862061921533e-34,0.9999999999999996,4.2868472510201207e-16
6.95907141227882e-37,1.0,1.827164343324056e-17
2.5368332834822484e-10,0.9052865933617591,0.09471340638455765
0.9999997283869977,3.8417352909730617e-32,2.7161300215704046e-07
1.0442614050591661e-07,0.0699928663445283,0.9300070292293312
0.9930616491433027,1.3764364100606363e-21,0.006938350856697296
0.9999999999747382,8.302582245612605e-43,2.526180375962884e-11
0.9999999999417755,9.826080310701237e-41,5.822455531993647e-11
0.9999999999961164,5.734014577701857e-45,3.8836458313223e-12
0.0030071511823186064,5.629340014891589e-08,0.9969927925242813
5.241518960416264e-36,1.0,2.9240397729916806e-17
0.9999999999842015,1.4025947568033631e-42,1.5798554942591364e-11
1.4257281174293537e-05,8.633012471859274e-08,0.9999856563887008
0.9999837303339755,5.7545529840458725e-28,1.6269666024653207e-05
7.179785607989675e-23,0.9999999969924507,3.007549291708014e-09
0.9999999999675488,9.118536538150197e-42,3.2451102058774043e-11
5.8999665581730934e-08,7.893690502325195e-06,0.9999920473098322
0.998467744915253,1.359165669585564e-22,0.0015322550847470123
2.0986259720178004e-14,0.999616613734719,0.00038338626525993315
0.9999999989181054,2.91332619935756e-38,1.0818946571788362e-09
1.1277484224305398e-06,1.9069641749941193e-06,0.9999969652874026
0.999996080754123,1.320753976663841e-29,3.919245876926795e-06
0.9999999999903608,1.4442655192923503e-42,9.639223242722949e-12
0.9988794277276327,2.151340968033744e-23,0.0011205722723672867
0.9999958468841326,5.599557657326708e-29,4.153115867510401e-06
1.987856472023205e-18,0.9999457445831067,5.425541689330506e-05
0.9873243843405767,2.2766570630755972e-20,0.012675615659423448
4.507422844071647e-08,0.000129311924303643,0.9998706430014679
0.999905768485133,5.766393801767024e-26,9.423151486702812e-05
0.9969595064552988,2.2296805386317305e-22,0.0030404935447010933
0.9999999999999614,1.010602241497114e-49,3.8716005206663575e-14
3.1389339564080413e-09,0.8938309116047428,0.10616908525632322
1.8082163706443726e-15,0.9999525303237919,4.7469676206298796e-05
0.0006186244687091351,7.232896193540842e-11,0.999381375458962
0.9999888400860311,1.8319991002879212e-28,1.1159913968863932e-05
4.900832806652868e-07,5.66674389716639e-07,0.9999989432423296
1.9210040157909616e-29,0.9999999999997442,2.5580276049864434e-13
1.1021184193376625e-08,0.00019604052378818963,0.9998039484550275
0.9999999998851414,2.0375789388288565e-41,1.1485865159954147e-10
1.9913254791584764e-33,0.9999999999999993,7.532671362536697e-16
2.794441197956351e-07,1.0514813176626104e-05,0.9999892057427036
0.9984965011278123,9.646110154561573e-23,0.0015034988721877186
0.999145709893016,2.3084894920907666e-23,0.0008542901069840839
0.0005099043911272805,1.561705705559559e-05,0.9994744785518173
1.3619143147655375e-23,0.9999999995217996,4.782002886774499e-10
3.63963678254027e-14,0.9997124421313337,0.0002875578686298469
0.9999608043633739,4.072532959656025e-26,3.9195636626065605e-05
0.9992805564859047,1.063798890359667e-24,0.0007194435140951553
0.9995551895895602,1.5653018957508582e-23,0.000444810410439794
8.57760460417364e-22,0.9999999930399526,6.9600473214778564e-09
0.9994709970717639,8.017398621701401e-24,0.000529002928236011
7.632844960357191e-14,0.9995653039501636,0.0004346960497600753
3.0635663301938177e-22,0.9999999941574251,5.842574905826155e-09
0.999999999897669,5.801168834646194e-41,1.0233108757096827e-10
0.9999999940843798,2.429396743054483e-36,5.915620253656179e-09
0.00013356509035671854,2.220623629134646e-05,0.999844228673352
1.47947211677486e-07,8.508833210135827e-06,0.9999913432195782
0.9999947557006034,9.241855579570666e-29,5.244299396523281e-06
5.194572982197991e-36,1.0,2.5207548663163062e-17
2.0162245438011855e-05,8.057810400332822e-09,0.9999798296967516
0.9999994174020416,7.176441206214089e-32,5.825979583831172e-07
0.004149009109565676,1.448032710598675e-07,0.9958508460871633
4.294136385697214e-19,0.9999996539265613,3.4607343875786357e-07
3.131559274178618e-33,0.999999999999998,2.0380984842748944e-15
1.5959390887368216e-16,0.9993153848186975,0.0006846151813022001
0.0005299203949584146,1.1062827384776132e-10,0.9994700794944134
0.9999999365269499,2.8918711060447744e-33,6.347305010632024e-08
0.9999990547118719,9.104823035966263e-32,9.452881281613585e-07
1.12730703876316e-08,0.0016005389969000407,0.9983994497300296
1.2719517509708527e-09,0.9165205810958,0.08347941763224812
0.9952479549796519,1.2125812573053317e-21,0.004752045020348126
1.5127843008005218e-09,0.005897426258217577,0.9941025722289982
0.9999998332653202,2.22128333038612e-32,1.6673467984096276e-07
4.0818543521730554e-05,1.1843224826807568e-08,0.9999591696132534
2.64928539064397e-16,0.9996561686998254,0.0003438313001744284
0.9999951078715807,1.198865168135276e-28,4.892128419326389e-06
9.046570131421914e-06,1.552484739372206e-07,0.9999907981813947
8.400423611796806e-07,4.760051163128995e-07,0.9999986839525226
2.5269434472828904e-05,3.049653663515119e-08,0.9999747000689906
1.8108236691105985e-05,2.6515169707856706e-08,0.9999818652481391
0.001975330939277516,7.129015739728362e-08,0.9980245977705651
2.0869656232710422e-07,0.032185790940085904,0.9678140003633517
1.345725752201161e-06,3.937270516038358e-07,0.9999982605471961
0.993105302619401,1.9772400975443504e-21,0.006894697380599031
0.9999979520508792,1.7469459513472356e-30,2.047949120824619e-06
1.2521722471410437e-08,0.00026869280403493196,0.9997312946742426
3.699901498850686e-19,0.999981492603563,1.8507396436993317e-05
0.09038135811018741,5.5758563684326473e-14,0.9096186418897569
0.999470710012522,6.2650927365564834e-24,0.000529289987477981
1.3194201710781773e-20,0.9999993082308984,6.917691014195352e-07
5.887048371770189e-10,0.03148807136031217,0.968511928050983
5.3371151948211755e-06,2.203222038255767e-08,0.9999946408525848
3.6737419670643296e-07,0.039448803643554735,0.9605508289822485
5.062312793248835e-06,1.7961917660250308e-07,0.9999947580680302
1.0138363562845631e-21,0.9999999930367871,6.963212942301757e-09
0.9999988680521382,2.5206262537463536e-30,1.1319478618192115e-06
0.002351493496882841,4.175407719328782e-11,0.9976485064613632
0.999995781686533,2.5587639084327553e-30,4.218313466855212e-06
6.8025130819298906e-06,9.357367072697342e-08,0.9999931039132474
0.0035403759363925144,2.0165540378510026e-11,0.9964596240434419
0.9999999999836218,1.8102655151938453e-42,1.6378228994858444e-11
0.9992062182913822,1.228651915549071e-24,0.0007937817086178209
0.9999872956471165,3.772342967982621e-28,1.270435288357776e-05
2.99063716333048e-08,6.594401610891802e-05,0.9999340260775194
0.999999999967411,2.728342234320209e-42,3.2589020450545554e-11
0.9999807096831209,7.1088154646852505e-28,1.9290316879050245e-05
0.0007121828420151491,7.295795664742308e-11,0.9992878170850269
0.9999998837651141,2.1598452882002744e-33,1.1623488591703057e-07
0.9999998143441278,2.3099217335372253e-32,1.8565587213014766e-07
0.999999253357109,2.3174130151605524e-31,7.466428908963149e-07
1.775623975787659e-23,0.9999999993809392,6.190607164057022e-10
0.0001766197816394912,3.759553163245524e-10,0.9998233798424052
3.295365744240434e-14,0.9998268419298657,0.00017315807010134462
2.914605097537768e-05,1.060476004082723e-08,0.9999708433442646
7.48743508847296e-15,0.9998498908128404,0.00015010918715203868
0.0055097695761344295,5.969763642289267e-08,0.994490170726229
1.3566570682017096e-20,0.9999988737634727,1.1262365272122618e-06
8.310496377230992e-29,0.9999999999996678,3.321323609630596e-13
2.636093352762123e-07,1.6945768450179374e-06,0.9999980418138197
0.9999999999898619,6.453463171681057e-44,1.0138096284863073e-11
2.4116934087180073e-22,0.9999999946200684,5.3799315838168984e-09
2.290410222423626e-08,8.211499403299499e-05,0.9999178621018648
8.37073029939155e-09,0.0008149403458224775,0.9991850512834473
0.9999999869112448,9.324362240331431e-35,1.3088755248624451e-08
2.7646160966670644e-06,6.54073923777805e-07,0.9999965813099795
0.0001007907512104846,1.7091776000319448e-09,0.9998992075396119
2.498029837893534e-10,0.05146098707460853,0.9485390126755885
0.0007197301789825755,2.594274116396879e-11,0.9992802697950747
5.4357165113259895e-18,0.9999982002193852,1.7997806146813623e-06
0.9527704309299752,2.616181209775686e-19,0.047229569070024825
1.829085860845153e-05,3.795162956900287e-09,0.9999817053462285
1.63396739207218e-23,0.999999999325522,6.744780428439039e-10
4.6134595178770195e-14,0.999807420354253,0.00019257964570087733
0.9999522957722925,4.323892515677915e-27,4.770422770736716e-05
8.451707338934958e-11,0.9696829616972502,0.030317038218232936
0.9999790536237909,2.2893732016231916e-28,2.0946376209191365e-05
5.285160833183645e-14,0.9993321666078783,0.0006678333920690167
0.9997628628106766,2.1704204403333384e-24,0.00023713718932343025
1.842187837165704e-18,0.999998690035252,1.309964747874882e-06
0.9997776602101229,1.556918733100604e-24,0.00022233978987709141
2.332981534025683e-06,8.33514099812443e-07,0.9999968335043662
0.9999945508906627,1.982921753484017e-29,5.449109337167436e-06
1.4920517374343892e-28,0.9999999999992475,7.524876613474152e-13
5.062193358775897e-06,2.0959223886342156e-07,0.9999947282144023
1.5785940666590446e-09,0.7818220403508919,0.21817795807051413
0.9999058973968379,1.0334635990171372e-25,9.410260316215081e-05
0.0008094947158372375,4.2500432673237923e-07,0.9991900802798361
2.3075119908847154e-22,0.9999999956189618,4.381038150086666e-09
4.887009765316943e-36,1.0,3.64158653837347e-17
0.997446263121725,3.0841599022222403e-22,0.0025537368782749237
1.237704641858949e-10,0.9524566251687396,0.04754337470748988
0.9999999999999689,1.190351016244521e-49,3.118894139676804e-14
2.510174682032549e-08,1.6592810371633963e-05,0.9999833820878814
0.00022465741702885274,6.517230578795952e-06,0.9997688253523924
1.968251048890243e-06,2.2274187915229852e-07,0.9999978090070719
2.2846813481191814e-06,3.4598137596588855e-07,0.9999973693372758
2.4738084026423676e-07,1.6519982171242054e-05,0.9999832326369885
0.9871143805199142,4.5587968208755655e-21,0.01288561948008575
0.9998901268876192,1.9797409015917305e-26,0.0001098731123808517
5.689245401526848e-07,1.3295885393588777e-06,0.9999981014869205
0.9999999999998856,1.3221262840742007e-48,1.1445033528835128e-13
2.6394828961191597e-17,0.9999972433899326,2.7566100674922797e-06
1.7343347433630868e-07,9.312950103581334e-06,0.9999905136164221
0.9984951646520692,1.5221476476172506e-23,0.0015048353479309364
7.764763086962698e-09,0.0012843884479566672,0.9987156037872803
9.690084156577773e-07,7.102585554947095e-07,0.999998320733029
4.845930620842978e-17,0.9998922749446089,0.0001077250553910713
1.2358617419246955e-07,4.281087816803136e-06,0.999995595326009
0.9999999915411822,2.341025511726599e-32,8.458817876404529e-09
4.562293084089623e-11,0.9718884738446988,0.028111526109678472
1.5051554253628303e-28,0.9999999999989979,1.0020342561482123e-12
0.9999995305311272,5.057143841150908e-31,4.6946887275560825e-07
9.454942789443656e-31,0.9999999999999638,3.6118628581031205e-14
0.9999999999999862,1.1170175738926753e-50,1.3733530091294425e-14
0.999999919460002,2.800983554737746e-33,8.053999799247527e-08
0.9996877871723752,6.506905453758462e-25,0.00031221282762497547
0.9998519804636719,3.1392562915926045e-25,0.00014801953632809966
1.3941455897686722e-06,1.004788849790477e-06,0.9999976010655605
4.283750049184535e-07,5.779734400088942e-07,0.999998993651555
7.990030916159047e-06,0.0010079958554730175,0.9989840141136108
0.999999999977307,1.4907521453553436e-41,2.269290403649835e-11
4.7792297402754095e-05,3.5837224277249214e-05,0.99991637047832
6.320332259507295e-12,0.9968112029358938,0.0031887970577859663
0.9999995351992037,1.5182191489341138e-32,4.648007963800882e-07
0.9995469851921379,7.737569335452022e-24,0.00045301480786211017
1.3262967256430971e-05,0.002330916158085212,0.9976558208746584
0.99997391054161,4.2089528947128354e-27,2.608945839001135e-05
0.9685808865802028,4.44595723818261e-20,0.031419113419797216
0.9999527495295777,2.9536807936036164e-27,4.725047042225607e-05
0.9999998906128489,1.3266972291922736e-32,1.0938715106870394e-07
0.9996695186643265,5.624925891664113e-24,0.00033048133567334056
2.65005141389393e-28,0.9999999999982032,1.7967603569212572e-12
4.688991106138487e-28,0.9999999999982594,1.7406838732715375e-12
6.239174365585451e-36,1.0,3.431772775377757e-17
2.912207044155735e-33,0.9999999999999984,1.616793441647648e-15
5.723386280513147e-06,3.162349871087413e-07,0.9999939603787324
0.9999999999820348,2.2607666595886238e-42,1.7965090005374916e-11
0.9999999818961497,5.486599880933809e-35,1.8103850220926498e-08
0.9999996613481806,1.4950923454979257e-32,3.3865181945661716e-07
1.3277595513865732e-22,0.9999999975620613,2.4379386356846807e-09
2.592457621787898e-19,0.9999930057284123,6.994271587622957e-06
0.00027220906658028754,7.774717665109654e-06,0.9997200162157547
2.0679490473732072e-06,1.0664212092182549e-07,0.9999978254088318
0.9999999982071284,6.633901143448874e-37,1.7928715291693492e-09
0.9999999995630582,4.3484318640795896e-39,4.369419151873799e-10
5.274699660467345e-20,0.9999998040675073,1.95932492723968e-07
0.9999999998498648,8.182400086235417e-41,1.5013523344052974e-10
7.127592337444057e-05,4.0592712183478447e-10,0.9999287236706984
9.469544944565982e-10,0.8311179508656302,0.1688820481874153
0.9999999996779423,1.7667692935039752e-40,3.220576386609276e-10
0.9999999999999405,6.723958031658712e-49,5.957932600854322e-14
7.684979593568158e-07,0.0031557411694056675,0.996843490332635
4.262270638565483e-23,0.9999999222171083,7.778289157439823e-08
2.0000348797591083e-35,1.0,7.26825279171929e-17
2.7648880001682357e-25,0.9999999999429792,5.702082181498162e-11
1.633713244371367e-10,0.9267675984413749,0.07323240139525374
0.9999999984970647,1.3789072274058088e-37,1.5029353738248739e-09
3.0211250109302186e-36,1.0,3.900505780790506e-17
0.9999999875021971,7.057842358100473e-36,1.249780285945305e-08
1.0916519690538673e-06,1.8362843393456868e-07,0.999998724719597
3.1190460734310443e-31,0.9999999999999702,2.978789490163426e-14
0.03318419685143327,1.8946429440474484e-13,0.9668158031483772
0.9999999255911636,2.4566841834055373e-34,7.4408836398775e-08
1.676713239437779e-13,0.9994878861274857,0.0005121138723465633
1.183728868502702e-26,0.9999999999892899,1.0710187504552982e-11
0.9999999999782787,1.0454305676373195e-41,2.172120607990629e-11
0.9999999997512654,6.737369630245671e-40,2.48734629281777e-10
0.9999999980417753,5.487066425587063e-37,1.958224716344395e-09
4.341821983074841e-14,0.9887195837759758,0.011280416223980662
0.9998454001232461,3.403219123175856e-25,0.00015459987675384018
1.804847805449294e-35,1.0,6.40497037361318e-17
7.341770077204812e-24,0.9999999994957192,5.042807650125058e-10
0.9981563068512849,5.2498525847937534e-23,0.0018436931487149926
0.9951260488911277,9.231011725109055e-22,0.004873951108872373
0.008326827141425831,5.914506130816122e-13,0.9916731728579826
6.560926213671142e-14,0.9821716136903594,0.017828386309575055
8.067962226423789e-15,0.9998452784210053,0.00015472157898660188
6.455096898057353e-09,0.0034288881607076106,0.9965711053841954
5.906603092910362e-28,0.9999999999982874,1.712608343890177e-12
2.802493617904741e-08,8.806076458563396e-05,0.9999119112104782
0.001314970842541196,3.892493307236864e-11,0.9986850291185339
0.9999917745376292,3.3148753151659744e-28,8.225462370804457e-06
0.007061746151801648,2.667790437638808e-08,0.992938227170294
4.043904244038121e-22,0.9999999983965759,1.6034241418212557e-09
2.199223813618759e-05,4.362518628917105e-09,0.9999780033993452
0.999999999926114,1.5941684930255905e-40,7.388599493283301e-11
0.9999999999647429,3.854214720482894e-42,3.525719827113625e-11
0.9999997494031185,7.043009358415576e-32,2.505968816180606e-07
0.9999999999955627,5.527399231730319e-44,4.437235903671825e-12
0.9999999999999623,1.0580015668408738e-49,3.769419841226848e-14
0.999999999976878,3.748090561440727e-42,2.312192577566997e-11
9.739373697820808e-19,0.9999996225503075,3.7744969258509365e-07
9.508821863158799e-11,0.1298382863280824,0.8701617135768295
2.2867149573283666e-23,0.999999998746417,1.253583083665328e-09
4.098122940130439e-30,0.9999999999999105,8.949022986748793e-14
4.270500341985241e-35,0.9999999999999998,1.710913522408669e-16
5.4474687434327514e-05,3.590081007173763e-09,0.9999455217224845
4.970796931648953e-18,0.9999174169798327,8.25830201672251e-05
1.8378949658583718e-06,4.3428178481721814e-07,0.9999977278232492
0.9999994107534987,3.297862864517363e-31,5.892465012888056e-07
0.9999999990999291,3.8426104790974324e-39,9.000708266911722e-10
0.9999999999999907,4.2317468434104927e-51,9.365716027915227e-15
4.1142762626153036e-19,0.9999997009428889,2.990571110828794e-07
2.4359159098414188e-19,0.999999718528013,2.8147198701600617e-07
6.372280040164827e-26,0.9999999999914899,8.510154316134122e-12
0.9991246512974038,3.863736971229816e-24,0.0008753487025961571
2.0529608554176553e-15,0.9999050003314135,9.499966858453435e-05
0.999999999998165,3.8506478923953204e-45,1.8350375796402034e-12
1.954333809675926e-18,0.9999991965884223,8.0341157768433e-07
0.9999999530589816,1.3750060182625204e-33,4.694101844480084e-08
1.6888275422187757e-05,1.35029728818818e-08,0.999983098221605
0.003117755992003332,1.463291162286012e-11,0.9968822439933638
0.00015198944643671344,6.056100952770745e-06,0.9998419544526106
0.9705559053133672,6.902741631530403e-21,0.02944409468663282
0.0004941821011992687,5.537548764334311e-10,0.9995058173450458
0.9999997321866976,3.02244235970259e-32,2.67813302349245e-07
0.9999982198512408,8.9743605639025e-31,1.7801487592009544e-06
0.9999479867612094,1.416904892361309e-26,5.20132387904186e-05
6.58771236884327e-09,0.0024378695348829947,0.9975621238774046
0.9999950785565822,3.238910140685338e-29,4.921443417782368e-06
1.1513987793637895e-28,0.999999999999547,4.5287348218443753e-13
4.949146757310541e-05,2.202950443019168e-09,0.9999505063294765
0.9999999999639759,1.595979579742028e-42,3.602401240248565e-11
3.6864681757846554e-23,0.9999999990517474,9.482526340165753e-10
0.9999999999765572,8.613402635079148e-43,2.3442803625473284e-11
0.9979858818201006,2.0575321386406107e-22,0.0020141181798992943
2.0416926114165432e-07,1.5215550161631398e-05,0.9999845802805771
0.9999999999999809,4.887237485975381e-50,1.9037552487808637e-14
0.9997306447806947,1.6135175685539144e-25,0.0002693552193052733
2.325723323637041e-10,0.041095659652602645,0.958904340114825
0.9999999999724312,1.7282015232159132e-42,2.756887888645028e-11
3.899929472915679e-15,0.9981337871254895,0.0018662128745064845
2.3691364801739334e-07,5.3538780624588124e-05,0.9999462243057274
0.0015963107561348994,1.1714266314190367e-11,0.9984036892321508
0.9999999999999458,2.9846641764740364e-49,5.422246289909397e-14
5.181673755634601e-12,0.991965473788295,0.008034526206523278
0.00011673531790190234,2.504063067529154e-10,0.9998832644316917
0.9999999999159572,2.1641735016137925e-41,8.404280565471764e-11
2.6376517838937386e-07,2.1427284441063057e-06,0.9999975935063775
2.352056817765957e-07,1.453014674933893e-05,0.9999852346475689
0.9999999970967572,3.195837896256097e-36,2.903242681897297e-09
6.663829800568515e-10,0.9125159822304713,0.08748401710314586
4.1678634356013395e-28,0.9999999999401037,5.989633496662534e-11
0.9993996401771635,1.639197634778105e-23,0.0006003598228365121
0.002984904407566065,6.58307668740482e-12,0.9970150955858509
1.1783168664659547e-08,0.0010330913942876133,0.9989668968225438
1.5696285228301866e-21,0.9999999892418082,1.0758191816328037e-08
0.9999964202253391,4.60213143179202e-30,3.5797746610001515e-06
0.9883044254212847,5.0722703251354765e-21,0.011695574578715257
0.9999999815035064,3.7461718182999483e-35,1.8496493515144177e-08
2.7504982906867178e-05,2.3878431242095263e-08,0.999972471138662
0.9994303344871204,9.576266235477364e-24,0.0005696655128797229
0.9999999999999378,3.619824624148029e-49,6.223132995470111e-14
2.1407510962953203e-27,0.999999999998008,1.991898862976358e-12
4.7062474034197e-14,0.9886090346726208,0.011390965327332258
0.9999997530760122,1.3488842970986099e-32,2.4692398772290646e-07
1.1144378755608488e-06,2.9039080087841527e-06,0.9999959816541156
3.777574372703261e-18,0.999998967781829,1.0322181709816046e-06
1.0147451343536778e-14,0.9926266210414367,0.007373378958553071
0.9946955740108542,6.354264393476718e-22,0.005304425989145959
0.9999995320311715,3.2505510082294686e-31,4.6796882855542863e-07
0.9995479850723282,2.7357825954161296e-24,0.00045201492767179803
0.9942671646567753,1.4368841603294428e-21,0.005732835343224694
0.9938041361973793,1.6725130067311063e-21,0.006195863802620628
1.2125080391912604e-17,0.9999211736175446,7.882638245528338e-05
0.9999999990033912,6.531699662900049e-39,9.966088196260462e-10
0.955765703648135,1.6260899120184132e-19,0.044234296351864946
7.518827269671692e-05,1.193331382346257e-09,0.999924810533972
4.2239814577532234e-16,0.9999852628013952,1.4737198604306831e-05
0.9999999999833789,1.9254104474009438e-42,1.6621044003242598e-11
4.104528436299526e-10,0.03895997219507015,0.961040027394477
0.9999999595224506,3.728659311901801e-34,4.047754936049992e-08
2.405190023313155e-17,0.9997089903742095,0.0002910096257904836
1.3385658352986067e-07,0.03458526400621376,0.9654146021372029
3.9624751951370517e-07,7.5300743243471486e-06,0.9999920736781562
1.8897239673167547e-17,0.9998965603531341,0.00010343964686594569
2.690786610137162e-07,5.259353798740616e-06,0.9999944715675402
0.9999698758172689,2.922072416283262e-27,3.0124182731092493e-05
2.5857025440096733e-22,0.9999999937451638,6.2548360691512274e-09
0.9976319331239705,1.5890873265601341e-22,0.002368066876029456
1.5354510194241922e-14,0.9997951012613188,0.00020489873866600964
1.2387196493905426e-14,0.9912533034009245,0.008746696599063027
5.591546319824153e-09,0.7464269286267533,0.25357306578170036
0.9985469613581565,7.308975657862385e-23,0.0014530386418435432
6.199443206426224e-20,0.999999933531251,6.646874895311633e-08
0.9999835365380729,2.4831227234780156e-28,1.6463461927013775e-05
9.993721841920462e-18,0.9998761910716139,0.00012380892838623515
4.317246534637613e-36,1.0,3.056483514731711e-17
0.999999999120849,7.438005907213962e-38,8.791508681731275e-10
4.625109377611921e-26,0.999999999961005,3.899503118669647e-11
4.825944307944582e-17,0.9999247209906497,7.527900935041307e-05
4.728734926309188e-06,6.091523759223503e-08,0.9999952103498361
0.9996170887209621,1.039695897573307e-24,0.0003829112790378273
0.9999993779620179,7.197313042259936e-31,6.220379820819936e-07
2.655254014020699e-07,0.04417696853828733,0.9558227659363112
0.00022368428630282702,3.1692990074463916e-06,0.9997731464146898
0.07203735201508933,1.7967391460494613e-14,0.9279626479848927
2.1879499992173303e-19,0.9999997803273507,2.1967264922201708e-07
7.802864267465206e-20,0.9999998966636015,1.0333639846545913e-07
6.220711853663022e-08,2.984156283757562e-05,0.999970096230044
1.3061584514442556e-22,0.9999999977435017,2.2564983888539664e-09
3.689022858365172e-07,0.031710698802007914,0.9682889322957063
6.327698547607511e-36,1.0,5.2153107370565646e-17
0.999999999806287,4.220600352330086e-40,1.9371303835874568e-10
1.18123561304273e-08,0.0007750694047379479,0.999224918782906
0.9999998165759053,2.565314751108502e-31,1.8342409462155194e-07
1.0899870243799014e-07,0.06973027243450614,0.9302696185667915
0.9999964572079313,2.2882531055669098e-29,3.5427920685893187e-06
0.9998175209564851,2.0769166495043217e-24,0.00018247904351480841
1.3848813569405394e-05,2.0887041384519133e-08,0.9999861302993891
8.495543031034566e-27,0.9999999996482478,3.517521449597465e-10
1.058093855309071e-07,0.06874424589737856,0.9312556482932358
0.9999999998211975,1.3198003602232564e-39,1.7880248188989318e-10
0.9999999999998208,7.395715448029018e-48,1.792401525484958e-13
0.9999955946582009,6.200845635904483e-29,4.405341799070933e-06
1.6887493236708394e-06,3.5069522727662765e-07,0.999997960555449
4.191400045120649e-08,2.713945279668177e-05,0.9999728186332029
2.4640255670766555e-05,1.4320689761820627e-08,0.9999753454236395
0.0006829966226219363,2.342061918402231e-10,0.999317003143172
0.9999999999993889,1.1202203183138099e-46,6.110042334459427e-13
1.569428250026512e-18,0.9999995051477066,4.948522934218875e-07
3.85170020963999e-09,0.8460991603688603,0.15390083577943936
1.729966404746625e-07,3.9165673540779845e-06,0.9999959104360054
1.072926576669267e-08,0.0009316643107568424,0.9990683249599774
0.999999999973004,3.6899713427541074e-42,2.6995919764884898e-11
0.0008378701765959828,6.228998692139125e-11,0.9991621297611141
0.9999999999783171,8.383377719311907e-42,2.168294532011579e-11
4.945999944199116e-25,0.9999999998716678,1.2833219041262046e-10
0.9999998772284047,3.992561126649976e-33,1.2277159528780345e-07
0.9999999998192128,3.4688198133436505e-40,1.8078706532049866e-10
0.9999999999322517,2.1710492442547272e-41,6.774814733498728e-11
1.3348694184198107e-05,1.1696644687249811e-08,0.9999866396091711
0.999999999995336,1.4006438553968248e-44,4.664041152681485e-12
0.9999999999020528,2.837521018254913e-40,9.794730997178388e-11
7.896029712458942e-22,0.9999998222276488,1.777723512611655e-07
0.9994918969578644,2.2185724094743374e-24,0.0005081030421356558
5.530465952910004e-07,4.373378527537342e-06,0.9999950735748772
7.002743638428934e-09,0.00042696972053456514,0.9995730232767218
1.8327806875099158e-20,0.9999999300184104,6.998158954883729e-08
0.9999998715537192,1.221303492475096e-33,1.284462809100726e-07
1.9203279190162483e-20,0.9999986693613534,1.3306386464753505e-06
0.00013431066991467913,5.433378777503932e-10,0.9998656887867474
0.0006264641690021031,3.43914113750204e-11,0.9993735357966066
1.5544242697147324e-28,0.9999999999989235,1.0765217040236271e-12
1.9207092741275233e-36,1.0,1.7682184436374638e-17
0.9999932921468841,2.1283597928219265e-28,6.707853115904359e-06
4.026191356066485e-05,5.299420542840035e-09,0.9999597327870188
2.4763964367211854e-14,0.9858511337142752,0.014148866285700048
0.00017271914322129214,2.161992064141383e-09,0.9998272786947866
2.425114574767968e-09,0.0026516594517080046,0.9973483381231774
2.1292929241607756e-06,0.0137689148464713,0.9862289558606046
0.9999999999999847,1.4796580150320146e-50,1.5394131288070002e-14
1.404184710211669e-15,0.9999750361334221,2.4963866576510946e-05
2.0019561207569634e-28,0.9999999999992013,7.987241431030901e-13
0.0003819785108005538,1.0685774758237198e-10,0.9996180213823417
1.7183274140089726e-17,0.9999976639151763,2.3360848236771335e-06
5.101837033814331e-22,0.9999999952894467,4.710553358322259e-09
8.938976651081082e-07,5.531025891848027e-07,0.9999985529997456
2.4290083649249676e-14,0.9998813092295847,0.00011869077039114496
4.336945782241317e-06,1.09123218439055e-07,0.9999955539309994
4.833242083215232e-25,0.9999999998939142,1.0608591329352234e-10
4.567317698951248e-20,0.9999982391081202,1.7608918797088726e-06
2.340988616981221e-08,0.5569469563314123,0.44305302025870164
7.773311207105605e-07,3.707640319430495e-07,0.9999988519048474
1.1421501243354635e-24,0.999999993325166,6.674834041659793e-09
0.9999096079151831,3.695417282889928e-26,9.039208481679559e-05
0.025839191460979488,4.899093022358057e-09,0.9741608036399274
2.85709446642539e-09,0.0009490089418292518,0.9990509882010763
3.3611388560944702e-06,2.7399356636953146e-08,0.9999966114617872
4.051279627645557e-06,4.7118849329453374e-08,0.9999959016015231
0.9999993850359554,1.4033027778653122e-31,6.149640445231928e-07
6.375048587262468e-05,5.157355649397707e-05,0.9998846759576335
0.9999956145398174,8.777186416773729e-30,4.385460182674134e-06
6.20723234284425e-05,1.6026115338026635e-09,0.9999379260739599
1.4139743467967859e-14,0.9998688053356093,0.0001311946643766396
7.862828524001941e-19,0.9999991720740244,8.279259755062717e-07
3.1027671017511975e-07,1.9033780836922134e-05,0.9999806559424529
1.372145485731021e-28,0.9999999999993405,6.593641237002227e-13
9.591282075798068e-21,0.9999999646260948,3.537390519241017e-08
8.338846261624411e-11,0.9739334011681685,0.02606659874844301
0.9954813176929005,2.455937585369476e-21,0.004518682307099636
1.7662531201885265e-05,8.10374042057789e-05,0.9999013000645923
2.0117651573573485e-05,3.218433640347227e-09,0.9999798791299929
0.0002912779465285213,5.962964299552274e-11,0.9997087219938419
9.770181158807964e-07,2.828073207036036e-07,0.9999987401745634
0.00017531788573231822,5.178305258771421e-10,0.9998246815964372
6.606553464212986e-08,2.7575611683701635e-05,0.9999723583227818
5.9433986680515e-08,5.2010140470175475e-05,0.9999479304255432
2.152430552413728e-29,0.9999999999919809,8.01904382531315e-12
0.9999999664485082,4.009568392658452e-34,3.355149186275767e-08
0.9999999997546221,2.7917043252765053e-40,2.4537804619267384e-10
0.9997741370108001,3.6704399494892608e-25,0.00022586298919995002
0.9995826401250404,1.3555093896958923e-24,0.0004173598749596351
0.9999927663626123,3.6424057476098676e-28,7.233637387724077e-06
0.9999436330631776,3.0887346949456593e-27,5.636693682238228e-05
0.9999994571779915,7.596979463376893e-32,5.428220084326041e-07
0.9993118635125993,1.1971465247920329e-23,0.0006881364874008478
1.1509972696531323e-06,2.912964514393459e-07,0.999998557706279
0.9999999998731428,1.7885691793693208e-40,1.2685723676166842e-10
6.422041651177571e-07,1.0609461862212737e-06,0.9999982968496487
7.672861426394824e-10,0.8111139750840318,0.18888602414868194
9.13162440879199e-07,1.961158189265765e-06,0.9999971256793699
7.935602994008698e-06,1.5152523012792878e-08,0.9999920492444829
2.3245792148316437e-08,0.00020942902901434156,0.9997905477251936
1.755650892462001e-06,0.0018538150519978435,0.9981444292971098
0.0012490324156183951,3.5587405528050423e-12,0.9987509675808228
1.537688450277327e-34,0.9999999999999998,1.7571719965556004e-16
1.124746097033478e-22,0.9999999944254763,5.574523790891691e-09
1.189352912522644e-28,0.9999999999993456,6.543270963737903e-13
0.0018662519524042646,4.842535153310224e-10,0.9981337475633422
9.8838827710394e-06,1.7789473164784357e-08,0.9999900983277558
2.3372791242573416e-10,0.04262455841421576,0.9573754413520563
1.506657447460727e-09,0.8564165782511526,0.14358342024219
0.9981545673386129,7.360939176652505e-23,0.0018454326613871993
3.3118532928542354e-09,0.0034589651673031865,0.9965410315208435
0.9999999999999836,1.2232007922261239e-50,1.632999916252131e-14
2.020749179440593e-09,0.8354222202588235,0.16457777772042734
0.9926445249100792,4.2835664673223405e-21,0.00735547508992083
4.289870675119562e-33,0.9999999999999984,1.4944854245453619e-15
3.221158955576209e-23,0.9999999493344117,5.0665588272448445e-08
0.9999999999986462,1.0256555948467505e-45,1.3538695135634248e-12
0.9999999999461096,8.169704307413093e-41,5.3890375356900676e-11
8.574309813386954e-15,0.9998316609865937,0.00016833901339770906
0.9999999998967535,6.864558750445522e-42,1.032465938666025e-10
0.9999819873506293,1.1141042102546357e-27,1.8012649370665265e-05
0.9986878933017326,8.18094940823835e-24,0.0013121066982675104
0.9999999999999127,8.66455892990369e-49,8.734231471757516e-14
4.5757133162703323e-10,0.19126529008075485,0.8087347094616738
1.2937971307593754e-08,0.00017638620963578803,0.999823600852393
9.960049176940366e-05,4.047068861178983e-10,0.9999003991035237
0.9961963006206753,4.816834775544191e-22,0.0038036993793247346
0.9985874426513688,3.22045319456376e-23,0.0014125573486310594
0.9938972585500111,9.65093803571246e-22,0.006102741449988862
0.9999999999913429,6.496457803026579e-43,8.657168132041564e-12
1.08078221573479e-10,0.9746740486789709,0.02532595121295074
2.280654155286467e-22,0.9999999922477173,7.752282752867412e-09
1.2186584963029994e-20,0.9999999623295107,3.76704892457153e-08
9.208242059291314e-10,0.08359444043438545,0.9164055586447903
3.530487908750534e-08,9.464453565867583e-05,0.9999053201594622
0.9999999998982168,2.6235376336903795e-41,1.0178318436306715e-10
2.3130933853876626e-22,0.999999991066363,8.933637018526861e-09
9.447144862021472e-20,0.9999997978916413,2.0210835862371793e-07
0.9999991051712349,4.510571007594201e-31,8.948287651388885e-07
1.603805717418702e-24,0.9999999998270825,1.7291738875540956e-10
5.17500533894182e-25,0.999999999866809,1.3319107454485854e-10
0.9999999373555654,3.9823444196352895e-34,6.264443466477306e-08
4.2283338819308947e-19,0.9999996070297482,3.9297025184738215e-07
0.9999999998585261,9.719622097305262e-41,1.414739912051783e-10
6.874363317135604e-16,0.999973748072098,2.625192790129403e-05
0.9999999999969695,5.240181121112967e-44,3.0305006651071037e-12
0.9951003788499613,9.663979687355194e-22,0.004899621150038769
0.0032076539236454205,2.064780451067832e-11,0.9967923460557068
2.9764368590568434e-28,0.9999999999983251,1.6749714145083328e-12
3.809287371956363e-18,0.9999986501720907,1.3498279092655498e-06
6.902839067363078e-32,0.9999999999999809,1.9149349879748362e-14
3.51312899872047e-05,1.1209278860383355e-08,0.9999648575007339
0.0013808665287966182,1.5550969111286435e-11,0.9986191334556523
5.15476300316633e-09,0.6917575152505363,0.30824247959470075
0.9999999999984008,5.733792782638309e-46,1.599144836751626e-12
0.0004289969335136712,1.0625944877248615e-10,0.9995710029602269
0.9988897403981135,2.348902329296327e-23,0.0011102596018864577
0.9920234546929244,5.640368898780927e-22,0.007976545307075616
0.9999943652437937,1.1327969217907378e-28,5.6347562062755165e-06
0.0003124206948407541,2.5651521728577946e-10,0.999687579048644
1.3949266232040648e-09,0.012468771457577186,0.9875312271474962
2.6828126792451344e-32,0.9999999999999969,3.179212607449576e-15
0.9999999999999822,1.1114351362711094e-50,1.7768709228834982e-14
0.9999998469536094,3.3157304475336904e-33,1.5304639058365294e-07
0.9999899302215013,1.1357285172475817e-27,1.006977849872415e-05
5.362821449692533e-06,7.910303838675586e-08,0.9999945580755121
1.6442260284509599e-19,0.9999910017874045,8.998212595466894e-06
0.9999470633400269,1.529852103232398e-26,5.2936659972987165e-05
0.9999999999817417,1.554496062735734e-42,1.825819023860388e-11
2.4107800206477106e-07,1.418529125458398e-05,0.9999855736307434
1.4584528746903143e-21,0.9999999812211563,1.8778843629850178e-08
0.004666005032862515,4.167381335067704e-12,0.99533399496297
0.9999989757063432,9.352574052505755e-31,1.0242936568082693e-06
0.99999999999996,1.7102158380595168e-49,3.991788752813216e-14
5.22444952328282e-06,8.333748348474051e-08,0.9999946922129932
4.864512811717424e-16,0.99892592099521,0.0010740790047895589
1.5617353021156646e-10,0.17266393566752994,0.8273360641762966
0.999999999487539,8.166556974454892e-39,5.124608825704827e-10
5.954075413172303e-12,0.9930093192484037,0.006990680745642121
0.9987747856695085,2.4629498368602823e-23,0.0012252143304915075
1.271858746538706e-15,0.9999732945583609,2.670544163778005e-05
0.9999983582082771,1.4591956355843585e-30,1.641791722855592e-06
1.2415923517893619e-07,5.4510573357645925e-05,0.9999453652674071
4.297688739639142e-09,0.0014949674297945086,0.9985050282725169
6.660884072906848e-07,0.012417874328937935,0.9875814595826546
0.9999986757789724,1.091123860727433e-30,1.3242210276534439e-06
1.01963486750565e-05,1.020613588697124e-08,0.999989793445189
0.9999988903333862,1.7514801806673335e-30,1.1096666138294147e-06
0.9999999999999034,5.643072360706132e-49,9.669670941415119e-14
2.4325551522423537e-19,0.9999933865964222,6.613403577829027e-06
2.233967803985624e-25,0.9999999999451346,5.4865417474230055e-11
2.1810425230393786e-17,0.9997760074476937,0.00022399255230616693
2.3989529559065e-14,0.9996935203567846,0.0003064796431913703
1.5832283254483718e-33,0.9999999999999987,1.3554204543327424e-15
2.5810044318538897e-07,0.08204078889043148,0.9179589530091252
1.0202457068000789e-21,0.9999994347221632,5.652778368002918e-07
1.7544164805480587e-24,0.999999999666134,3.338660538525916e-10
0.9999999999953582,1.4847538006705409e-44,4.641851190713662e-12
0.9999791343491476,3.071155603315134e-27,2.086565085248422e-05
1.1128793766300311e-08,0.0003304391835963091,0.9996695496876099
3.773422869975779e-23,0.9999999990567672,9.432328435351862e-10
0.9999977799130354,2.012840312463415e-30,2.2200869646355397e-06
0.9992808808266368,5.2675688173609355e-24,0.0007191191733631429
1.5576346914881528e-06,1.202560904068329e-06,0.9999972398044045
6.182936750026739e-07,5.463607312050441e-07,0.9999988353455938
0.9999999999846902,2.1059574210135074e-42,1.5309829202242937e-11
1.0222410061702888e-22,0.9999999982205454,1.7794544785785695e-09
3.660624010724931e-18,0.9999430440939301,5.695590606996714e-05
6.97667671656789e-05,1.698192263471984e-09,0.999930231534642
7.396925574899134e-05,2.221972695549517e-09,0.9999260285222782
0.9999996794701232,1.6107743605799364e-32,3.2052987668730726e-07
0.9998737590917898,4.1637977502338956e-26,0.0001262409082101945
6.116164601268441e-26,0.9999999999617197,3.8280186927010986e-11
0.0002605897981159838,3.1779916834098067e-10,0.9997394098840848
1.0438227384601506e-06,2.1674882131831066e-07,0.9999987394284403
6.980941986858747e-08,4.66570897175072e-05,0.9999532731008627
4.142085624840938e-05,5.6457498764777585e-05,0.9999021216449868
0.999999999825955,1.8314166130711124e-40,1.7404497787930762e-10
0.004877433267257295,3.626752098630228e-08,0.9951225304652218
2.1254306068040003e-07,2.260174872047459e-06,0.9999975272820673
5.058603862443e-16,0.9993168243473822,0.0006831756526173159
0.9999999882673155,4.02313097618559e-35,1.173268443650228e-08
0.9999999996494768,1.0042725282102324e-38,3.505232246481396e-10
0.9999964807828183,3.160589030370215e-30,3.519217181803674e-06
0.999999999976501,6.128599057095122e-42,2.3499013624097134e-11
7.408254779280681e-21,0.9999999762511643,2.3748835645742145e-08
0.999999950011481,7.825933657977573e-35,4.998851902705972e-08
1.6942188273411083e-09,0.03054688125260089,0.9694531170531804
2.524141319355254e-25,0.9999999999179376,8.206236833104289e-11
0.9999999999197797,2.494593918469285e-41,8.022018312937696e-11
2.4794278807089463e-05,1.7458472827235792e-09,0.9999752039753457
1.9288413595531712e-06,2.444964031276569e-07,0.9999978266622375
2.6318942749423156e-27,0.9999999997584172,2.41582815181459e-10
1.797655986520608e-21,0.999999986975816,1.30241839325372e-08
2.1808799237154464e-25,0.9999999999210782,7.892169147362494e-11
0.9999999999901354,1.873464513364794e-42,9.864454299886324e-12
2.3335695090663377e-19,0.9999998407546549,1.592453451933402e-07
0.9999994948045313,1.7253044933701624e-31,5.051954686661836e-07
2.8367042210139627e-18,0.9999988206966216,1.1793033784446915e-06
3.8913446683782013e-10,0.9478696466602003,0.052130352950665176
0.0036686679510770444,1.1375827589411934e-11,0.996331332037547
2.2126468727193323e-24,0.9999999997162958,2.837042567785969e-10
1.1792474922607702e-25,0.9999999990084698,9.915301633872282e-10
3.5370496918773977e-15,0.9961992120902882,0.0038007879097083676
2.9718456651843444e-13,0.9572675588411114,0.0427324411585915
0.9999999999999791,3.034467908746158e-50,2.0936890405265222e-14
5.6412164349277495e-09,0.6540878773000526,0.345912117058731
0.9621637508435187,1.9012695581523338e-14,0.03783624915646219
0.9999996847474913,1.605681173354233e-32,3.1525250872711813e-07
0.9992110103654365,2.747018465625332e-23,0.0007889896345634604
1.664199431522879e-36,1.0,1.3640454966349335e-17
7.486700236477438e-22,0.9999996689328775,3.310671223621337e-07
0.00016817687438764556,1.0669440082696666e-06,0.999830756181604
5.032603782711484e-07,1.5759263351369518e-06,0.9999979208132865
3.8579215748790325e-32,0.9999999999999947,5.26084877542789e-15
2.1766447511117062e-09,0.005830358821860376,0.9941696390014949
4.64223916061158e-27,0.9999999999889309,1.1069192861863914e-11
3.0919586357627215e-10,0.025919935019285124,0.974080064671519
3.2521578288013404e-26,0.9999999999834805,1.6519452674824036e-11
1.1390373017689882e-20,0.9999990251546909,9.748453091073956e-07
1.374285600276192e-08,0.00043535997777426164,0.9995646262793697
9.449746286467076e-06,9.403153721371625e-08,0.9999904562221763
5.3937337452714605e-24,0.9999999995677644,4.322355984740024e-10
2.4086599262536045e-17,0.9999947198372198,5.280162780217988e-06
4.994378598590651e-21,0.9999999624794972,3.75205029102287e-08
4.997550808795048e-06,8.623528819955414e-08,0.9999949162139029
4.65518432652482e-15,0.9999147666075997,8.523339239559464e-05
2.55763669195414e-06,1.392982149168706e-07,0.9999973030650933
0.9999999998810056,3.175745379943446e-41,1.189942820739109e-10
7.858035588583445e-27,0.9999999999908062,9.193778330754903e-12
1.762953513134045e-09,0.004204191923340566,0.9957958063137059
4.658754231621761e-05,1.0311158148806318e-08,0.9999534021465256
0.9999998258697392,1.9230789379892002e-32,1.7413026069577573e-07
2.071922241668674e-06,1.7845895445837594e-07,0.9999977496188038
3.470278464064921e-13,0.9692199725253088,0.030780027474344152
9.974415557128573e-25,0.999999999907367,9.263305877024262e-11
4.048014728460763e-08,9.972451356977817e-05,0.999900235006283
6.0044005266463675e-06,1.6590331735189163e-08,0.9999939790091417
0.999999999999952,1.8405369445971073e-49,4.795001860905516e-14
0.9999999997448246,1.7173365889125073e-40,2.551755103262408e-10
0.9999671719130067,6.263012443567302e-27,3.2828086993359204e-05
0.999999999985985,4.2536587438867247e-42,1.401496261295789e-11
7.290018300845192e-09,0.0007460344497846424,0.9992539582601971
2.6135592620988117e-15,0.9999471777735031,5.282222649413333e-05
0.9991557588429236,4.5473717152220356e-24,0.0008442411570763715
0.9999587217143389,3.371915107488051e-27,4.1278285661099925e-05
2.2312616745233553e-07,7.902208925463657e-06,0.999991874664907
3.9770604416007354e-10,0.8842844956967171,0.11571550390557701
0.9999999969216806,6.3816177617619386e-37,3.078319291264025e-09
0.0021021203609937218,6.22455702719911e-11,0.9978978795767607
2.53626909697999e-06,1.7190792222324415e-07,0.9999972918229808
4.330953428339178e-36,1.0,4.267541163255829e-17
0.9999999998158118,1.1567942192729261e-39,1.8418828755448663e-10
8.62603443971561e-10,0.0027544050219385275,0.9972455941154581
5.379546782913835e-07,1.1684013759717906e-06,0.9999982936439458
0.9999993175220304,3.785434552239188e-31,6.824779695737947e-07
1.252368234055251e-05,0.00010792271398956902,0.9998795536036698
0.9999966320661727,1.5753550708351582e-29,3.3679338272060835e-06
0.9999972848310835,1.892587401011503e-30,2.7151689165807476e-06
7.135407243401055e-08,0.24204273676572674,0.7579571918802008
1.0732874770808781e-07,6.256491143345871e-05,0.9999373277598189
5.159440430448132e-07,7.281350235249772e-07,0.9999987559209335
1.3260720605850097e-05,4.2885396111879164e-09,0.9999867349908544
2.4163665220441323e-06,0.0020714191563955715,0.9979261644770824
0.9999979158396771,6.722514281578706e-31,2.0841603228851907e-06
1.4447989968230035e-16,0.9999924329509853,7.5670490144882135e-06
0.009776727525159394,1.969921069671166e-12,0.9902232724728708
8.611566850286542e-06,1.1630816748755481e-07,0.9999912721249823
1.1045672816924682e-07,3.0466818663544093e-05,0.9999694227246084
0.9999999999945903,3.502683802193984e-42,5.409689281686112e-12
2.088366609365924e-28,0.9999999999988858,1.1141202118201973e-12
0.0001137605621224618,2.1229095127318747e-10,0.9998862392255867
5.753938692817714e-05,3.3084755543559425e-08,0.9999424275283163
0.03511783887533176,6.182930177069339e-13,0.9648821611240499
0.9999999999269258,8.037992255429316e-41,7.307418572628215e-11
1.0117152076358146e-11,0.9916904358224318,0.008309564167451202
0.9999982072942971,5.6420627881813935e-31,1.79270570280262e-06
0.999999896011626,5.7089879408285864e-33,1.0398837393853415e-07
0.9999616399726442,7.1473029920666015e-28,3.836002735585138e-05
0.9999492896254342,2.6457984836674155e-27,5.071037456592368e-05
6.252787096703607e-10,0.03127712499189155,0.9687228743828298
1.6414811011700454e-36,1.0,1.8213462090245253e-17
0.9999999951464256,1.2727225453449058e-36,4.853574484957444e-09
0.999999983791674,8.15823072034431e-36,1.6208325914058108e-08
2.7784171058118396e-06,0.0007095366701065944,0.9992876849127875
0.9999999999999551,1.9551055516567992e-49,4.4918094028524026e-14
0.9999999969939422,1.47811343982442e-37,3.0060577614328855e-09
0.9999929793221561,2.0440964202225756e-29,7.020677843899596e-06
7.392985255679998e-07,0.022606549034100268,0.9773927116673741
0.9997934021601287,3.6087683140838235e-25,0.0002065978398714182
0.9999979612815476,1.070570327477395e-29,2.0387184523645415e-06
1.7329482558481893e-06,2.634453379810954e-07,0.9999980036064061
6.374115000696643e-13,0.9984869617880198,0.001513038211342736
0.9999999999999893,9.16894278161072e-51,1.0692571440276154e-14
1.2565552527028051e-29,0.9999999999998448,1.5519254823181205e-13
4.853408275733173e-32,0.9999999999999958,4.205824513248048e-15
3.998342562455511e-20,0.9999999195990419,8.040095813151035e-08
6.360145817564666e-09,0.0007539514863176245,0.9992460421535366
9.24570493184994e-14,0.9996248894537721,0.0003751105461353089
2.1816226325892078e-33,0.9999999999999989,1.183972494501238e-15
9.027049018379492e-05,8.463041250492045e-10,0.9999097286635121
0.999999999279596,1.5767799966986385e-38,7.20404062832898e-10
0.9974481461693837,2.1262327523395596e-23,0.002551853830616284
1.5344969904569226e-20,0.9999998933843359,1.0661566400148954e-07
0.9997452456535634,8.704655823769794e-25,0.000254754346436754
3.1173498768974914e-08,0.5582169702119656,0.4417829986145356
0.9999999999333551,7.641371989956158e-41,6.664483926713854e-11
4.166938964249864e-06,0.0005506837479184244,0.9994451493131172
2.404731686113769e-05,5.6797852679113906e-09,0.9999759470033536
0.0007669728817663276,5.653630336244312e-11,0.9992330270616975
0.9950323050875397,2.445035609329574e-21,0.004967694912460245
9.753769514280257e-05,2.603815837062175e-09,0.9999024597010414
0.9996187915258726,1.8654156755929492e-24,0.0003812084741273743
0.9999999998174964,1.3114477640130197e-40,1.8250352168685943e-10
0.9999999999999438,3.134676759146191e-49,5.623007697123795e-14
8.333699511215274e-16,0.9999506687002673,4.933129973195032e-05
0.006496484804899774,9.486490857673417e-09,0.9935035057086095
4.6066470560489755e-28,0.9999999999989493,1.050664186121978e-12
0.9999999999999141,6.709891266583058e-49,8.587252014181146e-14
1.5052016528337328e-18,0.999999462251821,5.377481789593567e-07
8.450685629536116e-07,0.017280383048206286,0.9827187718832306
0.9908198538894907,6.217917570482975e-21,0.009180146110509251
5.509805266152227e-17,0.9999955456822724,4.4543177274466476e-06
7.875713312843773e-17,0.9999936622505107,6.3377494892642046e-06
0.999935912020253,1.620022274096996e-26,6.408797974700177e-05
7.218457676901531e-07,0.01603333274793461,0.9839659454062978
1.3196585968703928e-06,3.380257674231734e-07,0.9999983423156357
2.2350007886104223e-20,0.999999899252458,1.0074754185696463e-07
2.2788043561919008e-05,2.4408421511351416e-08,0.9999771875480165
1.4585634817588532e-17,0.9999949216232575,5.078376742472315e-06
0.9999999270253475,7.496203109185372e-34,7.297465252294488e-08
5.895865452296791e-10,0.11571844951304038,0.884281549897373
3.999339636598433e-07,1.6968697027102039e-06,0.9999979031963336
7.266403093110465e-05,5.423003971033913e-10,0.9999273354267685
0.00016432204691093085,8.671674852386144e-09,0.9998356692814141
0.9999999999999678,8.82532431932904e-50,3.2277960795617206e-14
3.867166244276861e-06,1.2892262952495155e-07,0.9999960039111262
3.852972740478868e-18,0.999958981859642,4.1018140358061625e-05
0.000582730763145595,7.353021562521597e-07,0.9994165339346981
1.935379675471852e-06,7.263977349529135e-07,0.9999973382225896
0.9999999999658717,1.923291850181329e-41,3.4128311366250027e-11
0.062065090184776614,5.186403802832205e-10,0.937934909296583
2.078608572999326e-11,0.9887479916724461,0.011252008306767671
5.725045587001258e-07,0.003878890460161024,0.9961205370352804
0.9999604233685793,2.4457412751020447e-27,3.957663142061943e-05
0.0011465920538950764,3.118172141235387e-11,0.9988534079149232
6.136822348313715e-06,1.8001267635167196e-08,0.9999938451763841
1.3846745390099565e-21,0.9999999911426581,8.857341873109011e-09
5.057758479617931e-08,0.0008058500977357316,0.9991940993246794
0.00021562107437172554,2.5193134467723627e-10,0.9997843786736971
0.9999805327425619,1.9614024057368974e-27,1.946725743800768e-05
2.3721713572019806e-06,4.79986092799993e-07,0.99999714784255
0.00016069150972652235,6.058990516570763e-10,0.9998393078843745
7.745205610338531e-05,7.377223763703564e-10,0.9999225472061742
0.999981851516315,1.8815697927234837e-27,1.8148483684990484e-05
5.587782695935793e-10,0.9349024980511077,0.06509750139011411
9.339266742973296e-08,1.2509346436150536e-05,0.9999873972608965
0.0029211647812046357,1.572511264359744e-11,0.9970788352030702
1.2162217943761396e-05,8.710481307985201e-05,0.9999007329689764
2.970867321112036e-10,0.07601888489496972,0.9239811148079436
0.9997284447296182,2.3429225853291358e-24,0.0002715552703817994
1.9625717301550669e-07,7.101691642817693e-06,0.9999927020511842
0.9999429494224277,1.3001359779503402e-26,5.70505775723142e-05
0.9999998153845236,8.644989861211968e-33,1.8461547639028305e-07
3.921616730724079e-05,1.2076331689941057e-08,0.999960771756361
1.5601699760636245e-21,0.999999989074604,1.0925396062261876e-08
9.61329497944218e-06,5.696028970269236e-08,0.9999903297447308
9.919570448831752e-22,0.9999999876794149,1.2320585043271442e-08
0.002246862504350346,1.8463697870252503e-11,0.9977531374771859
1.3902901854799348e-07,0.071410979821655,0.9285888811493265
4.321406261942507e-18,0.9999976456677397,2.3543322602970144e-06
2.7728715437245992e-14,0.9995837123126794,0.00041628768729280074
1.963149195531608e-19,0.9999997005021319,2.994978679922252e-07
0.999999730253842,9.439859609678522e-33,2.697461578741869e-07
0.9999999999999454,6.647598403466522e-49,5.4632701344776174e-14
0.9999996429621356,1.6990167111526795e-32,3.5703786440336223e-07
2.46142283627286e-21,0.9999999883839367,1.1616063201925847e-08
8.64154524948815e-23,0.9999999982249996,1.7750002919359137e-09
3.506428101590582e-09,0.6931767496118836,0.30682324688168827
0.9999999999999372,3.1326145182732148e-49,6.281503436369843e-14
0.9999999999999842,1.986134636247892e-50,1.5680771178707365e-14
0.9999812671522423,1.3907484730357641e-27,1.873284775773839e-05
0.0004982893136010562,7.219299414801444e-11,0.999501710614206
3.44929669644646e-05,2.685737255191345e-05,0.9999386496604836
9.370943197725205e-33,0.9999999999999976,2.4889389408596556e-15
3.5583455808464875e-16,0.9994981764057423,0.0005018235942572093
7.929328153895389e-14,0.999098439265079,0.0009015607348417262
0.9999991194544129,2.1803961418617952e-30,8.805455872228218e-07
0.9999991186558964,1.1863469783673513e-31,8.813441035659273e-07
9.460744627118919e-24,0.999999956763011,4.323698910995151e-08
0.9999807386705172,3.4749882908334084e-28,1.926132948291986e-05
4.92717790416561e-10,0.033316104100607195,0.966683895406675
5.100804399862385e-35,0.9999999999999998,1.7997925272369298e-16
0.0038271017144452745,8.308263798233602e-12,0.9961728982772465
8.288389912546654e-23,0.9999999969847135,3.0152865566901197e-09
0.9991611966285942,6.964140526901371e-23,0.0008388033714058811
7.601477350807384e-15,0.9998845788317535,0.00011542116823884483
0.9993058563300229,2.9014707783462796e-24,0.0006941436699771834
0.00021705292417851136,5.6367608059246e-09,0.9997829414390607
0.9999544951584949,3.005906932157104e-27,4.550484150507169e-05
0.9973449888667272,5.943224338891071e-22,0.0026550111332728095
9.80781620577694e-07,5.979472146591681e-07,0.9999984212711647
6.807579406236947e-08,0.07847678664006331,0.9215231452841426
1.3321087585621622e-19,0.9999997844633202,2.155366798270773e-07
3.310675553911704e-24,0.9999999996600684,3.399317200422463e-10
3.8029072187979156e-09,0.833898013223542,0.16610198297355078
0.0003851428183010805,6.781447356297448e-11,0.9996148571138845
0.9999999999999769,2.4514339923572695e-49,2.3115871426698965e-14
4.7177247039832234e-29,0.9999999999996638,3.361732759107348e-13
2.940642799733824e-18,0.9999992863621748,7.136378251489053e-07
0.9998998145964615,9.099715088867084e-26,0.0001001854035385519
0.009699160285803978,3.81434803052739e-12,0.9903008397103816
3.839089514516981e-21,0.9999999883261611,1.1673838971100453e-08
0.9999999999999651,8.569789387914627e-50,3.496457845070158e-14
1.0765579802411207e-05,1.454861537261019e-08,0.9999892198715821
0.0007042243375762355,4.3878805958217973e-11,0.9992957756185449
0.9999999793390191,1.7354198841183954e-35,2.066098099877381e-08
7.104749953355528e-09,0.0004648775243957498,0.9995351153708544
2.7382140603199675e-08,0.00019218064151129192,0.9998077919763482
1.1551346745038185e-05,0.00016763393426059295,0.9998208147189943
0.9999999999994758,6.484132145728072e-47,5.241457378297235e-13
2.5388550386139794e-21,0.9999999892292982,1.0770701707449867e-08
0.00010890635157538553,1.389036473693458e-09,0.9998910922593882
3.1282232176728906e-13,0.9990184202428555,0.000981579756831793
1.1386655123787327e-22,0.9999999952120062,4.787993730784088e-09
1.1011679872138792e-08,0.0008414652945194604,0.9991585236938006
0.99972039127795,8.449358502127736e-25,0.0002796087220501179
0.9999999998990001,2.51103389356702e-40,1.0099994493596986e-10
0.006430053594657465,3.229882937866983e-12,0.9935699464021127
1.0194748109065722e-06,4.7566954523340047e-07,0.9999985048556438
2.266142126367179e-18,0.9999990423404873,9.576595127932697e-07
3.0274430679691225e-23,0.9999999662284575,3.3771542324828995e-08
3.570159759381626e-15,0.9969340601517025,0.003065939848294081
0.9999999999893985,2.1658431802158146e-43,1.0601475594178756e-11
6.014571480349198e-17,0.9998112953259021,0.00018870467409789116
4.08348712167299e-21,0.9999999633422716,3.665772844103716e-08
3.4638054603325276e-15,0.9999279410420711,7.205895792545901e-05
5.051763091371282e-07,3.1864380940455686e-07,0.9999991761798815
6.343318391495338e-08,3.105829896913677e-05,0.9999688782678469
0.9999999918916574,7.640001907735619e-35,8.108342687107906e-09
0.9978298045488112,9.590081249886279e-23,0.002170195451188804
0.00011608773547596865,2.3914297750153756e-10,0.9998839120253811
0.0024224898749032344,5.630360820375664e-11,0.9975775100687932
0.004054135968215919,4.485378837456278e-12,0.9959458640272987
1.0863753302972472e-09,0.7799555890519118,0.22004440986171284
0.9997843375888944,1.575712052281875e-25,0.00021566241110567441
0.04981386247806077,3.1556106388804846e-14,0.9501861375219077
4.2163452257666725e-35,0.9999999999999998,2.305485042435176e-16
3.607652976389992e-22,0.99999999700688,2.9931198729851812e-09
0.9899887414563902,4.0706523858677174e-21,0.010011258543609805
0.9871434536234798,1.8393016150016682e-20,0.01285654637652028
4.129792639055205e-09,0.7857933455484124,0.2142066503217949
0.9999999999972355,2.7267041658154642e-45,2.7645054737507425e-12
0.9999999909464529,2.3787278398148766e-36,9.053547160730677e-09
1.6179869743870522e-12,0.9335444952899871,0.06645550470839508
3.1831038500077124e-21,0.999999987731571,1.2268428905455604e-08
3.151744161301183e-20,0.9999964155311932,3.5844688067717888e-06
3.17482898727548e-14,0.9997680816948855,0.00023191830508278413
2.0536602469443178e-36,1.0,1.433235985623211e-17
1.3259281732591115e-08,0.0002523757418021178,0.9997476109989161
3.4042272726297107e-26,0.9999999999776814,2.2318504132197268e-11
1.2757418118026075e-15,0.9999589056011079,4.109439889070739e-05
0.9947688261358831,9.546861163419376e-22,0.005231173864116855
0.000766753904620818,1.7092616775576433e-10,0.999233245924453
4.789116703252535e-18,0.9999989502855088,1.049714491200777e-06
2.999899469787064e-17,0.9999945880911821,5.4119088179281574e-06
5.762069210183907e-05,3.9632918212318114e-09,0.9999423753446064
0.9999999892467984,5.642777059129251e-35,1.0753201542101902e-08
9.702984473820871e-15,0.9998953461999657,0.00010465380002460718
1.8557012970490894e-15,0.9977773605161412,0.002222639483857033
0.9950331985370688,9.867363969575575e-22,0.004966801462931259
0.999997626921185,1.323618086412408e-30,2.373078814987307e-06
1.6234688043166326e-05,5.148025534169576e-09,0.9999837601639314
1.0642091592235165e-06,1.4772959502311777e-06,0.9999974584948905
0.9863486121381912,1.4776016749811128e-20,0.013651387861808716
0.0006931571220630407,9.948330905442353e-11,0.9993068427784535
0.9999999999956217,1.9104403422447312e-44,4.3782249832109194e-12
1.2934481237332127e-15,0.9999562542864182,4.3745713580473426e-05
0.9997913262676875,3.190077061896153e-25,0.00020867373231255772
0.9999988941142719,2.6634032758479697e-31,1.1058857281802062e-06
0.9999999225275638,8.883432986349512e-34,7.747243622507476e-08
5.384088098972652e-27,0.9999999999303619,6.963801654598572e-11
7.945863546837222e-36,1.0,3.4428776326296196e-17
0.993593068830483,7.096274794710379e-21,0.006406931169517023
5.862236516723437e-31,0.9999999999999742,2.5848161212003378e-14
0.999999832266203,9.615982873023873e-33,1.677337968510286e-07
6.627816528112599e-16,0.999978187454675,2.1812545324219487e-05
5.317206382483333e-08,0.0002503806097104483,0.9997495662182257
1.5771398702029503e-17,0.9999975283541463,2.4716458535618424e-06
1.4197411071754985e-36,1.0,1.2083751227846663e-17
4.9278690924837186e-08,2.8434335875756037e-05,0.9999715163854332
0.9993014455303331,2.117665251629416e-24,0.0006985544696669527
2.8506278053851483e-08,7.752723824935988e-05,0.9999224442554726
8.136413446260582e-11,0.971230453690787,0.028769546227848736
1.3646731197674714e-08,0.5418667700970009,0.45813321625626796
1.2908833825145005e-07,5.345377803383207e-06,0.9999945255338584
0.9954949742404322,1.2444871722009538e-21,0.0045050257595678905
8.265727083955028e-08,0.04894059468757585,0.9510593226551534
5.687192108634066e-10,0.022827647984563847,0.9771723514467169
0.9999896134965409,2.0066582622901569e-28,1.0386503459134158e-05
6.371680840478751e-07,0.0054547157762508125,0.9945446470556651
2.55395112952121e-17,0.9999973274150602,2.6725849398970703e-06
0.9984866933732728,1.1826421601913409e-23,0.001513306626727241
0.9999999999709721,1.63863075179578e-42,2.902788642992087e-11
2.341768666375704e-05,1.7728956723746586e-08,0.9999765645843794
2.35663991997065e-36,1.0,3.744477404903983e-17
2.950607497878832e-09,0.6282125755690026,0.37178742148038985
0.9999999999796145,8.684344973186313e-43,2.0385557204231078e-11
1.1493777393736207e-19,0.9999945439668643,5.456033135773864e-06
9.741814241143832e-07,7.474063656933876e-07,0.9999982784122101
2.8594508106050873e-09,0.6978406162555477,0.30215938088500155
6.13612938984105e-16,0.9994697679685566,0.0005302320314426563
0.0006783184972913059,2.8166110248819652e-11,0.9993216814745425
2.6258873823281833e-13,0.9626181051860512,0.03738189481368612
1.8281100931341965e-05,2.737262131105094e-08,0.9999816915264472
1.1082786163967281e-21,0.9999999936819184,6.318081654704301e-09
4.957375106178526e-06,4.334374164675682e-07,0.9999946091874774
0.9999989966712218,4.550408114262019e-30,1.0033287782414647e-06
3.18246987654577e-07,1.0726635442981818e-05,0.9999889551175692
0.9998560171263439,7.170421035086008e-26,0.00014398287365623757
5.48692162903901e-15,0.9976067216190233,0.0023932783809712537
0.9999998137136966,6.047626619804444e-32,1.862863034855096e-07
3.3111129389897643e-09,0.8348286373732705,0.1651713593156165
7.149311257009158e-23,0.9999999984682146,1.5317854465509655e-09
3.500465203898945e-05,5.121587345088457e-09,0.9999649902263738
9.553554689939304e-08,4.4399783276860594e-05,0.9999555046811762
0.9999909560397742,4.460730021262813e-28,9.043960225690855e-06
0.0007581804649385889,1.6103638066288575e-11,0.9992418195189577
0.01538322577980213,4.1814503476100613e-13,0.9846167742197797
1.007041304963992e-09,0.8317261799114815,0.16827381908147734
8.116463107685935e-17,0.9999891911456829,1.0808854317184137e-05
0.9973670465443036,5.911876341431805e-22,0.0026329534556963855
4.7643437730022045e-06,8.188425317732785e-08,0.9999951537719737
1.1333487046213728e-27,0.9999999999976643,2.3357407430189663e-12
9.426782153663428e-18,0.9999972007647153,2.7992352847352427e-06
1.9804496113884833e-08,0.00029960120345213863,0.9997003789920517
7.5843717863415e-10,0.007754073826570479,0.9922459254149922
4.197788384196071e-09,0.0014981154743998245,0.9985018803278118
1.2330831916621209e-05,2.5010194501667693e-08,0.999987644157889
0.9990786568521413,1.9553766606273692e-23,0.0009213431478588332
0.9999984819765935,1.3375338485392802e-30,1.5180234065985775e-06
0.9999999999988056,4.29741309713126e-46,1.1944090628697702e-12
7.469276350973361e-32,0.9999999999999845,1.550278336674286e-14
1.4743289136326438e-09,0.8441613342077786,0.15583866431789234
0.9738032301049978,5.059718789269988e-20,0.026196769895002223
9.834818457993174e-14,0.9994793771277266,0.0005206228721751747
1.4178842903276564e-07,0.07787974648653966,0.9221201117250313
4.871374293358027e-18,0.9999987914116067,1.2085883932145197e-06
1.9589906581544256e-05,1.0014261006148023e-08,0.9999804000791574
0.999999999947637,2.8738502860854266e-42,5.236306182448541e-11
0.9999999999979841,2.1052204464988044e-45,2.015861048666457e-12
0.9999999999104341,9.295864570660962e-42,8.956589619132626e-11
7.315665075716651e-13,0.9555052986556253,0.04449470134364313
1.1725272150801258e-25,0.9999999999488314,5.1168527185890056e-11
0.9999999905182996,8.570064265878022e-35,9.481700430904777e-09
0.9999957307924446,2.7582274107286183e-29,4.269207555433545e-06
0.999999982222256,9.350529368776544e-36,1.7777744060547133e-08
0.00020355976708194586,2.683100666475646e-10,0.9997964399646079
6.366157385782148e-23,0.9999999976951355,2.304864609506923e-09
0.9999980545026894,8.631183832351436e-30,1.9454973106230067e-06
1.0229135027169031e-06,5.401569488348151e-07,0.9999984369295485
1.011457094000147e-16,0.9995919154324503,0.00040808456754972035
0.9999999997677025,3.4180836950118946e-40,2.3229743212614445e-10
2.691339749086345e-31,0.9999999999999865,1.3602469602434496e-14
0.00012424077899450615,1.8726264014939563e-05,0.9998570329569906
0.9999999999767626,5.943287062573978e-42,2.323750045888425e-11
0.9999998743043725,7.291758423595909e-33,1.2569562751771936e-07
1.2363367983552061e-23,0.999999983194383,1.6805616970525664e-08
0.9999999999619917,1.0925642362382894e-41,3.8008168149565857e-11
6.865024535732448e-11,0.9714062019135591,0.0285937980177906
0.9999982222595305,7.799006184177382e-31,1.7777404695485105e-06
2.4621595944374113e-08,0.00014786756192677978,0.9998521078164773
1.5661513161315243e-09,0.006434892341300246,0.9935651060925484
5.6400011026724e-17,0.9999925722982383,7.427701761589447e-06
1.1634788207237885e-07,1.7691049786550436e-05,0.9999821926023313
2.0543877449739617e-18,0.9999989192651897,1.0807348102669093e-06
0.9995451093438983,2.924101731194253e-25,0.00045489065610176033
2.9980942548945714e-27,0.9999999999967863,3.2136344013835828e-12
0.9976852270605607,3.2096018547385263e-22,0.0023147729394391923
0.9999952888955858,2.765281713278424e-28,4.711104414224301e-06
0.9999999999991704,1.9012236364701363e-46,8.296627306476121e-13
0.0029584154409159715,8.276014895090345e-12,0.9970415845508079
6.010839311620938e-36,1.0,5.947695465475039e-17
1.4981041798172214e-14,0.9997108019730173,0.0002891980269677731
0.00090790365805026,1.1722325100151432e-10,0.9990920962247265
2.2887597219209174e-36,1.0,2.2144565016501197e-17
1.5161220526961658e-19,0.9999946667237579,5.3332762420215505e-06
1.6128502545898357e-08,0.00019701818446615267,0.9998029656870314
0.9999999999839959,1.8127022516894388e-42,1.600403585670514e-11
0.9999974855666772,4.794875706482478e-30,2.514433322870095e-06
0.9999995968670388,4.3471219807820845e-32,4.031329611919549e-07
0.9998694901515297,2.3097447052874894e-25,0.00013050984847023567
8.486079995453686e-10,0.8245469754973359,0.1754530236540561
5.950410707055385e-16,0.999973496572816,2.650342718338893e-05
2.1072203981433627e-07,0.016389666688654058,0.9836101225893062
2.343631554777869e-20,0.9999999074963183,9.250368176359773e-08
1.280665998434239e-15,0.9999714133844008,2.8586615598011955e-05
1.0371903352537455e-07,1.3425437066457492e-05,0.9999864708439
0.999694297973114,1.1134475103566096e-24,0.00030570202688594045
0.9999956445222932,1.0132596338727707e-29,4.355477706771404e-06
0.9999990772973649,2.3719587718438695e-31,9.227026351739814e-07
0.9999971056742988,1.5660058283391388e-28,2.894325701243286e-06
1.7994361650263495e-14,0.9952493481310423,0.004750651868939815
0.9999999999860101,9.104958630959947e-43,1.398995050145176e-11
2.2253401428970253e-05,5.319919785419839e-09,0.9999777412786512
1.1623486281722497e-14,0.9998973914882326,0.00010260851175573973
1.6252913483855117e-06,6.022271819117364e-07,0.9999977724814697
0.0008554822363734828,6.674755232837292e-11,0.9991445176968791
2.8904825597586984e-17,0.9998492738487333,0.00015072615126667018
0.00043245085770557477,7.751444451892035e-11,0.99956754906478
9.689941389738398e-15,0.9998575845462911,0.00014241545369901858
1.0823464597993648e-08,0.000809761267098607,0.9991902279094368
1.3260190942241167e-11,0.9869047867468975,0.013095213239842406
0.006476947638520852,1.1087439433617295e-11,0.9935230523503917
1.2632697115255235e-17,0.9999978517110406,2.1482889594387496e-06
4.331884882087267e-24,0.9999999766696038,2.3330396222929432e-08
2.1616581263456347e-06,0.009107450604678973,0.9908903877371946
1.9896988155874883e-08,0.0002916739493441457,0.9997083061536676
0.9968224857386383,6.0468348356224055e-22,0.003177514261361775
0.9995020657979703,4.414688351673344e-25,0.000497934202029665
0.9999917637532981,1.1440962801566727e-28,8.23624670188526e-06
0.0006370384773753842,9.415281747432291e-12,0.9993629615132092
9.082096385825509e-08,4.837466665216995e-05,0.999951534512384
0.9999999999999771,2.437893936280926e-50,2.277497833962502e-14
7.704532845851648e-23,0.9999999952887799,4.7112200524328166e-09
4.653950110155315e-15,0.9999427357879708,5.7264212024498916e-05
3.82585167557114e-06,3.3372471140060905e-08,0.9999961407758533
1.903549882067623e-16,0.9999872025234441,1.2797476555661677e-05
0.9999999999999514,1.4891215187596613e-49,4.859734241091564e-14
0.9999999948066454,1.2435718863828567e-36,5.193354697792203e-09
0.0007118167823875418,3.730848257908305e-07,0.9992878101327868
4.935134744102593e-06,0.002285574678978893,0.997709490186277
2.0977248717935986e-14,0.9882462412383539,0.011753758761625058
7.036243619357002e-07,4.197523194798833e-06,0.9999950988524432
4.7338363827221075e-08,4.013433641921252e-05,0.9999598183252171
2.0487870249101596e-11,0.9925835786771071,0.007416421302405008
0.9991598371502469,1.1714444718896179e-23,0.0008401628497529947
8.233516026469926e-22,0.9999999937668544,6.23314561040863e-09
6.993091474493351e-10,0.017829500137157728,0.982170499163533
0.9999551919447719,1.4227015648053734e-25,4.4808055228181785e-05
0.9999999999999625,1.5820088428850617e-49,3.756861604892105e-14
7.375555674828972e-23,0.9999999979350318,2.064968190943146e-09
5.44428171637488e-07,1.1457236773747883e-06,0.9999983098481511
0.007992992925392042,1.4003168324013268e-12,0.9920070070732077
0.979262210380837,2.602268266483947e-20,0.020737789619163036
9.433869586545287e-08,0.12287490878916893,0.8771249968721351
7.524271519003134e-07,3.407632102228221e-06,0.9999958399407458
0.999921340424383,1.417700497407513e-25,7.865957561699396e-05
0.017836754756289642,8.835216359043663e-09,0.982163236408494
0.9999999746922332,9.355834793278708e-35,2.5307766698567082e-08
5.618717804613037e-09,0.0034925395223630086,0.9965074548589191
0.9999766579624438,5.6972442549971164e-27,2.3342037556284184e-05
2.0988529417676495e-22,0.9999999961269648,3.873035215024374e-09
0.9999999999999551,3.156226518408462e-49,4.486833211259359e-14
0.21645003831629167,1.7017111746695686e-10,0.7835499615135372
1.6565068924075064e-21,0.999999178845882,8.211541180512231e-07
1.5694108542552166e-23,0.9999999994713757,5.286243307160382e-10
0.999996973577585,4.017387637781534e-30,3.0264224150882647e-06
0.00036621121442531753,4.4009262177484113e-10,0.9996337883454821
3.5223382373818516e-06,8.485038323041628e-08,0.9999963928113793
1.1560355465343263e-20,0.9999983913984515,1.6086015485486243e-06
0.999999769202067,1.3425953741910033e-32,2.307979329903795e-07
2.5239026833343674e-08,0.0006072723414821572,0.9993927024194911
0.9999999996446349,8.884045086614646e-40,3.5536498324588775e-10
0.999999984524371,6.267323502667122e-35,1.5475629011288047e-08
1.3859898377283533e-25,0.9999999999071705,9.282948491079705e-11
1.4894391375554953e-14,0.9998035200486936,0.00019647995129164355
0.9999978565920785,1.5906382863666358e-29,2.1434079215114613e-06
0.9997117060983086,2.549145990029979e-24,0.0002882939016915417
2.269001816718423e-26,0.9999999999748668,2.513323339973676e-11
1.44061760127031e-20,0.9999968984140879,3.101585912073043e-06
0.04219388353332264,1.1350256421585866e-13,0.957806116466564
0.999999572349144,1.696971266446148e-32,4.276508559259253e-07
3.149514255253407e-05,3.256032127370657e-09,0.9999685016014153
0.9998807713578933,3.9583563383562523e-25,0.00011922864210673939
6.197930117460202e-09,0.7931127937126093,0.2068872000894605
0.9999902442914841,1.926370935592163e-28,9.75570851590845e-06
0.9999999999939406,4.906508460881576e-44,6.059444905642824e-12
2.655439934973337e-17,0.9998115425812583,0.00018845741874162105
0.9999999999783811,6.733909336619225e-43,2.161890188601678e-11
8.439251972620759e-27,0.9999999999929552,7.0448720883609585e-12
0.9999997623904028,7.088114077948802e-33,2.3760959734526835e-07
2.5159424611463494e-28,0.9999999999982561,1.743900502384885e-12
2.431942155276002e-06,6.207371042109611e-07,0.9999969473207405
0.9999740674635759,4.892604846126055e-28,2.5932536424127955e-05
9.613202105307048e-08,8.156826512684483e-06,0.9999917470414662
5.0798638951365694e-27,0.9999999999950819,4.9181296736592585e-12
0.9999999999999831,2.916504089091571e-50,1.6839021616438205e-14
1.1360076879370266e-06,0.006403283488065853,0.9935955805042461
3.3261586259253273e-05,1.6375987413686423e-09,0.999966736776142
4.889138410281451e-16,0.9999750357528168,2.496424718290111e-05
0.00015174860774544232,8.342854952451105e-10,0.9998482505579691
0.999971783151765,1.1800484916308598e-26,2.8216848234987816e-05
5.424491061908144e-06,3.0047638984190725e-08,0.9999945454612991
0.0004852341534689793,9.359326061017672e-11,0.9995147657529376
3.647452388162547e-27,0.9999999999941938,5.806339323116253e-12
0.00012748978820079825,3.463065100878564e-10,0.9998725098654927
3.727341964292586e-08,0.0005463989252680794,0.9994535638013123
0.0006445955858022169,5.00549922099922e-11,0.9993554043641428
1.7670093634040065e-05,1.7377846937964954e-05,0.999964952059428
1.0818519995484959e-13,0.9993024626590616,0.0006975373408299703
0.00030814859756332424,3.0039642340819937e-06,0.9996888474382025
0.9999999999999756,5.223863956554372e-50,2.4424948478162273e-14
3.8046069480877427e-08,0.00014431792386872204,0.9998556440300617
0.0001428345550964354,1.4968118342299787e-09,0.9998571639480918
0.9999993551305146,1.620969837228056e-31,6.448694853567922e-07
0.00015862803409122646,7.656952452626844e-10,0.9998413712002135
6.721217136366994e-16,0.9988269922205292,0.0011730077794701297
0.9999809211886515,1.8731328691775822e-27,1.907881134842605e-05
9.014533341183803e-08,2.3194917441253796e-06,0.9999975903629225
0.9999986975022263,2.8418161857258672e-30,1.3024977737675055e-06
2.2664191380097013e-09,0.01395912651401545,0.9860408712195655
7.483288980842963e-08,0.00013035524098613284,0.9998695699261242
0.999993747652888,5.56925730084732e-29,6.2523471120443295e-06
9.31207259651172e-06,2.80441752346747e-08,0.9999906598832281
2.4249095930635645e-07,2.8199965877135843e-06,0.999996937512453
0.9999999999823297,2.7914033531489542e-42,1.7670334863296805e-11
1.36744003454678e-29,0.9999999999997897,2.10241016606731e-13
2.982841306137976e-15,0.9999472485699874,5.27514300097878e-05
1.3886396868176374e-26,0.9999999999780125,2.1987434682045116e-11
0.9972414258239064,2.8885187953645338e-22,0.0027585741760936472
3.885679118627397e-10,0.916276950255865,0.0837230493555671
3.9757642865208816e-31,0.9999999999999687,3.125823637697621e-14
0.0013046119217797903,2.2632850643889565e-11,0.9986953880555874
3.997450941108255e-05,3.6601744000992058e-09,0.9999600218304145
6.780650049740255e-32,0.9999999999999936,6.345718958869175e-15
0.9999999999569469,2.2746364825237971e-41,4.3053079363169534e-11
6.511415856058406e-08,1.6608926441701126e-05,0.9999833259593998
1.388251416470659e-21,0.9999999906802196,9.319780459722266e-09
1.281751090987645e-10,0.9522214213558675,0.04777857851595753
0.9999999999926739,6.375605619556944e-43,7.326089395047906e-12
0.999479881960307,7.083903910502035e-25,0.0005201180396930879
2.503532169621147e-08,0.00024973444673118665,0.9997502405179471
1.1357123898358765e-24,0.9999999925288813,7.471118669650086e-09
4.504925651750607e-09,0.0047721286940277646,0.9952278668010465
0.9999989691947154,3.372854730943496e-30,1.030805284589461e-06
0.9999994834449187,3.483373527969179e-32,5.165550813205047e-07
4.098492359882148e-07,3.5548818853652434e-06,0.9999960352688786
2.1126796402189824e-08,0.000159022668425478,0.9998409562047781
1.4814201286178513e-15,0.9999454818656555,5.451813434299769e-05
0.9982480776617738,7.391607199251455e-23,0.0017519223382262163
0.00031090540652602264,8.272779779756218e-06,0.9996808218136942
0.9999999999925135,7.370566259603458e-43,7.48643905931813e-12
4.1292129727406865e-06,2.1410418170081763e-07,0.9999956566828456
0.998894332579371,3.2998894401459754e-23,0.0011056674206289707
1.2170120894912919e-06,8.608091053020086e-07,0.9999979221788052
0.0016053959240785367,6.6648944770421684e-12,0.9983946040692565
2.560554251362238e-07,1.4101941621620589e-05,0.9999856420029534
4.358722723223495e-22,0.9999999949067144,5.093285460943977e-09
4.2560584028612556e-09,0.7748802661134551,0.22511972963048657
0.9999999999999596,1.0148988151750534e-49,4.0399233678035764e-14
0.9926438218709634,7.838681845141518e-22,0.007356178129036573
0.00020222305420905642,1.098816934408142e-10,0.9997977768359093
3.874905186410278e-23,0.9999999989880053,1.011994746088576e-09
5.9740063259506735e-33,0.9999999999999984,1.4674359213392631e-15
0.0001352413991037794,8.117756665805936e-10,0.9998647577891207
0.9960719292315394,4.66992105110449e-22,0.003928070768460581
0.0001941646601432548,1.332617452853218e-09,0.9998058340072394
0.9994591865223325,1.5288113536935213e-24,0.0005408134776675218
1.392590347096722e-21,0.9999996221583132,3.7784168680422504e-07
1.3761010119210298e-06,4.453357738827844e-07,0.9999981785632143
1.6922005872471882e-07,4.261329875628644e-05,0.999957217481185
5.350716270402997e-21,0.9999999633736616,3.662633848792481e-08
8.066696830303998e-06,1.3483192452407157e-08,0.9999919198199773
0.9999957010266765,7.663104819976844e-29,4.298973323506719e-06
1.6753352129108428e-05,1.451486029511498e-08,0.9999832321330105
0.9999999495568167,9.230110616071966e-34,5.044318328764304e-08
3.3382836160447934e-06,0.004076022733624589,0.9959206389827594
1.4263094877009992e-25,0.9999999999347162,6.528371252351867e-11
0.9999999999912925,9.008929056225625e-43,8.70744051991116e-12
1.4670510370802277e-08,0.00011727503488940184,0.9998827102946003
2.9935915888769795e-15,0.9975382069474911,0.0024617930525058828
0.9999292403467692,2.838057608365322e-27,7.075965323067335e-05
0.0016389810667860277,2.7564785229267223e-11,0.9983610189056492
0.9999925249167596,2.3638461915436257e-28,7.475083240341625e-06
0.9999997913475085,7.384361090316995e-32,2.0865249144505572e-07
0.9999999980586833,3.3854409357735566e-37,1.9413166277137896e-09
4.172880381684262e-15,0.9999159665762506,8.403342374534183e-05
0.9999999982621464,3.0957623104794788e-37,1.7378536249666165e-09
0.9999992050052854,6.173183880960884e-31,7.949947146771753e-07
0.9999999999999298,6.954958578068812e-49,7.01618253230383e-14
2.2723263602761135e-08,0.00017957369148924974,0.9998204035852472
8.512334870769987e-18,0.9999979007535277,2.099246472335413e-06
0.9959984409601013,2.210454707207427e-22,0.004001559039898697
6.054310972568608e-08,0.07254299645939435,0.9274569429974959
0.9999999999736455,2.249602707470104e-42,2.6354434498581126e-11
0.9999999997890754,1.4158029763516525e-39,2.1092466949064146e-10
1.7995504337318433e-36,1.0,2.651762298607115e-17
4.7441857286182005e-28,0.9999999999988762,1.123835163969631e-12
8.841794208260016e-07,1.1096853604496292e-06,0.9999980061352187
0.9999999849059753,5.682023295340733e-35,1.5094024716548545e-08
0.9848190211811539,4.055880228317919e-20,0.01518097881884594
0.9993545894286673,1.678216639994183e-23,0.0006454105713327718
6.025670591631587e-17,0.9999951826959674,4.817304032693314e-06
0.9999234330332173,1.0303039353279692e-25,7.656696678265928e-05
0.9999999999999774,5.019336984657885e-50,2.2566390291628108e-14
5.554734839914692e-10,0.026747676444994026,0.9732523229995325
7.173563360276878e-07,0.007202043069344468,0.9927972395743194
4.0472731095939697e-16,0.9999828595992952,1.7140400704225536e-05
1.6842630875475797e-15,0.9999586274539262,4.137254607202517e-05
4.379732301738342e-07,7.138776781058043e-06,0.9999924232499887
0.9999992893888443,3.1378755857296624e-31,7.106111556717628e-07
1.2766127008340175e-05,4.924404582607621e-09,0.999987228948587
0.9999995555777953,1.1463806356222947e-31,4.4442220469664644e-07
0.9999999996341407,7.792837040131943e-39,3.658593612586369e-10
1.5727722452720912e-10,0.9699350783744368,0.030064921468285932
2.377341688679562e-10,0.950426297540628,0.04957370222163768
2.5449283743751983e-18,0.9999979991084623,2.000891537731731e-06
1.9941305745272616e-22,0.9999999958683203,4.131679741649892e-09
0.9999965898718429,9.891447559746828e-30,3.4101281571079905e-06
4.735038397650988e-08,0.23746559022762856,0.7625343624219875
1.1554273628209954e-10,0.19425249818475654,0.8057475016997008
8.498427270637233e-15,0.9946989438895503,0.005301056110441261
1.7024000186115386e-07,0.2172388470962234,0.7827609826637747
6.011157180524482e-23,0.9999999984132315,1.5867684261459638e-09
0.9999999999342437,8.903938504309343e-42,6.57562382322886e-11
0.9999999998771127,1.2957168359139577e-40,1.2288717007066869e-10
0.9999999999618903,9.244499049844608e-42,3.8109666830291606e-11
0.9918913255382459,1.3585964468144167e-20,0.008108674461754135
0.9951968458846244,7.673501450940951e-22,0.0048031541153756305
9.775740637133819e-11,0.978932488156375,0.02106751174586755
6.633259313280145e-07,6.171404800602962e-06,0.9999931652692681
5.656254140728252e-05,2.2464058393762553e-05,0.999920973400199
0.999995982298352,6.54128787367658e-29,4.017701647956382e-06
9.833490854125172e-05,8.414356648122403e-10,0.9999016642500231
4.586320758356014e-05,4.763187050263804e-09,0.9999541320292293
6.832058186543759e-08,0.00015112743015602108,0.9998488042492621
2.852325368242185e-05,4.511097315814311e-08,0.9999714316353444
2.95182569511098e-06,1.817046472276865e-07,0.9999968664696577
1.0595161001904368e-22,0.9999999983248113,1.6751886092200598e-09
0.0008090482845004239,3.921818747312595e-11,0.9991909516762814
2.8906061860109697e-28,0.9999999999982949,1.7051878662487701e-12
0.9993809153610331,1.5707806514126646e-24,0.000619084638966963
0.0006052847737651409,6.473013861123061e-10,0.9993947145789334
0.9998037939119596,1.208255222344671e-25,0.000196206088040351
1.9369113089163544e-22,0.9999999939338287,6.066171231208627e-09
0.9999999999240556,1.6367797664453573e-41,7.594438395009077e-11
1.1118645526028874e-11,0.9879923994324556,0.012007600556425685
1.9459634205840616e-09,0.004221140602459178,0.9957788574515773
1.7312029320006353e-28,0.9999999999987421,1.2579672091972818e-12
4.6796030543323716e-14,0.993983390245376,0.006016609754577202
8.030923425569836e-05,6.492499193355738e-09,0.9999196842732452
9.816638268861186e-05,4.633589504910364e-10,0.9999018331539524
0.9999456793243476,6.54722968106545e-27,5.43206756523242e-05
0.9999999988343591,4.447718023584306e-38,1.1656408149513778e-09
4.562736790772661e-25,0.9999999998363516,1.6364851638408567e-10
4.748603849190084e-06,3.846686750572208e-07,0.9999948667274757
2.1971209071047265e-09,0.8442442074133677,0.15575579038951132
0.9997110420273717,2.128627690166685e-24,0.0002889579726281973
1.488097790826258e-17,0.9999949150920506,5.084907949458684e-06
6.369100139156378e-13,0.997637441601881,0.0023625583974822384
8.737831395072875e-18,0.9998828195954452,0.00011718040455482456
1.224859895556444e-05,0.00015703389596246478,0.9998307175050819
0.999997923153224,1.778143186061033e-30,2.076846775915175e-06
0.9995757388023164,6.316084523610815e-25,0.00042426119768370827
0.00025782852496999216,2.3123581671873779e-10,0.9997421712437942
1.657316242303481e-20,0.9999999568901002,4.310989970344443e-08
1.5868228231465276e-08,0.00047492307494095885,0.9995250610568308
4.319001054548775e-05,7.735429637761314e-09,0.9999568022540248
0.002421394590902288,1.3875985116450182e-11,0.9975786053952218
3.9340404484982204e-16,0.9999835133663953,1.648663360429434e-05
1.4062860903813456e-06,8.624659561872292e-07,0.9999977312479533
6.346945102227668e-08,2.8709503209085287e-05,0.9999712270273398
0.9999998041009024,5.127915199195448e-33,1.9589909767131901e-07
0.046728361432574056,1.1341275025204012e-13,0.9532716385673126
3.113997186801771e-06,4.9526163493411844e-08,0.9999968364766497
8.062590107031361e-05,1.1628048895125543e-09,0.9999193729361248
3.79148775881517e-36,1.0,2.5484283879589613e-17
0.9999999998965465,1.0717517477714863e-40,1.0345354956891052e-10
9.644585844442097e-28,0.9999999999093214,9.067860193318061e-11
6.929842821297842e-15,0.999915817958465,8.418204152810291e-05
0.007087417030935975,8.634736725856476e-12,0.9929125829604293
1.597651091629789e-34,0.9999999999999998,2.3423827121980556e-16
